Transaction_ID,Date_Time,Branch,Product_Name,Size,Unit_Price,Quantity,Discount_Rate,Topping_Type,Customer_ID,Customer_Age,Customer_Gender,Membership_Status,Payment_Method,Order_Source,Delivery_Time_Min,Delivery_Distance_KM,Staff_ID,Temperature_Celsius,Humidity_Percent,Store_Rating,Is_Public_Holiday,Category,Region,Is_Weekend,Hour_of_Day,Tax_Amount
105526,27/02/2024 13:15,Cairo-Nasr City,Rice Pudding Nuts,Small,48.6,9,0.15,None,64440,67,Female,Bronze,Credit Card,In-store,32,12.5,146,21.8,84.2,3,0,Traditional,Greater Cairo,0,13,61.24
100772,09/01/2024 00:45,Mansoura-Mashaya,Super B.Laban,Medium,54.45,2,0.05,Lotus,52080,32,Male,Bronze,Instapay,Talabat,96,3.4,143,27.7,37.3,1,0,Signature,Delta,0,0,15.25
107840,22/03/2024 15:45,Alex-Stanly,Om Ali Cream,Large,58.06,7,0,Nuts,73849,53,Female,None,Instapay,In-store,67,13.4,107,33.8,27.7,1,1,Traditional,Alexandria,1,15,56.9
102396,25/01/2024 22:45,Giza-Zayed,Om Ali Cream,Medium,97.63,6,0,None,77779,33,Female,None,Instapay,Talabat,43,11.5,117,28.9,61.4,1,0,Traditional,Greater Cairo,0,22,82.01
101479,16/01/2024 09:30,Tanta-Saeed,Sweet Koshary Mix,Medium,42.94,11,0.15,Lotus,56622,,,Bronze,Cash,In-store,79,12,128,22.4,37.6,4,0,Signature,Delta,0,9,66.13
101847,20/01/2024 05:30,Riyadh-Olaya,Sweet Koshary Mix,Large,98.86,11,0.15,Nutella,61798,44,Male,None,Wallet,Mobile App,53,12.4,114,36.7,83.7,1,0,Signature,KSA,1,5,152.24
109109,04/04/2024 21:00,Dubai-Marina,Qishtouza Nutella,Large,99.56,6,0,Nuts,60747,41,Female,,Wallet,ElMenus,112,2.3,133,42,62.9,3,0,Modern,UAE,0,21,83.63
104275,14/02/2024 12:30,Mansoura-Mashaya,Qishtouza Lotus,Small,100.65,7,0,Nutella,69213,72,Female,,Credit Card,Talabat,39,12.5,113,28.6,64,3,0,Modern,Delta,0,12,98.64
103741,08/02/2024 23:00,Alex-Stanly,Rice Pudding Nuts,Medium,111.21,2,0,Pistachio,81348,14,Male,None,Cash,Mobile App,114,9.1,123,34.5,40.5,,0,Traditional,Alexandria,0,23,31.14
104601,17/02/2024 22:00,Mansoura-Mashaya,Ice Cream Mango,Small,119.79,4,0,Nuts,75278,,Female,Bronze,Wallet,In-store,21,13.2,143,43.2,32.3,1,0,Ice Cream,Delta,1,22,67.08
108088,25/03/2024 05:45,Alex-Stanly,Ice Cream Mango,Medium,165.32,10,0.1,None,66896,60,Female,Bronze,Instapay,Talabat,110,5.7,132,19.5,61.5,2,0,Ice Cream,Alexandria,0,5,231.45
108711,31/03/2024 17:30,Giza-Zayed,Qishtouza Nutella,Large,154.26,4,0,,77164,14,Male,None,Credit Card,Talabat,68,10.5,141,16.4,64.6,5,0,Modern,Greater Cairo,1,17,86.39
106677,10/03/2024 13:00,Alex-Stanly,Qishtouza Nutella,Medium,135.23,10,0.1,Nutella,78761,,Male,Gold,Instapay,Mobile App,64,6.9,108,42,21.9,2,0,Modern,Alexandria,1,13,189.32
106376,07/03/2024 09:45,Cairo-Zamalek,Sweet Koshary Mix,Medium,99.48,9,0,,84260,59,Female,,Wallet,Mobile App,33,2.9,141,44.3,42.6,5,0,Signature,Greater Cairo,0,9,125.34
108125,25/03/2024 15:00,Cairo-Zamalek,Ice Cream Mango,Medium,123.94,8,0,Pistachio,62146,,Female,Bronze,Cash,In-store,92,5,134,34.7,51.3,3,0,Ice Cream,Greater Cairo,0,15,138.81
109539,09/04/2024 08:30,Tanta-Saeed,Rice Pudding Nuts,Medium,138.38,11,0.05,Pistachio,85623,21,Female,Gold,Credit Card,In-store,29,9.1,106,31.9,60.4,5,0,Traditional,Delta,0,8,213.11
104916,21/02/2024 04:45,Cairo-Zamalek,Om Ali Cream,Small,109.17,10,0.15,Nuts,80469,72,Male,Silver,Cash,Talabat,90,12.3,126,27.5,55.6,2,0,Traditional,Greater Cairo,0,4,152.84
102074,22/01/2024 14:15,Cairo-Zamalek,Qishtouza Nutella,Large,40.49,7,0.05,Pistachio,62644,60,Female,None,Wallet,ElMenus,113,14.4,148,29.8,63.5,2,0,Modern,Greater Cairo,0,14,39.68
104755,19/02/2024 12:30,Cairo-Zamalek,Om Ali Cream,Medium,141.21,6,0,Lotus,72999,33,Female,Bronze,Wallet,In-store,21,11.8,116,16.3,42.1,2,0,Traditional,Greater Cairo,0,12,118.62
101897,20/01/2024 18:00,Tanta-Saeed,Super B.Laban,Small,50.18,4,0,Lotus,58647,66,Male,Gold,Credit Card,ElMenus,46,12.8,107,44.7,69.4,3,0,Signature,Delta,1,18,28.1
108553,30/03/2024 02:00,Tanta-Saeed,Om Ali Cream,Medium,64.8,6,0.05,Pistachio,66204,49,Male,Bronze,Instapay,Talabat,79,9.8,145,16.1,76.6,3,0,Traditional,Delta,1,2,54.43
106703,10/03/2024 19:30,Tanta-Saeed,Rice Pudding Nuts,Small,132.22,7,0,Pistachio,74073,50,Female,Silver,Wallet,Mobile App,34,2.9,129,39.9,35.2,2,0,Traditional,Delta,1,19,129.58
106318,06/03/2024 19:15,Dubai-Marina,Super B.Laban,Large,83.32,6,0,None,85183,26,Female,Gold,Wallet,Talabat,21,6.2,117,31.5,44.6,3,0,Signature,UAE,0,19,69.99
103660,08/02/2024 02:45,Alex-Stanly,Ice Cream Mango,Small,113.93,1,0,Nutella,50638,41,,Gold,Credit Card,Talabat,100,1.4,142,22.7,42,2,0,Ice Cream,Alexandria,0,2,15.95
106582,09/03/2024 13:15,Riyadh-Olaya,Om Ali Cream,Medium,61.81,10,0.05,None,69343,,Female,Silver,Cash,ElMenus,105,1.5,131,38.1,71.7,2,0,Traditional,KSA,1,13,86.53
102380,25/01/2024 18:45,Giza-Zayed,Ice Cream Mango,Large,165.86,3,0,Pistachio,73627,61,Female,Gold,Credit Card,Talabat,78,2.8,137,36.4,88.7,2,0,Ice Cream,Greater Cairo,0,18,69.66
101448,16/01/2024 01:45,Riyadh-Olaya,Rice Pudding Nuts,Medium,52.67,11,0,Lotus,65924,74,Female,Bronze,Instapay,ElMenus,59,9.8,132,15.5,89.4,4,0,Traditional,KSA,0,1,81.11
100343,04/01/2024 13:30,Alex-Stanly,Ice Cream Mango,Small,101.8,7,0.15,None,89731,22,,Bronze,Wallet,ElMenus,111,8.2,105,41.7,41,1,0,Ice Cream,Alexandria,0,13,99.76
105128,23/02/2024 09:45,Cairo-Zamalek,Rice Pudding Oven,Medium,97.29,11,0.05,Lotus,72593,45,,Gold,Wallet,ElMenus,89,1.3,138,39.3,72.7,,0,Traditional,Greater Cairo,1,9,149.83
103137,02/02/2024 16:00,Giza-Zayed,Sweet Koshary Mix,Large,65.55,11,0,Pistachio,75624,33,Male,Gold,Instapay,ElMenus,81,4,124,39.1,61.2,2,0,Signature,Greater Cairo,1,16,100.95
102528,27/01/2024 07:45,Cairo-Nasr City,Qishtouza Nutella,Small,140.24,9,0,Pistachio,71762,24,Male,Bronze,Credit Card,ElMenus,75,7.7,107,44.8,54.1,2,0,Modern,Greater Cairo,1,7,176.7
100728,08/01/2024 13:45,Alex-Stanly,Sweet Koshary Mix,Medium,72.48,4,0,Lotus,67631,,Female,Gold,Wallet,Mobile App,35,2.1,143,30.6,65.1,,0,Signature,Alexandria,0,13,40.59
104578,17/02/2024 16:15,Alex-Stanly,Ice Cream Mango,Medium,159,6,0,Pistachio,71172,34,Male,Bronze,Credit Card,In-store,53,3.9,136,44.1,42.1,3,0,Ice Cream,Alexandria,1,16,133.56
100977,11/01/2024 04:00,Riyadh-Olaya,Om Ali Cream,Large,54.3,8,0,Lotus,86585,42,Female,Silver,Wallet,Talabat,14,1.4,119,23.7,31.5,4,0,Traditional,KSA,0,4,60.82
108392,28/03/2024 09:45,Mansoura-Mashaya,Ice Cream Mango,Large,40.65,10,0,Nutella,84061,,Female,Bronze,Wallet,ElMenus,32,3.4,116,39.1,27.6,4,0,Ice Cream,Delta,0,9,56.91
105444,26/02/2024 16:45,Dubai-Marina,Qishtouza Lotus,Medium,91.93,1,0,,58553,65,Male,,Cash,In-store,46,9.3,133,38.7,25.9,5,0,Modern,UAE,0,16,12.87
109035,04/04/2024 02:30,Tanta-Saeed,Ice Cream Mango,Medium,115.53,5,0,Lotus,68153,44,Male,Silver,Wallet,In-store,112,10.9,121,33.4,66.7,4,0,Ice Cream,Delta,0,2,80.87
103517,06/02/2024 15:00,Alex-Stanly,Rice Pudding Oven,Medium,122.03,11,0,None,69544,,Female,Gold,Wallet,In-store,117,13.3,117,26,34.1,,0,Traditional,Alexandria,0,15,187.93
107976,24/03/2024 01:45,Tanta-Saeed,Ice Cream Mango,Small,155.83,11,0,Nutella,75415,41,Male,Silver,Cash,ElMenus,50,14,130,29.6,66.9,1,0,Ice Cream,Delta,1,1,239.98
109788,11/04/2024 22:45,Mansoura-Mashaya,Qishtouza Nutella,Small,157.75,3,0,Lotus,57415,,Male,Gold,Cash,Talabat,78,13.4,120,17,83.2,1,0,Modern,Delta,0,22,66.26
103941,11/02/2024 01:00,Cairo-Nasr City,Om Ali Cream,Small,151.69,8,0,Lotus,54693,39,Female,Bronze,Credit Card,Mobile App,96,6.8,128,37.4,55.9,5,0,Traditional,Greater Cairo,1,1,169.89
101300,14/01/2024 12:45,Cairo-Zamalek,Ice Cream Mango,Medium,97.59,4,0,None,83669,32,Male,Bronze,Credit Card,Mobile App,99,14.4,105,43.9,25.3,2,0,Ice Cream,Greater Cairo,1,12,54.65
109765,11/04/2024 17:00,Cairo-Zamalek,Rice Pudding Oven,Medium,162.43,5,0,Nuts,58831,28,,None,Instapay,Talabat,59,12.8,108,35,83.1,3,0,Traditional,Greater Cairo,0,17,113.7
101349,15/01/2024 01:00,Riyadh-Olaya,Qishtouza Lotus,Small,157.38,6,0,,85730,67,Male,Gold,Wallet,ElMenus,58,13.1,140,38.6,29.9,3,0,Modern,KSA,0,1,132.2
100661,07/01/2024 21:00,Riyadh-Olaya,Rice Pudding Oven,Medium,142.81,8,0,Nuts,65225,73,Male,None,Cash,Mobile App,105,11.4,133,39.7,36.8,5,0,Traditional,KSA,1,21,159.95
105887,02/03/2024 07:30,Cairo-Nasr City,Qishtouza Lotus,Medium,81.44,4,0,Nuts,84564,54,Female,Gold,Wallet,Mobile App,21,14.3,147,21.1,75.9,,0,Modern,Greater Cairo,1,7,45.61
101493,16/01/2024 13:00,Dubai-Marina,Super B.Laban,Medium,141.62,5,0.15,None,68393,12,Male,None,Instapay,Talabat,84,13.9,111,39.9,87.5,3,0,Signature,UAE,0,13,99.13
109947,13/04/2024 14:30,Mansoura-Mashaya,Rice Pudding Oven,Medium,60.33,6,0,,82421,29,Female,Silver,Wallet,Talabat,81,10.5,103,15.9,69.8,1,0,Traditional,Delta,1,14,50.68
104590,17/02/2024 19:15,Cairo-Nasr City,Qishtouza Nutella,Small,156.88,1,0,Nutella,50623,44,,Gold,Instapay,Talabat,37,4.8,110,21.3,31.1,2,0,Modern,Greater Cairo,1,19,21.96
108531,29/03/2024 20:30,Riyadh-Olaya,Ice Cream Mango,Small,145.86,2,0,Nuts,81771,,Male,None,Wallet,Talabat,21,6.1,118,40.4,87.6,4,0,Ice Cream,KSA,1,20,40.84
105155,23/02/2024 16:30,Mansoura-Mashaya,Sweet Koshary Mix,Medium,115.4,10,0.1,,71639,22,Male,Silver,Wallet,ElMenus,78,2.7,132,34.8,57.9,2,0,Signature,Delta,1,16,161.56
102316,25/01/2024 02:45,Mansoura-Mashaya,Rice Pudding Oven,Medium,72.94,9,0.15,None,74457,41,Female,Gold,Wallet,Mobile App,26,10.4,120,25.5,80.5,3,1,Traditional,Delta,0,2,91.9
109615,10/04/2024 03:30,Alex-Stanly,Qishtouza Nutella,Large,88.54,5,0,Nuts,62235,24,Male,Silver,Credit Card,In-store,90,5.7,140,16.9,84.8,1,0,Modern,Alexandria,0,3,61.98
109578,09/04/2024 18:15,Alex-Stanly,Qishtouza Lotus,Small,122.42,6,0,Nuts,87246,23,,Gold,Credit Card,Talabat,78,2.2,115,35.9,29.9,2,0,Modern,Alexandria,0,18,102.83
107025,14/03/2024 04:00,Dubai-Marina,Ice Cream Mango,Large,43.8,6,0.15,Nutella,88034,61,Male,,Credit Card,Mobile App,17,13.4,140,28.4,63.4,5,0,Ice Cream,UAE,0,4,36.79
101086,12/01/2024 07:15,Cairo-Nasr City,Rice Pudding Oven,Medium,50.15,10,0.1,None,56281,54,Female,Gold,Instapay,In-store,75,12.3,131,35.6,48.1,4,0,Traditional,Greater Cairo,1,7,70.21
102525,27/01/2024 07:00,Alex-Stanly,Rice Pudding Nuts,Small,144.9,5,0,Nutella,58165,16,Male,Gold,Cash,In-store,21,14.2,104,20.1,65.9,4,0,Traditional,Alexandria,1,7,101.43
108969,03/04/2024 10:00,Cairo-Zamalek,Rice Pudding Nuts,Medium,83.73,4,0,Pistachio,62047,73,Male,Bronze,Wallet,ElMenus,17,5.2,138,35.5,56,3,0,Traditional,Greater Cairo,0,10,46.89
105375,25/02/2024 23:30,Cairo-Zamalek,Qishtouza Lotus,Small,47.79,4,0.15,Nuts,67259,66,Male,,Instapay,Talabat,112,14.4,103,22.8,28.1,1,0,Modern,Greater Cairo,1,23,26.76
103199,03/02/2024 07:30,Cairo-Nasr City,Qishtouza Lotus,Medium,125.54,6,0,Nutella,79622,19,Female,Silver,Wallet,ElMenus,90,5.7,102,27.2,70.9,5,0,Modern,Greater Cairo,1,7,105.45
105752,29/02/2024 21:45,Giza-Zayed,Sweet Koshary Mix,Large,117.95,9,0.05,,79660,60,Male,None,Cash,ElMenus,102,12.5,106,24.2,28.6,3,0,Signature,Greater Cairo,0,21,148.62
104009,11/02/2024 18:00,Riyadh-Olaya,Qishtouza Lotus,Medium,85.06,5,0,Nuts,82949,74,Female,None,Wallet,In-store,103,0.6,147,31.1,22.3,5,0,Modern,KSA,1,18,59.54
105718,29/02/2024 13:15,Cairo-Nasr City,Rice Pudding Nuts,Large,98.27,9,0,Nuts,65398,,Male,None,Wallet,Mobile App,48,7.6,112,31.8,57.6,4,0,Traditional,Greater Cairo,0,13,123.82
106658,10/03/2024 08:15,Alex-Stanly,Ice Cream Mango,Small,143.8,7,0,Nuts,65046,30,,Silver,Cash,Mobile App,74,11,102,18.3,78.7,5,0,Ice Cream,Alexandria,1,8,140.92
109358,07/04/2024 11:15,Cairo-Zamalek,Om Ali Cream,Large,48.22,1,0.15,Nuts,79532,64,Male,Silver,Instapay,Talabat,112,11.1,139,17,57.6,1,0,Traditional,Greater Cairo,1,11,6.75
108791,01/04/2024 13:30,Tanta-Saeed,Qishtouza Lotus,Medium,89.97,2,0.05,Nuts,78581,19,Male,Silver,Credit Card,Talabat,22,2.4,136,24.2,41.9,3,1,Modern,Delta,0,13,25.19
100068,01/01/2024 16:45,Cairo-Nasr City,Qishtouza Nutella,Large,129.55,3,0,Nutella,71626,33,Female,Bronze,Credit Card,ElMenus,48,1.1,129,39.9,74.2,1,0,Modern,Greater Cairo,0,16,54.41
107924,23/03/2024 12:45,Alex-Stanly,Rice Pudding Nuts,Medium,97.3,5,0,Pistachio,73486,51,Male,Silver,Instapay,ElMenus,68,4.6,130,41.3,37.1,1,0,Traditional,Alexandria,1,12,68.11
100041,01/01/2024 10:00,Alex-Stanly,Ice Cream Mango,Large,68.25,5,0.05,,79280,46,Male,,Instapay,ElMenus,100,12.9,129,42.5,65.9,1,0,Ice Cream,Alexandria,0,10,47.78
102270,24/01/2024 15:15,Giza-Zayed,Om Ali Cream,Small,57.43,1,0,None,74769,,Male,None,Cash,In-store,89,4.4,123,27.6,35.7,5,0,Traditional,Greater Cairo,0,15,8.04
102382,25/01/2024 19:15,Cairo-Nasr City,Ice Cream Mango,Medium,101.61,4,0.15,Lotus,58522,37,Male,Bronze,Wallet,ElMenus,43,11.3,116,23,61.4,2,0,Ice Cream,Greater Cairo,0,19,56.9
107342,17/03/2024 11:15,Riyadh-Olaya,Qishtouza Nutella,Medium,66.32,4,0,Lotus,53061,68,Male,Silver,Wallet,In-store,78,0.7,149,36.2,32.8,1,0,Modern,KSA,1,11,37.14
109962,13/04/2024 18:15,Dubai-Marina,Ice Cream Mango,Small,51.41,1,0,Pistachio,50266,,Male,Gold,Wallet,Mobile App,100,13.7,136,18.2,89.7,5,0,Ice Cream,UAE,1,18,7.2
104917,21/02/2024 05:00,Alex-Stanly,Sweet Koshary Mix,Large,126.48,5,0,Nuts,65374,57,Male,None,Wallet,ElMenus,55,3.9,146,42.5,43.1,2,0,Signature,Alexandria,0,5,88.54
105323,25/02/2024 10:30,Riyadh-Olaya,Ice Cream Mango,Small,101.59,2,0,Nuts,88446,28,Male,Gold,Cash,Mobile App,59,13.5,126,25.4,21.2,1,0,Ice Cream,KSA,1,10,28.45
105774,01/03/2024 03:15,Cairo-Nasr City,Rice Pudding Oven,Large,129.13,5,0.05,Nuts,66007,45,Female,,Cash,Mobile App,30,3.4,117,15.8,38.5,3,0,Traditional,Greater Cairo,1,3,90.39
106233,05/03/2024 22:00,Riyadh-Olaya,Rice Pudding Oven,Large,158.7,4,0.1,None,62801,57,Female,Gold,Wallet,Talabat,53,10.5,113,38.3,25.9,2,0,Traditional,KSA,0,22,88.87
106964,13/03/2024 12:45,Cairo-Nasr City,Om Ali Cream,Medium,96.85,6,0,,67445,,,Silver,Wallet,In-store,57,7.3,124,32.7,75.9,4,0,Traditional,Greater Cairo,0,12,81.35
103448,05/02/2024 21:45,Dubai-Marina,Sweet Koshary Mix,Medium,96.88,11,0.15,Nutella,64523,57,Female,Gold,Cash,In-store,96,5.9,118,36.3,27.2,2,0,Signature,UAE,0,21,149.2
106817,12/03/2024 00:00,Alex-Stanly,Rice Pudding Oven,Medium,131.96,3,0,Nutella,82921,28,Female,Gold,Instapay,Mobile App,30,13.7,106,42.2,28.4,4,0,Traditional,Alexandria,0,0,55.42
102368,25/01/2024 15:45,Mansoura-Mashaya,Super B.Laban,Medium,53.18,1,0.05,,77981,69,Female,Bronze,Instapay,In-store,31,8.3,102,41.3,41.9,3,0,Signature,Delta,0,15,7.45
107982,24/03/2024 03:15,Dubai-Marina,Sweet Koshary Mix,Small,93.29,3,0.05,None,55303,67,Female,Bronze,Cash,Talabat,32,12.9,127,32.7,70.1,4,0,Signature,UAE,1,3,39.18
108167,26/03/2024 01:30,Cairo-Nasr City,Qishtouza Lotus,Large,126.34,8,0,,62532,49,Female,Gold,Credit Card,ElMenus,106,13.3,102,28.8,77.7,1,0,Modern,Greater Cairo,0,1,141.5
102513,27/01/2024 04:00,Tanta-Saeed,Rice Pudding Oven,Small,177.61,9,0,Lotus,74997,23,Male,Gold,Cash,In-store,50,12.9,118,44.7,27.4,2,0,Traditional,Delta,1,4,223.79
109620,10/04/2024 04:45,Riyadh-Olaya,Qishtouza Lotus,Large,115.64,4,0.05,Pistachio,63552,58,Male,Gold,Cash,In-store,35,12.1,128,16.5,60.2,3,0,Modern,KSA,0,4,64.76
102724,29/01/2024 08:45,Alex-Stanly,Om Ali Cream,Large,87.41,9,0,,67662,36,Female,Silver,Credit Card,Talabat,116,3.9,123,27.1,24.1,1,0,Traditional,Alexandria,0,8,110.14
105949,02/03/2024 23:00,Cairo-Zamalek,Rice Pudding Nuts,Medium,47.64,10,0,Lotus,81581,40,Male,Bronze,Cash,In-store,70,11.2,103,16.3,76.4,3,0,Traditional,Greater Cairo,1,23,66.7
109186,05/04/2024 16:15,Alex-Stanly,Qishtouza Nutella,Large,56.78,3,0.1,Lotus,75935,18,Female,Bronze,Wallet,ElMenus,49,2.6,144,26,50.8,1,0,Modern,Alexandria,1,16,23.85
109005,03/04/2024 19:00,Cairo-Nasr City,Ice Cream Mango,Large,113.77,6,0.05,Pistachio,78794,,Female,None,Wallet,ElMenus,76,10.1,125,38.4,38.6,2,1,Ice Cream,Greater Cairo,0,19,95.57
101144,12/01/2024 21:45,Dubai-Marina,Om Ali Cream,Large,120.48,1,0,Nutella,84924,63,Male,Bronze,Credit Card,Talabat,109,9.7,138,15.5,64.5,4,0,Traditional,UAE,1,21,16.87
109737,11/04/2024 10:00,Cairo-Zamalek,Sweet Koshary Mix,Medium,54.19,2,0,Nuts,53385,27,Male,Silver,Cash,Talabat,89,3.2,127,39,34,3,1,Signature,Greater Cairo,0,10,15.17
107223,16/03/2024 05:30,Cairo-Nasr City,Sweet Koshary Mix,Large,127.43,3,0,Nuts,61658,17,,Silver,Credit Card,Mobile App,75,10.5,105,17,31.5,4,0,Signature,Greater Cairo,1,5,53.52
108293,27/03/2024 09:00,Mansoura-Mashaya,Rice Pudding Oven,Medium,142.68,5,0.1,Lotus,85389,12,Male,Silver,Instapay,Talabat,97,5.1,128,37.5,38.3,1,0,Traditional,Delta,0,9,99.88
109221,06/04/2024 01:00,Alex-Stanly,Qishtouza Lotus,Medium,47.86,10,0.15,Lotus,71724,19,Male,Gold,Instapay,ElMenus,69,13.9,147,43.8,34.1,3,0,Modern,Alexandria,1,1,67
104729,19/02/2024 06:00,Mansoura-Mashaya,Qishtouza Lotus,Large,174.29,2,0,Pistachio,74050,42,Female,Bronze,Cash,Talabat,73,2.2,136,21.7,54.8,,0,Modern,Delta,0,6,48.8
105495,27/02/2024 05:30,Alex-Stanly,Om Ali Cream,Medium,50.36,4,0,,65846,56,Male,Silver,Cash,Mobile App,97,11.6,130,36.4,68.9,,0,Traditional,Alexandria,0,5,28.2
105756,29/02/2024 22:45,Mansoura-Mashaya,Super B.Laban,Large,48.37,7,0,Nutella,69759,57,Female,Silver,Wallet,Talabat,80,13.9,135,30,67.6,5,0,Signature,Delta,0,22,47.4
107563,19/03/2024 18:30,Cairo-Nasr City,Om Ali Cream,Medium,126.3,8,0,Nuts,75016,12,,Silver,Instapay,Talabat,10,2.8,129,43.3,59,4,0,Traditional,Greater Cairo,0,18,141.46
103790,09/02/2024 11:15,Mansoura-Mashaya,Qishtouza Lotus,Medium,114.65,5,0.15,,66236,46,Female,Gold,Instapay,Mobile App,56,11.7,111,44.4,56.4,1,0,Modern,Delta,1,11,80.26
102221,24/01/2024 03:00,Riyadh-Olaya,Super B.Laban,Small,75.41,8,0,Pistachio,75133,,Male,None,Cash,ElMenus,68,14.3,109,36.9,70.5,2,0,Signature,KSA,0,3,84.46
105076,22/02/2024 20:45,Mansoura-Mashaya,Ice Cream Mango,Medium,91.66,7,0.1,Nuts,85219,26,Female,Silver,Credit Card,ElMenus,114,13.4,111,42.3,54.8,,0,Ice Cream,Delta,0,20,89.83
102332,25/01/2024 06:45,Cairo-Zamalek,Ice Cream Mango,Large,64.38,2,0,,72039,73,Male,None,Cash,ElMenus,84,4.1,142,44.7,50.2,3,0,Ice Cream,Greater Cairo,0,6,18.03
105395,26/02/2024 04:30,Giza-Zayed,Qishtouza Nutella,Large,91.15,10,0,,87971,,Male,Bronze,Credit Card,ElMenus,51,3.8,106,34,48.8,2,0,Modern,Greater Cairo,0,4,127.61
107440,18/03/2024 11:45,Cairo-Zamalek,Om Ali Cream,Large,161.86,9,0,Nutella,65500,27,Female,Gold,Instapay,Mobile App,83,12.2,147,39.5,69.9,4,0,Traditional,Greater Cairo,0,11,203.94
108068,25/03/2024 00:45,Cairo-Nasr City,Sweet Koshary Mix,Medium,112.94,1,0.15,,83927,73,Male,Bronze,Credit Card,ElMenus,101,8.3,105,42.2,52.4,4,0,Signature,Greater Cairo,0,0,15.81
107091,14/03/2024 20:30,Dubai-Marina,Super B.Laban,Small,155.34,1,0,Nutella,64464,45,Male,Gold,Instapay,ElMenus,117,1.9,101,33,62.9,4,0,Signature,UAE,0,20,21.75
109337,07/04/2024 06:00,Dubai-Marina,Om Ali Cream,Medium,66.7,2,0,Lotus,81483,32,Male,Silver,Wallet,In-store,40,14.6,146,40,41.3,,0,Traditional,UAE,1,6,18.68
104089,12/02/2024 14:00,Cairo-Zamalek,Super B.Laban,Small,83.7,-5,0.05,Lotus,64938,64,Female,Gold,Cash,Talabat,64,3.6,126,30.4,23.6,3,0,Signature,Greater Cairo,0,14,105.46
101968,21/01/2024 11:45,Riyadh-Olaya,Rice Pudding Nuts,Small,150.07,9,0.05,Pistachio,71623,64,Female,Gold,Credit Card,Talabat,111,10.9,144,27.7,56.7,4,1,Traditional,KSA,1,11,189.09
109364,07/04/2024 12:45,Tanta-Saeed,Om Ali Cream,Medium,174.41,10,0,,57179,20,Female,Silver,Cash,In-store,102,12.4,121,32.3,23.8,4,0,Traditional,Delta,1,12,244.17
109797,12/04/2024 01:00,Cairo-Nasr City,Om Ali Cream,Large,166.21,10,0,Pistachio,70600,55,Male,Gold,Cash,ElMenus,19,9,121,28.3,44.1,2,0,Traditional,Greater Cairo,1,1,232.69
106758,11/03/2024 09:15,Cairo-Zamalek,Rice Pudding Oven,Large,149.07,7,0,Nutella,61483,39,Male,Gold,Instapay,Mobile App,68,4.5,128,28.4,61.4,2,0,Traditional,Greater Cairo,0,9,146.09
109587,09/04/2024 20:30,Dubai-Marina,Sweet Koshary Mix,Large,82.05,11,0,None,60854,40,Male,Gold,Cash,ElMenus,32,7.3,137,16,31.7,2,0,Signature,UAE,0,20,126.36
104366,15/02/2024 11:15,Cairo-Nasr City,Rice Pudding Nuts,Medium,45.63,6,0.15,None,73000,20,Female,Gold,Wallet,Talabat,112,9,113,30.6,48.9,5,0,Traditional,Greater Cairo,0,11,38.33
107000,13/03/2024 21:45,Dubai-Marina,Rice Pudding Nuts,Small,54.13,3,0,None,71318,32,Female,Gold,Instapay,Talabat,62,2.2,125,42.7,79.3,3,0,Traditional,UAE,0,21,22.73
100424,05/01/2024 09:45,Alex-Stanly,Qishtouza Lotus,Medium,116.71,10,0,Nuts,85951,34,Male,Gold,Cash,Mobile App,106,4.4,141,26.4,77.6,2,0,Modern,Alexandria,1,9,163.39
100281,03/01/2024 22:00,Giza-Zayed,Ice Cream Mango,Medium,72.23,6,0.05,None,60460,61,Male,Silver,Credit Card,Talabat,20,1.1,139,21.1,66,4,0,Ice Cream,Greater Cairo,0,22,60.67
101905,20/01/2024 20:00,Dubai-Marina,Super B.Laban,Large,137.37,10,0,Nutella,85577,48,Male,Gold,Wallet,Mobile App,95,9.8,122,26.5,56.6,4,0,Signature,UAE,1,20,192.32
100596,07/01/2024 04:45,Giza-Zayed,Ice Cream Mango,Large,65.01,5,0,Lotus,72243,13,Male,Silver,Cash,Mobile App,50,5.2,149,18.6,52.5,2,0,Ice Cream,Greater Cairo,1,4,45.51
108580,30/03/2024 08:45,Giza-Zayed,Qishtouza Nutella,Medium,92.18,3,0,None,59693,60,Male,Bronze,Wallet,ElMenus,33,14.1,122,34.7,60.5,2,0,Modern,Greater Cairo,1,8,38.72
103918,10/02/2024 19:15,Giza-Zayed,Super B.Laban,Large,117.46,3,0,Pistachio,83012,,Male,Gold,Credit Card,In-store,20,4.6,102,24.8,40.8,1,0,Signature,Greater Cairo,1,19,49.33
106143,04/03/2024 23:30,Riyadh-Olaya,Qishtouza Nutella,Large,146.28,2,0,Pistachio,66354,50,Male,Gold,Credit Card,ElMenus,99,5.7,121,22.9,54.3,1,0,Modern,KSA,0,23,40.96
105662,28/02/2024 23:15,Giza-Zayed,Om Ali Cream,Small,54.5,4,0.05,None,76695,74,Female,Silver,Instapay,Talabat,33,2.7,125,32.8,80.4,2,0,Traditional,Greater Cairo,0,23,30.52
105779,01/03/2024 04:30,Riyadh-Olaya,Ice Cream Mango,Small,132.12,3,0,Lotus,55092,,Male,,Cash,Mobile App,117,9.3,131,18.1,44.5,,0,Ice Cream,KSA,1,4,55.49
103619,07/02/2024 16:30,Mansoura-Mashaya,Rice Pudding Nuts,Small,104.55,8,0.1,Pistachio,76346,30,Female,Gold,Cash,Mobile App,16,11.9,129,37.5,81.8,,0,Traditional,Delta,0,16,117.1
106846,12/03/2024 07:15,Giza-Zayed,Qishtouza Nutella,Medium,46.5,9,0,Lotus,74117,16,Male,Bronze,Cash,ElMenus,30,9.8,137,41.8,83.1,,0,Modern,Greater Cairo,0,7,58.59
100840,09/01/2024 17:45,Mansoura-Mashaya,Om Ali Cream,Medium,121.8,9,0,Nuts,61849,37,Female,Silver,Wallet,Mobile App,105,2.4,113,43.4,51.1,3,0,Traditional,Delta,0,17,153.47
104597,17/02/2024 21:00,Giza-Zayed,Sweet Koshary Mix,Large,110.27,11,0,Nutella,67544,,Male,Gold,Cash,ElMenus,61,7.3,131,33.7,28.5,2,0,Signature,Greater Cairo,1,21,169.82
107497,19/03/2024 02:00,Cairo-Zamalek,Rice Pudding Nuts,Medium,97.65,9,0,Pistachio,74553,,Female,None,Credit Card,Talabat,104,6.1,110,44.7,48,,0,Traditional,Greater Cairo,0,2,123.04
100142,02/01/2024 11:15,Cairo-Nasr City,Rice Pudding Nuts,Medium,64.34,8,0.15,Lotus,85941,20,Male,None,Credit Card,ElMenus,15,1.8,119,33.2,75.6,4,0,Traditional,Greater Cairo,0,11,72.06
102598,28/01/2024 01:15,Mansoura-Mashaya,Qishtouza Nutella,Medium,154.6,5,0,Pistachio,88700,33,Male,Bronze,Credit Card,Mobile App,54,8.6,147,25.2,73.7,,0,Modern,Delta,1,1,108.22
106702,10/03/2024 19:15,Cairo-Zamalek,Ice Cream Mango,Small,57.72,8,0,Nuts,62392,23,Male,Bronze,Cash,Talabat,61,1.8,121,18.3,66.6,3,0,Ice Cream,Greater Cairo,1,19,64.65
107757,21/03/2024 19:00,Dubai-Marina,Rice Pudding Oven,Large,86.33,6,0.1,Nutella,83595,49,Female,Bronze,Instapay,ElMenus,30,3.2,131,31.9,58.6,2,0,Traditional,UAE,0,19,72.52
101378,15/01/2024 08:15,Mansoura-Mashaya,Rice Pudding Nuts,Medium,144.33,7,0,Lotus,79444,36,Female,Gold,Credit Card,Mobile App,82,5.5,131,29,89.4,4,0,Traditional,Delta,0,8,141.44
103675,08/02/2024 06:30,Dubai-Marina,Rice Pudding Nuts,Large,111.44,11,0,None,83044,14,Female,Silver,Cash,ElMenus,87,8,127,39.6,78.8,5,0,Traditional,UAE,0,6,171.62
108771,01/04/2024 08:30,Giza-Zayed,Om Ali Cream,Medium,168.01,10,0,Nuts,67870,46,Male,Silver,Wallet,ElMenus,98,4.8,123,38.6,50.5,,0,Traditional,Greater Cairo,0,8,235.21
109896,13/04/2024 01:45,Giza-Zayed,Qishtouza Nutella,Large,148.33,2,0.05,Pistachio,74911,60,Male,Bronze,Wallet,Mobile App,97,13.9,111,18.1,75.5,5,0,Modern,Greater Cairo,1,1,41.53
106363,07/03/2024 06:30,Mansoura-Mashaya,Qishtouza Lotus,Large,146.1,6,0.1,Nuts,72956,51,Female,Silver,Instapay,In-store,60,12,115,17.2,22.1,1,0,Modern,Delta,0,6,122.72
104742,19/02/2024 09:15,Tanta-Saeed,Qishtouza Nutella,Medium,73.71,10,0,Nutella,53211,67,Female,Gold,Instapay,Mobile App,95,8.2,117,36.8,61.6,,0,Modern,Delta,0,9,103.19
103809,09/02/2024 16:00,Cairo-Nasr City,Rice Pudding Nuts,Medium,83.44,1,0,None,83000,48,,Bronze,Wallet,Mobile App,119,14.3,125,25.4,33.5,2,0,Traditional,Greater Cairo,1,16,11.68
101139,12/01/2024 20:30,Giza-Zayed,Rice Pudding Oven,Medium,63.01,5,0.15,None,51033,30,Male,,Wallet,ElMenus,119,11.9,119,32.9,77.9,,0,Traditional,Greater Cairo,1,20,44.11
102258,24/01/2024 12:15,Tanta-Saeed,Rice Pudding Oven,Medium,93.85,10,0,,59264,,Female,Bronze,Cash,ElMenus,15,13.8,129,37.2,50.2,2,0,Traditional,Delta,0,12,131.39
107866,22/03/2024 22:15,Mansoura-Mashaya,Super B.Laban,Small,43.64,3,0,Lotus,82863,12,Female,Bronze,Instapay,Mobile App,26,10.7,147,38.5,53.8,4,0,Signature,Delta,1,22,18.33
101788,19/01/2024 14:45,Giza-Zayed,Qishtouza Lotus,Medium,115.46,10,0,,73916,33,Female,Silver,Wallet,In-store,92,13.9,134,27.6,55.4,5,0,Modern,Greater Cairo,1,14,161.64
103939,11/02/2024 00:30,Mansoura-Mashaya,Rice Pudding Oven,Medium,79.52,7,0.1,Nutella,85919,,Female,,Instapay,Mobile App,86,9.2,121,36.3,35.4,5,0,Traditional,Delta,1,0,77.93
109317,07/04/2024 01:00,Cairo-Zamalek,Qishtouza Nutella,Small,91.79,11,0,Nutella,57256,68,Male,Gold,Credit Card,Talabat,47,13.9,118,33.2,36.8,2,1,Modern,Greater Cairo,1,1,141.36
104647,18/02/2024 09:30,Riyadh-Olaya,Sweet Koshary Mix,Large,140.33,3,0.1,,66817,20,Female,,Wallet,ElMenus,14,1.7,103,27.7,23.1,3,0,Signature,KSA,1,9,58.94
100460,05/01/2024 18:45,Alex-Stanly,Super B.Laban,Medium,101.96,5,0,None,78734,16,Female,None,Instapay,Talabat,102,1.9,103,16.1,41.2,4,0,Signature,Alexandria,1,18,71.37
106116,04/03/2024 16:45,Alex-Stanly,Sweet Koshary Mix,Large,48.05,2,0.1,None,76551,28,Female,,Cash,In-store,11,8.5,141,43.5,52.4,3,0,Signature,Alexandria,0,16,13.45
109543,09/04/2024 09:30,Giza-Zayed,Rice Pudding Nuts,Small,165.35,9,0,,54819,27,Male,,Credit Card,ElMenus,94,13.9,118,36.9,80.5,,1,Traditional,Greater Cairo,0,9,208.34
100949,10/01/2024 21:00,Tanta-Saeed,Qishtouza Lotus,Medium,70.03,1,0,Nutella,66663,62,Female,Gold,Wallet,Talabat,57,9.7,141,28,66.9,3,0,Modern,Delta,0,21,9.8
103701,08/02/2024 13:00,Alex-Stanly,Qishtouza Nutella,Large,160.24,3,0,Nuts,79366,,Male,None,Cash,ElMenus,37,10.4,112,37.2,34.7,2,0,Modern,Alexandria,0,13,67.3
101337,14/01/2024 22:00,Alex-Stanly,Om Ali Cream,Medium,136.05,7,0,Lotus,77564,74,Male,None,Credit Card,ElMenus,46,1.4,143,40.2,83.2,3,0,Traditional,Alexandria,1,22,133.33
106371,07/03/2024 08:30,Dubai-Marina,Qishtouza Lotus,Medium,51.12,5,0,Lotus,51897,67,Female,Silver,Wallet,ElMenus,10,12.4,122,34.5,52.7,4,0,Modern,UAE,0,8,35.78
104629,18/02/2024 05:00,Alex-Stanly,Super B.Laban,Medium,171.24,8,0.15,Lotus,73378,26,Male,Silver,Wallet,Mobile App,115,14.7,117,36.4,54.2,,0,Signature,Alexandria,1,5,191.79
106287,06/03/2024 11:30,Cairo-Nasr City,Super B.Laban,Large,86.51,4,0.15,Lotus,74086,55,Male,Gold,Credit Card,In-store,84,11,104,29.1,62.5,2,0,Signature,Greater Cairo,0,11,48.45
105926,02/03/2024 17:15,Giza-Zayed,Rice Pudding Oven,Large,53.42,10,0.15,Lotus,87489,55,Female,Gold,Cash,ElMenus,58,9.5,146,31.1,61.6,2,0,Traditional,Greater Cairo,1,17,74.79
105935,02/03/2024 19:30,Dubai-Marina,Super B.Laban,Medium,141.87,8,0,,61609,37,Male,Silver,Credit Card,In-store,18,1.2,149,17.6,49.9,1,0,Signature,UAE,1,19,158.89
106041,03/03/2024 22:00,Tanta-Saeed,Qishtouza Nutella,Small,82.88,10,0,Nuts,56403,13,Female,None,Wallet,Talabat,96,7,106,29.4,58.7,4,0,Modern,Delta,1,22,116.03
100442,05/01/2024 14:15,Riyadh-Olaya,Qishtouza Nutella,Large,77.48,2,0,,83958,55,Female,Bronze,Credit Card,ElMenus,107,1.2,146,19,77.4,,0,Modern,KSA,1,14,21.69
106660,10/03/2024 08:45,Alex-Stanly,Rice Pudding Oven,Small,71.2,1,0,None,82360,24,Male,Gold,Credit Card,Mobile App,27,8.9,142,36.8,46.3,2,0,Traditional,Alexandria,1,8,9.97
101603,17/01/2024 16:30,Cairo-Zamalek,Super B.Laban,Large,141.86,9,0,Pistachio,79287,34,,Silver,Cash,Mobile App,59,1.5,115,31.2,62.6,,0,Signature,Greater Cairo,0,16,178.74
102239,24/01/2024 07:30,Giza-Zayed,Qishtouza Nutella,Medium,151.05,8,0,None,54944,,Female,Bronze,Credit Card,ElMenus,10,5.3,146,43.8,63.6,4,0,Modern,Greater Cairo,0,7,169.18
100640,07/01/2024 15:45,Riyadh-Olaya,Rice Pudding Oven,Medium,53.05,3,0.1,None,71060,30,,Gold,Instapay,In-store,42,13.1,149,29.1,63.6,2,0,Traditional,KSA,1,15,22.28
109821,12/04/2024 07:00,Dubai-Marina,Ice Cream Mango,Medium,162.68,-5,0,None,67564,58,Male,None,Wallet,Mobile App,27,0.7,106,33.8,80.1,5,0,Ice Cream,UAE,1,7,159.43
103831,09/02/2024 21:30,Giza-Zayed,Rice Pudding Nuts,Medium,100.36,2,0.15,Pistachio,76460,35,Female,,Cash,Mobile App,69,14.6,127,26.3,83.2,1,0,Traditional,Greater Cairo,1,21,28.1
109396,07/04/2024 20:45,Cairo-Nasr City,Rice Pudding Nuts,Medium,103.79,8,0,,82775,26,Male,Bronze,Credit Card,Mobile App,85,9,104,29.2,79.4,3,0,Traditional,Greater Cairo,1,20,116.24
106145,05/03/2024 00:00,Cairo-Nasr City,Qishtouza Nutella,Medium,79.39,8,0,None,79304,14,Female,Silver,Instapay,ElMenus,24,2.1,140,37.2,75.5,1,0,Modern,Greater Cairo,0,0,88.92
107986,24/03/2024 04:15,Dubai-Marina,Om Ali Cream,Medium,116.16,11,0,None,52055,40,Female,Gold,Credit Card,ElMenus,113,5.4,127,42.7,51.8,1,0,Traditional,UAE,1,4,178.89
109053,04/04/2024 07:00,Riyadh-Olaya,Om Ali Cream,Large,135.67,11,0,,84021,17,Female,Silver,Credit Card,ElMenus,40,3,144,20.5,45.1,5,0,Traditional,KSA,0,7,208.93
106345,07/03/2024 02:00,Tanta-Saeed,Ice Cream Mango,Medium,76.26,4,0.05,,76756,46,Male,Bronze,Credit Card,In-store,96,10.2,143,37.4,80.3,5,0,Ice Cream,Delta,0,2,42.71
102502,27/01/2024 01:15,Dubai-Marina,Rice Pudding Oven,Small,55.34,9,0.1,Nuts,83974,12,Female,,Wallet,Mobile App,76,11.3,129,41.9,80.9,3,0,Traditional,UAE,1,1,69.73
101959,21/01/2024 09:30,Mansoura-Mashaya,Qishtouza Lotus,Medium,137.89,3,0,,76932,33,Female,None,Cash,In-store,53,9.1,146,33.8,72.1,2,0,Modern,Delta,1,9,57.91
101071,12/01/2024 03:30,Mansoura-Mashaya,Super B.Laban,Medium,58.6,11,0.15,Nutella,78192,38,,Bronze,Instapay,ElMenus,15,1,133,25.4,78.7,1,0,Signature,Delta,1,3,90.24
100156,02/01/2024 14:45,Cairo-Zamalek,Rice Pudding Oven,Medium,66.63,11,0,Lotus,57665,61,Female,Silver,Cash,ElMenus,69,14.6,144,28.7,80.8,5,0,Traditional,Greater Cairo,0,14,102.61
102296,24/01/2024 21:45,Giza-Zayed,Qishtouza Nutella,Large,62.29,6,0,Lotus,58271,70,Male,Gold,Instapay,ElMenus,51,14.3,127,40.5,75.8,1,1,Modern,Greater Cairo,0,21,52.32
109802,12/04/2024 02:15,Riyadh-Olaya,Qishtouza Lotus,Small,110.56,8,0,Nutella,70951,57,Male,Gold,Credit Card,ElMenus,114,12.3,101,18.4,23.2,1,0,Modern,KSA,1,2,123.83
104579,17/02/2024 16:30,Riyadh-Olaya,Qishtouza Lotus,Small,53.09,4,0.15,,69389,25,Female,Gold,Wallet,ElMenus,71,8.1,143,43.8,71.6,1,0,Modern,KSA,1,16,29.73
101090,12/01/2024 08:15,Cairo-Zamalek,Sweet Koshary Mix,Medium,133.29,11,0,Pistachio,52149,51,,Silver,Cash,In-store,42,14.9,145,33.1,33.1,1,0,Signature,Greater Cairo,1,8,205.27
106050,04/03/2024 00:15,Tanta-Saeed,Rice Pudding Nuts,Large,113.02,9,0,,56239,29,Female,Gold,Instapay,Mobile App,85,10.9,122,34.3,48.4,4,0,Traditional,Delta,0,0,142.41
106416,07/03/2024 19:45,Tanta-Saeed,Qishtouza Lotus,Medium,54.72,10,0,Nuts,54796,23,Male,None,Credit Card,Mobile App,115,3.7,122,41.6,30.3,3,0,Modern,Delta,0,19,76.61
102941,31/01/2024 15:00,Mansoura-Mashaya,Rice Pudding Oven,Medium,85.33,11,0,Nuts,58366,59,Female,Bronze,Wallet,Talabat,62,1.7,117,19.5,25.7,5,0,Traditional,Delta,0,15,131.41
100724,08/01/2024 12:45,Cairo-Nasr City,Om Ali Cream,Large,69.33,4,0,None,60711,31,Male,,Cash,Mobile App,27,10.6,126,25.6,45.3,3,0,Traditional,Greater Cairo,0,12,38.82
104385,15/02/2024 16:00,Alex-Stanly,Super B.Laban,Large,145.55,10,0,Pistachio,89041,26,Female,Gold,Wallet,Mobile App,105,14.4,148,40.7,32.6,2,0,Signature,Alexandria,0,16,203.77
100931,10/01/2024 16:30,Dubai-Marina,Om Ali Cream,Large,128.08,10,0,Nutella,74638,14,Male,Gold,Instapay,In-store,77,5.3,133,41.4,42,3,1,Traditional,UAE,0,16,179.31
102910,31/01/2024 07:15,Alex-Stanly,Ice Cream Mango,Large,50.35,4,0,Nutella,52499,40,Female,Gold,Credit Card,In-store,22,12.3,146,19,82,,0,Ice Cream,Alexandria,0,7,28.2
107846,22/03/2024 17:15,Dubai-Marina,Qishtouza Lotus,Medium,136.71,1,0,Lotus,51944,20,Male,Gold,Credit Card,In-store,31,9,124,23.1,88.4,3,0,Modern,UAE,1,17,19.14
106764,11/03/2024 10:45,Riyadh-Olaya,Ice Cream Mango,Medium,163.03,1,0,,75764,44,Female,,Cash,In-store,95,3.8,107,27.2,74.8,4,0,Ice Cream,KSA,0,10,22.82
108389,28/03/2024 09:00,Mansoura-Mashaya,Super B.Laban,Large,87.51,10,0,Nuts,78013,33,Male,Silver,Credit Card,Mobile App,76,10.3,148,19.9,31.3,3,0,Signature,Delta,0,9,122.51
106417,07/03/2024 20:00,Cairo-Nasr City,Qishtouza Nutella,Large,53.57,6,0,Nutella,50722,,Female,Bronze,Credit Card,Mobile App,86,2.6,116,36,45.1,4,0,Modern,Greater Cairo,0,20,45
100896,10/01/2024 07:45,Giza-Zayed,Sweet Koshary Mix,Small,74.18,2,0.05,Lotus,77135,69,Female,None,Credit Card,Talabat,47,7.3,102,39.8,33.9,3,0,Signature,Greater Cairo,0,7,20.77
103248,03/02/2024 19:45,Mansoura-Mashaya,Qishtouza Lotus,Small,107.65,7,0,Lotus,54294,27,Female,Silver,Wallet,Mobile App,98,6.6,105,36.5,65.6,3,0,Modern,Delta,1,19,105.5
102327,25/01/2024 05:30,Tanta-Saeed,Sweet Koshary Mix,Large,126.12,5,0,Lotus,54424,70,Male,Bronze,Wallet,ElMenus,78,0.5,106,29.9,85.4,4,0,Signature,Delta,0,5,88.28
107097,14/03/2024 22:00,Dubai-Marina,Om Ali Cream,Large,102.19,11,0,None,59772,27,Male,Silver,Credit Card,In-store,110,4.6,105,42,74.4,,0,Traditional,UAE,0,22,157.37
109506,09/04/2024 00:15,Mansoura-Mashaya,Qishtouza Nutella,Small,90.54,10,0,Pistachio,54185,13,Female,Gold,Instapay,Talabat,70,2.2,106,36.4,89.1,1,0,Modern,Delta,0,0,126.76
107582,19/03/2024 23:15,Mansoura-Mashaya,Ice Cream Mango,Medium,150.44,11,0.05,Pistachio,59178,27,Male,Bronze,Wallet,ElMenus,110,4.8,124,38.2,62.1,3,0,Ice Cream,Delta,0,23,231.68
109743,11/04/2024 11:30,Cairo-Nasr City,Qishtouza Nutella,Medium,136.01,1,0,Pistachio,87020,67,Female,Silver,Credit Card,Talabat,91,12.7,114,35,34.7,2,0,Modern,Greater Cairo,0,11,19.04
105039,22/02/2024 11:30,Alex-Stanly,Rice Pudding Nuts,Large,137.07,3,0,Nuts,69440,46,Male,Gold,Instapay,In-store,62,8.6,125,31.4,47.6,5,0,Traditional,Alexandria,0,11,57.57
106451,08/03/2024 04:30,Cairo-Zamalek,Rice Pudding Nuts,Large,100.75,6,0.15,Lotus,69151,56,Female,None,Credit Card,Mobile App,44,7.2,130,42.9,65.4,1,0,Traditional,Greater Cairo,1,4,84.63
104137,13/02/2024 02:00,Giza-Zayed,Rice Pudding Nuts,Medium,119.92,8,0,Pistachio,60113,70,Female,,Wallet,In-store,91,3.1,117,31.6,73.1,2,0,Traditional,Greater Cairo,0,2,134.31
109249,06/04/2024 08:00,Dubai-Marina,Rice Pudding Nuts,Large,46.39,8,0,Lotus,83899,,Female,,Credit Card,ElMenus,44,9.8,123,41.8,77.2,5,0,Traditional,UAE,1,8,51.96
101716,18/01/2024 20:45,Riyadh-Olaya,Rice Pudding Nuts,Medium,68.95,4,0,Nuts,71613,44,Male,,Credit Card,Mobile App,93,2.2,132,44.7,61.1,2,0,Traditional,KSA,0,20,38.61
101699,18/01/2024 16:30,Cairo-Nasr City,Ice Cream Mango,Large,88.51,2,0,Nuts,85470,34,Male,Gold,Instapay,ElMenus,115,13.9,113,29.6,75.9,,0,Ice Cream,Greater Cairo,0,16,24.78
109691,10/04/2024 22:30,Riyadh-Olaya,Qishtouza Lotus,Small,167.96,4,0,Pistachio,52043,42,,Gold,Instapay,Talabat,110,8,104,33.9,70.6,1,0,Modern,KSA,0,22,94.06
109550,09/04/2024 11:15,Giza-Zayed,Rice Pudding Oven,Large,154.44,10,0,Lotus,69691,39,Female,Silver,Credit Card,Talabat,22,12.8,105,29.1,43.7,5,0,Traditional,Greater Cairo,0,11,216.22
109972,13/04/2024 20:45,Giza-Zayed,Rice Pudding Nuts,Large,157.92,9,0,,67386,26,Female,None,Instapay,In-store,10,7.9,115,24.7,61,5,0,Traditional,Greater Cairo,1,20,198.98
108225,26/03/2024 16:00,Cairo-Zamalek,Rice Pudding Oven,Small,73.65,9,0,None,50570,56,,Gold,Credit Card,Mobile App,107,4.4,108,20.2,76,2,0,Traditional,Greater Cairo,0,16,92.8
103832,09/02/2024 21:45,Cairo-Zamalek,Om Ali Cream,Small,49.41,6,0,Lotus,80286,64,Female,Silver,Wallet,Talabat,23,9,123,25.9,25.9,1,0,Traditional,Greater Cairo,1,21,41.5
106300,06/03/2024 14:45,Cairo-Zamalek,Rice Pudding Nuts,Medium,105.77,3,0,Nuts,64407,73,Male,,Wallet,In-store,95,1.1,134,39.4,57.2,4,0,Traditional,Greater Cairo,0,14,44.42
103349,04/02/2024 21:00,Riyadh-Olaya,Rice Pudding Oven,Medium,84.23,3,0,None,66583,45,Male,Silver,Wallet,Talabat,95,13.2,139,39.9,72.1,4,0,Traditional,KSA,1,21,35.38
109519,09/04/2024 03:30,Alex-Stanly,Qishtouza Lotus,Medium,159.31,11,0,Nuts,78250,52,Female,Gold,Cash,Talabat,55,0.8,130,25.3,83.4,1,0,Modern,Alexandria,0,3,245.34
100986,11/01/2024 06:15,Cairo-Zamalek,Ice Cream Mango,Medium,50.99,2,0.15,Lotus,69808,,Male,Bronze,Cash,In-store,100,7.6,101,42.6,89,3,0,Ice Cream,Greater Cairo,0,6,14.28
101822,19/01/2024 23:15,Dubai-Marina,Qishtouza Lotus,Medium,151.35,4,0,None,70693,,Female,None,Instapay,Talabat,19,13.3,118,31,31.7,2,0,Modern,UAE,1,23,84.76
104572,17/02/2024 14:45,Cairo-Zamalek,Qishtouza Lotus,Large,77.93,6,0,Pistachio,84889,16,Male,Silver,Wallet,ElMenus,119,10.1,121,21.1,24.6,4,0,Modern,Greater Cairo,1,14,65.46
100588,07/01/2024 02:45,Alex-Stanly,Qishtouza Lotus,Large,92.43,10,0.05,Nutella,88238,38,,Silver,Cash,Mobile App,93,3.2,123,39.4,28.7,1,0,Modern,Alexandria,1,2,129.4
109758,11/04/2024 15:15,Tanta-Saeed,Ice Cream Mango,Medium,71.86,4,0,None,55506,50,,,Instapay,Talabat,30,6.7,105,21.6,52.6,1,0,Ice Cream,Delta,0,15,40.24
105078,22/02/2024 21:15,Riyadh-Olaya,Sweet Koshary Mix,Medium,91.54,9,0.05,None,68979,,Male,Bronze,Instapay,ElMenus,89,13.7,120,33.8,43.8,1,0,Signature,KSA,0,21,115.34
107783,22/03/2024 01:30,Cairo-Zamalek,Qishtouza Nutella,Medium,153.59,2,0,Pistachio,56820,,,None,Instapay,Mobile App,62,8.3,102,17.5,56.2,2,0,Modern,Greater Cairo,1,1,43.01
108324,27/03/2024 16:45,Dubai-Marina,Super B.Laban,Medium,49.03,5,0,Nuts,69425,51,Female,Bronze,Credit Card,Mobile App,105,1.5,144,19.3,51.9,3,0,Signature,UAE,0,16,34.32
109523,09/04/2024 04:30,Cairo-Zamalek,Rice Pudding Oven,Medium,159.84,6,0,,84869,53,Male,,Cash,In-store,59,4.9,115,25.4,32.5,,0,Traditional,Greater Cairo,0,4,134.27
109968,13/04/2024 19:45,Riyadh-Olaya,Qishtouza Lotus,Medium,159.2,9,0,Nutella,58534,59,Male,Gold,Instapay,Talabat,111,9.2,128,44,68.1,2,0,Modern,KSA,1,19,200.59
105484,27/02/2024 02:45,Cairo-Zamalek,Ice Cream Mango,Large,137,9,0,None,61478,36,Male,Gold,Cash,Mobile App,114,13,140,22.1,75.3,2,0,Ice Cream,Greater Cairo,0,2,172.62
107747,21/03/2024 16:30,Giza-Zayed,Sweet Koshary Mix,Large,60.34,11,0,Nuts,52171,65,Female,None,Wallet,Talabat,38,5.3,126,36.4,41.6,4,0,Signature,Greater Cairo,0,16,92.92
109281,06/04/2024 16:00,Giza-Zayed,Ice Cream Mango,Medium,77.37,1,0,,65550,72,Female,None,Wallet,Talabat,40,12.6,127,26.9,38.3,4,0,Ice Cream,Greater Cairo,1,16,10.83
105515,27/02/2024 10:30,Dubai-Marina,Sweet Koshary Mix,Medium,68.17,11,0,Lotus,83117,65,Female,Bronze,Credit Card,In-store,81,3.6,141,33.8,44.7,3,0,Signature,UAE,0,10,104.98
109528,09/04/2024 05:45,Cairo-Zamalek,Rice Pudding Oven,Medium,117.64,6,0.05,Nuts,56571,,Male,Bronze,Cash,ElMenus,38,4.4,111,17.3,64.5,5,0,Traditional,Greater Cairo,0,5,98.82
108872,02/04/2024 09:45,Dubai-Marina,Super B.Laban,Medium,126.34,3,0.05,Lotus,77043,29,Male,Bronze,Credit Card,Mobile App,50,11.7,114,30.1,40.1,4,0,Signature,UAE,0,9,53.06
105554,27/02/2024 20:15,Alex-Stanly,Sweet Koshary Mix,Small,164.97,3,0.1,None,60037,72,Male,Bronze,Instapay,ElMenus,80,6.9,115,31.5,34.2,5,0,Signature,Alexandria,0,20,69.29
103558,07/02/2024 01:15,Cairo-Nasr City,Qishtouza Nutella,Large,72.36,6,0,None,78040,,Female,Gold,Wallet,Mobile App,10,12,139,25.9,47.6,1,0,Modern,Greater Cairo,0,1,60.78
101396,15/01/2024 12:45,Tanta-Saeed,Sweet Koshary Mix,Medium,61.36,8,0.15,Nutella,58598,61,Female,Silver,Credit Card,Talabat,51,8.9,112,18.1,51.4,1,0,Signature,Delta,0,12,68.72
100265,03/01/2024 18:00,Alex-Stanly,Om Ali Cream,Large,49.06,4,0,None,80851,72,Female,Bronze,Credit Card,ElMenus,16,2.6,131,16.2,33.1,2,0,Traditional,Alexandria,0,18,27.47
103548,06/02/2024 22:45,Riyadh-Olaya,Om Ali Cream,Medium,175.45,4,0,Pistachio,51184,20,,Bronze,Instapay,Mobile App,23,14,117,24.9,79.8,5,0,Traditional,KSA,0,22,98.25
106845,12/03/2024 07:00,Riyadh-Olaya,Ice Cream Mango,Medium,142.86,10,0,Nuts,86868,13,Female,Bronze,Wallet,Talabat,54,4,109,40,66.7,4,0,Ice Cream,KSA,0,7,200
107629,20/03/2024 11:00,Cairo-Nasr City,Qishtouza Lotus,Medium,41.3,8,0,Nutella,66029,28,Female,None,Credit Card,In-store,20,10.5,148,24,74.7,2,0,Modern,Greater Cairo,0,11,46.26
106789,11/03/2024 17:00,Mansoura-Mashaya,Qishtouza Lotus,Large,62.04,10,0,Lotus,61843,46,Female,Gold,Cash,ElMenus,118,8.9,136,22.6,42,,0,Modern,Delta,0,17,86.86
103070,01/02/2024 23:15,Cairo-Zamalek,Qishtouza Lotus,Medium,59.9,1,0,Nutella,61688,14,Male,Gold,Credit Card,Talabat,37,12.8,120,19.7,88.1,3,0,Modern,Greater Cairo,0,23,8.39
105026,22/02/2024 08:15,Mansoura-Mashaya,Ice Cream Mango,Large,98.61,4,0.15,Nutella,87742,53,Male,Gold,Instapay,In-store,75,11.5,128,40.9,64.7,1,0,Ice Cream,Delta,0,8,55.22
108397,28/03/2024 11:00,Giza-Zayed,Rice Pudding Nuts,Medium,117.84,11,0.05,Lotus,66882,46,Female,Silver,Wallet,ElMenus,45,12.6,134,26,64.6,2,0,Traditional,Greater Cairo,0,11,181.47
103865,10/02/2024 06:00,Giza-Zayed,Om Ali Cream,Large,150.76,11,0.05,Nutella,68514,,Female,Bronze,Wallet,ElMenus,23,7.7,140,31.1,87,5,1,Traditional,Greater Cairo,1,6,232.17
109073,04/04/2024 12:00,Cairo-Zamalek,Qishtouza Lotus,Medium,109.56,7,0,None,65640,56,Female,Bronze,Wallet,Talabat,54,14.2,110,28.9,53.9,4,0,Modern,Greater Cairo,0,12,107.37
102401,26/01/2024 00:00,Mansoura-Mashaya,Om Ali Cream,Large,61.26,7,0,Nuts,59425,50,,None,Cash,ElMenus,23,10.8,104,34,47.8,1,0,Traditional,Delta,1,0,60.03
106275,06/03/2024 08:30,Riyadh-Olaya,Qishtouza Lotus,Large,106.6,6,0,Nuts,55117,17,Female,Gold,Wallet,ElMenus,97,7.6,119,32.1,86.2,3,0,Modern,KSA,0,8,89.54
108485,29/03/2024 09:00,Cairo-Nasr City,Rice Pudding Nuts,Medium,147.47,11,0,None,67540,37,Male,Gold,Wallet,Talabat,108,4.7,146,35.7,68.4,5,0,Traditional,Greater Cairo,1,9,227.1
103712,08/02/2024 15:45,Mansoura-Mashaya,Sweet Koshary Mix,Small,179.1,1,0,Pistachio,79876,26,Female,,Wallet,In-store,53,8.7,134,43.1,69.6,2,0,Signature,Delta,0,15,25.07
100247,03/01/2024 13:30,Cairo-Nasr City,Ice Cream Mango,Small,113.6,8,0,Lotus,66955,72,,Bronze,Instapay,Mobile App,67,7.6,106,38.8,73.2,2,0,Ice Cream,Greater Cairo,0,13,127.23
101595,17/01/2024 14:30,Giza-Zayed,Rice Pudding Oven,Large,131.74,6,0.05,,53554,53,Male,Silver,Instapay,ElMenus,63,11.8,108,43.5,41.4,1,0,Traditional,Greater Cairo,0,14,110.66
109683,10/04/2024 20:30,Giza-Zayed,Qishtouza Nutella,Medium,118.8,10,0,Lotus,70729,40,Female,Silver,Cash,In-store,26,13.8,139,43.5,67.9,3,0,Modern,Greater Cairo,0,20,166.32
101530,16/01/2024 22:15,Giza-Zayed,Qishtouza Nutella,Medium,151.98,9,0.15,,73410,23,Female,None,Cash,Talabat,96,10.4,106,20.2,30.3,1,0,Modern,Greater Cairo,0,22,191.49
108224,26/03/2024 15:45,Mansoura-Mashaya,Om Ali Cream,Large,82.35,2,0,None,88732,54,Female,,Instapay,In-store,24,8.4,141,22.2,89.2,,0,Traditional,Delta,0,15,23.06
100924,10/01/2024 14:45,Dubai-Marina,Sweet Koshary Mix,Small,85.13,6,0,Pistachio,66913,70,Male,Gold,Cash,Talabat,90,11.7,120,19.6,66.8,4,0,Signature,UAE,0,14,71.51
107554,19/03/2024 16:15,Alex-Stanly,Sweet Koshary Mix,Large,42.74,9,0,None,64376,46,,Bronze,Cash,Mobile App,57,7.9,120,29.5,50.2,4,0,Signature,Alexandria,0,16,53.85
104365,15/02/2024 11:00,Alex-Stanly,Sweet Koshary Mix,Small,129.63,10,0.05,Nutella,85813,34,Female,Bronze,Credit Card,Mobile App,34,7.9,113,18.2,78.4,5,0,Signature,Alexandria,0,11,181.48
100670,07/01/2024 23:15,Dubai-Marina,Ice Cream Mango,Small,92.75,11,0,Pistachio,80765,29,Female,Silver,Cash,In-store,33,11.3,148,26.6,68.4,4,0,Ice Cream,UAE,1,23,142.84
103605,07/02/2024 13:00,Cairo-Zamalek,Qishtouza Nutella,Small,60.31,1,0,Nuts,53181,63,Male,None,Cash,In-store,61,6.8,116,29.2,64.9,4,0,Modern,Greater Cairo,0,13,8.44
105109,23/02/2024 05:00,Cairo-Zamalek,Rice Pudding Oven,Medium,168.17,9,0,Nutella,80631,69,,None,Instapay,Talabat,107,6.7,121,26.6,89.6,4,0,Traditional,Greater Cairo,1,5,211.89
101911,20/01/2024 21:30,Giza-Zayed,Rice Pudding Nuts,Large,122.08,6,0,None,87980,58,Female,Silver,Credit Card,In-store,65,6.3,116,24.2,71.9,3,0,Traditional,Greater Cairo,1,21,102.55
108345,27/03/2024 22:00,Riyadh-Olaya,Om Ali Cream,Medium,129.85,2,0.15,Pistachio,73488,58,Female,,Cash,Mobile App,84,9.5,130,39.2,84,4,0,Traditional,KSA,0,22,36.36
105249,24/02/2024 16:00,Riyadh-Olaya,Qishtouza Lotus,Large,72.28,3,0.15,Nutella,68556,43,Female,,Wallet,Talabat,104,4.1,121,31.3,59.4,3,0,Modern,KSA,1,16,30.36
107184,15/03/2024 19:45,Tanta-Saeed,Super B.Laban,Medium,149.27,7,0,Lotus,60175,26,Male,None,Cash,Mobile App,35,9,129,16.6,77.7,3,0,Signature,Delta,1,19,146.28
103959,11/02/2024 05:30,Mansoura-Mashaya,Qishtouza Lotus,Medium,131.79,7,0,Nuts,76841,68,Female,Bronze,Wallet,Talabat,52,5.5,141,42.3,32.9,5,0,Modern,Delta,1,5,129.15
106958,13/03/2024 11:15,Cairo-Zamalek,Rice Pudding Oven,Medium,137.79,6,0.05,Lotus,60077,40,Female,None,Cash,In-store,68,4.8,117,25,71.7,4,0,Traditional,Greater Cairo,0,11,115.74
106027,03/03/2024 18:30,Alex-Stanly,Rice Pudding Nuts,Large,76.33,9,0,Lotus,76264,,Female,,Credit Card,Mobile App,56,2.9,133,18.1,86.6,1,0,Traditional,Alexandria,1,18,96.18
105644,28/02/2024 18:45,Dubai-Marina,Qishtouza Nutella,Medium,129.89,11,0.05,Nutella,56039,45,Female,Bronze,Credit Card,ElMenus,106,11.8,118,29.4,86.2,,0,Modern,UAE,0,18,200.03
102697,29/01/2024 02:00,Giza-Zayed,Qishtouza Lotus,Small,50.68,4,0.15,Nuts,50414,74,Female,,Wallet,Mobile App,82,11.7,113,42.8,23.2,4,0,Modern,Greater Cairo,0,2,28.38
102592,27/01/2024 23:45,Cairo-Zamalek,Rice Pudding Nuts,Medium,179.45,9,0,Lotus,86225,42,Male,None,Credit Card,Mobile App,70,2.2,104,26,67.6,,0,Traditional,Greater Cairo,1,23,226.11
105907,02/03/2024 12:30,Alex-Stanly,Ice Cream Mango,Large,155.25,1,0.1,Pistachio,64756,13,Female,Bronze,Cash,In-store,51,13.4,144,33.3,38.3,3,0,Ice Cream,Alexandria,1,12,21.74
101782,19/01/2024 13:15,Riyadh-Olaya,Qishtouza Nutella,Medium,168.55,8,0,Pistachio,69153,49,Male,Bronze,Instapay,Mobile App,11,7.6,126,23.6,51.9,,0,Modern,KSA,1,13,188.78
106510,08/03/2024 19:15,Dubai-Marina,Ice Cream Mango,Small,130.22,5,0,Nutella,56064,48,,Silver,Instapay,In-store,29,4.8,111,40.5,55.2,1,0,Ice Cream,UAE,1,19,91.15
103014,01/02/2024 09:15,Dubai-Marina,Om Ali Cream,Small,150.71,8,0,Lotus,85566,29,Male,None,Instapay,Mobile App,69,15,139,25,53.6,3,0,Traditional,UAE,0,9,168.8
107134,15/03/2024 07:15,Cairo-Zamalek,Om Ali Cream,Medium,76.91,3,0,Lotus,54746,63,Male,,Cash,Mobile App,112,12.9,141,30.7,87.9,1,0,Traditional,Greater Cairo,1,7,32.3
102308,25/01/2024 00:45,Giza-Zayed,Ice Cream Mango,Large,44.94,4,0,Nutella,56511,,Female,Bronze,Cash,In-store,10,7.6,146,27.4,38.6,1,0,Ice Cream,Greater Cairo,0,0,25.17
107277,16/03/2024 19:00,Tanta-Saeed,Rice Pudding Oven,Medium,84.29,4,0,Lotus,58349,68,Male,Gold,Credit Card,Mobile App,116,5.1,138,21.2,89.5,1,0,Traditional,Delta,1,19,47.2
103691,08/02/2024 10:30,Tanta-Saeed,Rice Pudding Nuts,Medium,92.07,4,0,None,64688,62,Female,Gold,Instapay,Talabat,17,5.8,119,17.9,79.1,2,0,Traditional,Delta,0,10,51.56
100688,08/01/2024 03:45,Mansoura-Mashaya,Qishtouza Nutella,Small,84.26,4,0,Nutella,60679,16,Male,Gold,Instapay,Mobile App,20,4.5,141,39.7,61.1,5,0,Modern,Delta,0,3,47.19
106012,03/03/2024 14:45,Dubai-Marina,Om Ali Cream,Medium,157.73,8,0,Nutella,77310,56,Female,,Instapay,ElMenus,92,10.7,103,38.9,49.3,2,0,Traditional,UAE,1,14,176.66
107072,14/03/2024 15:45,Cairo-Zamalek,Om Ali Cream,Medium,102.08,8,0,Nuts,88936,73,Female,None,Credit Card,Mobile App,83,2.5,112,31.4,88,5,0,Traditional,Greater Cairo,0,15,114.33
100613,07/01/2024 09:00,Giza-Zayed,Qishtouza Nutella,Small,166.72,3,0,Pistachio,55648,38,Female,None,Wallet,Talabat,107,13.8,147,27.8,67.6,5,1,Modern,Greater Cairo,1,9,70.02
107168,15/03/2024 15:45,Riyadh-Olaya,Rice Pudding Oven,Large,113.31,11,0,Pistachio,73988,60,Female,None,Instapay,Mobile App,117,11.7,121,26.4,57.2,4,0,Traditional,KSA,1,15,174.5
109206,05/04/2024 21:15,Cairo-Nasr City,Super B.Laban,Large,115.75,5,0,None,72441,65,Female,Silver,Instapay,Talabat,12,2.8,129,30.2,85.7,1,0,Signature,Greater Cairo,1,21,81.03
103201,03/02/2024 08:00,Alex-Stanly,Qishtouza Lotus,Small,129.28,2,0.1,Nuts,86152,40,,Bronze,Instapay,In-store,17,4.6,121,22.5,30.8,3,0,Modern,Alexandria,1,8,36.2
102268,24/01/2024 14:45,Riyadh-Olaya,Om Ali Cream,Medium,153.85,6,0,Lotus,73924,37,Female,Silver,Credit Card,In-store,36,6.6,116,23.4,47.7,1,0,Traditional,KSA,0,14,129.23
109782,11/04/2024 21:15,Alex-Stanly,Om Ali Cream,Medium,175.4,1,0.1,None,63916,49,Female,Gold,Instapay,Mobile App,58,3.6,114,28.3,70.8,3,0,Traditional,Alexandria,0,21,24.56
106630,10/03/2024 01:15,Cairo-Zamalek,Om Ali Cream,Medium,41.33,1,0,Nuts,81727,60,Male,,Instapay,In-store,87,2.5,146,26.4,38.1,3,0,Traditional,Greater Cairo,1,1,5.79
104136,13/02/2024 01:45,Mansoura-Mashaya,Qishtouza Nutella,Medium,78.3,6,0.1,None,85259,52,Female,Bronze,Instapay,ElMenus,104,13.3,133,20.4,54.9,3,0,Modern,Delta,0,1,65.77
101899,20/01/2024 18:30,Riyadh-Olaya,Rice Pudding Nuts,Medium,54.25,11,0.1,Nuts,65228,68,Female,Gold,Cash,Mobile App,53,7.5,139,42.3,39.4,2,0,Traditional,KSA,1,18,83.54
109531,09/04/2024 06:30,Tanta-Saeed,Rice Pudding Nuts,Large,133.24,7,0,Pistachio,86607,72,Female,Bronze,Wallet,In-store,109,15,134,37.9,52.5,,0,Traditional,Delta,0,6,130.58
108154,25/03/2024 22:15,Giza-Zayed,Om Ali Cream,Small,141.98,6,0,Nuts,51857,47,Female,Bronze,Instapay,Talabat,23,3.6,135,35.6,51.3,5,0,Traditional,Greater Cairo,0,22,119.26
100259,03/01/2024 16:30,Riyadh-Olaya,Qishtouza Nutella,Large,120.3,3,0,Nutella,81204,74,Female,Bronze,Instapay,Talabat,83,13.1,144,22,58.4,5,0,Modern,KSA,0,16,50.53
102925,31/01/2024 11:00,Cairo-Zamalek,Qishtouza Lotus,Medium,84.83,9,0,Pistachio,64488,74,Male,Gold,Wallet,Mobile App,112,9.6,140,26.1,65.1,1,0,Modern,Greater Cairo,0,11,106.89
109425,08/04/2024 04:00,Cairo-Zamalek,Super B.Laban,Medium,115.32,7,0.15,Pistachio,52980,54,Male,Gold,Credit Card,Talabat,28,7,105,15.8,52.4,4,0,Signature,Greater Cairo,0,4,113.01
104944,21/02/2024 11:45,Alex-Stanly,Rice Pudding Oven,Medium,175.93,4,0,Lotus,53837,45,,,Wallet,Mobile App,70,3.9,106,29.4,64.7,5,0,Traditional,Alexandria,0,11,98.52
102823,30/01/2024 09:30,Mansoura-Mashaya,Om Ali Cream,Small,123.14,4,0,None,87338,56,Male,Bronze,Wallet,Talabat,17,5.4,108,37,39.5,1,0,Traditional,Delta,0,9,68.96
106530,09/03/2024 00:15,Alex-Stanly,Rice Pudding Nuts,Large,93.84,11,0,Nutella,89879,48,Male,Bronze,Credit Card,ElMenus,71,5,105,33.9,84.5,4,0,Traditional,Alexandria,1,0,144.51
103340,04/02/2024 18:45,Mansoura-Mashaya,Super B.Laban,Medium,111.65,1,0,None,64287,19,Female,Silver,Credit Card,In-store,59,0.5,132,25.9,51.3,4,0,Signature,Delta,1,18,15.63
103526,06/02/2024 17:15,Mansoura-Mashaya,Sweet Koshary Mix,Large,106.65,3,0,Lotus,55452,55,Male,Bronze,Instapay,Talabat,87,6.2,105,32.2,38.9,3,0,Signature,Delta,0,17,44.79
104564,17/02/2024 12:45,Mansoura-Mashaya,Sweet Koshary Mix,Large,138.1,4,0,Pistachio,88770,42,,None,Credit Card,Talabat,71,2.2,112,39.2,75.7,3,0,Signature,Delta,1,12,77.34
109657,10/04/2024 14:00,Mansoura-Mashaya,Ice Cream Mango,Medium,163.72,1,0.15,Nuts,74430,15,Male,Silver,Cash,ElMenus,44,11.7,111,43.4,52.6,4,0,Ice Cream,Delta,0,14,22.92
107909,23/03/2024 09:00,Riyadh-Olaya,Sweet Koshary Mix,Medium,117.34,5,0,Pistachio,55453,,Female,None,Credit Card,Talabat,90,5.4,137,44.6,36.3,3,0,Signature,KSA,1,9,82.14
105330,25/02/2024 12:15,Mansoura-Mashaya,Super B.Laban,Medium,99.24,5,0.15,None,62582,42,Female,,Cash,Talabat,106,6.1,132,41.5,84.9,,1,Signature,Delta,1,12,69.47
105224,24/02/2024 09:45,Tanta-Saeed,Ice Cream Mango,Large,153.4,10,0,Lotus,56919,63,Male,Silver,Credit Card,In-store,115,1.7,137,22.3,27.5,2,0,Ice Cream,Delta,1,9,214.76
102286,24/01/2024 19:15,Riyadh-Olaya,Ice Cream Mango,Large,157.62,8,0.05,Nuts,51023,47,Female,Gold,Instapay,Talabat,24,6.9,120,25,82.3,4,0,Ice Cream,KSA,0,19,176.53
106064,04/03/2024 03:45,Riyadh-Olaya,Rice Pudding Nuts,Medium,172.99,9,0,Pistachio,83371,35,Male,None,Credit Card,In-store,26,4.9,121,34,61.3,5,0,Traditional,KSA,0,3,217.97
104655,18/02/2024 11:30,Riyadh-Olaya,Qishtouza Nutella,Medium,118.9,6,0,Nuts,87019,53,Male,Bronze,Wallet,Talabat,30,2.5,134,23.8,38.6,2,0,Modern,KSA,1,11,99.88
105001,22/02/2024 02:00,Alex-Stanly,Om Ali Cream,Medium,52.93,4,0,Pistachio,51818,,Male,Gold,Wallet,ElMenus,96,4.7,117,23.3,89.6,,0,Traditional,Alexandria,0,2,29.64
106711,10/03/2024 21:30,Cairo-Nasr City,Super B.Laban,Large,126.31,11,0,None,66758,42,Male,Gold,Instapay,ElMenus,86,1.3,101,17.7,23.2,4,0,Signature,Greater Cairo,1,21,194.52
109325,07/04/2024 03:00,Alex-Stanly,Rice Pudding Nuts,Medium,124.86,1,0.1,None,83406,50,Male,None,Cash,Mobile App,13,9.5,145,42,72.8,1,0,Traditional,Alexandria,1,3,17.48
100485,06/01/2024 01:00,Mansoura-Mashaya,Qishtouza Nutella,Small,157.2,7,0,Nuts,72403,38,Female,Silver,Credit Card,ElMenus,102,11.5,101,44.5,80.4,2,0,Modern,Delta,1,1,154.06
102212,24/01/2024 00:45,Alex-Stanly,Super B.Laban,Medium,84.03,11,0,Nutella,66955,14,Female,Bronze,Instapay,ElMenus,34,7,147,38.8,58.7,5,0,Signature,Alexandria,0,0,129.41
105417,26/02/2024 10:00,Riyadh-Olaya,Rice Pudding Nuts,Small,98.31,6,0,Lotus,70736,62,Female,Bronze,Instapay,In-store,35,11.6,108,30.8,80.6,1,0,Traditional,KSA,0,10,82.58
107564,19/03/2024 18:45,Giza-Zayed,Om Ali Cream,Small,158.61,11,0,Nutella,73306,53,Female,None,Wallet,In-store,96,8.8,107,34.7,54.1,5,0,Traditional,Greater Cairo,0,18,244.26
102556,27/01/2024 14:45,Tanta-Saeed,Qishtouza Lotus,Medium,144.33,4,0,Pistachio,74460,55,Female,None,Credit Card,ElMenus,114,1.1,131,39.1,39.6,4,0,Modern,Delta,1,14,80.82
100008,01/01/2024 01:45,Mansoura-Mashaya,Om Ali Cream,Medium,56.32,9,0.15,Pistachio,81975,27,Male,,Instapay,Mobile App,20,3.5,146,30.2,61,4,0,Traditional,Delta,0,1,70.96
103658,08/02/2024 02:15,Giza-Zayed,Qishtouza Lotus,Medium,92.83,8,0,None,60580,39,Male,Bronze,Cash,ElMenus,80,14.6,123,35.9,36.7,,0,Modern,Greater Cairo,0,2,103.97
106412,07/03/2024 18:45,Giza-Zayed,Qishtouza Lotus,Medium,43.76,11,0,None,74772,57,Female,None,Instapay,In-store,23,7.9,102,28.3,45.9,3,0,Modern,Greater Cairo,0,18,67.39
109165,05/04/2024 11:00,Alex-Stanly,Qishtouza Lotus,Large,79.3,1,0.1,Pistachio,81111,43,Male,Bronze,Cash,Talabat,108,0.9,143,23.8,36.8,1,0,Modern,Alexandria,1,11,11.1
104875,20/02/2024 18:30,Riyadh-Olaya,Sweet Koshary Mix,Large,48.08,11,0,None,78057,38,Female,Gold,Instapay,Talabat,65,5.5,120,43,27.9,3,0,Signature,KSA,0,18,74.04
104403,15/02/2024 20:30,Tanta-Saeed,Qishtouza Nutella,Small,74.85,8,0.05,Pistachio,86032,21,Female,Silver,Cash,In-store,84,8.2,104,33.1,59.6,3,0,Modern,Delta,0,20,83.83
108917,02/04/2024 21:00,Alex-Stanly,Qishtouza Lotus,Medium,78.06,3,0,Lotus,66372,34,Female,Bronze,Credit Card,In-store,36,7.9,128,15.5,68.5,2,1,Modern,Alexandria,0,21,32.79
105547,27/02/2024 18:30,Cairo-Zamalek,Ice Cream Mango,Medium,76.43,3,0,None,52030,23,Male,Bronze,Cash,ElMenus,10,4.4,102,43.6,25.7,4,0,Ice Cream,Greater Cairo,0,18,32.1
105298,25/02/2024 04:15,Alex-Stanly,Om Ali Cream,Medium,69.27,8,0,Nuts,81213,19,Female,Silver,Wallet,In-store,32,10.6,122,18.8,43.8,5,0,Traditional,Alexandria,1,4,77.58
102427,26/01/2024 06:30,Dubai-Marina,Rice Pudding Nuts,Medium,125.32,4,0,None,51262,,Male,None,Credit Card,ElMenus,42,8.4,103,34.8,22.6,1,1,Traditional,UAE,1,6,70.18
106745,11/03/2024 06:00,Tanta-Saeed,Super B.Laban,Medium,109.87,1,0,Lotus,69421,49,Female,Bronze,Cash,Mobile App,51,7.9,121,27.9,71.1,4,0,Signature,Delta,0,6,15.38
101815,19/01/2024 21:30,Giza-Zayed,Sweet Koshary Mix,Medium,125.11,7,0.15,None,87737,280,Female,Silver,Wallet,ElMenus,68,3.3,147,17.7,49.9,4,0,Signature,Greater Cairo,1,21,122.61
106823,12/03/2024 01:30,Cairo-Nasr City,Rice Pudding Nuts,Medium,168.13,9,0.15,Lotus,60646,58,Male,Gold,Credit Card,ElMenus,28,6.5,136,27.2,56.3,1,0,Traditional,Greater Cairo,0,1,211.84
109626,10/04/2024 06:15,Cairo-Zamalek,Ice Cream Mango,Medium,93.72,1,0,Nuts,74172,42,Female,Bronze,Instapay,Mobile App,100,9.2,149,37.8,74.6,2,0,Ice Cream,Greater Cairo,0,6,13.12
102275,24/01/2024 16:30,Riyadh-Olaya,Qishtouza Nutella,Medium,170.42,8,0,Nuts,57615,30,Male,None,Instapay,ElMenus,94,7.9,107,21.1,58.3,5,0,Modern,KSA,0,16,190.87
101012,11/01/2024 12:45,Mansoura-Mashaya,Rice Pudding Oven,Medium,95.86,11,0,Lotus,68126,29,Male,,Credit Card,In-store,19,12.6,117,30.8,69.6,5,0,Traditional,Delta,0,12,147.62
101578,17/01/2024 10:15,Cairo-Zamalek,Qishtouza Lotus,Large,100.2,7,0,Nuts,63447,14,Male,,Credit Card,ElMenus,24,7,110,23.1,36.8,5,0,Modern,Greater Cairo,0,10,98.2
107265,16/03/2024 16:00,Cairo-Nasr City,Qishtouza Lotus,Large,90.99,11,0.05,Pistachio,80873,,,,Instapay,Mobile App,109,8.6,118,38.8,38.7,4,0,Modern,Greater Cairo,1,16,140.12
101068,12/01/2024 02:45,Dubai-Marina,Rice Pudding Oven,Medium,89.25,11,0.15,Lotus,79540,48,Male,None,Wallet,Mobile App,17,1.9,148,31,81.5,,0,Traditional,UAE,1,2,137.45
101992,21/01/2024 17:45,Alex-Stanly,Qishtouza Lotus,Small,93.52,5,0,,89195,26,Female,Gold,Instapay,Mobile App,67,7.1,148,33.1,82.3,1,0,Modern,Alexandria,1,17,65.46
103971,11/02/2024 08:30,Giza-Zayed,Rice Pudding Oven,Medium,178.54,9,0,,77730,49,Female,None,Wallet,In-store,60,12.2,109,25.8,68,2,0,Traditional,Greater Cairo,1,8,224.96
109074,04/04/2024 12:15,Tanta-Saeed,Super B.Laban,Medium,40.3,6,0.05,None,52162,65,Female,,Credit Card,Mobile App,12,1.3,122,32.7,51.6,5,0,Signature,Delta,0,12,33.85
105880,02/03/2024 05:45,Tanta-Saeed,Ice Cream Mango,Medium,125.28,6,0,Lotus,79125,38,Female,Silver,Wallet,Mobile App,59,6,120,24.9,29.9,3,0,Ice Cream,Delta,1,5,105.24
108431,28/03/2024 19:30,Alex-Stanly,Ice Cream Mango,Large,63.05,9,0,None,74896,,Female,Gold,Wallet,In-store,35,7.1,134,31.3,85.3,5,0,Ice Cream,Alexandria,0,19,79.44
104543,17/02/2024 07:30,Tanta-Saeed,Om Ali Cream,Small,53.72,11,0,None,73447,35,Male,Silver,Credit Card,Mobile App,98,7.9,130,16.3,26.8,,0,Traditional,Delta,1,7,82.73
109327,07/04/2024 03:30,Mansoura-Mashaya,Qishtouza Lotus,Small,74.87,1,0,Lotus,83124,40,Male,Silver,Credit Card,Talabat,11,5.6,110,18.1,32.7,4,0,Modern,Delta,1,3,10.48
107194,15/03/2024 22:15,Giza-Zayed,Qishtouza Lotus,Medium,68.18,10,0.15,Nutella,81438,17,Male,,Credit Card,Mobile App,107,1.5,140,17.5,31.5,1,0,Modern,Greater Cairo,1,22,95.45
103868,10/02/2024 06:45,Riyadh-Olaya,Ice Cream Mango,Medium,99.16,10,0.15,Nuts,85900,73,Female,Bronze,Wallet,Mobile App,45,9.5,141,19.5,57.8,4,0,Ice Cream,KSA,1,6,138.82
109416,08/04/2024 01:45,Mansoura-Mashaya,Super B.Laban,Medium,120.1,8,0,Nutella,64449,18,Female,Silver,Instapay,Talabat,81,4.5,140,23.9,77.5,5,0,Signature,Delta,0,1,134.51
106824,12/03/2024 01:45,Alex-Stanly,Om Ali Cream,Small,46.95,2,0,Pistachio,70605,73,Male,Gold,Cash,ElMenus,103,6.2,117,26.7,24.8,5,0,Traditional,Alexandria,0,1,13.15
103049,01/02/2024 18:00,Mansoura-Mashaya,Sweet Koshary Mix,Large,96.09,8,0,None,86843,41,Female,Gold,Cash,Talabat,21,8.1,123,22.6,80.9,4,0,Signature,Delta,0,18,107.62
100782,09/01/2024 03:15,Alex-Stanly,Qishtouza Lotus,Medium,48.06,4,0,,66954,,,Silver,Cash,Mobile App,102,9.9,104,23.6,50,2,0,Modern,Alexandria,0,3,26.91
106748,11/03/2024 06:45,Mansoura-Mashaya,Qishtouza Nutella,Small,177.67,6,0.15,Nutella,86047,13,Male,Bronze,Cash,In-store,93,12,146,40.2,32.6,2,0,Modern,Delta,0,6,149.24
102676,28/01/2024 20:45,Mansoura-Mashaya,Super B.Laban,Large,108.6,9,0.1,Lotus,66948,16,Female,None,Credit Card,ElMenus,13,9.6,145,34.6,44.9,2,0,Signature,Delta,1,20,136.84
101750,19/01/2024 05:15,Dubai-Marina,Sweet Koshary Mix,Small,76.49,5,0.1,None,68026,,Female,Silver,Cash,In-store,98,13.4,110,38,34.7,1,0,Signature,UAE,1,5,53.54
106223,05/03/2024 19:30,Cairo-Zamalek,Ice Cream Mango,Medium,132.83,7,0,Nuts,57165,,Female,,Wallet,Talabat,33,2.5,119,24.3,69.4,5,0,Ice Cream,Greater Cairo,0,19,130.17
107947,23/03/2024 18:30,Alex-Stanly,Super B.Laban,Medium,142.3,2,0.15,Nuts,54473,74,,Silver,Credit Card,ElMenus,62,7.4,137,43.5,38,4,0,Signature,Alexandria,1,18,39.84
102792,30/01/2024 01:45,Cairo-Nasr City,Super B.Laban,Small,141.9,5,0.15,Pistachio,61290,61,Female,Bronze,Instapay,In-store,45,7.2,124,36,64.4,2,0,Signature,Greater Cairo,0,1,99.33
106520,08/03/2024 21:45,Alex-Stanly,Sweet Koshary Mix,Small,79.66,4,0,Lotus,73345,,Male,Gold,Credit Card,In-store,93,6.4,135,22.7,30.7,,0,Signature,Alexandria,1,21,44.61
105775,01/03/2024 03:30,Alex-Stanly,Rice Pudding Nuts,Large,163.31,11,0,Nuts,88095,,Female,None,Wallet,In-store,41,6.5,106,15.9,64.1,4,0,Traditional,Alexandria,1,3,251.5
106358,07/03/2024 05:15,Dubai-Marina,Ice Cream Mango,Medium,44.67,2,0,Nutella,77287,51,Female,Bronze,Wallet,In-store,92,8.8,115,31.8,25.7,5,0,Ice Cream,UAE,0,5,12.51
104980,21/02/2024 20:45,Giza-Zayed,Rice Pudding Oven,Large,108.77,11,0,Lotus,55290,52,Male,Gold,Cash,ElMenus,38,13.6,140,40.8,23.7,2,0,Traditional,Greater Cairo,0,20,167.51
107589,20/03/2024 01:00,Giza-Zayed,Om Ali Cream,Medium,168.46,4,0,None,61288,20,,Silver,Cash,In-store,89,12.8,137,20.6,47.3,2,0,Traditional,Greater Cairo,0,1,94.34
101092,12/01/2024 08:45,Dubai-Marina,Super B.Laban,Large,9999.99,7,0,,64354,60,Female,Gold,Instapay,ElMenus,49,6.9,135,23.5,81.4,2,0,Signature,UAE,1,8,65.89
106527,08/03/2024 23:30,Cairo-Nasr City,Ice Cream Mango,Medium,167.66,1,0,,72523,56,Female,Bronze,Cash,In-store,117,9.4,107,30.6,89.8,2,0,Ice Cream,Greater Cairo,1,23,23.47
109608,10/04/2024 01:45,Cairo-Nasr City,Qishtouza Lotus,Medium,125.69,6,0,Nuts,89241,47,Female,None,Cash,ElMenus,93,11.2,109,23.5,35.5,1,0,Modern,Greater Cairo,0,1,105.58
104628,18/02/2024 04:45,Tanta-Saeed,Om Ali Cream,Medium,66.48,2,0.1,Nutella,86971,,Male,Silver,Cash,Mobile App,93,3.2,131,30.2,89,1,0,Traditional,Delta,1,4,18.61
102325,25/01/2024 05:00,Alex-Stanly,Qishtouza Nutella,Medium,120.58,5,0,None,80839,47,Female,Gold,Credit Card,Talabat,79,14.9,127,36.8,82.1,2,0,Modern,Alexandria,0,5,84.41
106535,09/03/2024 01:30,Dubai-Marina,Om Ali Cream,Medium,109.86,4,0,Lotus,69780,12,Female,Bronze,Credit Card,Mobile App,113,0.8,139,22.1,42,3,0,Traditional,UAE,1,1,61.52
108972,03/04/2024 10:45,Dubai-Marina,Rice Pudding Oven,Medium,146.96,8,0.05,Nutella,68184,60,Male,Bronze,Wallet,Mobile App,59,14.3,129,31.6,67,4,0,Traditional,UAE,0,10,164.6
105056,22/02/2024 15:45,Tanta-Saeed,Qishtouza Lotus,Large,52.1,5,0.05,Nutella,61701,52,Male,Silver,Credit Card,Talabat,67,2.2,127,32.4,24.1,1,1,Modern,Delta,0,15,36.47
102609,28/01/2024 04:00,Cairo-Zamalek,Super B.Laban,Large,122.37,4,0.15,None,67066,42,Male,Bronze,Wallet,Talabat,44,1.7,118,32.2,77.5,5,0,Signature,Greater Cairo,1,4,68.53
109021,03/04/2024 23:00,Dubai-Marina,Rice Pudding Oven,Small,146.25,10,0,Nutella,73993,60,Male,Gold,Instapay,Talabat,44,12,127,39.1,32.4,,0,Traditional,UAE,0,23,204.75
102291,24/01/2024 20:30,Tanta-Saeed,Rice Pudding Oven,Medium,56.05,10,0.1,Nutella,81456,36,Female,Silver,Credit Card,Mobile App,69,10.1,115,44.7,64.9,,0,Traditional,Delta,0,20,78.47
101728,18/01/2024 23:45,Cairo-Nasr City,Om Ali Cream,Large,167.35,9,0.15,Pistachio,52242,70,Female,Gold,Instapay,Talabat,38,10.5,114,24.9,75.7,3,0,Traditional,Greater Cairo,0,23,210.86
100611,07/01/2024 08:30,Mansoura-Mashaya,Qishtouza Lotus,Medium,90.99,9,0,Nutella,53140,34,Female,Gold,Cash,Mobile App,92,10.8,107,39.9,64.7,5,0,Modern,Delta,1,8,114.65
104667,18/02/2024 14:30,Cairo-Zamalek,Sweet Koshary Mix,Small,110,11,0,Nutella,75252,49,Male,Gold,Wallet,In-store,59,8.8,106,29,36,4,0,Signature,Greater Cairo,1,14,169.4
108052,24/03/2024 20:45,Cairo-Zamalek,Qishtouza Nutella,Large,106.46,5,0.05,Nutella,73064,25,Female,Bronze,Wallet,In-store,86,1.3,118,18.1,78.9,5,0,Modern,Greater Cairo,1,20,74.52
105414,26/02/2024 09:15,Mansoura-Mashaya,Super B.Laban,Medium,94.26,2,0,Lotus,75229,21,Female,,Wallet,In-store,26,12,149,44.5,28.3,2,0,Signature,Delta,0,9,26.39
100344,04/01/2024 13:45,Cairo-Zamalek,Rice Pudding Oven,Large,48.82,5,0,None,68193,50,Female,,Wallet,Talabat,48,2.3,106,36.3,87.6,,1,Traditional,Greater Cairo,0,13,34.17
104684,18/02/2024 18:45,Giza-Zayed,Super B.Laban,Small,76.4,4,0,Nutella,86999,28,Male,Bronze,Credit Card,Mobile App,105,14.2,117,23.7,33.8,2,0,Signature,Greater Cairo,1,18,42.78
108785,01/04/2024 12:00,Mansoura-Mashaya,Rice Pudding Oven,Large,92.35,1,0.15,Pistachio,69416,51,Male,Silver,Wallet,Mobile App,74,4.2,117,16.2,39.2,1,0,Traditional,Delta,0,12,12.93
103751,09/02/2024 01:30,Alex-Stanly,Qishtouza Lotus,Small,157.67,9,0,Nuts,72007,63,Male,Gold,Wallet,ElMenus,72,13.1,110,18.5,63.4,5,0,Modern,Alexandria,1,1,198.66
108454,29/03/2024 01:15,Dubai-Marina,Rice Pudding Nuts,Small,67.51,5,0.05,,57159,64,Female,Bronze,Cash,In-store,94,14.5,144,42.2,64.1,1,0,Traditional,UAE,1,1,47.26
109308,06/04/2024 22:45,Dubai-Marina,Rice Pudding Oven,Small,128.95,8,0,None,64525,44,Male,Silver,Instapay,Talabat,12,1.7,141,19.1,88.3,1,0,Traditional,UAE,1,22,144.42
106000,03/03/2024 11:45,Tanta-Saeed,Qishtouza Lotus,Large,146.05,2,0,Nuts,51755,18,Female,Gold,Credit Card,ElMenus,18,13.3,122,21.5,63.7,1,0,Modern,Delta,1,11,40.89
103216,03/02/2024 11:45,Giza-Zayed,Om Ali Cream,Medium,92.36,7,0,Lotus,67111,,,None,Wallet,Mobile App,57,3.8,128,19.1,49.2,2,0,Traditional,Greater Cairo,1,11,90.51
100098,02/01/2024 00:15,Giza-Zayed,Om Ali Cream,Large,123.61,3,0,,79386,27,Female,None,Instapay,Talabat,98,5.4,108,26,71.5,5,0,Traditional,Greater Cairo,0,0,51.92
107388,17/03/2024 22:45,Alex-Stanly,Om Ali Cream,Medium,126.97,9,0,Nutella,71691,33,,None,Cash,In-store,115,8.6,131,18.4,69.3,5,0,Traditional,Alexandria,1,22,159.98
107666,20/03/2024 20:15,Mansoura-Mashaya,Super B.Laban,Small,129.98,10,0,Nutella,60601,,Female,,Wallet,ElMenus,110,8.2,103,43.8,64,3,0,Signature,Delta,0,20,181.97
105177,23/02/2024 22:00,Tanta-Saeed,Rice Pudding Nuts,Medium,178.56,10,0,,89532,73,Male,Gold,Cash,Talabat,76,12.3,117,19.6,61.9,2,0,Traditional,Delta,1,22,249.98
107280,16/03/2024 19:45,Alex-Stanly,Qishtouza Nutella,Medium,51.28,1,0,Nutella,58081,68,Male,Silver,Credit Card,Mobile App,41,14.1,124,38,43.1,,0,Modern,Alexandria,1,19,7.18
106166,05/03/2024 05:15,Riyadh-Olaya,Qishtouza Nutella,Large,77.12,8,0.1,Pistachio,70491,,Female,Bronze,Instapay,ElMenus,57,6.4,143,23.7,76.6,2,0,Modern,KSA,0,5,86.37
101538,17/01/2024 00:15,Tanta-Saeed,Super B.Laban,Medium,45.47,7,0.15,None,89639,70,Male,Gold,Credit Card,Mobile App,69,6.1,134,34.5,65.9,3,0,Signature,Delta,0,0,44.56
103589,07/02/2024 09:00,Mansoura-Mashaya,Ice Cream Mango,Small,165.52,8,0,Lotus,76096,15,Female,None,Instapay,In-store,68,1.2,116,39.8,61.4,1,0,Ice Cream,Delta,0,9,185.38
109443,08/04/2024 08:30,Cairo-Nasr City,Sweet Koshary Mix,Small,99.18,6,0,Lotus,75876,28,,Silver,Cash,Talabat,19,3.1,134,34.6,84.5,2,0,Signature,Greater Cairo,0,8,83.31
106986,13/03/2024 18:15,Dubai-Marina,Sweet Koshary Mix,Small,158.4,7,0,Nutella,56830,21,Male,Gold,Instapay,Mobile App,72,5.5,114,32.7,46.3,2,0,Signature,UAE,0,18,155.23
103649,08/02/2024 00:00,Cairo-Nasr City,Super B.Laban,Medium,106.23,2,0,None,79674,63,Female,None,Cash,Talabat,16,2.3,118,33.7,84.8,2,0,Signature,Greater Cairo,0,0,29.74
102658,28/01/2024 16:15,Riyadh-Olaya,Qishtouza Nutella,Small,83.66,7,0,,73705,29,Female,None,Wallet,Talabat,74,2,112,25.9,25.1,3,0,Modern,KSA,1,16,81.99
109827,12/04/2024 08:30,Cairo-Zamalek,Rice Pudding Nuts,Medium,113.75,5,0.15,None,58204,40,Female,,Cash,In-store,73,10.7,119,26.5,52.4,,0,Traditional,Greater Cairo,1,8,79.63
101518,16/01/2024 19:15,Alex-Stanly,Om Ali Cream,Small,59.69,6,0.05,Pistachio,87095,30,Male,Bronze,Cash,ElMenus,71,6.1,139,31.8,82.7,1,0,Traditional,Alexandria,0,19,50.14
105062,22/02/2024 17:15,Cairo-Zamalek,Sweet Koshary Mix,Small,100.14,2,0,Nutella,71521,39,,None,Instapay,In-store,60,6.8,112,22.5,40.5,4,0,Signature,Greater Cairo,0,17,28.04
109350,07/04/2024 09:15,Tanta-Saeed,Om Ali Cream,Large,130.66,8,0,Nuts,70281,,Male,Gold,Cash,ElMenus,48,2.6,133,29.2,32.4,5,0,Traditional,Delta,1,9,146.34
104625,18/02/2024 04:00,Mansoura-Mashaya,Ice Cream Mango,Medium,61.62,2,0.05,Nutella,74630,32,Female,None,Wallet,Mobile App,21,9.4,130,32.4,73.7,5,0,Ice Cream,Delta,1,4,17.25
104273,14/02/2024 12:00,Tanta-Saeed,Qishtouza Lotus,Small,107.25,10,0,Nuts,54071,31,,Bronze,Wallet,Talabat,31,10.4,110,20.9,54,4,0,Modern,Delta,0,12,150.15
103670,08/02/2024 05:15,Riyadh-Olaya,Sweet Koshary Mix,Large,131.48,7,0.1,Lotus,71447,37,Female,Bronze,Credit Card,Talabat,41,8.8,113,33.2,31.6,2,0,Signature,KSA,0,5,128.85
106567,09/03/2024 09:30,Mansoura-Mashaya,Rice Pudding Oven,Medium,149.62,11,0,Nuts,53321,56,Female,,Cash,Talabat,67,13.7,145,24.6,51.8,2,0,Traditional,Delta,1,9,230.41
105801,01/03/2024 10:00,Tanta-Saeed,Qishtouza Nutella,Medium,152.75,5,0.1,Pistachio,71204,34,Male,None,Credit Card,In-store,115,7.7,119,33.1,36.5,1,0,Modern,Delta,1,10,106.93
102091,22/01/2024 18:30,Cairo-Zamalek,Rice Pudding Oven,Medium,98.34,7,0,Nuts,56901,72,Female,None,Credit Card,ElMenus,88,4.1,110,40.1,58.1,,0,Traditional,Greater Cairo,0,18,96.37
107098,14/03/2024 22:15,Alex-Stanly,Sweet Koshary Mix,Medium,83.56,3,0,Pistachio,78413,50,,Silver,Credit Card,Talabat,57,7.6,103,27.5,82.6,2,0,Signature,Alexandria,0,22,35.1
106172,05/03/2024 06:45,Mansoura-Mashaya,Rice Pudding Nuts,Medium,66.03,7,0,Lotus,59707,33,Female,Silver,Wallet,In-store,22,7.9,139,27.1,61.7,4,0,Traditional,Delta,0,6,64.71
100573,06/01/2024 23:00,Cairo-Nasr City,Om Ali Cream,Medium,41.82,9,0.15,Lotus,78537,36,Female,Gold,Wallet,Talabat,115,9.6,120,40.7,23.9,1,0,Traditional,Greater Cairo,1,23,52.69
109559,09/04/2024 13:30,Riyadh-Olaya,Rice Pudding Nuts,Large,155.83,2,0,Nuts,76906,29,Male,None,Credit Card,In-store,72,0.9,109,23.2,78.2,4,0,Traditional,KSA,0,13,43.63
104689,18/02/2024 20:00,Dubai-Marina,Sweet Koshary Mix,Large,148.97,10,0,Nuts,53639,33,,Gold,Credit Card,Talabat,54,11,134,42.7,50.4,1,0,Signature,UAE,1,20,208.56
109075,04/04/2024 12:30,Riyadh-Olaya,Rice Pudding Oven,Medium,125.89,6,0,Nutella,61054,,Male,Bronze,Cash,In-store,88,7,148,23.7,70.8,1,0,Traditional,KSA,0,12,105.75
103063,01/02/2024 21:30,Giza-Zayed,Super B.Laban,Small,86.82,7,0,None,68593,45,Male,None,Credit Card,ElMenus,56,13.3,141,43.2,29.7,,0,Signature,Greater Cairo,0,21,85.08
109294,06/04/2024 19:15,Tanta-Saeed,Rice Pudding Nuts,Large,178.94,1,0.05,Nuts,73437,,Male,Bronze,Cash,ElMenus,58,8.1,147,20.3,59.8,3,0,Traditional,Delta,1,19,25.05
106471,08/03/2024 09:30,Alex-Stanly,Ice Cream Mango,Medium,161.99,6,0.1,Lotus,84249,42,Female,Silver,Credit Card,Talabat,53,8.8,115,25,81.3,2,1,Ice Cream,Alexandria,1,9,136.07
107161,15/03/2024 14:00,Giza-Zayed,Qishtouza Nutella,Medium,95.28,6,0,,53375,19,Female,None,Instapay,In-store,44,4.6,115,38.3,83.6,2,0,Modern,Greater Cairo,1,14,80.04
106634,10/03/2024 02:15,Cairo-Nasr City,Qishtouza Lotus,Small,132.93,1,0.15,None,55483,41,Female,None,Wallet,ElMenus,47,2.7,122,34.8,55.4,5,0,Modern,Greater Cairo,1,2,18.61
108492,29/03/2024 10:45,Cairo-Nasr City,Rice Pudding Oven,Small,79.86,1,0,Lotus,86691,48,Female,None,Credit Card,ElMenus,91,7.1,133,37.3,49.6,4,0,Traditional,Greater Cairo,1,10,11.18
107926,23/03/2024 13:15,Alex-Stanly,Rice Pudding Nuts,Large,70.25,3,0.05,Pistachio,89867,33,Male,Gold,Instapay,Talabat,74,5.4,137,32.8,58.5,1,0,Traditional,Alexandria,1,13,29.51
107346,17/03/2024 12:15,Mansoura-Mashaya,Rice Pudding Oven,Medium,141.01,6,0,None,87476,,Female,Gold,Instapay,ElMenus,59,6.7,126,25.6,85.5,5,0,Traditional,Delta,1,12,118.45
106305,06/03/2024 16:00,Giza-Zayed,Ice Cream Mango,Medium,57,11,0,Pistachio,77079,40,,None,Credit Card,Mobile App,76,6.1,128,44.3,62.7,1,0,Ice Cream,Greater Cairo,0,16,87.78
107901,23/03/2024 07:00,Alex-Stanly,Ice Cream Mango,Small,103.68,6,0.1,Pistachio,75401,21,Female,Silver,Cash,In-store,50,7.9,142,21.4,21.4,2,0,Ice Cream,Alexandria,1,7,87.09
109440,08/04/2024 07:45,Riyadh-Olaya,Om Ali Cream,Large,84.59,10,0,Nuts,89399,14,Male,Gold,Instapay,In-store,62,5.3,121,20.7,49.4,4,0,Traditional,KSA,0,7,118.43
108186,26/03/2024 06:15,Cairo-Nasr City,Qishtouza Nutella,Small,97.13,4,0,None,73216,65,Female,Silver,Wallet,Mobile App,30,3.6,115,24.9,74.1,4,0,Modern,Greater Cairo,0,6,54.39
104480,16/02/2024 15:45,Tanta-Saeed,Qishtouza Nutella,Medium,95.87,4,0,Lotus,88034,39,Female,Silver,Cash,ElMenus,106,13.8,137,26.7,76.2,4,0,Modern,Delta,1,15,53.69
104949,21/02/2024 13:00,Mansoura-Mashaya,Super B.Laban,Medium,65.36,10,0,Lotus,54511,69,Male,Gold,Credit Card,Talabat,110,7.4,138,35.6,27.4,2,0,Signature,Delta,0,13,91.5
105977,03/03/2024 06:00,Alex-Stanly,Super B.Laban,Medium,112.46,8,0.05,Lotus,89711,63,Male,Bronze,Credit Card,ElMenus,28,3,106,31.7,80.4,,0,Signature,Alexandria,1,6,125.96
100371,04/01/2024 20:30,Giza-Zayed,Qishtouza Nutella,Medium,55.62,11,0,None,51931,39,Female,Silver,Instapay,ElMenus,73,7.5,109,21.1,40.4,1,0,Modern,Greater Cairo,0,20,85.65
101939,21/01/2024 04:30,Cairo-Zamalek,Om Ali Cream,Small,144.54,1,0,Nuts,54152,26,Female,Gold,Instapay,In-store,108,13.2,134,34.9,75,1,0,Traditional,Greater Cairo,1,4,20.24
102353,25/01/2024 12:00,Alex-Stanly,Rice Pudding Nuts,Medium,165.35,3,0,None,67803,47,Female,,Wallet,Mobile App,68,12.2,108,33.7,60.5,4,0,Traditional,Alexandria,0,12,69.45
107128,15/03/2024 05:45,Cairo-Zamalek,Om Ali Cream,Medium,124.54,6,0,Nuts,74649,,Male,Gold,Instapay,ElMenus,50,13.2,149,37.9,41.5,4,0,Traditional,Greater Cairo,1,5,104.61
101754,19/01/2024 06:15,Dubai-Marina,Om Ali Cream,Medium,67.4,8,0,None,53100,41,Female,None,Instapay,Talabat,11,4.7,112,19.5,59,2,0,Traditional,UAE,1,6,75.49
103671,08/02/2024 05:30,Giza-Zayed,Qishtouza Nutella,Small,109.04,7,0,Pistachio,75134,53,Male,Gold,Cash,ElMenus,96,6.5,103,22.9,46.6,4,0,Modern,Greater Cairo,0,5,106.86
107299,17/03/2024 00:30,Dubai-Marina,Om Ali Cream,Medium,159.6,9,0,Pistachio,68552,62,Female,,Instapay,Talabat,54,14.2,108,41.5,79.2,2,0,Traditional,UAE,1,0,201.1
103653,08/02/2024 01:00,Tanta-Saeed,Qishtouza Nutella,Small,104.22,2,0.1,None,76197,69,Female,None,Credit Card,Mobile App,76,2.4,144,22.4,64.3,5,0,Modern,Delta,0,1,29.18
105202,24/02/2024 04:15,Dubai-Marina,Rice Pudding Nuts,Medium,106.16,5,0.05,Nuts,50606,12,Male,Gold,Instapay,Talabat,17,0.9,124,36.9,72.6,5,0,Traditional,UAE,1,4,74.31
107910,23/03/2024 09:15,Tanta-Saeed,Sweet Koshary Mix,Medium,178.32,8,0,Pistachio,71613,48,Female,Bronze,Wallet,Talabat,70,10.6,115,15.7,50.1,1,0,Signature,Delta,1,9,199.72
102362,25/01/2024 14:15,Cairo-Zamalek,Sweet Koshary Mix,Medium,149.12,2,0,Nutella,65987,,Male,Silver,Cash,Mobile App,106,12.2,133,19.8,30.4,3,0,Signature,Greater Cairo,0,14,41.75
104261,14/02/2024 09:00,Dubai-Marina,Rice Pudding Oven,Medium,118.85,6,0,Pistachio,78489,48,,Silver,Instapay,ElMenus,15,8.6,110,17.1,24.7,2,0,Traditional,UAE,0,9,99.83
105433,26/02/2024 14:00,Giza-Zayed,Rice Pudding Nuts,Medium,106.71,7,0.15,,71937,35,,Bronze,Credit Card,In-store,19,5.8,110,17.2,62.1,4,0,Traditional,Greater Cairo,0,14,104.58
106286,06/03/2024 11:15,Alex-Stanly,Qishtouza Nutella,Medium,165.31,7,0,Lotus,70779,,Female,None,Instapay,Mobile App,63,14.5,138,19.7,26.2,3,0,Modern,Alexandria,0,11,162
104992,21/02/2024 23:45,Alex-Stanly,Sweet Koshary Mix,Medium,70.09,3,0,Nuts,70913,48,Female,Gold,Wallet,In-store,40,11.4,137,34.2,24.9,3,0,Signature,Alexandria,0,23,29.44
107601,20/03/2024 04:00,Dubai-Marina,Rice Pudding Nuts,Medium,71.47,7,0,None,69275,24,,Gold,Wallet,ElMenus,36,6.5,105,38.8,34.6,4,0,Traditional,UAE,0,4,70.04
109463,08/04/2024 13:30,Tanta-Saeed,Rice Pudding Nuts,Large,105.56,10,0,Lotus,71019,,Male,None,Wallet,Mobile App,18,7.2,119,39.3,59,1,0,Traditional,Delta,0,13,147.78
103738,08/02/2024 22:15,Mansoura-Mashaya,Qishtouza Lotus,Large,151.38,5,0,Lotus,87085,28,Female,None,Cash,ElMenus,17,12.8,111,18.8,46.4,5,0,Modern,Delta,0,22,105.97
107521,19/03/2024 08:00,Tanta-Saeed,Rice Pudding Oven,Medium,96.95,10,0,Nuts,56745,,Female,None,Cash,ElMenus,64,12.1,137,38.7,72.3,3,0,Traditional,Delta,0,8,135.73
108560,30/03/2024 03:45,Giza-Zayed,Ice Cream Mango,Large,44.5,11,0,Nutella,73618,34,Male,Bronze,Cash,In-store,106,11.1,146,20.8,26.2,5,0,Ice Cream,Greater Cairo,1,3,68.53
108927,02/04/2024 23:30,Riyadh-Olaya,Om Ali Cream,Large,109.89,10,0,Nuts,58208,64,Male,Gold,Cash,Mobile App,34,5.7,124,31.8,50.9,1,0,Traditional,KSA,0,23,153.85
109991,14/04/2024 01:30,Riyadh-Olaya,Qishtouza Lotus,Medium,105.4,11,0.05,Lotus,63010,17,Female,Gold,Wallet,ElMenus,46,7.9,148,29.8,79.4,3,0,Modern,KSA,1,1,162.32
105592,28/02/2024 05:45,Dubai-Marina,Om Ali Cream,Medium,149.41,9,0,Nutella,69748,45,Male,Bronze,Wallet,ElMenus,46,7.3,124,37.1,43.2,5,0,Traditional,UAE,0,5,188.26
101172,13/01/2024 04:45,Alex-Stanly,Qishtouza Lotus,Large,120.44,6,0,,84969,65,Female,Silver,Instapay,ElMenus,98,12.2,111,27.4,63.4,2,0,Modern,Alexandria,1,4,101.17
107371,17/03/2024 18:30,Mansoura-Mashaya,Om Ali Cream,Medium,9999.99,2,0.1,Lotus,59148,35,,Bronze,Instapay,Talabat,90,7.7,117,30,65.3,,0,Traditional,Delta,1,18,22.28
107938,23/03/2024 16:15,Giza-Zayed,Super B.Laban,Medium,50.21,7,0,Nutella,54252,18,Male,Silver,Credit Card,Talabat,100,5.2,121,40.9,68.2,3,0,Signature,Greater Cairo,1,16,49.21
108087,25/03/2024 05:30,Cairo-Zamalek,Qishtouza Nutella,Medium,55.51,9,0.1,Pistachio,83420,47,,None,Credit Card,ElMenus,97,9.2,117,42.3,33.5,2,0,Modern,Greater Cairo,0,5,69.94
101423,15/01/2024 19:30,Alex-Stanly,Om Ali Cream,Large,107.91,9,0.05,Pistachio,58765,53,Female,None,Wallet,Mobile App,54,12.7,109,17.2,44.7,4,0,Traditional,Alexandria,0,19,135.97
106783,11/03/2024 15:30,Riyadh-Olaya,Super B.Laban,Small,140.66,6,0,Nuts,82941,57,Male,None,Wallet,Talabat,41,1.4,132,43,72.3,1,0,Signature,KSA,0,15,118.15
109444,08/04/2024 08:45,Mansoura-Mashaya,Qishtouza Nutella,Medium,132.98,8,0,Nutella,70504,70,Female,Gold,Wallet,ElMenus,118,12.2,107,22.7,70.6,1,0,Modern,Delta,0,8,148.94
108140,25/03/2024 18:45,Alex-Stanly,Rice Pudding Oven,Large,47.02,1,0,Nutella,80281,41,Female,,Cash,Mobile App,99,10.5,111,35.2,51,5,0,Traditional,Alexandria,0,18,6.58
109351,07/04/2024 09:30,Tanta-Saeed,Ice Cream Mango,Small,136.37,7,0,None,72480,30,Male,,Wallet,In-store,100,14.7,104,27.1,54.4,3,0,Ice Cream,Delta,1,9,133.64
108019,24/03/2024 12:30,Mansoura-Mashaya,Rice Pudding Oven,Medium,168.32,6,0.15,Nutella,58262,55,Female,Silver,Cash,Mobile App,73,1.4,116,31.9,88,4,0,Traditional,Delta,1,12,141.39
106340,07/03/2024 00:45,Tanta-Saeed,Qishtouza Lotus,Medium,159.82,2,0.1,Lotus,63440,62,Female,,Credit Card,ElMenus,53,5.4,118,31.5,70.3,4,0,Modern,Delta,0,0,44.75
109648,10/04/2024 11:45,Tanta-Saeed,Rice Pudding Oven,Large,76.09,1,0.05,Pistachio,69539,62,,,Cash,Mobile App,15,13.3,118,17,41.2,4,0,Traditional,Delta,0,11,10.65
100875,10/01/2024 02:30,Cairo-Zamalek,Om Ali Cream,Large,41.91,11,0,Pistachio,89388,38,Female,Bronze,Instapay,Talabat,45,5.1,124,20.6,72.4,2,0,Traditional,Greater Cairo,0,2,64.54
102298,24/01/2024 22:15,Alex-Stanly,Qishtouza Lotus,Medium,139.52,11,0,Nuts,83434,23,,Silver,Wallet,Mobile App,20,12.7,109,44.3,22.9,4,0,Modern,Alexandria,0,22,214.86
102644,28/01/2024 12:45,Cairo-Nasr City,Sweet Koshary Mix,Large,43.73,2,0,Nutella,67047,28,Female,Gold,Wallet,In-store,17,1.8,117,22,28.7,1,0,Signature,Greater Cairo,1,12,12.24
107532,19/03/2024 10:45,Tanta-Saeed,Sweet Koshary Mix,Medium,124.56,10,0,Nutella,63875,64,Male,Silver,Wallet,ElMenus,13,9.2,146,18.2,67.1,3,0,Signature,Delta,0,10,174.38
101720,18/01/2024 21:45,Cairo-Nasr City,Rice Pudding Nuts,Medium,112.88,5,0,Lotus,50341,61,Male,Bronze,Wallet,Talabat,43,11.1,142,25.7,83.8,2,0,Traditional,Greater Cairo,0,21,79.02
105348,25/02/2024 16:45,Cairo-Nasr City,Qishtouza Nutella,Medium,69.78,6,0,Lotus,52775,31,Female,None,Instapay,Mobile App,87,9.9,145,35,80.8,5,0,Modern,Greater Cairo,1,16,58.62
105933,02/03/2024 19:00,Giza-Zayed,Sweet Koshary Mix,Large,58.51,6,0,Lotus,89633,46,Female,Bronze,Cash,ElMenus,110,1.2,138,32.2,27.7,5,0,Signature,Greater Cairo,1,19,49.15
100841,09/01/2024 18:00,Dubai-Marina,Qishtouza Nutella,Large,45.33,8,0,None,88794,30,Male,Bronze,Instapay,In-store,12,3.3,106,43.8,85.8,3,0,Modern,UAE,0,18,50.77
109938,13/04/2024 12:15,Cairo-Zamalek,Super B.Laban,Large,163.92,8,0,Nuts,76900,27,,None,Instapay,In-store,90,13.1,111,35.4,27.4,2,0,Signature,Greater Cairo,1,12,183.59
100582,07/01/2024 01:15,Cairo-Nasr City,Super B.Laban,Large,71.46,-5,0,None,62046,34,,Bronze,Instapay,In-store,103,3.8,114,34.8,23.8,,0,Signature,Greater Cairo,1,1,20.01
100205,03/01/2024 03:00,Giza-Zayed,Super B.Laban,Small,161.48,-5,0.05,Nuts,78788,21,Male,Bronze,Credit Card,In-store,116,5.5,103,41.5,72.9,3,0,Signature,Greater Cairo,0,3,203.46
101642,18/01/2024 02:15,Cairo-Nasr City,Sweet Koshary Mix,Large,123.62,7,0,,58206,41,Male,Gold,Cash,Talabat,81,8.9,134,27.5,58.1,5,1,Signature,Greater Cairo,0,2,121.15
102015,21/01/2024 23:30,Tanta-Saeed,Sweet Koshary Mix,Medium,92.43,1,0,Lotus,54456,32,Female,Silver,Cash,ElMenus,96,7.4,116,26.2,20.5,,0,Signature,Delta,1,23,12.94
103254,03/02/2024 21:15,Dubai-Marina,Super B.Laban,Medium,102.33,9,0.05,Nuts,52840,71,,Gold,Wallet,ElMenus,108,12.1,101,15.6,48.1,5,0,Signature,UAE,1,21,128.94
107541,19/03/2024 13:00,Mansoura-Mashaya,Sweet Koshary Mix,Medium,140.55,11,0.1,Nutella,55607,18,Female,Bronze,Credit Card,ElMenus,112,11.4,123,23.5,54,3,0,Signature,Delta,0,13,216.45
100906,10/01/2024 10:15,Cairo-Zamalek,Rice Pudding Nuts,Medium,170.98,3,0,,72995,60,Female,None,Instapay,Talabat,22,6.6,148,28.1,21.2,5,0,Traditional,Greater Cairo,0,10,71.81
100632,07/01/2024 13:45,Giza-Zayed,Super B.Laban,Large,135.84,7,0.15,Lotus,75427,55,Male,,Wallet,Talabat,85,2.3,135,18.5,89.7,4,0,Signature,Greater Cairo,1,13,133.12
108421,28/03/2024 17:00,Dubai-Marina,Sweet Koshary Mix,Medium,155.64,7,0.1,None,84831,67,,None,Credit Card,In-store,82,3.2,137,41.3,65.8,4,0,Signature,UAE,0,17,152.53
107824,22/03/2024 11:45,Cairo-Zamalek,Ice Cream Mango,Medium,159.44,11,0,Pistachio,69224,68,Male,Silver,Cash,Talabat,69,2.9,124,20.1,38.2,4,0,Ice Cream,Greater Cairo,1,11,245.54
101975,21/01/2024 13:30,Cairo-Zamalek,Rice Pudding Nuts,Small,129.93,1,0,Lotus,59785,,Female,Gold,Credit Card,In-store,118,2.3,121,19.7,64.9,,0,Traditional,Greater Cairo,1,13,18.19
100163,02/01/2024 16:30,Riyadh-Olaya,Qishtouza Lotus,Medium,134.46,11,0,,57735,58,Male,Silver,Credit Card,ElMenus,41,0.6,132,43.4,35.6,1,0,Modern,KSA,0,16,207.07
104999,22/02/2024 01:30,Cairo-Zamalek,Ice Cream Mango,Medium,129.22,3,0.05,Nuts,69190,28,Female,,Credit Card,In-store,46,14.4,143,22.5,21.3,,0,Ice Cream,Greater Cairo,0,1,54.27
101244,13/01/2024 22:45,Dubai-Marina,Super B.Laban,Medium,89.33,1,0,Pistachio,55262,26,Female,Gold,Credit Card,ElMenus,50,7.3,113,36.4,43.9,2,0,Signature,UAE,1,22,12.51
109451,08/04/2024 10:30,Cairo-Nasr City,Qishtouza Nutella,Medium,99.51,11,0.05,Lotus,79249,52,,Bronze,Instapay,In-store,56,2.3,110,44.2,80.8,2,0,Modern,Greater Cairo,0,10,153.25
107765,21/03/2024 21:00,Cairo-Nasr City,Qishtouza Lotus,Small,147.87,4,0,Nuts,85522,46,Male,Silver,Wallet,In-store,10,11.1,117,17.5,77.7,2,0,Modern,Greater Cairo,0,21,82.81
104714,19/02/2024 02:15,Mansoura-Mashaya,Qishtouza Lotus,Medium,77.11,4,0.1,Nuts,66387,,Female,None,Instapay,Mobile App,93,12,142,33.8,75.2,2,0,Modern,Delta,0,2,43.18
100876,10/01/2024 02:45,Alex-Stanly,Rice Pudding Oven,Medium,85.5,11,0,Pistachio,55877,13,Male,Gold,Credit Card,In-store,99,2,113,21.2,38.3,,0,Traditional,Alexandria,0,2,131.67
101432,15/01/2024 21:45,Mansoura-Mashaya,Om Ali Cream,Medium,163.21,10,0.1,None,89235,56,Female,Gold,Credit Card,ElMenus,22,10.5,129,16.8,82.7,5,0,Traditional,Delta,0,21,228.49
108739,01/04/2024 00:30,Alex-Stanly,Ice Cream Mango,Large,66.89,8,0.1,Nuts,86754,62,Female,None,Wallet,ElMenus,67,13.5,102,19.1,38.9,,0,Ice Cream,Alexandria,0,0,74.92
106869,12/03/2024 13:00,Cairo-Zamalek,Ice Cream Mango,Medium,121.93,10,0,None,76567,28,Male,Gold,Credit Card,In-store,104,14.6,105,23.1,59.5,5,0,Ice Cream,Greater Cairo,0,13,170.7
104644,18/02/2024 08:45,Mansoura-Mashaya,Super B.Laban,Medium,123.28,11,0,Pistachio,77871,46,,Silver,Instapay,Talabat,35,1.7,106,34.5,47.1,4,0,Signature,Delta,1,8,189.85
105081,22/02/2024 22:00,Riyadh-Olaya,Qishtouza Lotus,Medium,174.61,1,0,None,86195,41,,Gold,Wallet,Mobile App,56,7.4,123,28.5,56.6,1,0,Modern,KSA,0,22,24.45
105784,01/03/2024 05:45,Mansoura-Mashaya,Rice Pudding Nuts,Medium,172.69,6,0.1,Lotus,70055,71,Male,Silver,Credit Card,Mobile App,52,5.7,138,43.6,59.8,4,0,Traditional,Delta,1,5,145.06
109139,05/04/2024 04:30,Mansoura-Mashaya,Rice Pudding Nuts,Large,94.31,6,0,Lotus,58380,37,Female,Silver,Cash,ElMenus,109,1,123,41.5,82.6,1,0,Traditional,Delta,1,4,79.22
107617,20/03/2024 08:00,Dubai-Marina,Ice Cream Mango,Medium,66.22,2,0,Lotus,50146,60,Male,Silver,Wallet,Talabat,93,5,143,16.1,75.5,3,0,Ice Cream,UAE,0,8,18.54
108040,24/03/2024 17:45,Alex-Stanly,Qishtouza Nutella,Medium,172.21,8,0,,87940,66,Male,None,Cash,Talabat,36,12.9,130,41.8,53.9,3,0,Modern,Alexandria,1,17,192.88
107956,23/03/2024 20:45,Dubai-Marina,Sweet Koshary Mix,Large,81.84,6,0,Pistachio,77803,44,Female,,Instapay,In-store,42,6,109,30.1,20.8,1,0,Signature,UAE,1,20,68.75
109438,08/04/2024 07:15,Mansoura-Mashaya,Qishtouza Lotus,Small,55.85,11,0,Lotus,59715,71,Female,Bronze,Cash,In-store,13,6.2,113,42.5,44.7,2,0,Modern,Delta,0,7,86.01
102857,30/01/2024 18:00,Cairo-Zamalek,Ice Cream Mango,Large,131.23,9,0,Pistachio,69379,64,Female,Bronze,Wallet,Mobile App,15,11.9,106,36.7,52.5,1,0,Ice Cream,Greater Cairo,0,18,165.35
101862,20/01/2024 09:15,Tanta-Saeed,Qishtouza Lotus,Small,125.33,7,0,None,68208,38,,Gold,Credit Card,In-store,27,4.3,104,26.1,73.4,3,1,Modern,Delta,1,9,122.82
102660,28/01/2024 16:45,Giza-Zayed,Qishtouza Lotus,Large,103.97,8,0.05,Nutella,66141,54,Female,Gold,Cash,Mobile App,28,12.4,126,21.1,62.3,1,1,Modern,Greater Cairo,1,16,116.45
103385,05/02/2024 06:00,Cairo-Nasr City,Rice Pudding Oven,Medium,168.87,4,0,None,61764,34,Female,Bronze,Instapay,Mobile App,11,2.6,145,37.8,66.8,1,0,Traditional,Greater Cairo,0,6,94.57
109565,09/04/2024 15:00,Dubai-Marina,Qishtouza Nutella,Medium,166.21,9,0.1,Pistachio,69868,31,Female,Bronze,Cash,Talabat,41,11.3,126,18.2,72.2,1,0,Modern,UAE,0,15,209.42
109777,11/04/2024 20:00,Tanta-Saeed,Rice Pudding Oven,Medium,86.31,2,0,None,80156,18,Female,,Cash,ElMenus,76,2,136,42.2,85.8,4,0,Traditional,Delta,0,20,24.17
108091,25/03/2024 06:30,Cairo-Zamalek,Rice Pudding Nuts,Large,9999.99,3,0,Pistachio,59001,12,Male,Silver,Wallet,ElMenus,47,14,139,33.5,66.5,1,0,Traditional,Greater Cairo,0,6,20.76
108348,27/03/2024 22:45,Tanta-Saeed,Qishtouza Lotus,Large,166.74,8,0,Lotus,75982,57,Male,Bronze,Cash,Talabat,20,8.1,139,44.4,89.2,,0,Modern,Delta,0,22,186.75
107463,18/03/2024 17:30,Tanta-Saeed,Ice Cream Mango,Medium,82.38,3,0,Nutella,72031,32,,None,Credit Card,Talabat,22,9.1,148,32.4,68.4,3,1,Ice Cream,Delta,0,17,34.6
106887,12/03/2024 17:30,Alex-Stanly,Qishtouza Lotus,Large,73.48,5,0,Nutella,80796,,,Silver,Instapay,Talabat,68,13,112,35.2,25.3,4,0,Modern,Alexandria,0,17,51.44
104734,19/02/2024 07:15,Tanta-Saeed,Qishtouza Lotus,Medium,57.56,3,0.1,Lotus,78786,59,Female,Silver,Wallet,Mobile App,12,9,120,39.4,34.6,2,0,Modern,Delta,0,7,24.18
103332,04/02/2024 16:45,Giza-Zayed,Om Ali Cream,Medium,136.64,2,0,None,67725,17,Female,None,Instapay,Talabat,104,4.8,104,27.7,65,4,0,Traditional,Greater Cairo,1,16,38.26
109007,03/04/2024 19:30,Cairo-Zamalek,Om Ali Cream,Large,108.73,6,0,None,78284,13,Male,None,Credit Card,In-store,90,12.8,105,31.3,70.3,4,0,Traditional,Greater Cairo,0,19,91.33
108636,30/03/2024 22:45,Riyadh-Olaya,Ice Cream Mango,Medium,157.18,2,0.1,Pistachio,86483,49,,None,Instapay,ElMenus,88,7.2,128,44.7,26.2,2,1,Ice Cream,KSA,1,22,44.01
106405,07/03/2024 17:00,Tanta-Saeed,Qishtouza Nutella,Large,115.79,3,0,Lotus,82904,,Male,None,Wallet,In-store,48,5.6,116,40.3,62.1,3,0,Modern,Delta,0,17,48.63
108347,27/03/2024 22:30,Mansoura-Mashaya,Rice Pudding Nuts,Large,76.9,6,0,Nuts,50807,17,Male,Bronze,Wallet,Mobile App,52,11.7,118,17.6,55,2,1,Traditional,Delta,0,22,64.6
109465,08/04/2024 14:00,Cairo-Zamalek,Om Ali Cream,Large,45.8,2,0,Nutella,62219,24,Male,,Instapay,ElMenus,38,4.8,126,28,88.7,,0,Traditional,Greater Cairo,0,14,12.82
107061,14/03/2024 13:00,Riyadh-Olaya,Rice Pudding Oven,Medium,104.88,8,0,Pistachio,60988,29,Female,Silver,Wallet,Talabat,96,11.9,118,42.9,70.1,5,0,Traditional,KSA,0,13,117.47
102097,22/01/2024 20:00,Cairo-Zamalek,Qishtouza Lotus,Small,122.81,4,0,Nuts,55584,,Female,,Credit Card,ElMenus,99,12.3,143,29.6,48.8,4,0,Modern,Greater Cairo,0,20,68.77
102004,21/01/2024 20:45,Riyadh-Olaya,Sweet Koshary Mix,Large,151.15,11,0,None,55372,14,,Silver,Wallet,ElMenus,19,12.7,116,30.5,25.4,4,0,Signature,KSA,1,20,232.77
108805,01/04/2024 17:00,Cairo-Nasr City,Om Ali Cream,Medium,166.73,11,0.1,None,52017,65,Female,,Cash,ElMenus,23,13.4,128,26.7,24.1,5,0,Traditional,Greater Cairo,0,17,256.76
109733,11/04/2024 09:00,Dubai-Marina,Super B.Laban,Medium,88.21,8,0,Nutella,61972,,Male,Silver,Credit Card,Talabat,64,10.7,130,27.5,29.2,4,0,Signature,UAE,0,9,98.8
104677,18/02/2024 17:00,Alex-Stanly,Rice Pudding Oven,Small,107.84,10,0,Lotus,82453,29,Female,Silver,Credit Card,Mobile App,13,9.8,146,19.1,72.7,5,0,Traditional,Alexandria,1,17,150.98
105018,22/02/2024 06:15,Cairo-Nasr City,Qishtouza Lotus,Large,113.99,8,0,,73975,72,Male,Gold,Instapay,ElMenus,116,14.3,122,21,69.2,,0,Modern,Greater Cairo,0,6,127.67
107470,18/03/2024 19:15,Riyadh-Olaya,Qishtouza Lotus,Medium,91.26,2,0,Nutella,52944,40,,Gold,Wallet,ElMenus,23,11.9,145,20.6,80.3,4,0,Modern,KSA,0,19,25.55
100547,06/01/2024 16:30,Mansoura-Mashaya,Om Ali Cream,Large,150.31,4,0,Lotus,56156,25,Female,Bronze,Credit Card,Talabat,111,8.3,108,42.9,88.9,4,0,Traditional,Delta,1,16,84.17
101450,16/01/2024 02:15,Giza-Zayed,Ice Cream Mango,Large,92.74,5,0,,73839,55,Male,Silver,Instapay,In-store,29,3.2,143,30.4,22.9,4,0,Ice Cream,Greater Cairo,0,2,64.92
103987,11/02/2024 12:30,Giza-Zayed,Super B.Laban,Small,76.88,4,0.05,Nuts,81448,53,Male,,Instapay,Talabat,114,14,113,22.8,85.5,4,0,Signature,Greater Cairo,1,12,43.05
106901,12/03/2024 21:00,Alex-Stanly,Rice Pudding Oven,Medium,144.63,10,0,None,65433,31,Male,None,Credit Card,Talabat,30,6.7,124,43.7,70.8,1,0,Traditional,Alexandria,0,21,202.48
102611,28/01/2024 04:30,Riyadh-Olaya,Super B.Laban,Medium,110.52,9,0,Lotus,60487,,Male,Bronze,Wallet,In-store,116,13.4,126,40,22.6,5,0,Signature,KSA,1,4,139.26
101901,20/01/2024 19:00,Giza-Zayed,Qishtouza Nutella,Small,116.63,6,0,None,84534,50,Female,Gold,Cash,Mobile App,62,11.2,101,23.9,39.1,1,0,Modern,Greater Cairo,1,19,97.97
103921,10/02/2024 20:00,Alex-Stanly,Rice Pudding Nuts,Small,142.61,10,0,Nuts,74711,38,Female,Silver,Credit Card,ElMenus,106,7.4,101,38.6,69.7,3,0,Traditional,Alexandria,1,20,199.65
102758,29/01/2024 17:15,Giza-Zayed,Qishtouza Nutella,Large,177.59,10,0,None,55461,,Male,None,Instapay,Talabat,68,10.4,123,34,82.8,3,0,Modern,Greater Cairo,0,17,248.63
106125,04/03/2024 19:00,Giza-Zayed,Super B.Laban,Medium,63.66,6,0,Lotus,82332,25,Male,Gold,Cash,In-store,14,1.4,112,24.6,32.3,1,0,Signature,Greater Cairo,0,19,53.47
106398,07/03/2024 15:15,Mansoura-Mashaya,Ice Cream Mango,Large,111.84,10,0.1,Lotus,58135,48,Female,Bronze,Wallet,In-store,114,0.7,108,32.1,70.7,1,0,Ice Cream,Delta,0,15,156.58
101886,20/01/2024 15:15,Tanta-Saeed,Ice Cream Mango,Small,101.09,7,0,Pistachio,85041,49,Female,Silver,Cash,In-store,82,5.2,107,22.3,20,5,0,Ice Cream,Delta,1,15,99.07
109824,12/04/2024 07:45,Cairo-Zamalek,Ice Cream Mango,Medium,73.9,6,0,None,68214,67,,Bronze,Cash,In-store,51,10.9,103,17.2,35.5,1,0,Ice Cream,Greater Cairo,1,7,62.08
105739,29/02/2024 18:30,Giza-Zayed,Rice Pudding Oven,Medium,126.41,10,0,,81891,51,Female,Bronze,Credit Card,ElMenus,47,14.9,129,36.2,72.4,,0,Traditional,Greater Cairo,0,18,176.97
108668,31/03/2024 06:45,Dubai-Marina,Ice Cream Mango,Large,175.61,9,0,Pistachio,81695,49,Male,Bronze,Cash,Mobile App,30,2.5,107,20,65.3,5,0,Ice Cream,UAE,1,6,221.27
105891,02/03/2024 08:30,Tanta-Saeed,Om Ali Cream,Small,178.16,11,0,None,82054,50,Female,Gold,Credit Card,ElMenus,35,0.6,130,25,67.6,5,0,Traditional,Delta,1,8,274.37
102098,22/01/2024 20:15,Cairo-Zamalek,Sweet Koshary Mix,Large,125.52,6,0,Nuts,67885,29,Female,None,Cash,Talabat,79,0.9,114,16.5,43.2,3,0,Signature,Greater Cairo,0,20,105.44
109290,06/04/2024 18:15,Mansoura-Mashaya,Qishtouza Nutella,Large,118,11,0.05,Nutella,86439,12,Male,,Cash,ElMenus,37,10.8,119,41.6,44.3,,0,Modern,Delta,1,18,181.72
105693,29/02/2024 07:00,Cairo-Zamalek,Rice Pudding Nuts,Medium,175.07,1,0,Nutella,76849,36,Female,None,Instapay,Mobile App,110,6.1,121,42.1,80.4,5,0,Traditional,Greater Cairo,0,7,24.51
100500,06/01/2024 04:45,Giza-Zayed,Super B.Laban,Small,80.56,6,0.05,,67050,,Female,None,Cash,Mobile App,106,1.6,132,16.8,38.3,,0,Signature,Greater Cairo,1,4,67.67
105625,28/02/2024 14:00,Dubai-Marina,Om Ali Cream,Medium,67.01,2,0,Pistachio,75290,42,Male,None,Credit Card,ElMenus,25,5.9,113,28.3,31,3,0,Traditional,UAE,0,14,18.76
100837,09/01/2024 17:00,Alex-Stanly,Om Ali Cream,Medium,86.83,5,0.1,Pistachio,79350,54,Female,None,Cash,Talabat,14,4,130,32.2,48.8,3,0,Traditional,Alexandria,0,17,60.78
103472,06/02/2024 03:45,Dubai-Marina,Sweet Koshary Mix,Medium,129.46,8,0,None,89476,23,Male,Gold,Wallet,Talabat,114,5,101,26.6,50.9,1,0,Signature,UAE,0,3,145
104698,18/02/2024 22:15,Mansoura-Mashaya,Ice Cream Mango,Medium,130.72,5,0.1,Lotus,75850,,Female,,Instapay,ElMenus,59,11.5,102,37.6,34.7,2,0,Ice Cream,Delta,1,22,91.5
106281,06/03/2024 10:00,Cairo-Zamalek,Qishtouza Nutella,Medium,170.97,9,0,Nutella,69892,,Male,None,Credit Card,Mobile App,37,11.5,134,42,27.4,5,0,Modern,Greater Cairo,0,10,215.42
108884,02/04/2024 12:45,Mansoura-Mashaya,Rice Pudding Oven,Medium,157.72,1,0,Nuts,74776,,,None,Wallet,In-store,88,1.8,124,23.8,90,,0,Traditional,Delta,0,12,22.08
102172,23/01/2024 14:45,Tanta-Saeed,Rice Pudding Nuts,Large,108.5,5,0,,78131,20,Female,None,Instapay,ElMenus,49,4.4,115,26.5,71,4,0,Traditional,Delta,0,14,75.95
109232,06/04/2024 03:45,Riyadh-Olaya,Sweet Koshary Mix,Small,102.03,6,0.15,None,71226,30,,Gold,Instapay,Talabat,70,14.4,113,26.8,78,3,0,Signature,KSA,1,3,85.71
105679,29/02/2024 03:30,Cairo-Nasr City,Super B.Laban,Large,138.45,4,0,Nutella,64204,41,Female,Bronze,Credit Card,ElMenus,91,8.4,107,36,75.5,4,0,Signature,Greater Cairo,0,3,77.53
109185,05/04/2024 16:00,Tanta-Saeed,Ice Cream Mango,Large,47.48,11,0,Nuts,51998,27,Female,Silver,Instapay,ElMenus,32,4.7,101,20.2,80.3,4,0,Ice Cream,Delta,1,16,73.12
100399,05/01/2024 03:30,Riyadh-Olaya,Rice Pudding Nuts,Medium,157.44,3,0.1,Pistachio,84964,,Male,Bronze,Instapay,Mobile App,35,10.6,142,15.4,60.2,3,0,Traditional,KSA,1,3,66.12
102011,21/01/2024 22:30,Dubai-Marina,Rice Pudding Nuts,Large,177.3,7,0,Pistachio,62582,65,Male,,Cash,Mobile App,60,4.4,137,17.8,65.2,3,0,Traditional,UAE,1,22,173.75
105167,23/02/2024 19:30,Tanta-Saeed,Qishtouza Lotus,Small,142.03,2,0,Lotus,72085,66,,,Instapay,In-store,100,5.2,103,26.3,60.1,2,1,Modern,Delta,1,19,39.77
105872,02/03/2024 03:45,Cairo-Zamalek,Rice Pudding Nuts,Small,107.99,5,0,Pistachio,58155,12,Female,None,Wallet,ElMenus,13,6.9,106,33.4,70.6,1,0,Traditional,Greater Cairo,1,3,75.59
109793,12/04/2024 00:00,Riyadh-Olaya,Qishtouza Nutella,Medium,145.56,8,0.1,Nuts,55565,33,Female,Bronze,Wallet,Mobile App,100,12.5,127,18.3,33.6,,0,Modern,KSA,1,0,163.03
101284,14/01/2024 08:45,Cairo-Nasr City,Sweet Koshary Mix,Small,158.41,2,0,None,87965,15,Female,None,Wallet,Talabat,117,3.1,116,22.2,25.8,2,0,Signature,Greater Cairo,1,8,44.35
108391,28/03/2024 09:30,Mansoura-Mashaya,Rice Pudding Nuts,Small,74.3,7,0,None,84550,61,Male,Gold,Cash,Talabat,69,14,120,40.2,69.1,1,0,Traditional,Delta,0,9,72.81
102449,26/01/2024 12:00,Riyadh-Olaya,Om Ali Cream,Medium,176.78,3,0.15,Nutella,76585,37,Male,Gold,Wallet,Mobile App,28,9.4,143,17.6,45.4,,0,Traditional,KSA,1,12,74.25
104257,14/02/2024 08:00,Tanta-Saeed,Super B.Laban,Medium,131.63,7,0.05,,53369,35,Male,Silver,Instapay,Talabat,109,10.3,122,39.4,45.5,1,0,Signature,Delta,0,8,129
101837,20/01/2024 03:00,Tanta-Saeed,Ice Cream Mango,Medium,137.04,3,0.05,,68256,19,,Gold,Wallet,Mobile App,71,2.7,144,38.6,43.2,2,0,Ice Cream,Delta,1,3,57.56
109597,09/04/2024 23:00,Tanta-Saeed,Rice Pudding Oven,Large,58.11,5,0.05,Lotus,70516,,Female,Bronze,Instapay,Talabat,27,14.1,124,22.3,75.6,1,0,Traditional,Delta,0,23,40.68
101020,11/01/2024 14:45,Mansoura-Mashaya,Om Ali Cream,Large,172.13,1,0,,82276,58,Male,None,Cash,In-store,28,10,125,19.7,75.3,2,0,Traditional,Delta,0,14,24.1
105067,22/02/2024 18:30,Dubai-Marina,Rice Pudding Nuts,Small,94.41,7,0,Nutella,64838,62,Female,Gold,Cash,ElMenus,59,6.2,119,27.5,31,3,0,Traditional,UAE,0,18,92.52
101327,14/01/2024 19:30,Cairo-Nasr City,Sweet Koshary Mix,Medium,175.64,11,0,None,65732,12,Female,Bronze,Instapay,Talabat,65,0.8,147,35.8,27.3,2,0,Signature,Greater Cairo,1,19,270.49
108753,01/04/2024 04:00,Riyadh-Olaya,Rice Pudding Nuts,Medium,179.64,9,0,Pistachio,85838,13,Female,None,Instapay,Mobile App,87,1.8,111,31.4,43.8,1,0,Traditional,KSA,0,4,226.35
100476,05/01/2024 22:45,Riyadh-Olaya,Super B.Laban,Medium,152.93,2,0,Nuts,78631,59,Female,None,Instapay,Mobile App,12,10.4,107,28.9,61.2,5,0,Signature,KSA,1,22,42.82
102811,30/01/2024 06:30,Mansoura-Mashaya,Rice Pudding Nuts,Medium,102.86,11,0.15,Nuts,50522,,,Bronze,Wallet,Talabat,48,1.3,127,44.3,85.1,4,0,Traditional,Delta,0,6,158.4
108633,30/03/2024 22:00,Tanta-Saeed,Ice Cream Mango,Large,93.59,8,0,None,67973,47,Female,,Credit Card,Talabat,30,11.9,114,42.5,73.4,4,0,Ice Cream,Delta,1,22,104.82
101652,18/01/2024 04:45,Tanta-Saeed,Qishtouza Nutella,Medium,133.89,2,0,Lotus,84584,,,Silver,Cash,In-store,18,2,104,19.6,83.6,4,1,Modern,Delta,0,4,37.49
109612,10/04/2024 02:45,Tanta-Saeed,Rice Pudding Nuts,Small,111.45,11,0,Pistachio,60656,14,Male,None,Credit Card,Mobile App,68,3.6,105,23.4,28.4,4,0,Traditional,Delta,0,2,171.63
101170,13/01/2024 04:15,Alex-Stanly,Qishtouza Nutella,Small,122.06,7,0,Pistachio,81518,21,Female,,Instapay,Mobile App,60,2.2,135,34,42.3,,0,Modern,Alexandria,1,4,119.62
102529,27/01/2024 08:00,Riyadh-Olaya,Rice Pudding Nuts,Medium,131.55,7,0.1,Nutella,80311,30,Female,None,Wallet,ElMenus,80,7.4,142,22.2,79.9,,0,Traditional,KSA,1,8,128.92
101207,13/01/2024 13:30,Mansoura-Mashaya,Rice Pudding Nuts,Large,137.94,7,0,None,58012,21,Male,Bronze,Credit Card,Talabat,101,13,141,35.6,21,1,0,Traditional,Delta,1,13,135.18
106257,06/03/2024 04:00,Riyadh-Olaya,Sweet Koshary Mix,Large,176.73,9,0,Nuts,51294,16,Female,Bronze,Wallet,Talabat,25,8.2,110,39.4,34.4,3,0,Signature,KSA,0,4,222.68
107927,23/03/2024 13:30,Cairo-Zamalek,Qishtouza Nutella,Small,98.34,3,0,Nutella,64002,47,Female,Silver,Cash,Talabat,69,1.5,120,15.4,61,,0,Modern,Greater Cairo,1,13,41.3
105470,26/02/2024 23:15,Dubai-Marina,Rice Pudding Oven,Large,150.07,4,0,Nutella,84380,46,Male,Silver,Cash,Talabat,80,10.3,124,18.6,47.2,2,0,Traditional,UAE,0,23,84.04
109384,07/04/2024 17:45,Tanta-Saeed,Rice Pudding Nuts,Medium,171.93,2,0.15,Nutella,89344,,Female,Gold,Cash,Mobile App,22,3.1,106,24.7,74.9,2,0,Traditional,Delta,1,17,48.14
100432,05/01/2024 11:45,Tanta-Saeed,Rice Pudding Oven,Small,97.17,11,0,Lotus,67323,42,Male,Silver,Credit Card,Talabat,62,3.1,109,39.5,69.9,,0,Traditional,Delta,1,11,149.64
107701,21/03/2024 05:00,Riyadh-Olaya,Sweet Koshary Mix,Large,102.6,6,0,Pistachio,85121,46,Female,Bronze,Credit Card,Talabat,38,3.3,113,18.9,48.7,2,0,Signature,KSA,0,5,86.18
100868,10/01/2024 00:45,Tanta-Saeed,Qishtouza Nutella,Large,165.54,7,0,Nuts,64139,48,,Bronze,Instapay,ElMenus,110,12.4,123,29.8,27.1,1,0,Modern,Delta,0,0,162.23
102975,31/01/2024 23:30,Mansoura-Mashaya,Ice Cream Mango,Large,140.39,2,0,Nuts,73204,22,Female,Gold,Wallet,Talabat,70,7.9,141,36.5,78.7,1,0,Ice Cream,Delta,0,23,39.31
105237,24/02/2024 13:00,Alex-Stanly,Ice Cream Mango,Medium,128.94,1,0,,62835,61,Female,None,Credit Card,In-store,116,11.5,149,31.3,56.3,2,0,Ice Cream,Alexandria,1,13,18.05
105094,23/02/2024 01:15,Tanta-Saeed,Qishtouza Lotus,Medium,69.15,5,0,None,60471,,Male,Bronze,Wallet,In-store,72,14.3,147,37.2,22.2,5,0,Modern,Delta,1,1,48.4
105434,26/02/2024 14:15,Mansoura-Mashaya,Super B.Laban,Large,101.9,1,0,Nuts,72963,65,Female,,Credit Card,Talabat,89,5.9,134,16.2,24.8,1,0,Signature,Delta,0,14,14.27
100542,06/01/2024 15:15,Cairo-Zamalek,Super B.Laban,Medium,48.77,1,0,Pistachio,59828,,Female,Bronze,Credit Card,In-store,43,8.5,127,42.7,66.9,1,0,Signature,Greater Cairo,1,15,6.83
105196,24/02/2024 02:45,Dubai-Marina,Qishtouza Nutella,Medium,98.06,5,0,Lotus,68792,57,Female,None,Wallet,In-store,59,4.3,142,17.7,33.9,3,0,Modern,UAE,1,2,68.64
101133,12/01/2024 19:00,Tanta-Saeed,Qishtouza Nutella,Medium,101.65,6,0,None,87516,29,Female,Gold,Cash,ElMenus,20,9.4,135,18.6,74,4,0,Modern,Delta,1,19,85.39
109838,12/04/2024 11:15,Mansoura-Mashaya,Rice Pudding Oven,Medium,82.33,7,0,Lotus,70213,69,Male,Gold,Cash,Talabat,54,2.5,145,44.4,76.7,,0,Traditional,Delta,1,11,80.68
104502,16/02/2024 21:15,Cairo-Nasr City,Qishtouza Lotus,Large,164.98,1,0,None,88591,45,Female,Gold,Wallet,Mobile App,73,1.8,120,40,60.5,5,0,Modern,Greater Cairo,1,21,23.1
106355,07/03/2024 04:30,Dubai-Marina,Rice Pudding Nuts,Medium,172.63,1,0,Nuts,76179,53,Male,,Credit Card,In-store,116,11.9,144,19,66.1,4,0,Traditional,UAE,0,4,24.17
109334,07/04/2024 05:15,Alex-Stanly,Om Ali Cream,Large,80.06,10,0.1,Pistachio,64931,37,Female,None,Cash,In-store,112,3.7,147,38,86.6,5,0,Traditional,Alexandria,1,5,112.08
103391,05/02/2024 07:30,Riyadh-Olaya,Ice Cream Mango,Small,147.75,5,0,Nuts,62957,19,Male,None,Instapay,Talabat,67,14.9,111,24.1,32.5,4,1,Ice Cream,KSA,0,7,103.43
103889,10/02/2024 12:00,Dubai-Marina,Ice Cream Mango,Medium,124,6,0.05,None,60688,43,Male,Bronze,Instapay,Talabat,10,10,126,26.3,41.6,1,0,Ice Cream,UAE,1,12,104.16
102963,31/01/2024 20:30,Riyadh-Olaya,Qishtouza Nutella,Large,122.56,4,0.15,None,69969,23,Female,Gold,Credit Card,ElMenus,71,3.6,101,31.7,63.7,2,0,Modern,KSA,0,20,68.63
104156,13/02/2024 06:45,Riyadh-Olaya,Qishtouza Lotus,Large,86.5,4,0,Lotus,89913,71,Female,Silver,Instapay,Talabat,26,13.6,137,39.5,39.9,4,0,Modern,KSA,0,6,48.44
103260,03/02/2024 22:45,Dubai-Marina,Rice Pudding Oven,Small,132.28,1,0,None,79468,18,Male,None,Instapay,Mobile App,61,3.9,103,29.7,25.9,2,0,Traditional,UAE,1,22,18.52
106303,06/03/2024 15:30,Alex-Stanly,Sweet Koshary Mix,Medium,43.25,9,0.1,Nuts,84309,41,Female,Bronze,Cash,In-store,13,5.6,135,39.4,69.4,3,0,Signature,Alexandria,0,15,54.5
106035,03/03/2024 20:30,Tanta-Saeed,Rice Pudding Oven,Large,104.86,9,0.1,None,87391,28,Female,Gold,Instapay,In-store,108,11.9,127,39,32.1,3,0,Traditional,Delta,1,20,132.12
107919,23/03/2024 11:30,Alex-Stanly,Rice Pudding Oven,Medium,144.43,11,0,None,75517,14,Female,Silver,Cash,In-store,114,2.3,149,31.8,41.7,1,0,Traditional,Alexandria,1,11,222.42
109937,13/04/2024 12:00,Alex-Stanly,Sweet Koshary Mix,Large,167.57,2,0,Nutella,89447,,Male,Gold,Wallet,ElMenus,97,5.5,107,24.2,54.2,1,0,Signature,Alexandria,1,12,46.92
102584,27/01/2024 21:45,Tanta-Saeed,Qishtouza Nutella,Large,148.76,2,0.05,Nutella,61729,,,Silver,Credit Card,Talabat,50,13.6,132,19.3,24.2,2,0,Modern,Delta,1,21,41.65
102814,30/01/2024 07:15,Riyadh-Olaya,Ice Cream Mango,Small,106.21,8,0,,64757,21,Female,Gold,Credit Card,Talabat,39,14.2,138,19,28.8,4,0,Ice Cream,KSA,0,7,118.96
103960,11/02/2024 05:45,Riyadh-Olaya,Rice Pudding Nuts,Medium,103.92,10,0,Pistachio,74002,28,Male,,Wallet,In-store,27,4.3,129,39.1,63.3,3,0,Traditional,KSA,1,5,145.49
102948,31/01/2024 16:45,Tanta-Saeed,Qishtouza Lotus,Medium,70.14,8,0,Lotus,57981,56,Female,Gold,Wallet,Talabat,46,10.6,103,17.6,66.5,,0,Modern,Delta,0,16,78.56
106644,10/03/2024 04:45,Giza-Zayed,Ice Cream Mango,Medium,163.93,3,0.05,None,55801,54,Female,None,Instapay,Talabat,115,10.5,149,37.1,70.4,4,0,Ice Cream,Greater Cairo,1,4,68.85
105175,23/02/2024 21:30,Riyadh-Olaya,Qishtouza Nutella,Large,127.24,9,0,Nutella,81117,,Female,Silver,Credit Card,Mobile App,115,4.8,130,31.9,48,4,0,Modern,KSA,1,21,160.32
106842,12/03/2024 06:15,Riyadh-Olaya,Om Ali Cream,Large,64.5,6,0,Nutella,71374,,Female,,Cash,In-store,18,7.2,140,25.7,30.7,4,0,Traditional,KSA,0,6,54.18
108299,27/03/2024 10:30,Alex-Stanly,Qishtouza Nutella,Small,60.3,5,0,Lotus,80133,42,Female,,Wallet,In-store,82,11,135,17.7,89.6,2,0,Modern,Alexandria,0,10,42.21
103587,07/02/2024 08:30,Mansoura-Mashaya,Qishtouza Lotus,Large,109.34,8,0,Nutella,58305,60,Male,Bronze,Credit Card,Mobile App,109,10.8,135,21.5,68.2,5,0,Modern,Delta,0,8,122.46
109229,06/04/2024 03:00,Riyadh-Olaya,Qishtouza Lotus,Small,55.76,1,0,Lotus,80883,36,Male,Silver,Cash,In-store,49,6,109,36.6,72.1,1,0,Modern,KSA,1,3,7.81
107989,24/03/2024 05:00,Giza-Zayed,Ice Cream Mango,Large,103.98,6,0,Lotus,63608,27,Female,None,Instapay,In-store,86,2.9,134,17.3,65.2,4,0,Ice Cream,Greater Cairo,1,5,87.34
102564,27/01/2024 16:45,Cairo-Nasr City,Ice Cream Mango,Large,139.79,1,0.1,,78657,55,Female,Gold,Cash,In-store,63,7.6,143,33.5,62.7,5,0,Ice Cream,Greater Cairo,1,16,19.57
102631,28/01/2024 09:30,Alex-Stanly,Om Ali Cream,Medium,160.03,4,0,Pistachio,88717,,Female,None,Instapay,In-store,99,14.5,121,42.2,38.3,,0,Traditional,Alexandria,1,9,89.62
103191,03/02/2024 05:30,Cairo-Zamalek,Ice Cream Mango,Large,143.28,7,0.05,Nutella,56845,12,Male,Bronze,Credit Card,Talabat,42,4.2,132,20.5,32,,0,Ice Cream,Greater Cairo,1,5,140.41
107779,22/03/2024 00:30,Alex-Stanly,Ice Cream Mango,Medium,120.67,11,0,None,66796,12,Female,Silver,Instapay,In-store,116,13.6,133,42.2,57.5,,0,Ice Cream,Alexandria,1,0,185.83
107646,20/03/2024 15:15,Cairo-Nasr City,Ice Cream Mango,Large,76.05,9,0.1,None,50783,40,Male,None,Credit Card,ElMenus,40,2.6,108,32.2,85.1,1,0,Ice Cream,Greater Cairo,0,15,95.82
105037,22/02/2024 11:00,Mansoura-Mashaya,Qishtouza Nutella,Medium,70.06,3,0.15,,67340,74,Male,Silver,Credit Card,In-store,25,6.1,143,40.7,25.8,1,0,Modern,Delta,0,11,29.43
101081,12/01/2024 06:00,Alex-Stanly,Rice Pudding Nuts,Large,167.84,2,0,Pistachio,77739,19,,Silver,Wallet,Talabat,49,2.7,121,32.1,74.5,5,0,Traditional,Alexandria,1,6,47
104284,14/02/2024 14:45,Tanta-Saeed,Sweet Koshary Mix,Medium,48.7,11,0,Nuts,88287,40,Male,Gold,Instapay,In-store,74,5.8,120,35,73.7,,0,Signature,Delta,0,14,75
109712,11/04/2024 03:45,Mansoura-Mashaya,Sweet Koshary Mix,Small,59.44,11,0.15,Nutella,72050,47,Female,Silver,Credit Card,Mobile App,66,8.8,142,43.4,76.9,,0,Signature,Delta,0,3,91.54
107086,14/03/2024 19:15,Cairo-Zamalek,Ice Cream Mango,Large,73.71,5,0.1,Nuts,78860,38,Male,Silver,Wallet,Talabat,109,5.7,123,21.5,34.9,5,0,Ice Cream,Greater Cairo,0,19,51.6
102086,22/01/2024 17:15,Mansoura-Mashaya,Rice Pudding Nuts,Medium,127.37,9,0.15,Nutella,66912,30,Female,Silver,Instapay,ElMenus,104,11.2,110,24.7,80.7,5,0,Traditional,Delta,0,17,160.49
106346,07/03/2024 02:15,Mansoura-Mashaya,Rice Pudding Nuts,Medium,65.26,10,0,,59938,22,Female,None,Cash,Mobile App,21,13.3,137,16.2,40.2,1,0,Traditional,Delta,0,2,91.36
102453,26/01/2024 13:00,Tanta-Saeed,Qishtouza Nutella,Small,93.8,10,0,Nuts,87934,72,Female,,Instapay,Talabat,49,1.2,115,44.8,44.8,1,0,Modern,Delta,1,13,131.32
104967,21/02/2024 17:30,Cairo-Nasr City,Rice Pudding Oven,Medium,71.94,5,0,None,55269,26,,Silver,Cash,Mobile App,94,2.5,112,28.3,46.5,3,0,Traditional,Greater Cairo,0,17,50.36
102024,22/01/2024 01:45,Cairo-Nasr City,Om Ali Cream,Large,152.35,9,0,None,51597,34,Male,,Credit Card,ElMenus,26,5.7,136,24.7,40.6,5,0,Traditional,Greater Cairo,0,1,191.96
108072,25/03/2024 01:45,Giza-Zayed,Qishtouza Nutella,Large,157.85,3,0,Nuts,55455,27,Female,Silver,Credit Card,In-store,86,1.1,138,18.9,33.7,,0,Modern,Greater Cairo,0,1,66.3
108988,03/04/2024 14:45,Mansoura-Mashaya,Om Ali Cream,Small,97.71,5,0,Nuts,62140,21,Male,Silver,Wallet,Talabat,13,13.2,112,24.2,70.9,3,0,Traditional,Delta,0,14,68.4
108719,31/03/2024 19:30,Mansoura-Mashaya,Qishtouza Lotus,Medium,46.1,5,0,Lotus,75866,26,,,Credit Card,ElMenus,54,1.7,107,24.1,20.6,4,0,Modern,Delta,1,19,32.27
107322,17/03/2024 06:15,Giza-Zayed,Rice Pudding Nuts,Small,59.9,10,0,,55975,,Male,,Instapay,ElMenus,27,13,125,19.4,21.5,4,0,Traditional,Greater Cairo,1,6,83.86
100227,03/01/2024 08:30,Mansoura-Mashaya,Ice Cream Mango,Large,71.93,2,0,,82505,47,Male,Silver,Instapay,ElMenus,50,0.6,133,27.8,45.7,,0,Ice Cream,Delta,0,8,20.14
101014,11/01/2024 13:15,Alex-Stanly,Om Ali Cream,Medium,50.07,4,0.1,None,73498,72,Female,Gold,Wallet,Mobile App,86,7.8,113,44.6,59.1,2,0,Traditional,Alexandria,0,13,28.04
106680,10/03/2024 13:45,Cairo-Zamalek,Qishtouza Nutella,Medium,93.33,4,0,Pistachio,76402,39,Male,Silver,Instapay,Mobile App,107,11.5,149,36,34.9,4,0,Modern,Greater Cairo,1,13,52.26
101930,21/01/2024 02:15,Alex-Stanly,Om Ali Cream,Medium,79.33,7,0,Pistachio,75863,59,Male,None,Instapay,Mobile App,15,10.8,108,20.6,60.3,,1,Traditional,Alexandria,1,2,77.74
101044,11/01/2024 20:45,Cairo-Nasr City,Qishtouza Lotus,Large,179.99,7,0.05,Pistachio,86569,66,,Gold,Cash,Mobile App,89,14.3,146,17.8,39.4,,0,Modern,Greater Cairo,0,20,176.39
105252,24/02/2024 16:45,Alex-Stanly,Ice Cream Mango,Medium,174.77,2,0,Lotus,53648,71,Female,,Cash,In-store,24,1.8,133,36.1,86,3,0,Ice Cream,Alexandria,1,16,48.94
101405,15/01/2024 15:00,Cairo-Zamalek,Rice Pudding Oven,Large,80.78,2,0,Nutella,51745,58,Male,Gold,Instapay,In-store,71,10.9,110,20.1,42.2,5,0,Traditional,Greater Cairo,0,15,22.62
102180,23/01/2024 16:45,Riyadh-Olaya,Super B.Laban,Small,63.77,2,0,,54807,40,Male,Bronze,Credit Card,Mobile App,40,4.9,135,35.3,79.3,1,0,Signature,KSA,0,16,17.86
100698,08/01/2024 06:15,Cairo-Zamalek,Super B.Laban,Medium,132.86,8,0.15,Nutella,87069,69,,None,Instapay,Talabat,50,0.7,142,24.6,43.6,5,0,Signature,Greater Cairo,0,6,148.8
101125,12/01/2024 17:00,Tanta-Saeed,Rice Pudding Nuts,Small,156.55,9,0,,74049,52,Male,,Wallet,Mobile App,17,11,122,32.1,70.6,5,0,Traditional,Delta,1,17,197.25
107379,17/03/2024 20:30,Mansoura-Mashaya,Qishtouza Nutella,Large,158.02,2,0.1,,62569,65,Female,Bronze,Credit Card,Mobile App,112,1.1,149,32.3,56,5,0,Modern,Delta,1,20,44.25
103896,10/02/2024 13:45,Tanta-Saeed,Super B.Laban,Medium,94.33,5,0,None,56907,41,Female,None,Cash,In-store,81,5.4,148,22.6,53.3,1,0,Signature,Delta,1,13,66.03
108218,26/03/2024 14:15,Mansoura-Mashaya,Qishtouza Lotus,Small,112.7,9,0,,77650,61,Male,None,Instapay,Talabat,57,13.8,144,39.6,45,5,0,Modern,Delta,0,14,142
105111,23/02/2024 05:30,Mansoura-Mashaya,Sweet Koshary Mix,Large,128.33,4,0.05,Nutella,75955,39,Female,None,Cash,Mobile App,117,4.3,132,30.8,63.1,,0,Signature,Delta,1,5,71.86
101779,19/01/2024 12:30,Riyadh-Olaya,Super B.Laban,Large,65.54,6,0.1,None,50528,66,Female,None,Instapay,Mobile App,101,7.2,113,41.3,55.2,4,0,Signature,KSA,1,12,55.05
107787,22/03/2024 02:30,Mansoura-Mashaya,Ice Cream Mango,Small,47.92,8,0,Pistachio,77305,27,Female,None,Cash,ElMenus,48,9.8,105,17.6,23,1,0,Ice Cream,Delta,1,2,53.67
102635,28/01/2024 10:30,Cairo-Zamalek,Sweet Koshary Mix,Large,89.87,8,0,Pistachio,86638,,Female,Bronze,Cash,Talabat,92,8.8,120,16.8,40.7,4,0,Signature,Greater Cairo,1,10,100.65
107188,15/03/2024 20:45,Giza-Zayed,Sweet Koshary Mix,Large,168.1,9,0,None,50518,55,Male,Silver,Cash,ElMenus,18,2,133,33.5,43.6,5,0,Signature,Greater Cairo,1,20,211.81
107545,19/03/2024 14:00,Riyadh-Olaya,Super B.Laban,Medium,44.2,6,0,None,77796,20,Male,None,Instapay,ElMenus,102,1.3,125,43.4,54.5,3,1,Signature,KSA,0,14,37.13
107605,20/03/2024 05:00,Tanta-Saeed,Om Ali Cream,Small,167.62,7,0,Nuts,69567,27,,,Wallet,ElMenus,26,9.9,136,26.9,68.6,2,0,Traditional,Delta,0,5,164.27
103490,06/02/2024 08:15,Tanta-Saeed,Qishtouza Nutella,Medium,129.85,1,0,Pistachio,80815,34,,None,Cash,ElMenus,79,12.1,112,29.5,56.9,3,0,Modern,Delta,0,8,18.18
108260,27/03/2024 00:45,Mansoura-Mashaya,Qishtouza Lotus,Medium,63.31,9,0,None,88833,,Female,None,Instapay,ElMenus,46,1.2,111,35.2,77.7,4,0,Modern,Delta,0,0,79.77
101038,11/01/2024 19:15,Dubai-Marina,Rice Pudding Oven,Medium,68.52,7,0,None,58100,42,Female,Bronze,Credit Card,Mobile App,63,2.8,141,16,87.1,4,0,Traditional,UAE,0,19,67.15
106094,04/03/2024 11:15,Cairo-Nasr City,Rice Pudding Oven,Medium,173.92,1,0.1,Pistachio,57158,15,Male,Gold,Wallet,ElMenus,101,9.4,106,31.5,70.7,1,0,Traditional,Greater Cairo,0,11,24.35
102257,24/01/2024 12:00,Dubai-Marina,Om Ali Cream,Medium,149.89,6,0.1,Nutella,50934,59,Male,Bronze,Instapay,Talabat,35,9.3,142,30.8,65.5,4,1,Traditional,UAE,0,12,125.91
108189,26/03/2024 07:00,Riyadh-Olaya,Rice Pudding Oven,Small,111.94,1,0,None,50136,16,,Silver,Cash,In-store,65,12.2,138,43.5,80.3,1,0,Traditional,KSA,0,7,15.67
102614,28/01/2024 05:15,Giza-Zayed,Om Ali Cream,Medium,40.07,7,0.15,Lotus,53967,68,Female,Bronze,Cash,Mobile App,77,7.4,101,39.3,85.3,2,0,Traditional,Greater Cairo,1,5,39.27
100314,04/01/2024 06:15,Dubai-Marina,Om Ali Cream,Small,172.88,11,0,Pistachio,68523,63,Female,Bronze,Wallet,Talabat,56,1.7,128,30.5,30.4,5,0,Traditional,UAE,0,6,266.24
102650,28/01/2024 14:15,Tanta-Saeed,Ice Cream Mango,Large,100.87,11,0.1,Nutella,88649,39,Female,Silver,Wallet,ElMenus,69,13.1,104,18.4,31.6,2,0,Ice Cream,Delta,1,14,155.34
102282,24/01/2024 18:15,Alex-Stanly,Om Ali Cream,Large,98.22,11,0,Lotus,75103,41,Male,Bronze,Cash,Talabat,100,5.5,141,23.5,65.8,4,0,Traditional,Alexandria,0,18,151.26
106742,11/03/2024 05:15,Alex-Stanly,Sweet Koshary Mix,Large,41.94,5,0,,61291,16,Female,Silver,Wallet,Talabat,75,10.1,134,25.4,82.4,4,0,Signature,Alexandria,0,5,29.36
102980,01/02/2024 00:45,Cairo-Nasr City,Qishtouza Lotus,Large,146.86,10,0,Pistachio,51422,66,Female,None,Wallet,Talabat,21,13.5,130,41,74.4,3,0,Modern,Greater Cairo,0,0,205.6
102548,27/01/2024 12:45,Alex-Stanly,Qishtouza Nutella,Medium,102.6,9,0,None,74878,16,Male,None,Instapay,Talabat,28,10,118,34.2,82.6,3,0,Modern,Alexandria,1,12,129.28
105513,27/02/2024 10:00,Giza-Zayed,Super B.Laban,Large,125.05,9,0.05,Nuts,86976,,Female,Silver,Credit Card,In-store,46,12.9,133,21.3,28.4,1,0,Signature,Greater Cairo,0,10,157.56
105133,23/02/2024 11:00,Giza-Zayed,Ice Cream Mango,Large,118.53,11,0,Pistachio,54139,51,Female,Bronze,Cash,Talabat,16,8.3,114,22.4,46,4,0,Ice Cream,Greater Cairo,1,11,182.54
102160,23/01/2024 11:45,Mansoura-Mashaya,Rice Pudding Nuts,Small,137.73,4,0,Pistachio,64969,18,Female,Bronze,Wallet,Mobile App,18,9.3,112,33.3,48.4,,0,Traditional,Delta,0,11,77.13
107081,14/03/2024 18:00,Mansoura-Mashaya,Ice Cream Mango,Medium,175.43,7,0,None,75591,,Male,None,Instapay,ElMenus,70,14.5,115,32.4,23.1,,0,Ice Cream,Delta,0,18,171.92
103138,02/02/2024 16:15,Cairo-Zamalek,Rice Pudding Oven,Small,157.7,6,0.15,Nuts,69846,21,Female,Silver,Credit Card,Mobile App,40,3.9,113,21.8,52.8,4,0,Traditional,Greater Cairo,1,16,132.47
109080,04/04/2024 13:45,Dubai-Marina,Sweet Koshary Mix,Large,174.63,11,0.05,Nutella,76413,,Male,Bronze,Cash,In-store,61,3.2,118,28.3,48.3,2,0,Signature,UAE,0,13,268.93
105851,01/03/2024 22:30,Alex-Stanly,Om Ali Cream,Small,74.9,6,0,Nutella,54366,51,Male,Bronze,Wallet,ElMenus,82,12.8,112,38.4,59.1,3,0,Traditional,Alexandria,1,22,62.92
109866,12/04/2024 18:15,Cairo-Nasr City,Qishtouza Nutella,Large,156.95,9,0,,68233,67,,,Credit Card,In-store,98,5,137,19.9,79.9,1,0,Modern,Greater Cairo,1,18,197.76
106446,08/03/2024 03:15,Tanta-Saeed,Sweet Koshary Mix,Large,177.31,1,0,None,63531,20,,Gold,Instapay,Mobile App,87,1.2,129,36,83.9,5,0,Signature,Delta,1,3,24.82
103968,11/02/2024 07:45,Giza-Zayed,Qishtouza Lotus,Large,45.77,5,0,Nuts,81924,12,Female,None,Credit Card,Mobile App,103,1.1,111,42.1,42.4,4,0,Modern,Greater Cairo,1,7,32.04
101429,15/01/2024 21:00,Tanta-Saeed,Om Ali Cream,Small,118.16,9,0.15,Lotus,82816,44,,Gold,Credit Card,In-store,11,10.5,130,16.6,83.9,,0,Traditional,Delta,0,21,148.88
108423,28/03/2024 17:30,Giza-Zayed,Qishtouza Lotus,Medium,88.71,8,0,None,71316,,Female,Gold,Cash,ElMenus,74,7.5,107,44.6,27.2,1,0,Modern,Greater Cairo,0,17,99.36
102521,27/01/2024 06:00,Mansoura-Mashaya,Qishtouza Nutella,Small,103.9,7,0,Pistachio,72617,43,Male,,Cash,ElMenus,43,12,122,23.9,39.4,,0,Modern,Delta,1,6,101.82
107838,22/03/2024 15:15,Riyadh-Olaya,Sweet Koshary Mix,Medium,87.79,4,0.1,,61182,54,Female,Silver,Credit Card,Talabat,38,14.7,110,26.3,35,5,0,Signature,KSA,1,15,49.16
104970,21/02/2024 18:15,Cairo-Zamalek,Sweet Koshary Mix,Medium,82.57,9,0,Nuts,70331,23,Male,None,Instapay,Mobile App,29,7.1,142,36.8,45.6,1,0,Signature,Greater Cairo,0,18,104.04
101856,20/01/2024 07:45,Cairo-Zamalek,Om Ali Cream,Small,165.45,10,0,Lotus,54182,62,Female,Bronze,Credit Card,In-store,77,1.7,101,41.3,43.1,3,0,Traditional,Greater Cairo,1,7,231.63
108885,02/04/2024 13:00,Giza-Zayed,Super B.Laban,Large,150.04,7,0.1,Nutella,77915,41,Female,Silver,Cash,In-store,68,3.8,115,43.5,52.2,2,0,Signature,Greater Cairo,0,13,147.04
105603,28/02/2024 08:30,Alex-Stanly,Ice Cream Mango,Medium,124.99,4,0,None,81407,72,,,Wallet,In-store,107,4,139,22.4,25.4,3,0,Ice Cream,Alexandria,0,8,69.99
109345,07/04/2024 08:00,Riyadh-Olaya,Sweet Koshary Mix,Small,57.85,8,0.1,None,69578,60,Male,Gold,Wallet,Talabat,72,12.3,132,37,71.5,2,0,Signature,KSA,1,8,64.79
109869,12/04/2024 19:00,Mansoura-Mashaya,Rice Pudding Oven,Medium,75.83,6,0,Nutella,73206,20,Female,Silver,Instapay,Talabat,111,4.8,143,25.4,61.8,4,0,Traditional,Delta,1,19,63.7
100449,05/01/2024 16:00,Dubai-Marina,Ice Cream Mango,Medium,111.24,8,0,,70539,70,Female,Bronze,Cash,In-store,80,2.7,148,29.6,62.4,3,0,Ice Cream,UAE,1,16,124.59
107704,21/03/2024 05:45,Dubai-Marina,Sweet Koshary Mix,Large,63.98,11,0,None,84332,,Female,None,Wallet,In-store,84,4.5,121,36.3,60.9,,0,Signature,UAE,0,5,98.53
101285,14/01/2024 09:00,Dubai-Marina,Qishtouza Lotus,Large,81.39,6,0.1,Pistachio,75420,42,Female,,Cash,Talabat,77,3.6,141,39.8,62.9,1,0,Modern,UAE,1,9,68.37
105996,03/03/2024 10:45,Giza-Zayed,Rice Pudding Oven,Small,89.58,1,0.15,Nutella,86489,57,Female,Silver,Cash,Talabat,101,8.1,141,34.2,75.3,3,0,Traditional,Greater Cairo,1,10,12.54
107900,23/03/2024 06:45,Alex-Stanly,Qishtouza Lotus,Medium,163.66,1,0,Lotus,78895,33,Female,Silver,Wallet,Talabat,45,2.7,130,27.2,40.8,3,0,Modern,Alexandria,1,6,22.91
103728,08/02/2024 19:45,Tanta-Saeed,Qishtouza Nutella,Large,50.36,5,0,Pistachio,86510,18,,,Cash,In-store,91,1,108,33.6,65.7,2,0,Modern,Delta,0,19,35.25
107354,17/03/2024 14:15,Giza-Zayed,Rice Pudding Nuts,Small,142.82,8,0.1,None,83741,,Male,Silver,Instapay,Mobile App,96,3.7,109,29,63.8,2,0,Traditional,Greater Cairo,1,14,159.96
100362,04/01/2024 18:15,Cairo-Nasr City,Om Ali Cream,Large,82.54,6,0.1,Pistachio,59099,49,Female,None,Wallet,ElMenus,42,14,129,28.9,20.4,,0,Traditional,Greater Cairo,0,18,69.33
106280,06/03/2024 09:45,Tanta-Saeed,Ice Cream Mango,Medium,65.12,1,0.1,Lotus,75914,28,Female,Bronze,Instapay,Talabat,116,12.2,129,37.1,43.5,,0,Ice Cream,Delta,0,9,9.12
105231,24/02/2024 11:30,Alex-Stanly,Om Ali Cream,Small,151.39,4,0,Pistachio,78100,60,Female,Silver,Wallet,Talabat,26,1,104,19.8,73.1,4,0,Traditional,Alexandria,1,11,84.78
108943,03/04/2024 03:30,Cairo-Nasr City,Ice Cream Mango,Medium,139.33,9,0,Nuts,80496,23,Male,None,Wallet,Talabat,81,11.1,141,42.1,78.9,2,0,Ice Cream,Greater Cairo,0,3,175.56
107296,16/03/2024 23:45,Dubai-Marina,Qishtouza Lotus,Medium,137.94,7,0,None,56205,51,Male,Gold,Wallet,Talabat,25,5,130,39.5,22.5,1,0,Modern,UAE,1,23,135.18
108892,02/04/2024 14:45,Tanta-Saeed,Om Ali Cream,Medium,144.92,10,0,Nutella,84572,62,Female,None,Credit Card,In-store,85,12.2,120,42.1,27,2,1,Traditional,Delta,0,14,202.89
107535,19/03/2024 11:30,Tanta-Saeed,Sweet Koshary Mix,Large,163.64,1,0,Pistachio,65924,,Male,,Instapay,In-store,39,6.4,121,44.8,32.5,3,0,Signature,Delta,0,11,22.91
106252,06/03/2024 02:45,Cairo-Nasr City,Super B.Laban,Medium,134.29,7,0.05,Nutella,69540,72,Male,Silver,Credit Card,In-store,45,11.4,117,39.6,75,5,0,Signature,Greater Cairo,0,2,131.6
105927,02/03/2024 17:30,Giza-Zayed,Om Ali Cream,Small,92.24,2,0,Lotus,67335,48,Female,Silver,Instapay,Talabat,36,5.5,140,16.4,83,3,0,Traditional,Greater Cairo,1,17,25.83
105150,23/02/2024 15:15,Cairo-Nasr City,Ice Cream Mango,Small,45.17,7,0,Lotus,88136,42,Male,Silver,Credit Card,In-store,78,9.8,122,38.3,24,5,0,Ice Cream,Greater Cairo,1,15,44.27
102461,26/01/2024 15:00,Giza-Zayed,Rice Pudding Oven,Small,121.22,1,0.15,Nutella,74308,65,Female,None,Cash,Mobile App,86,3.6,121,26.6,81,1,0,Traditional,Greater Cairo,1,15,16.97
100023,01/01/2024 05:30,Cairo-Zamalek,Rice Pudding Oven,Large,85.71,7,0.1,Pistachio,65521,54,Male,None,Credit Card,In-store,55,12.9,102,37.3,64.5,4,0,Traditional,Greater Cairo,0,5,84
102067,22/01/2024 12:30,Giza-Zayed,Om Ali Cream,Medium,150.46,4,0,Nutella,71056,54,Male,,Cash,Talabat,10,11.3,128,26.5,40.8,2,0,Traditional,Greater Cairo,0,12,84.26
101654,18/01/2024 05:15,Dubai-Marina,Super B.Laban,Small,9999.99,8,0,Nutella,55635,44,Male,,Credit Card,Mobile App,76,7.1,110,37,58.6,5,0,Signature,UAE,0,5,79.11
100703,08/01/2024 07:30,Cairo-Nasr City,Rice Pudding Oven,Small,96.97,6,0,None,80331,17,Male,Silver,Wallet,In-store,81,1.6,114,39.5,28.2,3,0,Traditional,Greater Cairo,0,7,81.45
108491,29/03/2024 10:30,Tanta-Saeed,Qishtouza Nutella,Large,168.65,5,0.15,Nuts,61161,53,Female,None,Instapay,Talabat,95,4.8,105,28.3,76,3,0,Modern,Delta,1,10,118.06
102744,29/01/2024 13:45,Mansoura-Mashaya,Rice Pudding Oven,Small,125.63,7,0,None,70481,39,Female,Silver,Wallet,ElMenus,107,8.7,106,35.7,54,5,0,Traditional,Delta,0,13,123.12
101377,15/01/2024 08:00,Giza-Zayed,Ice Cream Mango,Large,69.6,2,0,Pistachio,84397,34,Female,Silver,Credit Card,ElMenus,20,4.5,119,31.3,50.4,,0,Ice Cream,Greater Cairo,0,8,19.49
101725,18/01/2024 23:00,Cairo-Zamalek,Qishtouza Nutella,Medium,96,2,0,Pistachio,51020,47,Male,Silver,Instapay,Mobile App,108,10.6,129,32.2,27.6,4,0,Modern,Greater Cairo,0,23,26.88
102469,26/01/2024 17:00,Cairo-Nasr City,Qishtouza Nutella,Medium,87.45,11,0,Lotus,51338,28,Female,Bronze,Instapay,Talabat,90,4.3,101,26.5,21.9,5,0,Modern,Greater Cairo,1,17,134.67
103755,09/02/2024 02:30,Riyadh-Olaya,Ice Cream Mango,Small,49.4,6,0,,73894,47,Male,None,Credit Card,ElMenus,113,5.6,112,16.5,50.5,3,0,Ice Cream,KSA,1,2,41.5
102326,25/01/2024 05:15,Mansoura-Mashaya,Rice Pudding Oven,Large,119.11,9,0,,70311,68,Male,None,Credit Card,ElMenus,111,2.9,120,23.1,54.8,,0,Traditional,Delta,0,5,150.08
100461,05/01/2024 19:00,Cairo-Zamalek,Super B.Laban,Medium,113.3,6,0,,54325,66,Male,Bronze,Credit Card,Mobile App,46,3.1,140,16.1,22.1,,0,Signature,Greater Cairo,1,19,95.17
105164,23/02/2024 18:45,Dubai-Marina,Super B.Laban,Medium,55.99,11,0,Nutella,81686,15,Female,,Wallet,Talabat,93,2.6,103,17.7,27.9,1,0,Signature,UAE,1,18,86.22
104184,13/02/2024 13:45,Alex-Stanly,Ice Cream Mango,Medium,51.4,3,0,Nuts,63175,26,,Gold,Cash,In-store,115,8.2,116,21.5,87.9,1,0,Ice Cream,Alexandria,0,13,21.59
105527,27/02/2024 13:30,Alex-Stanly,Om Ali Cream,Large,70.59,6,0,None,82298,67,Male,Gold,Cash,Talabat,96,7.3,141,36.2,33.1,4,0,Traditional,Alexandria,0,13,59.3
104083,12/02/2024 12:30,Dubai-Marina,Qishtouza Lotus,Large,44.93,1,0,None,83957,59,Male,Bronze,Instapay,Mobile App,14,14.1,143,43.7,65.6,5,0,Modern,UAE,0,12,6.29
101487,16/01/2024 11:30,Dubai-Marina,Super B.Laban,Medium,126.52,11,0,Pistachio,85511,65,Male,Bronze,Credit Card,In-store,94,8.9,136,15.1,86.3,1,1,Signature,UAE,0,11,194.84
103679,08/02/2024 07:30,Dubai-Marina,Om Ali Cream,Medium,162.2,7,0,Pistachio,66818,35,Male,,Cash,In-store,50,10.4,138,38.2,75.3,2,0,Traditional,UAE,0,7,158.96
100283,03/01/2024 22:30,Tanta-Saeed,Ice Cream Mango,Large,129.59,5,0,None,59778,29,Female,Silver,Instapay,Talabat,40,6,121,41,26.5,5,0,Ice Cream,Delta,0,22,90.71
106580,09/03/2024 12:45,Cairo-Zamalek,Sweet Koshary Mix,Medium,103.89,8,0.05,Nuts,81334,,,,Credit Card,Talabat,50,15,102,20.9,80.7,,0,Signature,Greater Cairo,1,12,116.36
104559,17/02/2024 11:30,Tanta-Saeed,Rice Pudding Oven,Medium,156.77,9,0,Lotus,81059,40,Female,Silver,Cash,In-store,44,0.8,145,35.9,29.6,2,0,Traditional,Delta,1,11,197.53
104309,14/02/2024 21:00,Tanta-Saeed,Ice Cream Mango,Medium,144.56,9,0,Lotus,83446,48,Female,,Instapay,ElMenus,103,5.5,104,41.1,57.4,,0,Ice Cream,Delta,0,21,182.15
106685,10/03/2024 15:00,Tanta-Saeed,Rice Pudding Nuts,Medium,132.14,10,0.15,Nuts,62613,46,Male,Gold,Credit Card,ElMenus,110,4.8,140,38,85.4,4,0,Traditional,Delta,1,15,185
104866,20/02/2024 16:15,Mansoura-Mashaya,Qishtouza Nutella,Small,81.07,5,0,Lotus,72452,30,Female,Silver,Instapay,In-store,46,4.9,140,44.6,84.9,1,0,Modern,Delta,0,16,56.75
103538,06/02/2024 20:15,Mansoura-Mashaya,Ice Cream Mango,Large,179.46,2,0,Lotus,63808,57,Female,None,Credit Card,ElMenus,75,13.8,126,41.5,85.2,,0,Ice Cream,Delta,0,20,50.25
103869,10/02/2024 07:00,Cairo-Zamalek,Rice Pudding Nuts,Medium,52.74,3,0,Lotus,70826,73,Female,Bronze,Wallet,In-store,73,11,119,41.2,64.1,1,0,Traditional,Greater Cairo,1,7,22.15
107004,13/03/2024 22:45,Cairo-Nasr City,Rice Pudding Oven,Medium,82.8,10,0,None,74957,66,Female,Bronze,Credit Card,In-store,72,11.9,127,36.5,59,3,0,Traditional,Greater Cairo,0,22,115.92
102582,27/01/2024 21:15,Dubai-Marina,Rice Pudding Oven,Large,147.63,1,0,,75404,27,Male,Bronze,Cash,Talabat,25,1.8,149,27.7,67.9,,0,Traditional,UAE,1,21,20.67
101369,15/01/2024 06:00,Cairo-Nasr City,Rice Pudding Oven,Medium,134.42,8,0,Pistachio,78876,66,,None,Cash,ElMenus,33,2.2,113,24.5,22.6,3,0,Traditional,Greater Cairo,0,6,150.55
109470,08/04/2024 15:15,Cairo-Nasr City,Rice Pudding Nuts,Medium,60.82,11,0,None,87960,47,Male,Gold,Wallet,ElMenus,88,6.4,108,17.8,33.3,5,0,Traditional,Greater Cairo,0,15,93.66
108198,26/03/2024 09:15,Riyadh-Olaya,Super B.Laban,Large,120.33,10,0,Pistachio,53820,34,Female,Silver,Instapay,Mobile App,99,10.5,144,32.6,26.7,1,0,Signature,KSA,0,9,168.46
100598,07/01/2024 05:15,Dubai-Marina,Rice Pudding Nuts,Medium,109.28,4,0,,74903,71,Female,None,Cash,ElMenus,100,5.2,128,27.9,88.4,3,1,Traditional,UAE,1,5,61.2
104352,15/02/2024 07:45,Dubai-Marina,Sweet Koshary Mix,Medium,49.24,10,0,None,74071,69,,Silver,Credit Card,Talabat,10,12.3,121,27.7,47.8,4,1,Signature,UAE,0,7,68.94
106347,07/03/2024 02:30,Riyadh-Olaya,Rice Pudding Oven,Medium,67.45,10,0,Lotus,50533,44,Female,Bronze,Instapay,In-store,76,2,110,21.8,72.3,1,0,Traditional,KSA,0,2,94.43
108977,03/04/2024 12:00,Cairo-Zamalek,Ice Cream Mango,Medium,49.76,4,0.15,Nuts,83870,31,Male,Silver,Credit Card,In-store,91,9.1,108,35.7,87.2,2,0,Ice Cream,Greater Cairo,0,12,27.87
106380,07/03/2024 10:45,Mansoura-Mashaya,Rice Pudding Oven,Large,50.36,4,0,Nutella,73544,45,Male,None,Cash,ElMenus,15,5.6,129,41.2,79.1,4,0,Traditional,Delta,0,10,28.2
104759,19/02/2024 13:30,Cairo-Zamalek,Qishtouza Lotus,Large,50.78,6,0.1,None,53921,32,Female,Bronze,Wallet,Talabat,118,13,108,16.3,79,3,0,Modern,Greater Cairo,0,13,42.66
100647,07/01/2024 17:30,Mansoura-Mashaya,Qishtouza Lotus,Large,48.88,3,0,None,82437,30,Male,Silver,Credit Card,Mobile App,73,9.3,104,37.3,53,3,0,Modern,Delta,1,17,20.53
106382,07/03/2024 11:15,Tanta-Saeed,Super B.Laban,Medium,145.93,5,0,Pistachio,65590,41,,None,Credit Card,ElMenus,67,1,128,15.3,81.2,3,0,Signature,Delta,0,11,102.15
107528,19/03/2024 09:45,Mansoura-Mashaya,Om Ali Cream,Large,127.68,1,0,None,81145,,Male,None,Cash,Talabat,67,5.6,102,29.2,40.5,2,0,Traditional,Delta,0,9,17.88
109698,11/04/2024 00:15,Cairo-Zamalek,Qishtouza Lotus,Medium,81.46,9,0,Pistachio,52871,41,Male,Bronze,Instapay,ElMenus,101,4,107,28.4,70.1,2,0,Modern,Greater Cairo,0,0,102.64
106024,03/03/2024 17:45,Mansoura-Mashaya,Qishtouza Lotus,Medium,52.68,3,0,None,79941,39,Female,None,Credit Card,In-store,95,13.1,132,22.1,63.4,5,0,Modern,Delta,1,17,22.13
107955,23/03/2024 20:30,Tanta-Saeed,Super B.Laban,Large,148.74,3,0,,60759,30,Female,Silver,Instapay,ElMenus,69,6.2,129,24.4,57.8,2,1,Signature,Delta,1,20,62.47
107166,15/03/2024 15:15,Cairo-Nasr City,Om Ali Cream,Large,177.25,1,0.05,Lotus,79775,21,Female,None,Credit Card,Talabat,42,12.5,148,22.1,35.2,4,0,Traditional,Greater Cairo,1,15,24.82
103469,06/02/2024 03:00,Dubai-Marina,Om Ali Cream,Medium,163.81,4,0,Pistachio,62299,33,,None,Credit Card,ElMenus,18,7.2,103,42.2,72.5,5,0,Traditional,UAE,0,3,91.73
107798,22/03/2024 05:15,Riyadh-Olaya,Sweet Koshary Mix,Medium,129.83,8,0,Nuts,78323,21,Female,Silver,Instapay,Talabat,116,1.3,111,15.6,55.2,1,0,Signature,KSA,1,5,145.41
107698,21/03/2024 04:15,Tanta-Saeed,Ice Cream Mango,Large,129.34,11,0,Nuts,67692,43,Male,Silver,Cash,ElMenus,44,12.5,117,41.5,59.4,4,0,Ice Cream,Delta,0,4,199.18
102991,01/02/2024 03:30,Tanta-Saeed,Sweet Koshary Mix,Large,57.72,5,0.05,Nutella,80504,16,Female,Silver,Cash,Talabat,111,7.3,103,34.5,39,3,0,Signature,Delta,0,3,40.4
109408,07/04/2024 23:45,Tanta-Saeed,Rice Pudding Nuts,Medium,179.6,3,0,Pistachio,54091,43,Female,Bronze,Wallet,Talabat,51,14.3,111,33.3,81,4,0,Traditional,Delta,1,23,75.43
104876,20/02/2024 18:45,Tanta-Saeed,Qishtouza Lotus,Medium,92.02,11,0.1,None,84999,51,Male,None,Instapay,ElMenus,58,13.5,134,23,81.3,2,0,Modern,Delta,0,18,141.71
102545,27/01/2024 12:00,Tanta-Saeed,Qishtouza Nutella,Medium,155.35,9,0,Nuts,57595,53,Male,None,Instapay,Talabat,40,14.6,106,25.5,22.9,2,0,Modern,Delta,1,12,195.74
108596,30/03/2024 12:45,Alex-Stanly,Rice Pudding Nuts,Large,64.45,10,0.1,Nuts,78375,52,Male,Gold,Cash,Mobile App,32,9.9,149,37.5,63.3,3,0,Traditional,Alexandria,1,12,90.23
105342,25/02/2024 15:15,Giza-Zayed,Ice Cream Mango,Medium,153.19,4,0.1,Nutella,71338,,Male,,Credit Card,Mobile App,68,3.7,132,27.2,32.3,2,0,Ice Cream,Greater Cairo,1,15,85.79
101568,17/01/2024 07:45,Giza-Zayed,Super B.Laban,Medium,69.87,6,0,Pistachio,66192,40,Female,Gold,Instapay,In-store,53,10.2,110,17,36.1,3,0,Signature,Greater Cairo,0,7,58.69
109995,14/04/2024 02:30,Giza-Zayed,Qishtouza Nutella,Large,77.7,10,0,,83420,72,Male,None,Wallet,Mobile App,102,3.2,140,25.1,65.9,3,0,Modern,Greater Cairo,1,2,108.78
104067,12/02/2024 08:30,Cairo-Nasr City,Qishtouza Lotus,Large,59.14,8,0,Lotus,72288,,Male,Gold,Credit Card,Talabat,43,8.9,117,18.5,63.1,2,0,Modern,Greater Cairo,0,8,66.24
103989,11/02/2024 13:00,Dubai-Marina,Super B.Laban,Small,88.24,1,0,Lotus,85618,60,Male,Bronze,Credit Card,Mobile App,38,7.8,123,38.3,21,1,0,Signature,UAE,1,13,12.35
107032,14/03/2024 05:45,Mansoura-Mashaya,Sweet Koshary Mix,Medium,49.33,1,0,None,62232,19,Female,None,Wallet,ElMenus,96,3.1,130,15.5,22,,0,Signature,Delta,0,5,6.91
102161,23/01/2024 12:00,Mansoura-Mashaya,Qishtouza Lotus,Medium,95.41,8,0,Nuts,65930,42,Female,None,Cash,ElMenus,91,8.8,149,15.6,67.3,,0,Modern,Delta,0,12,106.86
100686,08/01/2024 03:15,Tanta-Saeed,Super B.Laban,Medium,113.23,3,0,Lotus,53134,70,Female,Gold,Instapay,Talabat,63,13.4,112,44.3,48.1,2,0,Signature,Delta,0,3,47.56
107603,20/03/2024 04:30,Mansoura-Mashaya,Ice Cream Mango,Small,73.22,10,0.15,Pistachio,54584,27,,Silver,Wallet,ElMenus,38,7.5,128,29.9,81.1,3,0,Ice Cream,Delta,0,4,102.51
107785,22/03/2024 02:00,Mansoura-Mashaya,Rice Pudding Oven,Medium,124.07,4,0.1,None,71554,67,Female,,Credit Card,Talabat,96,10,128,31.9,38.1,5,0,Traditional,Delta,1,2,69.48
103244,03/02/2024 18:45,Tanta-Saeed,Super B.Laban,Large,175.41,3,0,Nuts,75125,52,Female,Bronze,Instapay,Talabat,109,7.4,126,24.8,85,5,0,Signature,Delta,1,18,73.67
105845,01/03/2024 21:00,Alex-Stanly,Ice Cream Mango,Small,112,2,0.15,Nutella,62912,,Male,None,Instapay,In-store,89,1.8,123,24.1,47.6,4,0,Ice Cream,Alexandria,1,21,31.36
109220,06/04/2024 00:45,Tanta-Saeed,Ice Cream Mango,Small,82,1,0,Lotus,79610,15,Female,None,Credit Card,ElMenus,88,8.6,107,39.3,48.4,3,0,Ice Cream,Delta,1,0,11.48
102462,26/01/2024 15:15,Tanta-Saeed,Super B.Laban,Large,154.97,1,0,Nutella,79742,23,Female,Silver,Wallet,Mobile App,81,5.2,121,42.5,68,3,0,Signature,Delta,1,15,21.7
104084,12/02/2024 12:45,Cairo-Nasr City,Rice Pudding Nuts,Medium,95.31,11,0,Nutella,64094,19,Female,Silver,Credit Card,Talabat,115,2.1,119,19.4,31.2,,0,Traditional,Greater Cairo,0,12,146.78
102838,30/01/2024 13:15,Mansoura-Mashaya,Rice Pudding Oven,Medium,66.68,3,0,None,63509,69,Male,Silver,Cash,Mobile App,37,5.1,102,18.1,52.4,,0,Traditional,Delta,0,13,28.01
103698,08/02/2024 12:15,Cairo-Nasr City,Super B.Laban,Medium,143.25,5,0,Nutella,85998,55,Female,Bronze,Cash,Mobile App,74,11.2,117,27.7,66.2,3,0,Signature,Greater Cairo,0,12,100.28
107129,15/03/2024 06:00,Cairo-Nasr City,Rice Pudding Nuts,Medium,171,8,0,Nuts,68868,66,,Silver,Credit Card,Mobile App,79,11.3,145,33.2,36.3,4,0,Traditional,Greater Cairo,1,6,191.52
106268,06/03/2024 06:45,Riyadh-Olaya,Om Ali Cream,Medium,115.41,4,0,None,55653,58,Female,,Credit Card,Talabat,96,4.8,149,40.6,34.6,,0,Traditional,KSA,0,6,64.63
104942,21/02/2024 11:15,Dubai-Marina,Sweet Koshary Mix,Medium,62.54,8,0,Nutella,84225,59,Female,Gold,Credit Card,Mobile App,30,3.6,127,23,78,3,0,Signature,UAE,0,11,70.04
105947,02/03/2024 22:30,Riyadh-Olaya,Rice Pudding Nuts,Medium,142.97,7,0.05,Nuts,52118,43,Female,Silver,Cash,Mobile App,113,9.5,121,30.9,57,4,1,Traditional,KSA,1,22,140.11
104584,17/02/2024 17:45,Giza-Zayed,Super B.Laban,Medium,165.55,2,0,None,51311,12,,None,Instapay,In-store,22,3.6,144,35.9,31.2,4,0,Signature,Greater Cairo,1,17,46.35
105785,01/03/2024 06:00,Riyadh-Olaya,Rice Pudding Oven,Medium,42.29,4,0,None,79448,54,Male,Silver,Credit Card,Mobile App,96,14.6,133,39.3,24.8,4,0,Traditional,KSA,1,6,23.68
104041,12/02/2024 02:00,Giza-Zayed,Super B.Laban,Small,99.75,1,0.15,None,81660,27,Female,Silver,Wallet,Mobile App,118,14.5,125,39,40.6,,0,Signature,Greater Cairo,0,2,13.97
102231,24/01/2024 05:30,Tanta-Saeed,Qishtouza Nutella,Medium,98.37,7,0,Pistachio,62480,,Female,Gold,Instapay,In-store,109,2.3,118,26.7,67.2,,0,Modern,Delta,0,5,96.4
107570,19/03/2024 20:15,Riyadh-Olaya,Rice Pudding Oven,Large,162.74,3,0.15,Lotus,78198,66,Female,None,Instapay,Mobile App,52,14.2,144,34.5,48.7,,0,Traditional,KSA,0,20,68.35
100936,10/01/2024 17:45,Cairo-Nasr City,Super B.Laban,Small,54.71,6,0,Lotus,81109,53,Male,Silver,Instapay,Mobile App,43,1.6,123,22.1,36.4,1,0,Signature,Greater Cairo,0,17,45.96
102321,25/01/2024 04:00,Dubai-Marina,Om Ali Cream,Medium,105.87,10,0.05,,81407,12,,None,Credit Card,In-store,73,6.3,107,22.2,28,,0,Traditional,UAE,0,4,148.22
104879,20/02/2024 19:30,Mansoura-Mashaya,Sweet Koshary Mix,Medium,118.73,7,0,Nuts,88054,51,Male,Bronze,Instapay,In-store,52,1.3,113,17.8,57.4,4,0,Signature,Delta,0,19,116.36
100522,06/01/2024 10:15,Dubai-Marina,Qishtouza Nutella,Medium,147.82,8,0,None,77569,61,Female,None,Cash,In-store,10,4.6,119,15.6,75.6,2,0,Modern,UAE,1,10,165.56
100523,06/01/2024 10:30,Tanta-Saeed,Rice Pudding Oven,Large,58.54,6,0.1,None,73916,31,Male,Silver,Wallet,In-store,101,10.9,117,43,58.1,2,0,Traditional,Delta,1,10,49.17
105346,25/02/2024 16:15,Tanta-Saeed,Ice Cream Mango,Large,80.5,9,0,Nutella,75186,69,Female,None,Credit Card,Mobile App,32,9.4,118,27.2,37.4,2,0,Ice Cream,Delta,1,16,101.43
109877,12/04/2024 21:00,Cairo-Nasr City,Rice Pudding Oven,Small,150,9,0.05,Pistachio,55695,34,Male,Bronze,Credit Card,Mobile App,41,6.2,138,34.1,27,1,0,Traditional,Greater Cairo,1,21,189
103360,04/02/2024 23:45,Alex-Stanly,Super B.Laban,Medium,179.55,7,0,None,63266,60,Female,Silver,Instapay,Mobile App,105,4.4,147,22.9,31.8,1,0,Signature,Alexandria,1,23,175.96
101312,14/01/2024 15:45,Cairo-Zamalek,Qishtouza Nutella,Medium,162.5,2,0,Lotus,54810,20,Female,None,Wallet,ElMenus,115,6.8,132,43,64,3,0,Modern,Greater Cairo,1,15,45.5
103984,11/02/2024 11:45,Tanta-Saeed,Qishtouza Lotus,Medium,131.71,11,0,Nutella,57683,45,Female,Silver,Cash,In-store,49,7.5,134,20.7,33.4,,1,Modern,Delta,1,11,202.83
106495,08/03/2024 15:30,Alex-Stanly,Sweet Koshary Mix,Small,161.46,8,0,Nutella,81911,50,Male,Silver,Credit Card,ElMenus,90,9.4,106,22.9,70.2,2,0,Signature,Alexandria,1,15,180.84
109561,09/04/2024 14:00,Dubai-Marina,Qishtouza Lotus,Medium,134.99,1,0,Nutella,51735,50,,Silver,Credit Card,Mobile App,55,5.7,103,42.8,47.3,3,0,Modern,UAE,0,14,18.9
101717,18/01/2024 21:00,Riyadh-Olaya,Ice Cream Mango,Small,80.06,1,0,None,65214,59,Female,,Instapay,In-store,84,1.3,104,36.6,23.5,1,0,Ice Cream,KSA,0,21,11.21
100781,09/01/2024 03:00,Cairo-Nasr City,Rice Pudding Oven,Large,165.17,8,0,Pistachio,75887,69,Male,Silver,Credit Card,Mobile App,33,2.6,110,24.4,37.7,1,0,Traditional,Greater Cairo,0,3,184.99
108799,01/04/2024 15:30,Cairo-Nasr City,Ice Cream Mango,Large,46.34,3,0,,65928,33,Female,None,Instapay,Mobile App,78,11.8,132,29.9,71.2,1,0,Ice Cream,Greater Cairo,0,15,19.46
108232,26/03/2024 17:45,Cairo-Zamalek,Ice Cream Mango,Medium,115.67,3,0,,54191,,Male,None,Wallet,Talabat,117,3.9,142,23.2,52.4,2,0,Ice Cream,Greater Cairo,0,17,48.58
105608,28/02/2024 09:45,Alex-Stanly,Rice Pudding Oven,Medium,121.89,1,0,Lotus,69002,37,Male,None,Wallet,In-store,32,13.8,116,25.3,50.9,5,0,Traditional,Alexandria,0,9,17.06
105979,03/03/2024 06:30,Tanta-Saeed,Sweet Koshary Mix,Small,150.07,3,0.1,Nuts,51975,14,Male,,Wallet,In-store,16,13.5,115,19.1,81.4,1,0,Signature,Delta,1,6,63.03
100652,07/01/2024 18:45,Riyadh-Olaya,Rice Pudding Nuts,Large,130.3,10,0,Nutella,88563,55,Female,None,Instapay,In-store,55,9.2,105,29.7,41.8,1,0,Traditional,KSA,1,18,182.42
103748,09/02/2024 00:45,Giza-Zayed,Qishtouza Nutella,Medium,164.38,5,0,None,74606,62,Female,None,Cash,ElMenus,44,4.5,117,16.1,30.9,4,0,Modern,Greater Cairo,1,0,115.07
102197,23/01/2024 21:00,Alex-Stanly,Super B.Laban,Large,56.23,7,0,Nuts,62771,73,Male,Silver,Instapay,ElMenus,11,5.6,139,15.8,74.5,4,0,Signature,Alexandria,0,21,55.11
108419,28/03/2024 16:30,Alex-Stanly,Om Ali Cream,Large,80.76,5,0,None,55088,19,Male,Gold,Instapay,In-store,83,6,117,19.8,22.4,4,0,Traditional,Alexandria,0,16,56.53
100370,04/01/2024 20:15,Dubai-Marina,Rice Pudding Oven,Medium,92.51,10,0,Nutella,50202,17,Female,None,Credit Card,In-store,44,11.4,101,19.5,38.8,2,0,Traditional,UAE,0,20,129.51
109885,12/04/2024 23:00,Dubai-Marina,Ice Cream Mango,Medium,59.84,5,0.05,Nuts,55993,28,Male,Gold,Credit Card,In-store,117,12.2,135,28.4,31,,0,Ice Cream,UAE,1,23,41.89
108006,24/03/2024 09:15,Dubai-Marina,Qishtouza Lotus,Medium,106.49,10,0,Lotus,85953,61,Male,Gold,Credit Card,Mobile App,82,2.1,103,22.7,37.9,3,0,Modern,UAE,1,9,149.09
104215,13/02/2024 21:30,Alex-Stanly,Qishtouza Nutella,Medium,164.38,9,0,Pistachio,53806,73,Male,Bronze,Cash,In-store,39,3.5,126,25,46.5,3,0,Modern,Alexandria,0,21,207.12
100378,04/01/2024 22:15,Cairo-Nasr City,Super B.Laban,Medium,159.88,1,0.1,Lotus,69821,52,Male,Bronze,Credit Card,ElMenus,56,12.9,110,35.8,60.3,4,0,Signature,Greater Cairo,0,22,22.38
109447,08/04/2024 09:30,Mansoura-Mashaya,Sweet Koshary Mix,Large,169.41,7,0.05,Lotus,78183,44,Female,Silver,Wallet,Mobile App,75,9.7,146,30.8,20.9,5,0,Signature,Delta,0,9,166.02
102217,24/01/2024 02:00,Tanta-Saeed,Ice Cream Mango,Medium,48.21,10,0,Nuts,76149,65,Male,Gold,Cash,In-store,115,8.8,136,26.3,46.3,1,0,Ice Cream,Delta,0,2,67.49
108683,31/03/2024 10:30,Alex-Stanly,Sweet Koshary Mix,Medium,98.18,10,0,,80593,59,Male,Silver,Wallet,Talabat,57,9.8,113,29.6,67.2,2,0,Signature,Alexandria,1,10,137.45
101614,17/01/2024 19:15,Cairo-Nasr City,Qishtouza Nutella,Large,160.61,11,0,None,76648,14,Male,Bronze,Cash,Mobile App,85,1.1,103,21.6,35,,0,Modern,Greater Cairo,0,19,247.34
106980,13/03/2024 16:45,Cairo-Zamalek,Om Ali Cream,Medium,163,2,0.1,,87099,35,Female,Silver,Credit Card,In-store,39,2,130,22.8,40.2,5,0,Traditional,Greater Cairo,0,16,45.64
107550,19/03/2024 15:15,Alex-Stanly,Super B.Laban,Medium,139.39,4,0,Nuts,73483,57,Male,Silver,Cash,ElMenus,117,13.9,149,21.3,86.9,3,0,Signature,Alexandria,0,15,78.06
101828,20/01/2024 00:45,Riyadh-Olaya,Rice Pudding Nuts,Large,132.55,3,0,Pistachio,70324,28,Female,Silver,Instapay,Mobile App,84,2.4,118,21.9,75.5,1,0,Traditional,KSA,1,0,55.67
103633,07/02/2024 20:00,Dubai-Marina,Om Ali Cream,Small,104.57,1,0.1,None,60600,51,Female,Gold,Instapay,ElMenus,24,4,119,19.2,61.5,1,0,Traditional,UAE,0,20,14.64
100963,11/01/2024 00:30,Tanta-Saeed,Rice Pudding Nuts,Medium,172.43,11,0.05,Nutella,60479,12,Female,Gold,Instapay,In-store,42,4.6,146,36.5,39.4,2,0,Traditional,Delta,0,0,265.54
102994,01/02/2024 04:15,Cairo-Zamalek,Rice Pudding Oven,Small,55.36,3,0,Lotus,65707,45,Male,Silver,Wallet,Mobile App,58,3.1,108,44.7,40.2,4,0,Traditional,Greater Cairo,0,4,23.25
106607,09/03/2024 19:30,Mansoura-Mashaya,Rice Pudding Oven,Medium,122.06,7,0,Nutella,74719,,Male,None,Wallet,Talabat,37,10,128,44.3,58.5,,1,Traditional,Delta,1,19,119.62
109673,10/04/2024 18:00,Cairo-Zamalek,Qishtouza Lotus,Medium,76.53,2,0.1,,87035,58,,,Wallet,Mobile App,106,3.9,104,28.9,36.4,,0,Modern,Greater Cairo,0,18,21.43
102377,25/01/2024 18:00,Alex-Stanly,Super B.Laban,Small,48.6,8,0.05,Lotus,61438,26,Male,Bronze,Cash,In-store,22,8.7,106,24.9,79.9,,0,Signature,Alexandria,0,18,54.43
108881,02/04/2024 12:00,Tanta-Saeed,Super B.Laban,Small,95.77,1,0,Pistachio,68663,69,Male,Gold,Credit Card,ElMenus,76,11.7,123,16.4,86.4,1,0,Signature,Delta,0,12,13.41
100360,04/01/2024 17:45,Alex-Stanly,Om Ali Cream,Medium,75.32,3,0,Nutella,51967,,Female,Gold,Cash,Talabat,14,12.8,107,41.3,39.9,1,0,Traditional,Alexandria,0,17,31.63
103840,09/02/2024 23:45,Tanta-Saeed,Super B.Laban,Large,98.86,4,0.1,None,87238,39,Female,Bronze,Instapay,Mobile App,81,3.3,117,29.2,54,2,0,Signature,Delta,1,23,55.36
108185,26/03/2024 06:00,Cairo-Zamalek,Super B.Laban,Medium,68.61,3,0,Pistachio,57334,33,Female,None,Instapay,In-store,107,10.9,149,41.4,36.8,4,0,Signature,Greater Cairo,0,6,28.82
101247,13/01/2024 23:30,Tanta-Saeed,Ice Cream Mango,Medium,171.74,11,0,Lotus,78768,66,Male,None,Instapay,In-store,112,3.2,136,39.3,36,5,0,Ice Cream,Delta,1,23,264.48
107505,19/03/2024 04:00,Dubai-Marina,Super B.Laban,Medium,41.77,4,0,Pistachio,84436,,Female,,Cash,Mobile App,94,5.5,140,20.1,58.3,1,0,Signature,UAE,0,4,23.39
108350,27/03/2024 23:15,Riyadh-Olaya,Om Ali Cream,Medium,85.77,5,0,Nutella,67294,44,Female,,Wallet,Talabat,74,11.7,135,31.4,37.6,4,0,Traditional,KSA,0,23,60.04
106512,08/03/2024 19:45,Riyadh-Olaya,Ice Cream Mango,Medium,123.14,6,0.05,,89561,16,,Silver,Cash,In-store,90,3.6,146,20.3,56.7,,0,Ice Cream,KSA,1,19,103.44
105088,22/02/2024 23:45,Dubai-Marina,Qishtouza Lotus,Small,108.05,5,0,None,72735,54,Female,Silver,Cash,Talabat,91,2.1,102,42.9,22.7,3,0,Modern,UAE,0,23,75.64
103695,08/02/2024 11:30,Riyadh-Olaya,Om Ali Cream,Medium,137.32,6,0.15,Nuts,76370,12,Female,,Credit Card,ElMenus,49,14.3,128,39.1,59.3,3,0,Traditional,KSA,0,11,115.35
101574,17/01/2024 09:15,Tanta-Saeed,Om Ali Cream,Medium,47.49,7,0.05,Nutella,67275,29,Male,,Wallet,In-store,61,7.1,135,31.9,40.6,3,0,Traditional,Delta,0,9,46.54
106282,06/03/2024 10:15,Cairo-Nasr City,Sweet Koshary Mix,Large,94.9,9,0.1,Lotus,73896,62,Female,None,Cash,In-store,67,12.7,104,31.9,22.8,1,0,Signature,Greater Cairo,0,10,119.57
105440,26/02/2024 15:45,Riyadh-Olaya,Rice Pudding Nuts,Small,123.88,8,0.1,Lotus,67128,65,Female,Silver,Instapay,In-store,111,14.1,144,35,34.1,4,0,Traditional,KSA,0,15,138.75
102568,27/01/2024 17:45,Cairo-Zamalek,Om Ali Cream,Small,43.79,10,0,,58329,33,Male,Bronze,Credit Card,Talabat,20,1.1,126,34.2,34.3,3,0,Traditional,Greater Cairo,1,17,61.31
103424,05/02/2024 15:45,Mansoura-Mashaya,Ice Cream Mango,Medium,150.69,6,0,Lotus,85948,35,Female,None,Instapay,In-store,80,6.3,113,21.3,60.2,4,0,Ice Cream,Delta,0,15,126.58
102038,22/01/2024 05:15,Dubai-Marina,Ice Cream Mango,Large,62.61,5,0,Pistachio,88202,39,Female,None,Credit Card,In-store,46,8,108,27.4,73.7,4,0,Ice Cream,UAE,0,5,43.83
109244,06/04/2024 06:45,Giza-Zayed,Rice Pudding Nuts,Medium,123.15,4,0,Nutella,86460,14,Male,,Wallet,Mobile App,97,7.9,122,39.6,89.3,2,0,Traditional,Greater Cairo,1,6,68.96
100773,09/01/2024 01:00,Cairo-Nasr City,Qishtouza Nutella,Medium,126.28,2,0.1,Lotus,64157,40,,,Instapay,In-store,38,9.6,123,43.6,29.2,1,0,Modern,Greater Cairo,0,1,35.36
105381,26/02/2024 01:00,Cairo-Nasr City,Qishtouza Nutella,Large,44.34,11,0.1,Nuts,65764,23,Male,Bronze,Cash,Talabat,64,7,124,40.7,57.4,5,0,Modern,Greater Cairo,0,1,68.28
109569,09/04/2024 16:00,Alex-Stanly,Om Ali Cream,Small,57.12,8,0,Nutella,89457,59,Male,,Instapay,Mobile App,118,0.7,131,31.4,47.2,1,0,Traditional,Alexandria,0,16,63.97
103563,07/02/2024 02:30,Giza-Zayed,Rice Pudding Oven,Medium,94.32,10,0,Nutella,56710,38,Male,Gold,Wallet,Mobile App,42,13.9,141,24.5,42.2,2,0,Traditional,Greater Cairo,0,2,132.05
100563,06/01/2024 20:30,Dubai-Marina,Qishtouza Nutella,Small,115.79,3,0,Lotus,64032,68,Female,Silver,Cash,Talabat,25,8.5,121,24.1,30.1,2,0,Modern,UAE,1,20,48.63
106684,10/03/2024 14:45,Mansoura-Mashaya,Sweet Koshary Mix,Large,132.34,4,0.05,Lotus,64919,74,Female,Bronze,Credit Card,ElMenus,57,7.9,139,26.4,86.4,1,1,Signature,Delta,1,14,74.11
102547,27/01/2024 12:30,Riyadh-Olaya,Qishtouza Lotus,Medium,171.66,1,0,Nuts,75241,72,Male,Silver,Credit Card,In-store,52,10,144,29.6,80.1,5,0,Modern,KSA,1,12,24.03
105511,27/02/2024 09:30,Riyadh-Olaya,Sweet Koshary Mix,Medium,100.8,10,0,None,61935,71,Female,Bronze,Instapay,In-store,29,9.4,114,29.6,65.3,5,0,Signature,KSA,0,9,141.12
105331,25/02/2024 12:30,Cairo-Zamalek,Qishtouza Lotus,Small,45.86,2,0,None,73007,42,,Bronze,Instapay,ElMenus,23,10.2,101,18.1,32.9,1,0,Modern,Greater Cairo,1,12,12.84
109668,10/04/2024 16:45,Dubai-Marina,Super B.Laban,Small,175.49,1,0,Nutella,78013,20,Male,Bronze,Wallet,Mobile App,25,6.9,147,25.6,74.4,3,0,Signature,UAE,0,16,24.57
104532,17/02/2024 04:45,Tanta-Saeed,Sweet Koshary Mix,Large,159.7,10,0,,73473,64,Female,Silver,Credit Card,ElMenus,70,4.3,132,37.4,20.1,3,0,Signature,Delta,1,4,223.58
101675,18/01/2024 10:30,Cairo-Nasr City,Qishtouza Lotus,Small,89.18,1,0,Pistachio,78698,30,Male,Silver,Instapay,In-store,38,2.7,118,27.3,74.1,5,0,Modern,Greater Cairo,0,10,12.49
107396,18/03/2024 00:45,Riyadh-Olaya,Ice Cream Mango,Large,94.19,10,0.05,None,81786,71,Male,Gold,Wallet,Mobile App,65,13.2,119,23.5,69.6,5,0,Ice Cream,KSA,0,0,131.87
100366,04/01/2024 19:15,Dubai-Marina,Qishtouza Nutella,Medium,146.47,5,0,Lotus,84335,70,Female,Gold,Credit Card,ElMenus,93,14,134,19.7,82.8,1,0,Modern,UAE,0,19,102.53
108017,24/03/2024 12:00,Riyadh-Olaya,Rice Pudding Nuts,Medium,103.72,5,0,Nuts,87481,280,,Gold,Wallet,Mobile App,114,0.6,105,33.3,78.7,5,0,Traditional,KSA,1,12,72.6
109377,07/04/2024 16:00,Cairo-Nasr City,Rice Pudding Nuts,Large,72.01,2,0,Nutella,56274,37,Male,Silver,Credit Card,ElMenus,80,1,103,32.5,47.4,4,0,Traditional,Greater Cairo,1,16,20.16
104328,15/02/2024 01:45,Giza-Zayed,Rice Pudding Nuts,Medium,48.39,1,0,Pistachio,76531,41,Female,None,Cash,ElMenus,31,13.6,115,31.5,54.8,2,0,Traditional,Greater Cairo,0,1,6.77
109984,13/04/2024 23:45,Alex-Stanly,Qishtouza Lotus,Medium,143.45,9,0,None,52241,67,Female,Silver,Instapay,Mobile App,20,9.4,127,35.6,86.7,2,0,Modern,Alexandria,1,23,180.75
100148,02/01/2024 12:45,Alex-Stanly,Ice Cream Mango,Medium,71.99,4,0,,52808,55,Female,Silver,Cash,Talabat,36,0.6,128,38.3,58.5,4,0,Ice Cream,Alexandria,0,12,40.31
101669,18/01/2024 09:00,Dubai-Marina,Rice Pudding Nuts,Medium,69.82,8,0,None,82623,55,Female,Gold,Credit Card,Talabat,92,12.8,114,19.4,57.8,2,0,Traditional,UAE,0,9,78.2
103089,02/02/2024 04:00,Giza-Zayed,Rice Pudding Oven,Medium,156.93,4,0,Nuts,69612,49,,,Credit Card,Mobile App,54,6.9,143,32.9,66.8,3,0,Traditional,Greater Cairo,1,4,87.88
108845,02/04/2024 03:00,Riyadh-Olaya,Rice Pudding Oven,Medium,134.72,4,0,Nutella,64344,280,Female,None,Instapay,ElMenus,46,5.4,114,35.3,40.7,2,0,Traditional,KSA,0,3,75.44
107651,20/03/2024 16:30,Cairo-Nasr City,Qishtouza Nutella,Medium,111.92,11,0,,69258,32,,,Wallet,ElMenus,16,11.6,106,16.7,44,1,0,Modern,Greater Cairo,0,16,172.36
100408,05/01/2024 05:45,Riyadh-Olaya,Om Ali Cream,Medium,120.7,5,0,Lotus,82381,30,Female,None,Cash,Mobile App,46,9.3,109,23.5,69.5,3,0,Traditional,KSA,1,5,84.49
109585,09/04/2024 20:00,Riyadh-Olaya,Qishtouza Nutella,Small,59.77,7,0.05,Nutella,82889,46,Male,None,Credit Card,Mobile App,58,13.9,136,20.7,69.6,,0,Modern,KSA,0,20,58.57
107789,22/03/2024 03:00,Giza-Zayed,Rice Pudding Oven,Medium,145.75,1,0.15,Pistachio,82714,46,Female,Bronze,Wallet,Talabat,28,3,129,30.9,44.1,,0,Traditional,Greater Cairo,1,3,20.4
103457,06/02/2024 00:00,Cairo-Nasr City,Qishtouza Lotus,Small,137.69,6,0,Nutella,74121,22,Female,Bronze,Credit Card,Mobile App,46,6.3,116,37.6,56.7,2,0,Modern,Greater Cairo,0,0,115.66
106187,05/03/2024 10:30,Mansoura-Mashaya,Super B.Laban,Medium,120.06,4,0,Nutella,81500,61,,None,Credit Card,ElMenus,80,13.5,106,33.1,63.5,2,0,Signature,Delta,0,10,67.23
104183,13/02/2024 13:30,Alex-Stanly,Om Ali Cream,Large,102.42,3,0.15,None,57676,15,,None,Cash,Talabat,48,2.8,119,36,50.2,,0,Traditional,Alexandria,0,13,43.02
103577,07/02/2024 06:00,Giza-Zayed,Ice Cream Mango,Medium,75.53,2,0,Lotus,59953,66,Male,Bronze,Credit Card,Mobile App,51,14.9,121,31.3,68.6,1,0,Ice Cream,Greater Cairo,0,6,21.15
103272,04/02/2024 01:45,Dubai-Marina,Qishtouza Lotus,Medium,48.15,8,0.05,,55593,21,Male,Bronze,Cash,ElMenus,70,14.8,113,44.4,44.7,1,0,Modern,UAE,1,1,53.93
104941,21/02/2024 11:00,Alex-Stanly,Sweet Koshary Mix,Medium,56.71,8,0.15,Nuts,85324,,Female,Bronze,Credit Card,Talabat,66,5.7,149,28.7,87,2,0,Signature,Alexandria,0,11,63.52
101032,11/01/2024 17:45,Riyadh-Olaya,Super B.Laban,Small,158.17,3,0,Nutella,57280,63,Female,None,Instapay,Mobile App,117,1.9,127,33.9,70.4,2,0,Signature,KSA,0,17,66.43
108873,02/04/2024 10:00,Cairo-Nasr City,Sweet Koshary Mix,Medium,123.79,2,0,Lotus,57295,17,Male,Silver,Credit Card,In-store,119,1.5,108,43.5,42,4,0,Signature,Greater Cairo,0,10,34.66
106231,05/03/2024 21:30,Dubai-Marina,Rice Pudding Nuts,Small,154.5,9,0,None,83841,32,Female,Bronze,Instapay,ElMenus,43,0.6,141,16.8,36.1,4,0,Traditional,UAE,0,21,194.67
106593,09/03/2024 16:00,Cairo-Nasr City,Rice Pudding Nuts,Medium,143.17,2,0,Nutella,65778,33,,None,Cash,ElMenus,113,13.4,105,19,31.3,5,0,Traditional,Greater Cairo,1,16,40.09
108907,02/04/2024 18:30,Alex-Stanly,Rice Pudding Nuts,Large,175.14,5,0,,55842,58,Female,Silver,Instapay,Talabat,49,14.3,134,32,45.1,1,0,Traditional,Alexandria,0,18,122.6
109812,12/04/2024 04:45,Cairo-Zamalek,Rice Pudding Nuts,Large,70.12,6,0,,88557,38,Female,None,Wallet,In-store,116,12.8,143,23.6,65.1,5,0,Traditional,Greater Cairo,1,4,58.9
106725,11/03/2024 01:00,Tanta-Saeed,Om Ali Cream,Large,153.63,1,0,Nuts,50303,14,Male,Gold,Credit Card,Mobile App,15,1.4,120,16.9,72.5,4,0,Traditional,Delta,0,1,21.51
108030,24/03/2024 15:15,Tanta-Saeed,Super B.Laban,Large,167.78,11,0,Lotus,72860,56,Male,,Wallet,In-store,32,7.3,116,18,54.7,2,0,Signature,Delta,1,15,258.38
108053,24/03/2024 21:00,Cairo-Zamalek,Om Ali Cream,Large,74.58,8,0,Pistachio,77003,41,,None,Credit Card,Mobile App,63,4.5,125,15.4,42.2,2,0,Traditional,Greater Cairo,1,21,83.53
100856,09/01/2024 21:45,Mansoura-Mashaya,Rice Pudding Oven,Medium,93.31,6,0.15,Nuts,69201,67,,Silver,Credit Card,In-store,85,4,101,27.8,45.9,2,0,Traditional,Delta,0,21,78.38
103927,10/02/2024 21:30,Alex-Stanly,Rice Pudding Oven,Small,75.51,8,0.1,,75460,68,Male,,Cash,Mobile App,43,10.2,120,24.4,48.4,3,0,Traditional,Alexandria,1,21,84.57
108548,30/03/2024 00:45,Cairo-Nasr City,Super B.Laban,Medium,122.13,2,0,None,88297,44,Male,Gold,Credit Card,ElMenus,13,11.6,148,21,56.5,1,0,Signature,Greater Cairo,1,0,34.2
100079,01/01/2024 19:30,Dubai-Marina,Qishtouza Nutella,Small,150.08,10,0.15,Nuts,83025,,Male,None,Credit Card,Talabat,117,7.9,145,18.1,85.2,,0,Modern,UAE,0,19,210.11
107089,14/03/2024 20:00,Dubai-Marina,Rice Pudding Oven,Medium,76.08,8,0,Lotus,52273,66,Male,None,Wallet,Talabat,100,5.5,141,21,58.1,2,0,Traditional,UAE,0,20,85.21
102248,24/01/2024 09:45,Dubai-Marina,Rice Pudding Nuts,Small,154.96,10,0,Nuts,63843,29,Female,Gold,Wallet,Mobile App,93,8.9,139,23.7,43.9,1,0,Traditional,UAE,0,9,216.94
108264,27/03/2024 01:45,Mansoura-Mashaya,Om Ali Cream,Large,67.83,10,0,Pistachio,79522,39,Male,None,Instapay,Talabat,75,9.3,134,34.9,66.3,1,0,Traditional,Delta,0,1,94.96
104027,11/02/2024 22:30,Cairo-Nasr City,Qishtouza Nutella,Medium,173.56,7,0,Pistachio,75383,71,Female,,Wallet,Mobile App,65,1.5,128,25.4,27.3,1,0,Modern,Greater Cairo,1,22,170.09
109950,13/04/2024 15:15,Tanta-Saeed,Rice Pudding Oven,Medium,106.52,5,0,Nutella,53169,37,Female,None,Cash,ElMenus,38,7.8,104,33,72.7,2,0,Traditional,Delta,1,15,74.56
109572,09/04/2024 16:45,Mansoura-Mashaya,Qishtouza Lotus,Large,178.89,4,0.05,Pistachio,72410,47,Male,Gold,Cash,Mobile App,109,14,149,44.9,34.5,4,0,Modern,Delta,0,16,100.18
109296,06/04/2024 19:45,Alex-Stanly,Sweet Koshary Mix,Small,132.41,3,0,Lotus,65737,25,Male,None,Instapay,Mobile App,81,14.8,131,41.8,70.2,2,0,Signature,Alexandria,1,19,55.61
100715,08/01/2024 10:30,Riyadh-Olaya,Super B.Laban,Large,53.54,6,0.05,None,62234,64,Male,,Cash,ElMenus,53,5.5,121,33.6,53.4,5,0,Signature,KSA,0,10,44.97
107452,18/03/2024 14:45,Tanta-Saeed,Rice Pudding Nuts,Small,84.66,6,0,,85324,50,,Bronze,Wallet,Mobile App,54,14.9,149,42.8,53.2,1,0,Traditional,Delta,0,14,71.11
100789,09/01/2024 05:00,Riyadh-Olaya,Super B.Laban,Large,70.63,11,0,None,59739,13,Male,Bronze,Credit Card,In-store,96,2.2,117,42.7,40.3,3,0,Signature,KSA,0,5,108.77
102280,24/01/2024 17:45,Alex-Stanly,Rice Pudding Nuts,Medium,97.18,10,0,Lotus,77319,49,Female,Gold,Cash,Talabat,35,14.4,107,16.5,72.6,1,0,Traditional,Alexandria,0,17,136.05
104096,12/02/2024 15:45,Cairo-Nasr City,Super B.Laban,Large,146.68,1,0,Nuts,56377,37,Female,Gold,Credit Card,Talabat,87,2.6,115,27.9,21.7,3,0,Signature,Greater Cairo,0,15,20.54
103898,10/02/2024 14:15,Cairo-Nasr City,Rice Pudding Oven,Small,131.97,11,0.1,None,62316,47,Female,,Wallet,ElMenus,19,11.6,134,35.1,46,2,0,Traditional,Greater Cairo,1,14,203.23
107945,23/03/2024 18:00,Alex-Stanly,Qishtouza Lotus,Medium,45.48,3,0,Nutella,57399,39,Male,Silver,Credit Card,Mobile App,67,14.2,130,28.6,89,1,0,Modern,Alexandria,1,18,19.1
107178,15/03/2024 18:15,Riyadh-Olaya,Rice Pudding Oven,Medium,79.82,7,0,,80448,63,Male,Bronze,Wallet,ElMenus,112,6.2,119,34.4,71.9,,0,Traditional,KSA,1,18,78.22
109077,04/04/2024 13:00,Riyadh-Olaya,Rice Pudding Oven,Large,56.49,5,0,Pistachio,73199,38,Male,,Credit Card,In-store,39,9.9,145,34.1,62.9,5,0,Traditional,KSA,0,13,39.54
109453,08/04/2024 11:00,Giza-Zayed,Ice Cream Mango,Medium,78.91,8,0,Lotus,63576,57,,Bronze,Instapay,ElMenus,89,0.8,119,24.7,86.8,4,0,Ice Cream,Greater Cairo,0,11,88.38
103632,07/02/2024 19:45,Cairo-Nasr City,Qishtouza Lotus,Small,61.09,9,0,,84738,15,Male,Gold,Instapay,Talabat,53,9.4,106,31.4,84.6,5,0,Modern,Greater Cairo,0,19,76.97
108625,30/03/2024 20:00,Cairo-Nasr City,Rice Pudding Nuts,Large,152.28,6,0,Pistachio,60866,70,Female,,Cash,Talabat,41,8.6,117,19.1,89.7,1,0,Traditional,Greater Cairo,1,20,127.92
107298,17/03/2024 00:15,Tanta-Saeed,Qishtouza Nutella,Large,138,1,0.15,Pistachio,66097,24,Female,,Cash,In-store,26,3,114,30.3,59.8,2,0,Modern,Delta,1,0,19.32
106273,06/03/2024 08:00,Cairo-Nasr City,Om Ali Cream,Large,87.91,9,0,Pistachio,62996,33,Male,None,Instapay,In-store,76,5.6,144,18.7,42,2,0,Traditional,Greater Cairo,0,8,110.77
100425,05/01/2024 10:00,Riyadh-Olaya,Rice Pudding Oven,Large,169.73,11,0,Nuts,88449,42,Male,,Wallet,Mobile App,16,6.3,128,16.2,60.1,5,0,Traditional,KSA,1,10,261.38
100393,05/01/2024 02:00,Riyadh-Olaya,Super B.Laban,Medium,78.12,10,0,Lotus,77626,13,Male,None,Wallet,ElMenus,101,12.1,104,19.7,64.3,3,0,Signature,KSA,1,2,109.37
103192,03/02/2024 05:45,Riyadh-Olaya,Rice Pudding Oven,Medium,62.08,11,0.1,Nuts,64658,,Male,Gold,Credit Card,In-store,19,5.2,133,26.1,53,3,0,Traditional,KSA,1,5,95.6
100017,01/01/2024 04:00,Giza-Zayed,Rice Pudding Nuts,Small,143.85,1,0,Pistachio,74581,54,Male,,Wallet,Talabat,93,7.8,115,36.9,76.1,4,0,Traditional,Greater Cairo,0,4,20.14
106336,06/03/2024 23:45,Cairo-Nasr City,Super B.Laban,Large,154.33,4,0,Nuts,52993,13,,Gold,Wallet,Talabat,50,12.8,117,20.3,86.9,1,0,Signature,Greater Cairo,0,23,86.42
104201,13/02/2024 18:00,Riyadh-Olaya,Ice Cream Mango,Medium,150.96,2,0.05,Lotus,89738,,Male,Bronze,Credit Card,Talabat,82,1.5,109,18.4,25.4,5,0,Ice Cream,KSA,0,18,42.27
102673,28/01/2024 20:00,Cairo-Zamalek,Ice Cream Mango,Medium,79.56,4,0.15,Nutella,66374,16,Female,Gold,Wallet,Talabat,45,0.7,126,30.1,75.1,5,0,Ice Cream,Greater Cairo,1,20,44.55
102445,26/01/2024 11:00,Giza-Zayed,Om Ali Cream,Small,166.58,11,0,None,74227,48,,Gold,Instapay,Mobile App,23,14.8,146,21.5,29.9,1,0,Traditional,Greater Cairo,1,11,256.53
106698,10/03/2024 18:15,Cairo-Nasr City,Qishtouza Nutella,Medium,43.6,3,0,Lotus,55172,54,Female,Bronze,Cash,Mobile App,26,5.7,132,27.5,60.8,4,0,Modern,Greater Cairo,1,18,18.31
106165,05/03/2024 05:00,Alex-Stanly,Qishtouza Lotus,Medium,86.07,10,0,Lotus,71816,52,Female,Silver,Credit Card,ElMenus,61,13.6,107,40.2,89.8,1,0,Modern,Alexandria,0,5,120.5
102602,28/01/2024 02:15,Cairo-Nasr City,Ice Cream Mango,Medium,179.54,4,0,None,68208,59,Male,None,Cash,Talabat,69,10.9,139,21.1,79.1,1,0,Ice Cream,Greater Cairo,1,2,100.54
103494,06/02/2024 09:15,Tanta-Saeed,Qishtouza Lotus,Medium,100.33,2,0,Lotus,59733,45,Male,Silver,Wallet,Mobile App,16,6.2,122,23.1,84.2,1,1,Modern,Delta,0,9,28.09
106045,03/03/2024 23:00,Alex-Stanly,Om Ali Cream,Medium,94.03,9,0,Lotus,64590,65,Male,Bronze,Credit Card,Talabat,22,6.5,124,35.8,21.6,2,0,Traditional,Alexandria,1,23,118.48
101460,16/01/2024 04:45,Alex-Stanly,Om Ali Cream,Large,144.53,11,0.1,Lotus,55572,67,Female,Bronze,Instapay,ElMenus,85,5.8,112,34,62.8,2,1,Traditional,Alexandria,0,4,222.58
103805,09/02/2024 15:00,Cairo-Zamalek,Om Ali Cream,Large,86.57,2,0.05,,67260,53,Male,Gold,Credit Card,In-store,21,1.3,138,43.5,35.6,4,0,Traditional,Greater Cairo,1,15,24.24
109846,12/04/2024 13:15,Dubai-Marina,Qishtouza Lotus,Small,86.35,2,0.15,Nutella,52635,67,Female,Bronze,Wallet,Mobile App,12,10,116,27.4,68.3,1,0,Modern,UAE,1,13,24.18
107395,18/03/2024 00:30,Dubai-Marina,Om Ali Cream,Medium,83.09,6,0,Nuts,72529,36,Male,Gold,Instapay,ElMenus,99,7.2,110,20.7,87.8,3,0,Traditional,UAE,0,0,69.8
104840,20/02/2024 09:45,Alex-Stanly,Ice Cream Mango,Medium,164.98,4,0,Pistachio,87060,,Male,None,Instapay,Mobile App,100,6.9,117,31.7,30.9,1,0,Ice Cream,Alexandria,0,9,92.39
108112,25/03/2024 11:45,Dubai-Marina,Sweet Koshary Mix,Small,85.7,8,0.15,Lotus,62638,64,Female,None,Credit Card,In-store,45,15,131,30.6,22.8,3,0,Signature,UAE,0,11,95.98
103836,09/02/2024 22:45,Cairo-Zamalek,Om Ali Cream,Medium,122.16,5,0.1,None,85097,21,Female,Bronze,Wallet,ElMenus,25,7.4,145,17.6,22.7,5,1,Traditional,Greater Cairo,1,22,85.51
109314,07/04/2024 00:15,Cairo-Zamalek,Sweet Koshary Mix,Medium,91.19,8,0.1,None,81293,13,Male,Gold,Wallet,Mobile App,30,13.3,121,31.4,23.1,2,0,Signature,Greater Cairo,1,0,102.13
105684,29/02/2024 04:45,Tanta-Saeed,Sweet Koshary Mix,Large,80.24,1,0.05,Nuts,61695,53,Female,Silver,Credit Card,Talabat,53,1.7,102,34.1,42.4,,0,Signature,Delta,0,4,11.23
108749,01/04/2024 03:00,Mansoura-Mashaya,Ice Cream Mango,Small,62.81,6,0,Nutella,76384,30,Male,Gold,Instapay,Mobile App,30,2.7,138,27.6,40,3,0,Ice Cream,Delta,0,3,52.76
105828,01/03/2024 16:45,Giza-Zayed,Rice Pudding Oven,Medium,145.42,6,0,Lotus,73726,57,Male,Gold,Instapay,Mobile App,51,1.9,148,43.1,46.5,5,0,Traditional,Greater Cairo,1,16,122.15
109749,11/04/2024 13:00,Cairo-Zamalek,Qishtouza Nutella,Large,154.5,9,0,Nutella,64375,19,Male,,Cash,Talabat,99,4.6,108,43.4,63,1,0,Modern,Greater Cairo,0,13,194.67
104725,19/02/2024 05:00,Alex-Stanly,Om Ali Cream,Large,170.48,8,0,None,81194,32,,Gold,Instapay,Mobile App,117,0.9,138,17.8,71.5,,0,Traditional,Alexandria,0,5,190.94
108760,01/04/2024 05:45,Alex-Stanly,Rice Pudding Oven,Medium,103.5,7,0.15,Nutella,55377,,,None,Credit Card,ElMenus,57,8.1,118,26.1,42.3,1,0,Traditional,Alexandria,0,5,101.43
105888,02/03/2024 07:45,Alex-Stanly,Qishtouza Lotus,Medium,83.83,6,0,Lotus,58504,50,Female,None,Cash,Talabat,20,11.5,133,40,66,1,0,Modern,Alexandria,1,7,70.42
102356,25/01/2024 12:45,Alex-Stanly,Om Ali Cream,Medium,54.98,9,0.15,Pistachio,89698,61,Female,Silver,Wallet,ElMenus,107,12,129,32.6,41.2,3,0,Traditional,Alexandria,0,12,69.27
106037,03/03/2024 21:00,Tanta-Saeed,Qishtouza Nutella,Medium,67.17,3,0,None,67908,48,Male,Bronze,Wallet,ElMenus,88,5.5,137,20.5,60.5,5,0,Modern,Delta,1,21,28.21
104799,19/02/2024 23:30,Giza-Zayed,Qishtouza Lotus,Medium,133.78,6,0.1,Nuts,61766,,Male,Gold,Wallet,ElMenus,117,12,131,38.7,28.3,2,1,Modern,Greater Cairo,0,23,112.38
102443,26/01/2024 10:30,Giza-Zayed,Rice Pudding Oven,Large,71.16,7,0,Pistachio,56896,52,Male,Silver,Cash,In-store,36,5.8,104,30.1,62.5,2,0,Traditional,Greater Cairo,1,10,69.74
108646,31/03/2024 01:15,Cairo-Zamalek,Sweet Koshary Mix,Medium,99.85,10,0.15,Lotus,71184,34,Male,Silver,Wallet,ElMenus,39,10.5,107,34.4,41.2,4,0,Signature,Greater Cairo,1,1,139.79
104593,17/02/2024 20:00,Tanta-Saeed,Qishtouza Lotus,Large,166,11,0.05,Pistachio,82574,66,Male,,Wallet,ElMenus,54,7.9,139,19.6,79.2,1,0,Modern,Delta,1,20,255.64
108773,01/04/2024 09:00,Mansoura-Mashaya,Ice Cream Mango,Large,79.1,3,0.1,Pistachio,69412,32,Female,Gold,Instapay,Mobile App,14,7.9,117,22.1,58.5,5,0,Ice Cream,Delta,0,9,33.22
100465,05/01/2024 20:00,Giza-Zayed,Qishtouza Lotus,Small,177.15,1,0,Nutella,86830,72,Female,Silver,Credit Card,In-store,78,1,137,15.8,38.2,4,0,Modern,Greater Cairo,1,20,24.8
100164,02/01/2024 16:45,Giza-Zayed,Om Ali Cream,Medium,149.61,10,0.15,Lotus,74558,51,Female,,Cash,Talabat,52,3.2,109,17.4,26.2,,0,Traditional,Greater Cairo,0,16,209.45
109262,06/04/2024 11:15,Tanta-Saeed,Ice Cream Mango,Large,54.12,1,0,,66938,,Male,Silver,Cash,Mobile App,20,13.8,136,17.9,32.9,5,0,Ice Cream,Delta,1,11,7.58
109434,08/04/2024 06:15,Cairo-Nasr City,Rice Pudding Nuts,Medium,170.9,7,0,None,88024,50,Female,None,Instapay,Mobile App,18,4.4,127,42.3,57.5,2,1,Traditional,Greater Cairo,0,6,167.48
108406,28/03/2024 13:15,Riyadh-Olaya,Ice Cream Mango,Small,83.98,4,0,Nuts,63886,14,Male,None,Wallet,Talabat,103,14.9,107,32.4,85.5,4,0,Ice Cream,KSA,0,13,47.03
109778,11/04/2024 20:15,Riyadh-Olaya,Ice Cream Mango,Medium,146.52,2,0.15,Nutella,72709,64,Male,None,Instapay,ElMenus,93,9.2,118,38,21.9,2,0,Ice Cream,KSA,0,20,41.03
109479,08/04/2024 17:30,Riyadh-Olaya,Super B.Laban,Medium,74.61,6,0,None,56298,44,Male,Gold,Instapay,ElMenus,64,4.2,143,34.9,55,2,0,Signature,KSA,0,17,62.67
107381,17/03/2024 21:00,Riyadh-Olaya,Om Ali Cream,Large,156.43,1,0.05,Nutella,73007,,,Gold,Cash,Mobile App,34,4,134,26.2,69.5,5,0,Traditional,KSA,1,21,21.9
106637,10/03/2024 03:00,Giza-Zayed,Om Ali Cream,Large,132.25,5,0,Nuts,77525,63,Female,Bronze,Cash,Mobile App,94,9.6,109,40.7,37.1,2,0,Traditional,Greater Cairo,1,3,92.58
100242,03/01/2024 12:15,Dubai-Marina,Om Ali Cream,Medium,151,11,0,Nuts,62418,16,Female,,Wallet,Mobile App,90,5.8,142,26.7,68.8,2,0,Traditional,UAE,0,12,232.54
102010,21/01/2024 22:15,Cairo-Nasr City,Qishtouza Lotus,Large,151.97,5,0,Nuts,56319,26,,Silver,Instapay,Talabat,56,6.9,111,40.2,47.4,5,0,Modern,Greater Cairo,1,22,106.38
106357,07/03/2024 05:00,Mansoura-Mashaya,Sweet Koshary Mix,Small,56.86,8,0,,59306,,Male,,Instapay,Mobile App,33,9.9,129,22.8,34.2,1,0,Signature,Delta,0,5,63.68
103085,02/02/2024 03:00,Cairo-Zamalek,Sweet Koshary Mix,Medium,120.8,5,0,None,69615,62,Male,None,Wallet,In-store,69,3.9,109,44.6,26.1,5,0,Signature,Greater Cairo,1,3,84.56
106209,05/03/2024 16:00,Dubai-Marina,Om Ali Cream,Medium,65.27,10,0.15,Nutella,61503,,Male,None,Instapay,In-store,18,8.8,126,16.3,39.7,4,1,Traditional,UAE,0,16,91.38
100901,10/01/2024 09:00,Mansoura-Mashaya,Rice Pudding Oven,Medium,156.27,4,0,,70029,70,Male,None,Credit Card,Talabat,111,9.5,119,27,85.3,4,0,Traditional,Delta,0,9,87.51
105543,27/02/2024 17:30,Tanta-Saeed,Sweet Koshary Mix,Small,131.68,5,0,Nutella,89250,49,Male,Silver,Wallet,In-store,96,0.9,133,22.8,37.7,3,0,Signature,Delta,0,17,92.18
106008,03/03/2024 13:45,Dubai-Marina,Ice Cream Mango,Small,132.47,6,0.15,Nuts,54482,49,Female,,Instapay,ElMenus,28,9.8,140,15.7,32,4,0,Ice Cream,UAE,1,13,111.27
107639,20/03/2024 13:30,Tanta-Saeed,Rice Pudding Nuts,Medium,156.5,3,0,Nuts,50991,33,Male,Gold,Cash,In-store,26,0.6,148,38.5,28.7,4,0,Traditional,Delta,0,13,65.73
106794,11/03/2024 18:15,Cairo-Zamalek,Ice Cream Mango,Large,120.82,3,0,Lotus,82515,33,Female,Gold,Credit Card,Mobile App,57,6.5,122,32.2,62.7,5,0,Ice Cream,Greater Cairo,0,18,50.74
108870,02/04/2024 09:15,Mansoura-Mashaya,Ice Cream Mango,Medium,177.87,3,0,Nuts,52738,66,Male,Silver,Credit Card,ElMenus,96,12.4,113,32.8,33.6,5,0,Ice Cream,Delta,0,9,74.71
107759,21/03/2024 19:30,Tanta-Saeed,Sweet Koshary Mix,Small,155.92,10,0,Pistachio,66079,66,Female,Gold,Wallet,ElMenus,89,2.5,125,31,62.6,2,0,Signature,Delta,0,19,218.29
104838,20/02/2024 09:15,Alex-Stanly,Ice Cream Mango,Large,147.28,6,0,Pistachio,55608,19,Male,None,Instapay,Talabat,104,10,115,42.2,60.6,5,0,Ice Cream,Alexandria,0,9,123.72
102294,24/01/2024 21:15,Riyadh-Olaya,Super B.Laban,Medium,57.83,10,0,Pistachio,52589,72,Male,Silver,Cash,ElMenus,28,14.4,105,43.8,20.9,4,0,Signature,KSA,0,21,80.96
106549,09/03/2024 05:00,Cairo-Nasr City,Qishtouza Lotus,Medium,156.4,9,0.05,Pistachio,53105,68,Female,Bronze,Instapay,Talabat,118,8.8,137,28.7,63.2,1,0,Modern,Greater Cairo,1,5,197.06
107899,23/03/2024 06:30,Alex-Stanly,Om Ali Cream,Medium,128.83,9,0.15,Lotus,61037,53,Female,Silver,Instapay,ElMenus,76,3.9,138,22.1,70,5,0,Traditional,Alexandria,1,6,162.33
107978,24/03/2024 02:15,Dubai-Marina,Sweet Koshary Mix,Small,94.99,9,0,None,78727,28,Female,Silver,Instapay,ElMenus,30,11,127,16.9,23.6,2,0,Signature,UAE,1,2,119.69
104482,16/02/2024 16:15,Riyadh-Olaya,Super B.Laban,Medium,72.32,5,0,Lotus,52061,,Male,Bronze,Credit Card,ElMenus,50,11,141,30.6,70.3,1,1,Signature,KSA,1,16,50.62
105303,25/02/2024 05:30,Tanta-Saeed,Sweet Koshary Mix,Medium,165.96,9,0,Lotus,53793,47,Male,Silver,Credit Card,Talabat,20,7.6,123,23,85,3,1,Signature,Delta,1,5,209.11
104606,17/02/2024 23:15,Cairo-Zamalek,Sweet Koshary Mix,Large,103.5,5,0,Pistachio,85752,,Female,Gold,Wallet,ElMenus,111,9.5,135,25.2,25.8,5,0,Signature,Greater Cairo,1,23,72.45
103717,08/02/2024 17:00,Riyadh-Olaya,Ice Cream Mango,Medium,149.67,10,0,Nutella,82701,19,Female,Gold,Wallet,Talabat,86,2.6,149,43.3,23.6,,0,Ice Cream,KSA,0,17,209.54
109072,04/04/2024 11:45,Mansoura-Mashaya,Rice Pudding Nuts,Medium,132.56,8,0,None,55820,15,Male,Gold,Wallet,In-store,55,10.8,127,17.9,27.1,,0,Traditional,Delta,0,11,148.47
106141,04/03/2024 23:00,Cairo-Nasr City,Qishtouza Nutella,Medium,99.95,5,0,None,78122,,,Gold,Instapay,Mobile App,13,5.4,115,31.1,65.1,3,0,Modern,Greater Cairo,0,23,69.96
101765,19/01/2024 09:00,Mansoura-Mashaya,Ice Cream Mango,Medium,123.46,10,0,None,67598,49,,,Cash,Talabat,41,6.6,120,19.3,23,3,1,Ice Cream,Delta,1,9,172.84
106599,09/03/2024 17:30,Mansoura-Mashaya,Qishtouza Lotus,Medium,168.6,10,0,Nutella,52303,17,Male,Bronze,Credit Card,Talabat,76,5.3,149,17.5,76.4,5,0,Modern,Delta,1,17,236.04
101550,17/01/2024 03:15,Riyadh-Olaya,Rice Pudding Oven,Large,134.52,1,0.1,None,66195,33,Male,Bronze,Instapay,In-store,93,8.6,145,43.8,47.6,1,1,Traditional,KSA,0,3,18.83
103030,01/02/2024 13:15,Alex-Stanly,Sweet Koshary Mix,Medium,59.9,5,0,Nuts,50861,21,Female,None,Credit Card,Talabat,61,8.8,118,36,27.1,5,0,Signature,Alexandria,0,13,41.93
108654,31/03/2024 03:15,Dubai-Marina,Rice Pudding Nuts,Large,137.39,2,0,Nutella,65397,40,Female,None,Instapay,Talabat,45,13.6,142,40.7,88.6,5,0,Traditional,UAE,1,3,38.47
106299,06/03/2024 14:30,Mansoura-Mashaya,Qishtouza Lotus,Medium,133.84,11,0,Nuts,66250,58,,None,Credit Card,ElMenus,73,12.5,119,26.4,69.5,2,0,Modern,Delta,0,14,206.11
106663,10/03/2024 09:30,Mansoura-Mashaya,Super B.Laban,Large,124.1,9,0,Nutella,83643,56,Male,,Wallet,In-store,46,6,127,24.3,43,3,0,Signature,Delta,1,9,156.37
106627,10/03/2024 00:30,Alex-Stanly,Qishtouza Nutella,Medium,162.64,5,0,Lotus,78906,59,Female,Gold,Wallet,ElMenus,31,14,115,15,84.9,1,0,Modern,Alexandria,1,0,113.85
102045,22/01/2024 07:00,Riyadh-Olaya,Rice Pudding Oven,Large,141.87,6,0,Lotus,72750,28,Female,None,Wallet,Talabat,110,2.6,146,27.1,75.1,3,0,Traditional,KSA,0,7,119.17
100768,08/01/2024 23:45,Riyadh-Olaya,Ice Cream Mango,Medium,155.02,4,0,None,88840,57,Male,Bronze,Instapay,Talabat,64,1.5,115,17,89.4,3,0,Ice Cream,KSA,0,23,86.81
105694,29/02/2024 07:15,Mansoura-Mashaya,Super B.Laban,Small,110.51,4,0,Pistachio,84781,74,Female,Gold,Credit Card,ElMenus,117,3.6,127,15,81.7,4,0,Signature,Delta,0,7,61.89
107871,22/03/2024 23:30,Riyadh-Olaya,Super B.Laban,Small,55.22,8,0,Lotus,81309,64,Female,Silver,Cash,Mobile App,75,6.8,144,39.9,45.9,,0,Signature,KSA,1,23,61.85
107796,22/03/2024 04:45,Tanta-Saeed,Qishtouza Lotus,Small,155.2,10,0,None,68484,38,Female,Bronze,Credit Card,In-store,24,4.4,141,35.2,21.5,,0,Modern,Delta,1,4,217.28
101509,16/01/2024 17:00,Riyadh-Olaya,Sweet Koshary Mix,Medium,133.27,9,0,Pistachio,80344,27,Male,Bronze,Cash,Mobile App,22,2.7,129,44,46.7,4,0,Signature,KSA,0,17,167.92
107231,16/03/2024 07:30,Alex-Stanly,Ice Cream Mango,Medium,48.58,7,0.1,Pistachio,68458,45,Male,Bronze,Wallet,Mobile App,50,13,128,17.6,63.5,4,0,Ice Cream,Alexandria,1,7,47.61
107858,22/03/2024 20:15,Cairo-Zamalek,Super B.Laban,Large,137.27,7,0,None,62017,24,Male,,Credit Card,In-store,39,3.5,134,19.2,87.6,2,0,Signature,Greater Cairo,1,20,134.52
103303,04/02/2024 09:30,Cairo-Nasr City,Qishtouza Nutella,Medium,84.96,1,0.15,Lotus,52531,41,Female,None,Instapay,In-store,112,4.7,123,17.2,29.1,2,0,Modern,Greater Cairo,1,9,11.89
104518,17/02/2024 01:15,Tanta-Saeed,Sweet Koshary Mix,Medium,173.92,11,0,Nutella,56407,65,Female,None,Wallet,Mobile App,44,12.6,141,35.1,73,3,0,Signature,Delta,1,1,267.84
104220,13/02/2024 22:45,Tanta-Saeed,Om Ali Cream,Medium,170.34,4,0,Lotus,57216,66,Female,None,Credit Card,Talabat,56,10,106,28,33,5,0,Traditional,Delta,0,22,95.39
109079,04/04/2024 13:30,Dubai-Marina,Rice Pudding Nuts,Small,142.98,7,0,Pistachio,58585,24,Female,Silver,Wallet,In-store,110,10.2,120,27.7,55.7,,1,Traditional,UAE,0,13,140.12
109941,13/04/2024 13:00,Tanta-Saeed,Rice Pudding Nuts,Small,156.97,7,0,Pistachio,66865,67,Male,Bronze,Instapay,Talabat,16,4.9,138,33.4,59.2,4,0,Traditional,Delta,1,13,153.83
103293,04/02/2024 07:00,Cairo-Nasr City,Om Ali Cream,Medium,119.93,2,0.15,,87496,22,Male,Bronze,Wallet,ElMenus,72,8.6,118,18.7,43.7,,0,Traditional,Greater Cairo,1,7,33.58
100820,09/01/2024 12:45,Cairo-Nasr City,Super B.Laban,Medium,69.35,1,0,Nutella,63942,12,Female,,Credit Card,Mobile App,92,10.7,117,23.4,72,4,0,Signature,Greater Cairo,0,12,9.71
101404,15/01/2024 14:45,Tanta-Saeed,Qishtouza Nutella,Medium,114.01,3,0.05,,73647,68,Male,Gold,Wallet,Talabat,17,1.6,115,27.9,20.6,1,0,Modern,Delta,0,14,47.88
101383,15/01/2024 09:30,Alex-Stanly,Ice Cream Mango,Medium,51.71,2,0.15,,69541,35,Female,Bronze,Credit Card,ElMenus,102,5.8,138,26,74.3,2,0,Ice Cream,Alexandria,0,9,14.48
102149,23/01/2024 09:00,Tanta-Saeed,Rice Pudding Oven,Small,148.55,5,0,Nutella,70331,44,,Bronze,Credit Card,In-store,102,12.9,133,43.6,75.4,1,0,Traditional,Delta,0,9,103.99
106929,13/03/2024 04:00,Dubai-Marina,Rice Pudding Nuts,Small,77.07,3,0,None,68918,39,Female,,Credit Card,In-store,66,10.9,113,21.6,67.2,5,0,Traditional,UAE,0,4,32.37
105672,29/02/2024 01:45,Cairo-Zamalek,Rice Pudding Nuts,Medium,44.36,10,0,None,63588,49,Female,Bronze,Instapay,ElMenus,79,1.1,102,32.1,51.6,4,1,Traditional,Greater Cairo,0,1,62.1
101639,18/01/2024 01:30,Cairo-Nasr City,Qishtouza Nutella,Medium,163.27,2,0,None,67523,74,Male,Gold,Wallet,In-store,101,11.5,105,21,20.1,3,0,Modern,Greater Cairo,0,1,45.72
105892,02/03/2024 08:45,Cairo-Nasr City,Sweet Koshary Mix,Medium,79.94,1,0.15,Nuts,83430,35,Male,Bronze,Cash,Mobile App,66,10.4,118,32,46,2,0,Signature,Greater Cairo,1,8,11.19
107428,18/03/2024 08:45,Giza-Zayed,Rice Pudding Nuts,Small,128.83,8,0.15,Pistachio,65224,52,Male,Gold,Credit Card,ElMenus,107,3,112,34.8,56.1,1,0,Traditional,Greater Cairo,0,8,144.29
100609,07/01/2024 08:00,Giza-Zayed,Sweet Koshary Mix,Large,156.16,5,0.05,Nuts,61396,55,Female,None,Wallet,Mobile App,87,5,126,44.1,56.1,,0,Signature,Greater Cairo,1,8,109.31
106908,12/03/2024 22:45,Riyadh-Olaya,Sweet Koshary Mix,Small,95.01,9,0.1,Lotus,62166,55,Female,Silver,Cash,In-store,24,12.9,101,35,70,3,0,Signature,KSA,0,22,119.71
100400,05/01/2024 03:45,Cairo-Nasr City,Qishtouza Nutella,Medium,127.23,11,0,Lotus,89460,56,Male,,Wallet,Mobile App,97,7.3,116,17.8,85,4,0,Modern,Greater Cairo,1,3,195.93
107248,16/03/2024 11:45,Giza-Zayed,Qishtouza Nutella,Large,59.39,9,0,Lotus,62926,60,Female,Bronze,Wallet,ElMenus,79,4.4,105,25.8,80.5,,0,Modern,Greater Cairo,1,11,74.83
106407,07/03/2024 17:30,Tanta-Saeed,Sweet Koshary Mix,Medium,128.6,4,0,None,64501,56,Female,Bronze,Cash,In-store,116,6.2,142,44.6,86.7,1,0,Signature,Delta,0,17,72.02
100883,10/01/2024 04:30,Alex-Stanly,Rice Pudding Nuts,Medium,146.63,10,0,Nutella,58489,26,Male,,Credit Card,ElMenus,46,14.1,119,32.1,46.3,,0,Traditional,Alexandria,0,4,205.28
103566,07/02/2024 03:15,Giza-Zayed,Rice Pudding Oven,Medium,133.51,6,0,Nuts,73201,,Female,Bronze,Wallet,In-store,100,10.5,126,30.6,85.6,2,0,Traditional,Greater Cairo,0,3,112.15
104286,14/02/2024 15:15,Giza-Zayed,Rice Pudding Oven,Medium,97.96,5,0,None,52326,38,,Silver,Instapay,Mobile App,27,4.1,145,25.8,59.8,3,0,Traditional,Greater Cairo,0,15,68.57
101180,13/01/2024 06:45,Alex-Stanly,Qishtouza Nutella,Small,83.01,4,0,Pistachio,53956,45,Female,,Cash,In-store,74,3.3,113,43.2,71.6,1,0,Modern,Alexandria,1,6,46.49
105449,26/02/2024 18:00,Tanta-Saeed,Sweet Koshary Mix,Medium,40.78,4,0.05,,51158,,,Bronze,Wallet,In-store,54,11.7,134,41.1,57.1,4,0,Signature,Delta,0,18,22.84
104245,14/02/2024 05:00,Riyadh-Olaya,Om Ali Cream,Large,94.13,5,0.1,Pistachio,56304,56,,Silver,Cash,Talabat,29,2.1,147,41.6,32.8,2,0,Traditional,KSA,0,5,65.89
105219,24/02/2024 08:30,Dubai-Marina,Rice Pudding Oven,Medium,85.02,5,0,,73506,26,Male,Silver,Wallet,ElMenus,14,2.7,114,30,49.4,3,0,Traditional,UAE,1,8,59.51
103977,11/02/2024 10:00,Cairo-Nasr City,Ice Cream Mango,Medium,83.15,1,0,Lotus,53263,,Male,Bronze,Credit Card,ElMenus,22,12.7,124,16.3,51,4,0,Ice Cream,Greater Cairo,1,10,11.64
102131,23/01/2024 04:30,Mansoura-Mashaya,Rice Pudding Nuts,Medium,157.59,7,0.05,Nutella,60637,45,Female,Silver,Cash,In-store,63,7.4,114,31.2,41.3,1,0,Traditional,Delta,0,4,154.44
105079,22/02/2024 21:30,Mansoura-Mashaya,Qishtouza Lotus,Small,89.21,2,0.05,Pistachio,54356,37,Female,Silver,Wallet,Mobile App,112,6.3,107,37.1,21.5,,0,Modern,Delta,0,21,24.98
100457,05/01/2024 18:00,Tanta-Saeed,Rice Pudding Oven,Medium,60.6,10,0,Pistachio,53179,32,Male,None,Credit Card,Mobile App,97,8.1,116,21.3,27.4,1,0,Traditional,Delta,1,18,84.84
105583,28/02/2024 03:30,Cairo-Zamalek,Om Ali Cream,Medium,56.63,2,0.1,,51551,42,Female,Gold,Wallet,In-store,34,14.7,142,33.3,39.2,4,0,Traditional,Greater Cairo,0,3,15.86
105176,23/02/2024 21:45,Cairo-Zamalek,Sweet Koshary Mix,Large,163.56,8,0.05,Pistachio,77083,31,Male,None,Instapay,ElMenus,81,1.4,135,35,68.5,5,0,Signature,Greater Cairo,1,21,183.19
101951,21/01/2024 07:30,Giza-Zayed,Rice Pudding Nuts,Large,118.59,2,0,Lotus,80036,31,Male,Bronze,Wallet,Talabat,53,3.2,135,44.3,27.5,3,0,Traditional,Greater Cairo,1,7,33.21
105373,25/02/2024 23:00,Giza-Zayed,Rice Pudding Nuts,Medium,98.02,5,0.05,Nutella,58274,41,Female,Gold,Instapay,Talabat,32,14.7,103,16.9,28.8,,0,Traditional,Greater Cairo,1,23,68.61
100690,08/01/2024 04:15,Cairo-Zamalek,Rice Pudding Nuts,Medium,116.39,7,0.15,Nutella,50916,61,Male,None,Credit Card,ElMenus,102,0.9,110,20.6,46.5,5,0,Traditional,Greater Cairo,0,4,114.06
108853,02/04/2024 05:00,Mansoura-Mashaya,Rice Pudding Nuts,Small,88.11,5,0.05,Lotus,52539,26,Female,Bronze,Cash,In-store,25,10.8,110,23.3,22.5,1,0,Traditional,Delta,0,5,61.68
106526,08/03/2024 23:15,Cairo-Nasr City,Om Ali Cream,Medium,121.86,10,0.05,Lotus,60269,25,Male,None,Cash,In-store,35,2.5,110,31.5,81.2,4,0,Traditional,Greater Cairo,1,23,170.6
109822,12/04/2024 07:15,Mansoura-Mashaya,Rice Pudding Oven,Medium,135.04,8,0,,54289,74,Male,Silver,Wallet,Mobile App,88,6,127,41.5,56.6,2,0,Traditional,Delta,1,7,151.24
106489,08/03/2024 14:00,Dubai-Marina,Super B.Laban,Large,104.01,7,0.15,Nutella,83416,26,Male,,Credit Card,ElMenus,67,11.6,118,39.1,44,,0,Signature,UAE,1,14,101.93
106922,13/03/2024 02:15,Tanta-Saeed,Sweet Koshary Mix,Small,66.66,2,0.1,Lotus,89481,,Male,,Instapay,Talabat,30,7.3,121,22.6,48.6,1,0,Signature,Delta,0,2,18.66
101954,21/01/2024 08:15,Giza-Zayed,Rice Pudding Nuts,Medium,167.09,6,0,Nutella,58221,43,Female,Bronze,Wallet,Mobile App,115,1.8,119,24.2,27.3,5,1,Traditional,Greater Cairo,1,8,140.36
107635,20/03/2024 12:30,Mansoura-Mashaya,Om Ali Cream,Medium,113.79,6,0,None,74278,41,Male,Gold,Credit Card,Mobile App,78,7.9,124,34,49,,0,Traditional,Delta,0,12,95.58
105637,28/02/2024 17:00,Cairo-Zamalek,Sweet Koshary Mix,Medium,153.81,10,0,Nuts,76876,64,Male,Bronze,Cash,Talabat,45,4.7,104,18.4,82.7,4,0,Signature,Greater Cairo,0,17,215.33
107155,15/03/2024 12:30,Cairo-Zamalek,Qishtouza Nutella,Large,95.4,7,0,Lotus,59953,,Male,Bronze,Wallet,Talabat,91,13.3,120,27.9,29.9,4,0,Modern,Greater Cairo,1,12,93.49
108425,28/03/2024 18:00,Dubai-Marina,Sweet Koshary Mix,Medium,130.24,4,0.05,Pistachio,73989,24,Female,None,Wallet,In-store,26,10.5,102,28.3,32.1,5,0,Signature,UAE,0,18,72.93
106611,09/03/2024 20:30,Tanta-Saeed,Om Ali Cream,Medium,141.67,8,0.1,Nuts,74780,61,Male,None,Instapay,In-store,65,6.5,138,23.9,70.2,,0,Traditional,Delta,1,20,158.67
102711,29/01/2024 05:30,Cairo-Zamalek,Ice Cream Mango,Small,71.08,4,0,Lotus,61984,20,Male,,Cash,Mobile App,89,1.9,122,20,45.3,1,0,Ice Cream,Greater Cairo,0,5,39.8
108731,31/03/2024 22:30,Dubai-Marina,Rice Pudding Nuts,Large,9999.99,3,0,Nuts,57482,24,,Gold,Wallet,In-store,29,9.5,118,17.5,88.6,1,0,Traditional,UAE,1,22,62.67
103202,03/02/2024 08:15,Cairo-Nasr City,Sweet Koshary Mix,Medium,106.79,4,0.05,Nuts,83431,18,Male,,Credit Card,Talabat,65,9.2,123,26.1,61,4,0,Signature,Greater Cairo,1,8,59.8
104350,15/02/2024 07:15,Cairo-Nasr City,Ice Cream Mango,Medium,120.71,11,0,Lotus,58780,,Male,None,Credit Card,ElMenus,69,1.6,118,25.1,33.5,3,0,Ice Cream,Greater Cairo,0,7,185.89
104139,13/02/2024 02:30,Dubai-Marina,Rice Pudding Nuts,Medium,148.53,7,0,,63473,21,Female,Gold,Instapay,ElMenus,43,2.4,141,44.2,57.8,5,0,Traditional,UAE,0,2,145.56
101885,20/01/2024 15:00,Cairo-Nasr City,Rice Pudding Nuts,Large,60.37,3,0,None,77698,,Male,Silver,Instapay,ElMenus,27,3.5,118,40.5,28.5,5,0,Traditional,Greater Cairo,1,15,25.36
108640,30/03/2024 23:45,Cairo-Zamalek,Om Ali Cream,Large,51.31,4,0.15,None,72936,30,,Bronze,Instapay,Talabat,16,10.1,144,20.5,55.8,3,0,Traditional,Greater Cairo,1,23,28.73
104486,16/02/2024 17:15,Alex-Stanly,Om Ali Cream,Medium,171.43,1,0,None,59066,,,None,Instapay,Talabat,58,12.6,103,38.1,80.6,3,0,Traditional,Alexandria,1,17,24
102495,26/01/2024 23:30,Mansoura-Mashaya,Qishtouza Nutella,Small,99.42,11,0,Nuts,75824,55,Female,Bronze,Cash,Mobile App,29,7.9,140,32.9,41.3,3,0,Modern,Delta,1,23,153.11
105948,02/03/2024 22:45,Giza-Zayed,Qishtouza Nutella,Medium,166.48,5,0.15,None,67582,64,,Gold,Wallet,In-store,32,5,146,16.4,27.4,5,0,Modern,Greater Cairo,1,22,116.54
103037,01/02/2024 15:00,Cairo-Nasr City,Rice Pudding Oven,Medium,150.28,5,0.1,Lotus,56020,46,,Gold,Credit Card,In-store,14,6,122,27.1,42.8,3,0,Traditional,Greater Cairo,0,15,105.2
105778,01/03/2024 04:15,Alex-Stanly,Sweet Koshary Mix,Medium,97.48,2,0,Nutella,60001,48,Female,Silver,Credit Card,In-store,111,12.1,109,21,80.9,4,0,Signature,Alexandria,1,4,27.29
103604,07/02/2024 12:45,Riyadh-Olaya,Om Ali Cream,Medium,161.71,2,0.05,,64159,67,,None,Cash,Talabat,43,5,129,16.6,29.4,4,0,Traditional,KSA,0,12,45.28
100846,09/01/2024 19:15,Mansoura-Mashaya,Rice Pudding Oven,Large,171.67,3,0.15,Pistachio,62107,29,,,Instapay,ElMenus,115,12.2,145,19,38.6,5,0,Traditional,Delta,0,19,72.1
100543,06/01/2024 15:30,Alex-Stanly,Super B.Laban,Large,175.06,1,0.15,,66813,61,Female,Bronze,Cash,Mobile App,23,10.6,121,34.8,77.4,1,0,Signature,Alexandria,1,15,24.51
103725,08/02/2024 19:00,Alex-Stanly,Rice Pudding Nuts,Large,85.75,2,0,Pistachio,69475,46,Male,Silver,Cash,Mobile App,48,7.6,101,28.1,68.6,1,0,Traditional,Alexandria,0,19,24.01
104188,13/02/2024 14:45,Riyadh-Olaya,Rice Pudding Oven,Large,137.53,9,0,Pistachio,59791,64,,None,Instapay,Mobile App,32,10.6,132,40.1,42,,0,Traditional,KSA,0,14,173.29
103680,08/02/2024 07:45,Cairo-Nasr City,Om Ali Cream,Medium,45.94,6,0,Nuts,82499,39,Male,Bronze,Wallet,Talabat,38,4.9,112,40.7,69.2,5,1,Traditional,Greater Cairo,0,7,38.59
108900,02/04/2024 16:45,Giza-Zayed,Qishtouza Lotus,Medium,137.16,1,0.15,Pistachio,77202,37,Male,Bronze,Instapay,In-store,70,7.9,124,44.8,66.6,3,0,Modern,Greater Cairo,0,16,19.2
107968,23/03/2024 23:45,Giza-Zayed,Rice Pudding Oven,Medium,97.15,8,0,Lotus,68235,46,Female,Bronze,Cash,Talabat,87,14.8,144,35.6,56.1,3,0,Traditional,Greater Cairo,1,23,108.81
108486,29/03/2024 09:15,Dubai-Marina,Rice Pudding Oven,Medium,97.35,6,0,Nuts,86823,65,Male,Silver,Wallet,Talabat,91,11.3,142,19,78.7,3,0,Traditional,UAE,1,9,81.77
106076,04/03/2024 06:45,Riyadh-Olaya,Super B.Laban,Small,93.14,3,0,Nuts,74158,38,Male,Gold,Credit Card,In-store,29,12.3,141,35.5,26.4,5,0,Signature,KSA,0,6,39.12
107341,17/03/2024 11:00,Cairo-Nasr City,Om Ali Cream,Large,118.44,9,0,,83809,14,Male,Bronze,Wallet,In-store,20,13.6,126,39.4,33.5,5,0,Traditional,Greater Cairo,1,11,149.23
108226,26/03/2024 16:15,Tanta-Saeed,Rice Pudding Oven,Medium,124.63,2,0,Lotus,65521,57,Male,Bronze,Credit Card,Mobile App,118,11.4,143,34.5,50.4,3,0,Traditional,Delta,0,16,34.9
107247,16/03/2024 11:30,Cairo-Zamalek,Rice Pudding Nuts,Small,179.92,8,0,Lotus,65568,20,,None,Wallet,ElMenus,94,2.4,139,23.2,39.6,1,0,Traditional,Greater Cairo,1,11,201.51
109711,11/04/2024 03:30,Dubai-Marina,Super B.Laban,Medium,143.14,9,0,None,69933,63,Male,None,Credit Card,ElMenus,61,12.5,113,27.5,87,1,0,Signature,UAE,0,3,180.36
108291,27/03/2024 08:30,Cairo-Zamalek,Rice Pudding Nuts,Large,123.55,6,0.15,Pistachio,50598,60,Male,None,Cash,Mobile App,38,7.5,134,24.1,25.4,,0,Traditional,Greater Cairo,0,8,103.78
107138,15/03/2024 08:15,Cairo-Nasr City,Rice Pudding Oven,Medium,134.01,7,0,,87666,14,Female,Silver,Credit Card,ElMenus,91,1.3,142,31.6,23.6,,0,Traditional,Greater Cairo,1,8,131.33
102965,31/01/2024 21:00,Tanta-Saeed,Rice Pudding Nuts,Small,46.35,5,0,Nuts,70816,73,Female,Silver,Cash,Mobile App,34,6.4,137,40.1,30.1,4,0,Traditional,Delta,0,21,32.44
107560,19/03/2024 17:45,Riyadh-Olaya,Rice Pudding Oven,Large,136.69,5,0.1,None,76285,54,Female,Gold,Wallet,ElMenus,43,8.6,131,18.7,37.5,1,0,Traditional,KSA,0,17,95.68
102530,27/01/2024 08:15,Mansoura-Mashaya,Ice Cream Mango,Small,146.49,7,0.15,Nutella,82601,17,Female,Bronze,Cash,Mobile App,64,4.5,116,24.1,46.3,4,0,Ice Cream,Delta,1,8,143.56
107285,16/03/2024 21:00,Dubai-Marina,Sweet Koshary Mix,Medium,45.5,1,0.1,Nuts,51439,,Female,None,Instapay,In-store,50,13.2,144,40,50.8,2,0,Signature,UAE,1,21,6.37
105773,01/03/2024 03:00,Mansoura-Mashaya,Ice Cream Mango,Medium,70.45,3,0,Lotus,54864,70,Female,Bronze,Cash,Talabat,18,8,134,44.7,55.7,2,0,Ice Cream,Delta,1,3,29.59
101049,11/01/2024 22:00,Mansoura-Mashaya,Rice Pudding Oven,Medium,173.93,4,0.15,Nutella,88327,20,Female,Bronze,Instapay,ElMenus,39,2.6,120,29.7,89.6,5,0,Traditional,Delta,0,22,97.4
107046,14/03/2024 09:15,Riyadh-Olaya,Sweet Koshary Mix,Medium,145.59,10,0,None,82716,13,Female,,Instapay,In-store,106,7.6,141,18,36,,0,Signature,KSA,0,9,203.83
101961,21/01/2024 10:00,Cairo-Zamalek,Super B.Laban,Large,50.53,3,0,None,52181,69,Male,Bronze,Instapay,Mobile App,104,1.3,122,15.7,53,4,0,Signature,Greater Cairo,1,10,21.22
102531,27/01/2024 08:30,Cairo-Zamalek,Qishtouza Nutella,Small,64.94,1,0.05,None,88426,69,Female,,Wallet,In-store,60,9.5,133,38.6,64.1,3,0,Modern,Greater Cairo,1,8,9.09
109049,04/04/2024 06:00,Alex-Stanly,Sweet Koshary Mix,Medium,127.56,6,0.1,Nutella,89834,58,Male,Silver,Wallet,ElMenus,43,8,134,40.9,55.6,1,0,Signature,Alexandria,0,6,107.15
107604,20/03/2024 04:45,Mansoura-Mashaya,Super B.Laban,Medium,137.99,6,0,Lotus,78436,,Male,Gold,Instapay,ElMenus,52,7.4,130,17.6,78.9,5,0,Signature,Delta,0,4,115.91
106525,08/03/2024 23:00,Mansoura-Mashaya,Qishtouza Nutella,Medium,57.17,1,0,Pistachio,51734,12,Male,Silver,Cash,ElMenus,72,6.8,116,36.8,27.2,,0,Modern,Delta,1,23,8
100238,03/01/2024 11:15,Tanta-Saeed,Rice Pudding Nuts,Medium,162.82,10,0,,55785,27,Male,None,Instapay,Mobile App,32,11.5,137,24.1,29.5,4,0,Traditional,Delta,0,11,227.95
104918,21/02/2024 05:15,Giza-Zayed,Super B.Laban,Medium,163.1,2,0.05,None,63616,13,Male,Bronze,Cash,ElMenus,13,12.2,125,44,49.8,5,0,Signature,Greater Cairo,0,5,45.67
106480,08/03/2024 11:45,Cairo-Nasr City,Rice Pudding Nuts,Medium,142.71,1,0,None,69606,50,Male,None,Credit Card,Talabat,27,6.6,121,38.7,44.5,,0,Traditional,Greater Cairo,1,11,19.98
101134,12/01/2024 19:15,Dubai-Marina,Rice Pudding Nuts,Medium,130.69,10,0.15,Lotus,74062,29,Male,Bronze,Credit Card,In-store,25,3.4,102,28.7,55.1,5,0,Traditional,UAE,1,19,182.97
106977,13/03/2024 16:00,Riyadh-Olaya,Super B.Laban,Medium,138.94,6,0,Lotus,62661,,Female,Gold,Instapay,In-store,20,10.4,111,41.4,39.9,4,0,Signature,KSA,0,16,116.71
105902,02/03/2024 11:15,Cairo-Zamalek,Rice Pudding Nuts,Medium,88.36,3,0,None,85816,15,Male,None,Instapay,Talabat,75,10.1,115,32.5,56.5,5,0,Traditional,Greater Cairo,1,11,37.11
109058,04/04/2024 08:15,Cairo-Zamalek,Qishtouza Lotus,Small,44.2,6,0,,70643,65,Female,Bronze,Credit Card,ElMenus,57,9.9,103,39.3,35.8,3,0,Modern,Greater Cairo,0,8,37.13
104260,14/02/2024 08:45,Alex-Stanly,Qishtouza Nutella,Small,54.97,7,0.1,Nuts,67334,72,Female,Gold,Wallet,In-store,63,10.8,115,20.9,54.6,5,0,Modern,Alexandria,0,8,53.87
108841,02/04/2024 02:00,Cairo-Zamalek,Sweet Koshary Mix,Large,79.47,11,0,None,87309,53,Male,None,Wallet,Mobile App,114,9.3,111,18.5,30.9,1,0,Signature,Greater Cairo,0,2,122.38
106966,13/03/2024 13:15,Cairo-Zamalek,Ice Cream Mango,Medium,69.97,10,0.1,Nutella,77662,44,Male,None,Wallet,ElMenus,56,3.3,105,37.7,33.4,3,0,Ice Cream,Greater Cairo,0,13,97.96
109980,13/04/2024 22:45,Riyadh-Olaya,Rice Pudding Oven,Medium,128.04,2,0.05,None,79544,25,Female,None,Cash,In-store,15,2.9,146,33,67.9,4,0,Traditional,KSA,1,22,35.85
100793,09/01/2024 06:00,Mansoura-Mashaya,Qishtouza Nutella,Large,126.21,1,0,Nutella,71870,61,,Bronze,Cash,Talabat,108,4.5,133,26,26,5,0,Modern,Delta,0,6,17.67
101986,21/01/2024 16:15,Tanta-Saeed,Om Ali Cream,Medium,168.89,9,0.15,Pistachio,54798,12,Male,Gold,Cash,In-store,35,13.6,109,24.6,66.9,3,0,Traditional,Delta,1,16,212.8
105657,28/02/2024 22:00,Mansoura-Mashaya,Qishtouza Lotus,Medium,179.23,10,0,None,81262,24,Female,,Instapay,Talabat,105,7.9,130,37.2,32.2,5,0,Modern,Delta,0,22,250.92
108740,01/04/2024 00:45,Cairo-Zamalek,Om Ali Cream,Medium,118.82,9,0.15,None,73116,31,Female,Bronze,Credit Card,Mobile App,76,10.1,139,40.2,57.2,2,0,Traditional,Greater Cairo,0,0,149.71
107936,23/03/2024 15:45,Cairo-Zamalek,Ice Cream Mango,Large,153.51,8,0,Nutella,55683,72,Male,None,Wallet,In-store,71,6.7,148,30.1,70,,0,Ice Cream,Greater Cairo,1,15,171.93
106098,04/03/2024 12:15,Dubai-Marina,Om Ali Cream,Medium,172.02,2,0,Pistachio,72412,51,,Silver,Wallet,Mobile App,115,10.8,142,43.5,83.7,,0,Traditional,UAE,0,12,48.17
105908,02/03/2024 12:45,Tanta-Saeed,Super B.Laban,Small,149,10,0.15,Pistachio,55868,37,Male,Silver,Cash,Mobile App,89,10.6,122,30.3,83.5,,0,Signature,Delta,1,12,208.6
107374,17/03/2024 19:15,Riyadh-Olaya,Super B.Laban,Medium,96.63,9,0,,71586,27,Female,Silver,Instapay,ElMenus,88,3,107,30,64.4,2,0,Signature,KSA,1,19,121.75
108129,25/03/2024 16:00,Riyadh-Olaya,Ice Cream Mango,Medium,57.2,5,0.05,Pistachio,72857,25,Female,Gold,Instapay,ElMenus,21,11.2,120,35,47.5,1,0,Ice Cream,KSA,0,16,40.04
102979,01/02/2024 00:30,Cairo-Nasr City,Qishtouza Lotus,Small,139.34,9,0,,62317,35,Male,Bronze,Instapay,In-store,83,1.3,146,41.5,74.2,3,1,Modern,Greater Cairo,0,0,175.57
108862,02/04/2024 07:15,Cairo-Zamalek,Om Ali Cream,Medium,52,5,0,Pistachio,81205,27,Female,Gold,Cash,Mobile App,16,3.8,140,27.4,71.6,2,0,Traditional,Greater Cairo,0,7,36.4
109302,06/04/2024 21:15,Dubai-Marina,Qishtouza Lotus,Large,76.59,1,0,Nutella,59505,55,Male,Bronze,Wallet,ElMenus,73,3.8,149,26.2,43.1,5,0,Modern,UAE,1,21,10.72
106722,11/03/2024 00:15,Cairo-Nasr City,Ice Cream Mango,Medium,172.52,3,0.05,Nutella,53863,25,Male,,Credit Card,ElMenus,111,14.4,112,21.7,48.5,4,0,Ice Cream,Greater Cairo,0,0,72.46
107843,22/03/2024 16:30,Giza-Zayed,Rice Pudding Oven,Large,89.57,1,0,None,72881,45,Female,None,Credit Card,Mobile App,12,2.3,104,24,83.2,5,0,Traditional,Greater Cairo,1,16,12.54
105525,27/02/2024 13:00,Giza-Zayed,Rice Pudding Oven,Medium,160.39,9,0,,60750,64,Male,None,Credit Card,ElMenus,71,1.1,134,25.7,24.3,5,0,Traditional,Greater Cairo,0,13,202.09
108722,31/03/2024 20:15,Mansoura-Mashaya,Rice Pudding Oven,Large,100.28,8,0,Nutella,89522,,Male,Gold,Wallet,In-store,17,7.9,102,43.4,56.5,2,0,Traditional,Delta,1,20,112.31
108432,28/03/2024 19:45,Alex-Stanly,Super B.Laban,Large,75.97,1,0,Nuts,79249,16,Female,None,Instapay,ElMenus,33,14.8,139,19.2,62.4,4,0,Signature,Alexandria,0,19,10.64
109009,03/04/2024 20:00,Tanta-Saeed,Sweet Koshary Mix,Small,91.09,9,0,None,77586,31,Male,Silver,Credit Card,Mobile App,70,1.3,105,25.6,21.4,2,0,Signature,Delta,0,20,114.77
108604,30/03/2024 14:45,Tanta-Saeed,Sweet Koshary Mix,Medium,88.3,1,0,Nuts,75666,,Female,,Wallet,Mobile App,37,13.1,130,18.2,58.5,,0,Signature,Delta,1,14,12.36
107175,15/03/2024 17:30,Cairo-Nasr City,Qishtouza Lotus,Small,145.63,2,0,None,66628,,Female,None,Credit Card,Talabat,76,13.6,108,39.7,48.1,1,0,Modern,Greater Cairo,1,17,40.78
103920,10/02/2024 19:45,Dubai-Marina,Qishtouza Lotus,Medium,139.67,5,0,Pistachio,70148,30,,Bronze,Wallet,Mobile App,60,8.4,133,25.8,66.5,5,1,Modern,UAE,1,19,97.77
103139,02/02/2024 16:30,Cairo-Nasr City,Qishtouza Lotus,Large,95.33,2,0,Lotus,69510,61,Female,Silver,Wallet,Talabat,46,6.9,101,15.9,20.5,,0,Modern,Greater Cairo,1,16,26.69
109417,08/04/2024 02:00,Riyadh-Olaya,Qishtouza Nutella,Medium,80.11,6,0,Nuts,58733,,Female,Bronze,Instapay,Talabat,97,11.6,119,32.3,61.3,1,0,Modern,KSA,0,2,67.29
109934,13/04/2024 11:15,Giza-Zayed,Qishtouza Nutella,Large,132.47,4,0,Nutella,67224,70,Male,Gold,Instapay,In-store,93,10,106,37.4,73.7,4,0,Modern,Greater Cairo,1,11,74.18
105790,01/03/2024 07:15,Cairo-Zamalek,Rice Pudding Nuts,Large,68.83,5,0,Nutella,66509,55,Female,,Cash,Talabat,56,14.1,114,35.5,74.6,4,0,Traditional,Greater Cairo,1,7,48.18
104074,12/02/2024 10:15,Cairo-Nasr City,Super B.Laban,Large,48.74,2,0.1,Lotus,56831,48,Male,Silver,Credit Card,Mobile App,100,3.6,134,17.9,81.7,5,0,Signature,Greater Cairo,0,10,13.65
103288,04/02/2024 05:45,Tanta-Saeed,Ice Cream Mango,Medium,105.42,5,0,None,86971,24,Female,Gold,Wallet,Talabat,43,2.3,128,29.8,34.2,,0,Ice Cream,Delta,1,5,73.79
103230,03/02/2024 15:15,Tanta-Saeed,Qishtouza Nutella,Medium,51.06,3,0,Pistachio,60236,16,Male,,Cash,In-store,52,0.7,115,44.8,49,4,0,Modern,Delta,1,15,21.45
101827,20/01/2024 00:30,Tanta-Saeed,Qishtouza Nutella,Medium,113.25,6,0,Nutella,87249,,Male,Gold,Wallet,Mobile App,95,11.6,103,19.5,79.8,,0,Modern,Delta,1,0,95.13
105549,27/02/2024 19:00,Cairo-Zamalek,Qishtouza Nutella,Small,146.32,5,0,Nutella,82040,59,Male,Gold,Cash,Mobile App,114,8,144,31.2,50.5,2,0,Modern,Greater Cairo,0,19,102.42
100594,07/01/2024 04:15,Giza-Zayed,Om Ali Cream,Medium,135.42,7,0,None,87282,53,Female,None,Instapay,ElMenus,96,0.6,142,27.4,21.4,3,0,Traditional,Greater Cairo,1,4,132.71
102726,29/01/2024 09:15,Cairo-Zamalek,Qishtouza Nutella,Large,155.71,4,0,None,81208,45,,None,Instapay,ElMenus,47,14.6,138,16.4,63.7,2,0,Modern,Greater Cairo,0,9,87.2
104138,13/02/2024 02:15,Cairo-Zamalek,Qishtouza Nutella,Small,122.99,7,0.15,Nutella,77390,61,Female,Bronze,Wallet,In-store,70,1.2,140,38.7,78.1,2,1,Modern,Greater Cairo,0,2,120.53
100561,06/01/2024 20:00,Giza-Zayed,Qishtouza Nutella,Small,59.56,6,0,,86437,28,Male,Gold,Credit Card,ElMenus,21,2.1,142,40.5,83.9,2,0,Modern,Greater Cairo,1,20,50.03
107407,18/03/2024 03:30,Cairo-Zamalek,Qishtouza Lotus,Medium,118.22,3,0.05,None,89991,22,Male,Bronze,Credit Card,Talabat,87,3.1,149,43.1,54.3,5,0,Modern,Greater Cairo,0,3,49.65
108807,01/04/2024 17:30,Cairo-Nasr City,Qishtouza Lotus,Large,118.99,7,0,Nuts,58774,35,Male,None,Cash,Talabat,45,10.4,126,23.8,26.8,3,0,Modern,Greater Cairo,0,17,116.61
108387,28/03/2024 08:30,Tanta-Saeed,Om Ali Cream,Medium,136.51,7,0,None,86685,34,Female,None,Wallet,ElMenus,25,10.5,143,23.8,53.6,4,0,Traditional,Delta,0,8,133.78
100244,03/01/2024 12:45,Cairo-Nasr City,Qishtouza Nutella,Medium,149.08,2,0.05,None,55213,57,Female,Silver,Credit Card,Talabat,50,9.1,146,21.3,60.3,5,0,Modern,Greater Cairo,0,12,41.74
107269,16/03/2024 17:00,Cairo-Nasr City,Super B.Laban,Medium,83.74,1,0,Nutella,67323,50,Male,None,Credit Card,ElMenus,12,3.9,112,16.8,31.2,3,0,Signature,Greater Cairo,1,17,11.72
105436,26/02/2024 14:45,Giza-Zayed,Qishtouza Nutella,Small,79.15,5,0.05,Pistachio,60384,42,Female,Gold,Wallet,In-store,38,6.9,132,35,23.1,,0,Modern,Greater Cairo,0,14,55.41
104438,16/02/2024 05:15,Giza-Zayed,Rice Pudding Oven,Medium,122.62,10,0,None,59087,45,Female,,Cash,Mobile App,34,14,149,29.1,35.2,3,0,Traditional,Greater Cairo,1,5,171.67
109685,10/04/2024 21:00,Cairo-Zamalek,Om Ali Cream,Small,120.77,4,0,Pistachio,85601,26,Female,,Wallet,Mobile App,116,5.8,146,21.3,33.8,3,0,Traditional,Greater Cairo,0,21,67.63
108107,25/03/2024 10:30,Dubai-Marina,Super B.Laban,Small,101.11,1,0,None,79695,28,Female,Gold,Credit Card,ElMenus,11,11.1,147,15.8,51.5,2,0,Signature,UAE,0,10,14.16
100406,05/01/2024 05:15,Giza-Zayed,Ice Cream Mango,Small,99.71,8,0,None,85253,40,Female,None,Instapay,ElMenus,23,9.1,127,43.6,22.9,5,0,Ice Cream,Greater Cairo,1,5,111.68
101443,16/01/2024 00:30,Giza-Zayed,Qishtouza Nutella,Medium,138.18,11,0.05,Nutella,73624,21,Male,Gold,Credit Card,In-store,26,5,131,43.7,39.1,1,0,Modern,Greater Cairo,0,0,212.8
100262,03/01/2024 17:15,Tanta-Saeed,Qishtouza Nutella,Medium,161.21,1,0,Lotus,61083,38,Female,Bronze,Cash,In-store,51,10.7,114,18.1,22,,1,Modern,Delta,0,17,22.57
104407,15/02/2024 21:30,Cairo-Nasr City,Super B.Laban,Small,179.66,2,0,Lotus,50688,32,Female,Gold,Credit Card,Mobile App,51,12.3,109,28.6,88.9,2,0,Signature,Greater Cairo,0,21,50.3
107634,20/03/2024 12:15,Cairo-Zamalek,Rice Pudding Oven,Medium,92.72,3,0,None,50440,21,Female,Silver,Instapay,ElMenus,17,12.4,104,15.4,89.7,3,0,Traditional,Greater Cairo,0,12,38.94
109534,09/04/2024 07:15,Cairo-Zamalek,Ice Cream Mango,Large,130.08,9,0,Nuts,66716,40,,Bronze,Cash,Talabat,97,4.7,109,38.6,43.8,1,0,Ice Cream,Greater Cairo,0,7,163.9
101690,18/01/2024 14:15,Giza-Zayed,Sweet Koshary Mix,Medium,81.58,3,0,Nuts,51298,50,Female,Gold,Instapay,Talabat,107,0.8,146,24,47.4,2,0,Signature,Greater Cairo,0,14,34.26
109867,12/04/2024 18:30,Cairo-Zamalek,Rice Pudding Oven,Medium,42.14,7,0,Lotus,62649,64,Female,,Credit Card,Mobile App,41,7.3,119,17.3,26.2,4,0,Traditional,Greater Cairo,1,18,41.3
101726,18/01/2024 23:15,Tanta-Saeed,Sweet Koshary Mix,Medium,110.82,4,0,None,80533,,Female,Gold,Instapay,In-store,112,1.3,111,44.3,22.7,3,0,Signature,Delta,0,23,62.06
108995,03/04/2024 16:30,Dubai-Marina,Qishtouza Nutella,Large,138.25,6,0,Pistachio,80188,48,Male,Gold,Cash,Mobile App,92,13.9,136,28.2,34.7,4,0,Modern,UAE,0,16,116.13
104931,21/02/2024 08:30,Mansoura-Mashaya,Sweet Koshary Mix,Small,117.96,11,0,Nuts,85172,68,Female,Gold,Wallet,ElMenus,72,14.6,132,15,71.9,1,0,Signature,Delta,0,8,181.66
105963,03/03/2024 02:30,Giza-Zayed,Sweet Koshary Mix,Medium,98.26,9,0.05,Nuts,86954,29,,Silver,Wallet,Talabat,22,11.3,102,27.6,20.5,3,0,Signature,Greater Cairo,1,2,123.81
102497,27/01/2024 00:00,Giza-Zayed,Om Ali Cream,Medium,161.48,5,0,Nuts,51388,22,Male,,Instapay,In-store,37,8.6,112,20.7,78.4,4,0,Traditional,Greater Cairo,1,0,113.04
109015,03/04/2024 21:30,Mansoura-Mashaya,Qishtouza Nutella,Small,128.9,6,0,Lotus,61054,13,,Bronze,Credit Card,In-store,48,13.2,125,16.7,44.5,5,0,Modern,Delta,0,21,108.28
106905,12/03/2024 22:00,Dubai-Marina,Rice Pudding Oven,Medium,86.4,4,0,Nutella,82099,67,Female,Silver,Cash,In-store,29,12.3,105,16,25.4,5,0,Traditional,UAE,0,22,48.38
106107,04/03/2024 14:30,Giza-Zayed,Om Ali Cream,Medium,40.75,4,0,Lotus,88707,31,Male,Gold,Cash,In-store,51,4.3,114,15.1,85.8,3,0,Traditional,Greater Cairo,0,14,22.82
108201,26/03/2024 10:00,Giza-Zayed,Ice Cream Mango,Large,94.56,9,0,Pistachio,70663,27,Female,Silver,Wallet,ElMenus,66,4,124,27.6,45.4,4,0,Ice Cream,Greater Cairo,0,10,119.15
100341,04/01/2024 13:00,Alex-Stanly,Om Ali Cream,Small,177.37,2,0,Pistachio,88642,27,,,Instapay,Mobile App,89,9.3,134,26.9,63.4,,0,Traditional,Alexandria,0,13,49.66
102409,26/01/2024 02:00,Dubai-Marina,Rice Pudding Nuts,Large,50.92,11,0.05,Lotus,64204,28,Male,None,Wallet,ElMenus,115,2,112,26.5,46.2,1,0,Traditional,UAE,1,2,78.42
101602,17/01/2024 16:15,Dubai-Marina,Rice Pudding Nuts,Large,161.42,1,0,Nutella,76014,26,Female,Gold,Cash,In-store,92,7,134,30.1,86.2,,0,Traditional,UAE,0,16,22.6
109865,12/04/2024 18:00,Giza-Zayed,Ice Cream Mango,Large,177.93,2,0,Nuts,86274,64,Male,Gold,Wallet,ElMenus,99,5.1,103,32.5,40,3,0,Ice Cream,Greater Cairo,1,18,49.82
108360,28/03/2024 01:45,Cairo-Nasr City,Rice Pudding Nuts,Small,173.46,11,0,Lotus,56778,52,Male,Gold,Cash,Mobile App,89,3.3,106,34.1,28.1,5,0,Traditional,Greater Cairo,0,1,267.13
105783,01/03/2024 05:30,Cairo-Zamalek,Qishtouza Lotus,Medium,43.07,10,0,None,65230,,Female,Gold,Credit Card,Mobile App,95,10.1,110,22.5,48.8,2,0,Modern,Greater Cairo,1,5,60.3
104577,17/02/2024 16:00,Cairo-Nasr City,Rice Pudding Oven,Large,86.25,5,0,None,77440,,Male,,Wallet,ElMenus,104,11.5,127,37.8,35.7,4,0,Traditional,Greater Cairo,1,16,60.38
107972,24/03/2024 00:45,Cairo-Zamalek,Rice Pudding Oven,Medium,9999.99,3,0,,80378,66,Female,Silver,Instapay,Mobile App,63,9.7,105,36,80.2,4,0,Traditional,Greater Cairo,1,0,63.1
103726,08/02/2024 19:15,Riyadh-Olaya,Rice Pudding Oven,Large,119.33,11,0.15,Pistachio,80854,15,,Gold,Instapay,Talabat,80,2.9,149,15.2,79.1,1,0,Traditional,KSA,0,19,183.77
102557,27/01/2024 15:00,Riyadh-Olaya,Rice Pudding Oven,Medium,42.87,9,0,,71219,36,Male,Gold,Instapay,In-store,92,1.8,101,22.6,39,1,0,Traditional,KSA,1,15,54.02
102786,30/01/2024 00:15,Riyadh-Olaya,Qishtouza Lotus,Large,76.66,3,0.15,Pistachio,59290,57,Female,Gold,Cash,ElMenus,37,4.5,102,23.6,77.7,2,0,Modern,KSA,0,0,32.2
101524,16/01/2024 20:45,Mansoura-Mashaya,Ice Cream Mango,Small,55.45,10,0,Nuts,57766,16,,Gold,Cash,ElMenus,88,14.5,106,26,67.5,4,0,Ice Cream,Delta,0,20,77.63
107718,21/03/2024 09:15,Cairo-Zamalek,Super B.Laban,Medium,43.85,1,0,Pistachio,73012,73,,None,Cash,ElMenus,91,8.3,111,20.6,61.2,4,0,Signature,Greater Cairo,0,9,6.14
102508,27/01/2024 02:45,Tanta-Saeed,Qishtouza Nutella,Large,149.46,6,0.15,Lotus,79259,42,Male,Gold,Instapay,In-store,17,5.2,135,42.8,29.8,5,0,Modern,Delta,1,2,125.55
102832,30/01/2024 11:45,Cairo-Zamalek,Ice Cream Mango,Small,95.64,3,0,Lotus,73575,52,Female,Silver,Credit Card,In-store,21,1.9,138,42.3,37.6,,0,Ice Cream,Greater Cairo,0,11,40.17
101013,11/01/2024 13:00,Tanta-Saeed,Ice Cream Mango,Large,155.58,3,0,None,50734,,Female,Silver,Cash,In-store,103,7.9,141,42.4,26.2,3,0,Ice Cream,Delta,0,13,65.34
105281,25/02/2024 00:00,Tanta-Saeed,Qishtouza Lotus,Large,117.36,6,0,,51385,42,,None,Instapay,ElMenus,50,6.6,110,18.5,35.1,5,1,Modern,Delta,1,0,98.58
104896,20/02/2024 23:45,Cairo-Zamalek,Om Ali Cream,Small,96.17,11,0.05,Nuts,76864,,Female,None,Credit Card,Mobile App,86,13.3,113,26.7,46.9,3,0,Traditional,Greater Cairo,0,23,148.1
101767,19/01/2024 09:30,Tanta-Saeed,Rice Pudding Oven,Medium,179.65,10,0.1,Nutella,86067,67,Female,,Credit Card,Mobile App,31,6,132,20.3,44.5,1,0,Traditional,Delta,1,9,251.51
104552,17/02/2024 09:45,Alex-Stanly,Qishtouza Lotus,Small,147.84,8,0,Nuts,66537,57,Male,Gold,Wallet,Mobile App,46,0.6,135,29.9,53.1,3,0,Modern,Alexandria,1,9,165.58
107122,15/03/2024 04:15,Cairo-Zamalek,Om Ali Cream,Medium,62.25,7,0,None,88539,,Male,None,Credit Card,ElMenus,36,14,114,20.7,39,1,0,Traditional,Greater Cairo,1,4,61
106550,09/03/2024 05:15,Mansoura-Mashaya,Om Ali Cream,Small,58.63,3,0,Lotus,88791,13,Male,Gold,Credit Card,Mobile App,91,3.7,146,40,56.9,5,0,Traditional,Delta,1,5,24.62
104038,12/02/2024 01:15,Riyadh-Olaya,Ice Cream Mango,Medium,48.12,10,0.1,Lotus,72347,,Female,Silver,Wallet,ElMenus,50,2.5,112,35.3,25.4,5,0,Ice Cream,KSA,0,1,67.37
108271,27/03/2024 03:30,Dubai-Marina,Qishtouza Lotus,Small,80.08,11,0.15,None,63420,63,Female,Silver,Wallet,ElMenus,93,7.9,129,16.8,77,1,0,Modern,UAE,0,3,123.32
100149,02/01/2024 13:00,Cairo-Nasr City,Ice Cream Mango,Large,109.12,8,0,Nutella,53851,,Female,Gold,Instapay,Mobile App,12,13.3,126,42.8,54.4,5,0,Ice Cream,Greater Cairo,0,13,122.21
100286,03/01/2024 23:15,Alex-Stanly,Super B.Laban,Small,160.77,11,0,None,65021,60,Female,,Cash,Talabat,68,7.6,142,43.4,52.2,,0,Signature,Alexandria,0,23,247.59
107801,22/03/2024 06:00,Tanta-Saeed,Qishtouza Lotus,Large,52.23,5,0.1,Pistachio,87716,43,,,Wallet,Mobile App,55,6.1,142,18.6,85.4,5,0,Modern,Delta,1,6,36.56
109652,10/04/2024 12:45,Riyadh-Olaya,Rice Pudding Nuts,Medium,129.56,8,0,Nutella,59912,46,Male,Silver,Wallet,ElMenus,90,1.7,123,20.3,40,4,0,Traditional,KSA,0,12,145.11
100364,04/01/2024 18:45,Cairo-Zamalek,Rice Pudding Nuts,Large,178.56,3,0.15,,53805,32,Male,Bronze,Credit Card,Talabat,57,5.1,127,29.7,45.1,4,0,Traditional,Greater Cairo,0,18,75
105368,25/02/2024 21:45,Tanta-Saeed,Rice Pudding Nuts,Medium,81.33,2,0,Pistachio,78258,45,Male,Silver,Wallet,In-store,20,5.8,120,25.6,72,1,0,Traditional,Delta,1,21,22.77
109946,13/04/2024 14:15,Cairo-Nasr City,Rice Pudding Oven,Medium,56.41,4,0,Nuts,60505,41,Male,Bronze,Wallet,In-store,77,6.5,125,16.6,39.7,2,0,Traditional,Greater Cairo,1,14,31.59
108411,28/03/2024 14:30,Cairo-Zamalek,Sweet Koshary Mix,Medium,156.75,10,0,Nutella,74904,,Female,None,Cash,In-store,89,5.8,120,35.9,38.5,1,0,Signature,Greater Cairo,0,14,219.45
109454,08/04/2024 11:15,Tanta-Saeed,Ice Cream Mango,Medium,76.32,10,0.05,None,57402,70,Female,Silver,Credit Card,Talabat,80,10.6,129,44.1,26.1,1,0,Ice Cream,Delta,0,11,106.85
104726,19/02/2024 05:15,Alex-Stanly,Rice Pudding Nuts,Large,45.76,4,0,None,72197,,Male,Gold,Cash,In-store,21,9.4,145,19.9,71.7,1,0,Traditional,Alexandria,0,5,25.63
107272,16/03/2024 17:45,Riyadh-Olaya,Ice Cream Mango,Large,135.54,6,0,Nutella,52699,67,Female,Gold,Credit Card,In-store,20,0.9,106,32.9,44.8,5,0,Ice Cream,KSA,1,17,113.85
106771,11/03/2024 12:30,Mansoura-Mashaya,Om Ali Cream,Large,86.39,11,0,Nutella,82665,,,Gold,Cash,Mobile App,21,11.9,148,35.3,86.4,5,0,Traditional,Delta,0,12,133.04
104444,16/02/2024 06:45,Giza-Zayed,Sweet Koshary Mix,Large,59.46,10,0,,71167,59,Male,Bronze,Credit Card,Talabat,51,5.7,140,27.9,25.9,2,0,Signature,Greater Cairo,1,6,83.24
107447,18/03/2024 13:30,Riyadh-Olaya,Qishtouza Lotus,Small,166.34,6,0,None,73863,21,Female,None,Credit Card,Talabat,49,1.6,137,40.4,80.4,5,0,Modern,KSA,0,13,139.73
100237,03/01/2024 11:00,Tanta-Saeed,Rice Pudding Oven,Large,56.54,6,0,None,83592,41,Male,Bronze,Instapay,In-store,27,10.6,145,37.9,73.1,1,0,Traditional,Delta,0,11,47.49
107710,21/03/2024 07:15,Alex-Stanly,Super B.Laban,Small,44.25,10,0.05,,56901,51,Female,Gold,Instapay,In-store,103,5.7,111,18.1,41.3,3,0,Signature,Alexandria,0,7,61.95
109586,09/04/2024 20:15,Cairo-Zamalek,Ice Cream Mango,Large,162.46,2,0,Lotus,52486,30,Female,None,Instapay,ElMenus,51,7.5,130,21.2,86.7,4,0,Ice Cream,Greater Cairo,0,20,45.49
102563,27/01/2024 16:30,Giza-Zayed,Rice Pudding Nuts,Medium,163.99,10,0,Nutella,52925,38,Female,,Credit Card,ElMenus,91,13.6,148,38.2,45.5,3,0,Traditional,Greater Cairo,1,16,229.59
107124,15/03/2024 04:45,Dubai-Marina,Qishtouza Lotus,Large,147.42,2,0,None,82077,68,,Silver,Wallet,ElMenus,17,11.7,119,41.4,69.7,4,1,Modern,UAE,1,4,41.28
108537,29/03/2024 22:00,Dubai-Marina,Ice Cream Mango,Small,118.77,2,0,,58147,,Male,Bronze,Wallet,ElMenus,108,5.7,130,39.5,58.4,1,0,Ice Cream,UAE,1,22,33.26
109603,10/04/2024 00:30,Giza-Zayed,Super B.Laban,Medium,89.79,11,0,Lotus,64838,,Female,Gold,Wallet,Mobile App,85,14.6,147,43,72.2,5,0,Signature,Greater Cairo,0,0,138.28
105520,27/02/2024 11:45,Cairo-Zamalek,Ice Cream Mango,Medium,152.2,8,0,Pistachio,51523,52,Male,Gold,Credit Card,Talabat,80,0.6,103,28.7,51.1,5,0,Ice Cream,Greater Cairo,0,11,170.46
109614,10/04/2024 03:15,Cairo-Nasr City,Rice Pudding Oven,Medium,138.43,4,0,Nuts,81919,14,Male,None,Wallet,Talabat,114,7.4,101,28.3,87.5,1,0,Traditional,Greater Cairo,0,3,77.52
103084,02/02/2024 02:45,Cairo-Nasr City,Qishtouza Lotus,Large,92.74,6,0.1,Nutella,59322,50,Female,Silver,Credit Card,Mobile App,98,4.4,137,39.4,63.7,3,0,Modern,Greater Cairo,1,2,77.9
102960,31/01/2024 19:45,Mansoura-Mashaya,Ice Cream Mango,Large,82.56,7,0,Nutella,55586,69,Female,Gold,Instapay,Talabat,119,9.8,135,30.5,22.7,2,0,Ice Cream,Delta,0,19,80.91
102103,22/01/2024 21:30,Mansoura-Mashaya,Qishtouza Lotus,Large,58.05,11,0.15,Pistachio,51779,59,Female,Bronze,Credit Card,Mobile App,101,6,124,35.5,59.8,2,0,Modern,Delta,0,21,89.4
100633,07/01/2024 14:00,Mansoura-Mashaya,Super B.Laban,Medium,158.23,7,0,Nutella,85682,22,Female,None,Cash,Talabat,106,10.3,118,23.6,64.6,1,0,Signature,Delta,1,14,155.07
106814,11/03/2024 23:15,Alex-Stanly,Sweet Koshary Mix,Medium,45.22,1,0,None,52583,44,,Bronze,Cash,In-store,34,1.9,146,27.1,86.8,1,0,Signature,Alexandria,0,23,6.33
102494,26/01/2024 23:15,Giza-Zayed,Sweet Koshary Mix,Small,144.66,5,0,,51124,68,Female,Bronze,Instapay,ElMenus,23,6.3,137,16,57,4,0,Signature,Greater Cairo,1,23,101.26
102666,28/01/2024 18:15,Mansoura-Mashaya,Om Ali Cream,Medium,70.2,1,0,Lotus,70592,53,Female,Gold,Cash,Talabat,90,10.1,147,31.6,26.7,4,0,Traditional,Delta,1,18,9.83
108495,29/03/2024 11:30,Dubai-Marina,Super B.Laban,Medium,94.92,4,0,Pistachio,63164,56,,None,Cash,Mobile App,85,12.4,101,31.3,30.5,5,0,Signature,UAE,1,11,53.16
108426,28/03/2024 18:15,Dubai-Marina,Ice Cream Mango,Medium,145.23,5,0,Nuts,88560,50,Female,Gold,Instapay,Mobile App,73,6.5,122,34.7,53.3,2,0,Ice Cream,UAE,0,18,101.66
109267,06/04/2024 12:30,Tanta-Saeed,Rice Pudding Nuts,Small,152.1,5,0,Pistachio,73992,44,Female,None,Wallet,ElMenus,26,4.2,114,42.5,38.2,4,0,Traditional,Delta,1,12,106.47
104212,13/02/2024 20:45,Riyadh-Olaya,Rice Pudding Oven,Large,162.42,7,0,,78612,,Female,Bronze,Cash,Talabat,27,13.1,114,22,26.3,5,0,Traditional,KSA,0,20,159.17
103875,10/02/2024 08:30,Giza-Zayed,Sweet Koshary Mix,Medium,141.44,6,0,Lotus,55269,47,Female,Gold,Instapay,Mobile App,40,3.7,149,19.6,86.1,4,0,Signature,Greater Cairo,1,8,118.81
102818,30/01/2024 08:15,Dubai-Marina,Sweet Koshary Mix,Large,60.09,4,0,Pistachio,69460,71,Male,None,Wallet,Talabat,73,3.7,114,16.5,60.5,4,0,Signature,UAE,0,8,33.65
108269,27/03/2024 03:00,Tanta-Saeed,Super B.Laban,Small,137.5,1,0.15,None,73086,61,Male,None,Cash,Mobile App,108,0.6,103,33.2,77.2,2,0,Signature,Delta,0,3,19.25
109816,12/04/2024 05:45,Cairo-Zamalek,Om Ali Cream,Medium,135.46,9,0,Nutella,66327,59,Female,,Credit Card,Talabat,74,2.7,149,18.1,59.3,5,0,Traditional,Greater Cairo,1,5,170.68
107427,18/03/2024 08:30,Dubai-Marina,Sweet Koshary Mix,Small,132.56,7,0,Pistachio,80033,46,,Silver,Wallet,Mobile App,119,14.4,126,33.6,20.6,3,0,Signature,UAE,0,8,129.91
108603,30/03/2024 14:30,Riyadh-Olaya,Rice Pudding Oven,Small,53.17,9,0,None,75525,12,Male,,Cash,Talabat,102,2.7,128,15.7,23.8,4,0,Traditional,KSA,1,14,66.99
108476,29/03/2024 06:45,Mansoura-Mashaya,Ice Cream Mango,Medium,64.63,11,0,None,58122,53,,Silver,Cash,In-store,92,5.6,147,40.7,55.8,2,0,Ice Cream,Delta,1,6,99.53
101736,19/01/2024 01:45,Riyadh-Olaya,Ice Cream Mango,Large,104.35,8,0,None,79703,58,Female,Gold,Wallet,Mobile App,117,8,143,27.2,51.2,2,0,Ice Cream,KSA,1,1,116.87
107398,18/03/2024 01:15,Dubai-Marina,Om Ali Cream,Medium,172.01,9,0.15,Nuts,78606,47,,Bronze,Wallet,In-store,94,10.5,111,42.1,88.9,5,0,Traditional,UAE,0,1,216.73
104256,14/02/2024 07:45,Giza-Zayed,Qishtouza Lotus,Large,129.27,4,0.1,Lotus,61804,36,Male,Gold,Instapay,Talabat,30,5.3,107,29,63.7,4,0,Modern,Greater Cairo,0,7,72.39
108289,27/03/2024 08:00,Dubai-Marina,Ice Cream Mango,Large,155.2,10,0,Nuts,86734,51,Male,Bronze,Credit Card,Mobile App,12,8.6,139,33.4,56.7,3,0,Ice Cream,UAE,0,8,217.28
102476,26/01/2024 18:45,Alex-Stanly,Ice Cream Mango,Medium,83.72,4,0,Pistachio,57120,36,Female,Gold,Credit Card,ElMenus,12,15,112,43.7,30.4,5,1,Ice Cream,Alexandria,1,18,46.88
109985,14/04/2024 00:00,Cairo-Zamalek,Qishtouza Nutella,Medium,61.64,7,0.15,None,55486,47,Male,Bronze,Credit Card,Mobile App,38,6.7,114,20.3,59.7,3,0,Modern,Greater Cairo,1,0,60.41
103714,08/02/2024 16:15,Tanta-Saeed,Ice Cream Mango,Small,117.06,1,0.1,Lotus,75410,52,Female,Gold,Cash,In-store,74,12,130,22.8,72.5,3,0,Ice Cream,Delta,0,16,16.39
108979,03/04/2024 12:30,Giza-Zayed,Ice Cream Mango,Medium,124.41,11,0,None,78911,,Male,Silver,Credit Card,Mobile App,38,11.3,106,25.8,26.7,3,0,Ice Cream,Greater Cairo,0,12,191.59
101805,19/01/2024 19:00,Mansoura-Mashaya,Rice Pudding Oven,Large,62.55,6,0.1,Lotus,85973,42,,Bronze,Wallet,Talabat,106,10,106,18.7,51.4,3,0,Traditional,Delta,1,19,52.54
100708,08/01/2024 08:45,Riyadh-Olaya,Rice Pudding Oven,Medium,102.79,6,0,Pistachio,71948,44,Female,Bronze,Credit Card,ElMenus,69,11.2,102,44.1,31.4,5,0,Traditional,KSA,0,8,86.34
109192,05/04/2024 17:45,Giza-Zayed,Super B.Laban,Large,96.68,11,0.1,,76416,30,Male,Gold,Instapay,Mobile App,81,5.1,106,43.8,80,2,0,Signature,Greater Cairo,1,17,148.89
105190,24/02/2024 01:15,Alex-Stanly,Qishtouza Lotus,Medium,119.98,1,0.1,Nuts,77239,13,Female,Bronze,Credit Card,ElMenus,71,14.5,144,24.8,33.6,,0,Modern,Alexandria,1,1,16.8
105473,27/02/2024 00:00,Riyadh-Olaya,Sweet Koshary Mix,Medium,160.06,11,0,None,65484,53,,None,Credit Card,Mobile App,55,11.4,133,31.8,85.2,4,0,Signature,KSA,0,0,246.49
100073,01/01/2024 18:00,Cairo-Nasr City,Super B.Laban,Medium,105.72,5,0,,67636,,Female,,Credit Card,ElMenus,67,3.9,118,19.1,80,,0,Signature,Greater Cairo,0,18,74
107844,22/03/2024 16:45,Tanta-Saeed,Rice Pudding Nuts,Medium,138.82,10,0,Lotus,53823,36,,Silver,Cash,ElMenus,112,13.7,133,42.4,64.8,2,0,Traditional,Delta,1,16,194.35
105102,23/02/2024 03:15,Riyadh-Olaya,Qishtouza Nutella,Small,166.12,1,0,Pistachio,53895,15,Female,Silver,Instapay,ElMenus,116,3.2,112,28.3,80.8,1,0,Modern,KSA,1,3,23.26
106765,11/03/2024 11:00,Cairo-Nasr City,Rice Pudding Nuts,Large,88.12,5,0,None,57873,63,Male,Silver,Instapay,Talabat,93,0.8,145,42.6,40.9,4,0,Traditional,Greater Cairo,0,11,61.68
101126,12/01/2024 17:15,Riyadh-Olaya,Ice Cream Mango,Large,158.51,5,0,Lotus,83713,27,,Gold,Cash,Mobile App,68,5.7,136,17.3,54.9,4,0,Ice Cream,KSA,1,17,110.96
101242,13/01/2024 22:15,Giza-Zayed,Ice Cream Mango,Large,94.66,7,0,Lotus,51709,61,Female,None,Cash,ElMenus,87,9.6,112,22,72.8,1,0,Ice Cream,Greater Cairo,1,22,92.77
108254,26/03/2024 23:15,Giza-Zayed,Ice Cream Mango,Medium,57.61,4,0,,71906,61,Female,Silver,Instapay,In-store,67,3.8,144,22.8,57.9,1,0,Ice Cream,Greater Cairo,0,23,32.26
102350,25/01/2024 11:15,Riyadh-Olaya,Super B.Laban,Small,147.03,1,0,None,57529,22,Female,Bronze,Cash,ElMenus,33,1.1,101,28.4,44.5,4,0,Signature,KSA,0,11,20.58
106603,09/03/2024 18:30,Riyadh-Olaya,Qishtouza Lotus,Medium,175.01,5,0,None,81623,22,Male,Silver,Cash,ElMenus,64,13.5,140,32.2,45.2,,0,Modern,KSA,1,18,122.51
106781,11/03/2024 15:00,Tanta-Saeed,Rice Pudding Oven,Medium,123.81,3,0,,62148,57,Male,Bronze,Instapay,ElMenus,84,10.3,119,19.2,63.1,2,0,Traditional,Delta,0,15,52
104359,15/02/2024 09:30,Cairo-Nasr City,Qishtouza Nutella,Large,9999.99,7,0.1,None,53973,,Female,Bronze,Instapay,In-store,71,9.8,145,15.6,51.2,2,0,Modern,Greater Cairo,0,9,120.28
101344,14/01/2024 23:45,Cairo-Nasr City,Om Ali Cream,Large,122.01,4,0.05,Nutella,79437,23,Female,None,Wallet,Talabat,23,7.5,135,20.4,44.2,3,0,Traditional,Greater Cairo,1,23,68.33
109989,14/04/2024 01:00,Tanta-Saeed,Om Ali Cream,Medium,105.21,1,0,Nutella,78393,49,Male,None,Wallet,In-store,81,12.6,129,30.4,49.5,4,0,Traditional,Delta,1,1,14.73
108680,31/03/2024 09:45,Cairo-Zamalek,Rice Pudding Nuts,Large,64.39,4,0.05,Pistachio,70589,27,Female,Silver,Instapay,Mobile App,51,0.9,114,27.1,67.9,,0,Traditional,Greater Cairo,1,9,36.06
109576,09/04/2024 17:45,Tanta-Saeed,Ice Cream Mango,Small,132.73,1,0.15,Nuts,80100,66,Male,None,Instapay,Talabat,14,1.6,141,27.6,38.8,1,0,Ice Cream,Delta,0,17,18.58
106653,10/03/2024 07:00,Dubai-Marina,Ice Cream Mango,Medium,68.2,11,0.15,Lotus,54791,61,Male,Gold,Credit Card,Talabat,78,7.2,133,24.1,51.9,,0,Ice Cream,UAE,1,7,105.03
101101,12/01/2024 11:00,Alex-Stanly,Sweet Koshary Mix,Medium,136.15,9,0,None,84747,29,Male,Silver,Wallet,ElMenus,37,14.3,149,22,49.7,2,0,Signature,Alexandria,1,11,171.55
107328,17/03/2024 07:45,Tanta-Saeed,Rice Pudding Nuts,Medium,154.28,8,0,Nuts,87680,34,Female,Silver,Instapay,Mobile App,78,11.3,112,23.3,31.8,5,0,Traditional,Delta,1,7,172.79
107623,20/03/2024 09:30,Dubai-Marina,Ice Cream Mango,Large,50.3,11,0.15,None,68654,37,Female,Gold,Credit Card,Mobile App,77,7.7,126,38.9,48.2,3,0,Ice Cream,UAE,0,9,77.46
100988,11/01/2024 06:45,Giza-Zayed,Rice Pudding Nuts,Small,116.64,7,0.15,Nuts,81209,24,,None,Instapay,ElMenus,88,3,143,44.6,34.6,2,0,Traditional,Greater Cairo,0,6,114.31
102853,30/01/2024 17:00,Alex-Stanly,Qishtouza Nutella,Large,80.67,8,0,Nuts,71779,26,Female,Gold,Instapay,ElMenus,28,4.3,136,16.5,78,2,0,Modern,Alexandria,0,17,90.35
100631,07/01/2024 13:30,Cairo-Nasr City,Om Ali Cream,Medium,154.13,9,0,Lotus,72972,21,,Gold,Cash,In-store,40,2.7,112,23.5,87.8,,0,Traditional,Greater Cairo,1,13,194.2
101250,14/01/2024 00:15,Giza-Zayed,Ice Cream Mango,Large,62.87,10,0,Nuts,51369,21,Female,,Cash,In-store,42,1.6,148,40.8,63.9,2,0,Ice Cream,Greater Cairo,1,0,88.02
103180,03/02/2024 02:45,Cairo-Nasr City,Qishtouza Lotus,Medium,104.82,8,0,,52878,18,Male,Bronze,Credit Card,Mobile App,11,7.2,148,21.9,88.8,,0,Modern,Greater Cairo,1,2,117.4
100483,06/01/2024 00:30,Mansoura-Mashaya,Rice Pudding Nuts,Large,160.11,8,0,None,66629,28,Male,Silver,Instapay,In-store,78,4.1,101,41.1,42.7,4,0,Traditional,Delta,1,0,179.32
103041,01/02/2024 16:00,Dubai-Marina,Rice Pudding Oven,Medium,175.19,5,0.1,Lotus,55265,55,Male,Bronze,Instapay,In-store,87,6.6,116,22.8,56.7,,0,Traditional,UAE,0,16,122.63
105011,22/02/2024 04:30,Cairo-Nasr City,Qishtouza Nutella,Small,166.68,10,0.15,None,79452,72,Male,Gold,Wallet,In-store,97,12.3,126,39.6,27.1,2,1,Modern,Greater Cairo,0,4,233.35
108728,31/03/2024 21:45,Alex-Stanly,Ice Cream Mango,Small,90.68,10,0,Nutella,50676,67,Male,Gold,Credit Card,Talabat,38,10.7,146,43.7,37.4,5,0,Ice Cream,Alexandria,1,21,126.95
107001,13/03/2024 22:00,Riyadh-Olaya,Om Ali Cream,Large,161.05,7,0,None,77262,65,Male,Bronze,Credit Card,In-store,39,8,149,39.1,81.1,4,0,Traditional,KSA,0,22,157.83
103274,04/02/2024 02:15,Alex-Stanly,Rice Pudding Oven,Medium,151.65,11,0.1,Pistachio,59433,41,Female,None,Wallet,Talabat,106,12.8,112,38.8,86.3,1,0,Traditional,Alexandria,1,2,233.54
107228,16/03/2024 06:45,Cairo-Zamalek,Rice Pudding Nuts,Large,50.35,2,0,None,64293,22,Male,Silver,Wallet,Talabat,101,12.4,125,42.7,63.4,2,0,Traditional,Greater Cairo,1,6,14.1
103684,08/02/2024 08:45,Tanta-Saeed,Qishtouza Nutella,Medium,86.42,10,0,Nuts,64586,49,Male,None,Instapay,ElMenus,104,9.3,131,19.9,48.8,4,0,Modern,Delta,0,8,120.99
106675,10/03/2024 12:30,Dubai-Marina,Rice Pudding Nuts,Medium,175.4,1,0,Nutella,80582,60,Male,Bronze,Cash,ElMenus,14,3.4,109,18.2,73.1,5,0,Traditional,UAE,1,12,24.56
106808,11/03/2024 21:45,Mansoura-Mashaya,Super B.Laban,Large,107.12,6,0,Nuts,89892,44,Male,Bronze,Instapay,Talabat,107,4.8,108,33.6,55.5,2,0,Signature,Delta,0,21,89.98
109739,11/04/2024 10:30,Giza-Zayed,Ice Cream Mango,Large,133.39,8,0,Nuts,59406,13,Male,Gold,Cash,Mobile App,56,1.6,120,15.2,52.9,1,1,Ice Cream,Greater Cairo,0,10,149.4
101317,14/01/2024 17:00,Cairo-Zamalek,Qishtouza Lotus,Medium,72.5,3,0,Lotus,61578,72,Male,Bronze,Credit Card,ElMenus,119,7.9,144,38.2,29,4,0,Modern,Greater Cairo,1,17,30.45
103226,03/02/2024 14:15,Giza-Zayed,Sweet Koshary Mix,Medium,170.95,10,0,Nutella,72391,74,,,Cash,ElMenus,21,1.7,110,43.4,63.1,4,0,Signature,Greater Cairo,1,14,239.33
101073,12/01/2024 04:00,Cairo-Zamalek,Rice Pudding Nuts,Medium,45.9,8,0,Nuts,81299,69,Male,Gold,Credit Card,ElMenus,109,6.3,130,37.2,81.4,4,0,Traditional,Greater Cairo,1,4,51.41
104816,20/02/2024 03:45,Riyadh-Olaya,Ice Cream Mango,Medium,159.54,4,0,Pistachio,69498,52,Male,Gold,Cash,In-store,18,5.2,130,42.1,62.9,4,1,Ice Cream,KSA,0,3,89.34
108460,29/03/2024 02:45,Giza-Zayed,Qishtouza Lotus,Medium,86.35,2,0,,77682,60,Female,Gold,Cash,Mobile App,118,6.2,114,20.2,82.5,4,0,Modern,Greater Cairo,1,2,24.18
105753,29/02/2024 22:00,Dubai-Marina,Qishtouza Nutella,Medium,171.03,4,0,Nuts,72197,14,Male,Silver,Credit Card,In-store,21,13.6,143,35.5,57,5,0,Modern,UAE,0,22,95.78
109146,05/04/2024 06:15,Giza-Zayed,Qishtouza Lotus,Small,177.2,1,0.15,Pistachio,59601,67,Female,Bronze,Credit Card,Talabat,59,4.9,108,22.3,72.5,,0,Modern,Greater Cairo,1,6,24.81
104617,18/02/2024 02:00,Riyadh-Olaya,Om Ali Cream,Medium,64.88,9,0,None,66394,59,Female,,Instapay,Talabat,41,1.4,101,38.5,60.1,3,0,Traditional,KSA,1,2,81.75
103098,02/02/2024 06:15,Mansoura-Mashaya,Qishtouza Nutella,Small,138.62,7,0,Lotus,88550,63,Female,None,Cash,In-store,30,10.9,144,37,62.3,4,0,Modern,Delta,1,6,135.85
106870,12/03/2024 13:15,Mansoura-Mashaya,Om Ali Cream,Medium,154.94,7,0,Nutella,87406,23,Male,Bronze,Credit Card,ElMenus,102,2,131,25.6,59.7,2,0,Traditional,Delta,0,13,151.84
101301,14/01/2024 13:00,Dubai-Marina,Rice Pudding Oven,Medium,110.52,5,0,Pistachio,88773,60,Female,Bronze,Wallet,ElMenus,102,2.3,140,42.6,25.6,3,0,Traditional,UAE,1,13,77.36
107286,16/03/2024 21:15,Mansoura-Mashaya,Om Ali Cream,Medium,172.47,10,0.15,Lotus,88512,,Female,Gold,Wallet,In-store,94,14.3,123,28.1,71.6,2,0,Traditional,Delta,1,21,241.46
106285,06/03/2024 11:00,Tanta-Saeed,Rice Pudding Nuts,Small,79.28,9,0,Pistachio,64824,16,Male,Silver,Cash,Talabat,69,3.3,128,15.5,35.1,2,1,Traditional,Delta,0,11,99.89
105496,27/02/2024 05:45,Mansoura-Mashaya,Sweet Koshary Mix,Large,114.11,7,0,Nuts,89993,,Female,Bronze,Instapay,In-store,28,13.1,126,18.3,52.6,3,0,Signature,Delta,0,5,111.83
105292,25/02/2024 02:45,Tanta-Saeed,Qishtouza Lotus,Large,73.19,2,0,Lotus,52478,65,Female,Gold,Credit Card,Talabat,84,4,141,27.9,24,5,0,Modern,Delta,1,2,20.49
101799,19/01/2024 17:30,Dubai-Marina,Rice Pudding Oven,Small,138.29,2,0,None,83351,39,Female,Silver,Credit Card,Talabat,46,6.3,107,35.4,61.6,1,0,Traditional,UAE,1,17,38.72
105204,24/02/2024 04:45,Cairo-Nasr City,Qishtouza Nutella,Small,70.72,3,0,None,67733,44,,Silver,Cash,ElMenus,18,9.1,101,43.6,77.7,4,0,Modern,Greater Cairo,1,4,29.7
108228,26/03/2024 16:45,Mansoura-Mashaya,Ice Cream Mango,Large,128.3,3,0,Nuts,54165,33,,Silver,Cash,Talabat,21,0.9,143,37.8,50.9,3,0,Ice Cream,Delta,0,16,53.89
105048,22/02/2024 13:45,Giza-Zayed,Qishtouza Nutella,Medium,96.12,10,0.1,Pistachio,50615,66,Male,Silver,Instapay,Talabat,46,1.3,140,33.6,67.9,5,0,Modern,Greater Cairo,0,13,134.57
106442,08/03/2024 02:15,Tanta-Saeed,Sweet Koshary Mix,Medium,52.85,8,0,Lotus,56742,19,Male,Bronze,Credit Card,ElMenus,87,8.5,118,19.5,71,2,0,Signature,Delta,1,2,59.19
108106,25/03/2024 10:15,Alex-Stanly,Super B.Laban,Medium,126.89,11,0,Nuts,83809,56,Female,Silver,Credit Card,ElMenus,76,5.7,134,41.9,73,4,0,Signature,Alexandria,0,10,195.41
102360,25/01/2024 13:45,Cairo-Nasr City,Rice Pudding Oven,Medium,86.63,7,0,Pistachio,72810,,Female,Bronze,Credit Card,Mobile App,117,2.7,143,36.5,69.6,,0,Traditional,Greater Cairo,0,13,84.9
109381,07/04/2024 17:00,Tanta-Saeed,Qishtouza Lotus,Medium,133.08,3,0.1,,68299,67,,,Credit Card,In-store,39,7.5,138,19.2,24.2,4,0,Modern,Delta,1,17,55.89
103655,08/02/2024 01:30,Cairo-Zamalek,Qishtouza Nutella,Medium,111.97,10,0,Lotus,58568,70,Male,None,Wallet,Talabat,74,8.4,111,15.8,31.2,1,0,Modern,Greater Cairo,0,1,156.76
107053,14/03/2024 11:00,Alex-Stanly,Qishtouza Lotus,Medium,95.53,6,0.05,Nutella,64742,28,Female,Bronze,Cash,Talabat,18,12.6,121,15.3,62.6,3,0,Modern,Alexandria,0,11,80.25
101287,14/01/2024 09:30,Cairo-Zamalek,Qishtouza Lotus,Large,144.12,4,0.15,Lotus,82885,72,Female,None,Credit Card,In-store,94,9.2,120,39.4,22.4,1,0,Modern,Greater Cairo,1,9,80.71
109127,05/04/2024 01:30,Riyadh-Olaya,Sweet Koshary Mix,Large,78.39,7,0,,76641,68,Male,Bronze,Instapay,Mobile App,35,2.2,118,39.5,37.5,4,0,Signature,KSA,1,1,76.82
104446,16/02/2024 07:15,Cairo-Nasr City,Om Ali Cream,Medium,152.47,2,0,Nuts,78915,70,Male,Gold,Credit Card,In-store,29,12.7,135,23.1,46.4,2,0,Traditional,Greater Cairo,1,7,42.69
102138,23/01/2024 06:15,Riyadh-Olaya,Qishtouza Nutella,Medium,64.21,8,0,,69797,26,,Silver,Instapay,ElMenus,73,11.6,126,30,28.5,2,0,Modern,KSA,0,6,71.92
106788,11/03/2024 16:45,Dubai-Marina,Rice Pudding Nuts,Medium,132.63,6,0,,83196,45,Male,Bronze,Credit Card,Mobile App,110,7.9,114,31,86.9,4,0,Traditional,UAE,0,16,111.41
109753,11/04/2024 14:00,Riyadh-Olaya,Qishtouza Lotus,Small,168.98,1,0,Nutella,83500,51,Female,Gold,Credit Card,Mobile App,30,2.5,140,15.7,44.2,5,0,Modern,KSA,0,14,23.66
108511,29/03/2024 15:30,Tanta-Saeed,Rice Pudding Nuts,Medium,109.38,1,0,None,86134,,Male,None,Credit Card,Mobile App,19,13.8,121,36,65.6,5,0,Traditional,Delta,1,15,15.31
109540,09/04/2024 08:45,Cairo-Nasr City,Ice Cream Mango,Medium,109.24,6,0,None,62639,74,Male,,Credit Card,Talabat,55,11.1,129,41.5,64.6,,0,Ice Cream,Greater Cairo,0,8,91.76
106895,12/03/2024 19:30,Giza-Zayed,Ice Cream Mango,Large,44.95,11,0.05,None,54266,,,Bronze,Credit Card,In-store,51,7.1,111,26.8,38.1,4,0,Ice Cream,Greater Cairo,0,19,69.22
108570,30/03/2024 06:15,Dubai-Marina,Qishtouza Lotus,Medium,56.42,3,0,Lotus,59259,27,Female,Silver,Credit Card,Talabat,88,3.3,135,31.7,66.3,5,0,Modern,UAE,1,6,23.7
107152,15/03/2024 11:45,Cairo-Zamalek,Super B.Laban,Medium,49.78,7,0,Nutella,76422,14,Male,Silver,Wallet,ElMenus,57,3.6,125,26.2,40.5,2,0,Signature,Greater Cairo,1,11,48.78
100964,11/01/2024 00:45,Dubai-Marina,Om Ali Cream,Medium,111.05,7,0,Lotus,61896,36,,None,Cash,ElMenus,61,11.8,122,22.9,32.6,1,0,Traditional,UAE,0,0,108.83
106013,03/03/2024 15:00,Alex-Stanly,Ice Cream Mango,Medium,60.3,11,0.15,Pistachio,67362,,Male,Gold,Wallet,Talabat,24,3.8,127,26.3,51,4,0,Ice Cream,Alexandria,1,15,92.86
104883,20/02/2024 20:30,Cairo-Zamalek,Om Ali Cream,Medium,58.14,9,0,Pistachio,75424,69,Male,Bronze,Instapay,Mobile App,18,3.9,109,21.9,43.1,2,0,Traditional,Greater Cairo,0,20,73.26
100141,02/01/2024 11:00,Riyadh-Olaya,Qishtouza Lotus,Small,152.66,3,0,Pistachio,81280,26,Female,Gold,Cash,ElMenus,77,14.9,147,22.5,42.5,4,0,Modern,KSA,0,11,64.12
109033,04/04/2024 02:00,Mansoura-Mashaya,Qishtouza Nutella,Large,105.63,4,0.1,,83492,48,Female,Gold,Instapay,In-store,13,14,122,21.4,85.6,,0,Modern,Delta,0,2,59.15
106937,13/03/2024 06:00,Mansoura-Mashaya,Ice Cream Mango,Medium,142.99,10,0,Nuts,76053,64,Female,Gold,Instapay,Talabat,91,10.6,144,34.8,70.8,5,0,Ice Cream,Delta,0,6,200.19
106543,09/03/2024 03:30,Cairo-Nasr City,Super B.Laban,Large,167.71,3,0.15,Nutella,79172,47,Male,Bronze,Credit Card,In-store,65,3.9,112,34.1,38.1,3,0,Signature,Greater Cairo,1,3,70.44
105244,24/02/2024 14:45,Alex-Stanly,Om Ali Cream,Large,97.46,7,0,,64093,56,Male,None,Wallet,Talabat,10,5.9,104,38.4,22.2,,0,Traditional,Alexandria,1,14,95.51
104432,16/02/2024 03:45,Giza-Zayed,Rice Pudding Nuts,Large,102.66,8,0,,64860,69,Male,Bronze,Instapay,Mobile App,37,7.6,119,43.8,68.5,2,1,Traditional,Greater Cairo,1,3,114.98
100407,05/01/2024 05:30,Tanta-Saeed,Ice Cream Mango,Medium,168.62,7,0.1,None,80751,62,Male,,Instapay,Talabat,60,6.7,114,41.1,26.1,4,0,Ice Cream,Delta,1,5,165.25
108213,26/03/2024 13:00,Tanta-Saeed,Qishtouza Lotus,Small,56.63,4,0,Nuts,61958,,Male,Silver,Credit Card,Mobile App,90,8.6,118,31.2,21.7,,0,Modern,Delta,0,13,31.71
108377,28/03/2024 06:00,Giza-Zayed,Sweet Koshary Mix,Large,177.03,6,0,,65913,,Female,None,Wallet,Talabat,108,8.1,113,31.5,31.7,4,0,Signature,Greater Cairo,0,6,148.71
108628,30/03/2024 20:45,Cairo-Zamalek,Qishtouza Nutella,Medium,138.36,1,0,Pistachio,50588,71,Female,Silver,Wallet,In-store,57,7.7,114,24.9,30.5,2,0,Modern,Greater Cairo,1,20,19.37
108235,26/03/2024 18:30,Giza-Zayed,Rice Pudding Nuts,Small,150.04,11,0.1,Nuts,79686,52,Female,Bronze,Instapay,Talabat,14,11.5,108,34,36,1,0,Traditional,Greater Cairo,0,18,231.06
104400,15/02/2024 19:45,Alex-Stanly,Rice Pudding Nuts,Small,166.23,4,0,Pistachio,62416,29,Female,,Cash,ElMenus,67,7.2,102,27,33.8,5,0,Traditional,Alexandria,0,19,93.09
105253,24/02/2024 17:00,Mansoura-Mashaya,Om Ali Cream,Small,85.31,1,0.05,Pistachio,77220,66,Male,Bronze,Instapay,Talabat,87,8.7,109,29.1,82.2,3,0,Traditional,Delta,1,17,11.94
100012,01/01/2024 02:45,Dubai-Marina,Sweet Koshary Mix,Large,44.6,4,0,None,70186,68,Male,None,Cash,Talabat,88,6.4,140,22.1,78.5,5,0,Signature,UAE,0,2,24.98
104761,19/02/2024 14:00,Alex-Stanly,Sweet Koshary Mix,Medium,72.63,3,0.05,Nuts,50937,28,Female,Silver,Credit Card,In-store,67,14.5,107,42,74.4,2,0,Signature,Alexandria,0,14,30.5
101178,13/01/2024 06:15,Riyadh-Olaya,Rice Pudding Oven,Large,138.53,11,0.05,Nutella,69831,65,Male,Gold,Instapay,In-store,70,6.1,130,27.1,61.7,1,0,Traditional,KSA,1,6,213.34
102864,30/01/2024 19:45,Alex-Stanly,Qishtouza Nutella,Medium,82.43,4,0,Nuts,52214,59,Female,Bronze,Wallet,Talabat,31,2.3,103,30.3,31,4,0,Modern,Alexandria,0,19,46.16
106472,08/03/2024 09:45,Tanta-Saeed,Sweet Koshary Mix,Medium,129.86,5,0,Pistachio,85569,16,Male,,Instapay,Talabat,70,6.4,106,34.5,76.3,3,0,Signature,Delta,1,9,90.9
106229,05/03/2024 21:00,Cairo-Nasr City,Super B.Laban,Small,130.74,11,0.1,,59179,,Male,Bronze,Wallet,ElMenus,99,1.3,123,18.7,32.7,4,0,Signature,Greater Cairo,0,21,201.34
102990,01/02/2024 03:15,Riyadh-Olaya,Sweet Koshary Mix,Small,154.78,4,0.05,None,69202,49,Female,Gold,Cash,Talabat,91,0.9,121,25.7,64.5,1,0,Signature,KSA,0,3,86.68
107118,15/03/2024 03:15,Cairo-Nasr City,Rice Pudding Oven,Medium,167.28,7,0.1,Nuts,52803,59,Female,,Credit Card,In-store,96,5.3,112,16.8,36,5,0,Traditional,Greater Cairo,1,3,163.93
107011,14/03/2024 00:30,Dubai-Marina,Rice Pudding Nuts,Large,65.86,11,0,Pistachio,55250,70,Male,Bronze,Credit Card,ElMenus,101,1.5,106,26.5,53.2,1,0,Traditional,UAE,0,0,101.42
108558,30/03/2024 03:15,Giza-Zayed,Om Ali Cream,Medium,109.79,6,0.1,None,59617,60,Male,None,Cash,In-store,44,2.7,139,15.3,71,5,0,Traditional,Greater Cairo,1,3,92.22
101441,16/01/2024 00:00,Cairo-Nasr City,Qishtouza Lotus,Medium,106.57,6,0,Nuts,70343,,Male,Silver,Credit Card,Mobile App,19,8.2,120,30.7,37,,0,Modern,Greater Cairo,0,0,89.52
109748,11/04/2024 12:45,Dubai-Marina,Super B.Laban,Large,64.25,1,0,Pistachio,87175,47,Female,Silver,Cash,In-store,68,14.8,132,41.1,61.7,3,0,Signature,UAE,0,12,9
102876,30/01/2024 22:45,Cairo-Zamalek,Qishtouza Nutella,Medium,131.2,1,0,None,74413,,Female,None,Instapay,Talabat,117,8.2,122,34.8,68,1,0,Modern,Greater Cairo,0,22,18.37
109099,04/04/2024 18:30,Cairo-Nasr City,Ice Cream Mango,Small,66.03,8,0,None,87704,74,,Silver,Credit Card,Talabat,11,7.6,146,44.4,29.6,5,1,Ice Cream,Greater Cairo,0,18,73.95
108789,01/04/2024 13:00,Alex-Stanly,Super B.Laban,Large,123.16,6,0.15,Pistachio,51154,23,Female,Silver,Wallet,In-store,96,10,114,17.6,70.3,2,0,Signature,Alexandria,0,13,103.45
107233,16/03/2024 08:00,Cairo-Nasr City,Om Ali Cream,Large,43.6,2,0.05,Nuts,60593,65,Female,None,Wallet,Mobile App,62,5.6,115,25.5,87.1,4,0,Traditional,Greater Cairo,1,8,12.21
103727,08/02/2024 19:30,Tanta-Saeed,Qishtouza Nutella,Large,95.66,5,0,Nuts,64538,45,Male,Bronze,Wallet,Talabat,14,12.8,134,15.5,43.2,4,0,Modern,Delta,0,19,66.96
102773,29/01/2024 21:00,Riyadh-Olaya,Rice Pudding Nuts,Small,168.48,2,0,None,65414,32,Female,,Wallet,Talabat,37,2.7,135,41,87.5,,0,Traditional,KSA,0,21,47.17
100455,05/01/2024 17:30,Mansoura-Mashaya,Qishtouza Nutella,Large,127.5,1,0.05,,81464,66,Male,Silver,Cash,Mobile App,73,7.2,134,31.5,84.6,1,0,Modern,Delta,1,17,17.85
108190,26/03/2024 07:15,Cairo-Nasr City,Sweet Koshary Mix,Large,122.87,2,0.05,Nuts,89614,17,Female,,Cash,Talabat,79,14.5,126,29.6,46.4,4,0,Signature,Greater Cairo,0,7,34.4
101368,15/01/2024 05:45,Tanta-Saeed,Ice Cream Mango,Large,148.29,4,0,Nutella,69144,18,,Gold,Instapay,In-store,106,13.5,109,15.6,63.3,2,0,Ice Cream,Delta,0,5,83.04
103713,08/02/2024 16:00,Mansoura-Mashaya,Rice Pudding Nuts,Large,108.4,6,0,None,61180,,Male,None,Wallet,Mobile App,73,8.7,122,22.6,39.6,4,0,Traditional,Delta,0,16,91.06
109853,12/04/2024 15:00,Dubai-Marina,Om Ali Cream,Small,56.5,4,0,Pistachio,54695,,Male,Bronze,Wallet,In-store,38,2.7,141,17.4,47,4,0,Traditional,UAE,1,15,31.64
101389,15/01/2024 11:00,Dubai-Marina,Rice Pudding Oven,Large,112.83,8,0,Pistachio,74172,26,Female,Gold,Cash,ElMenus,100,2.6,138,34.5,37.6,5,0,Traditional,UAE,0,11,126.37
101001,11/01/2024 10:00,Tanta-Saeed,Qishtouza Nutella,Medium,148.15,8,0,Pistachio,87049,66,Female,None,Cash,Talabat,45,14.7,139,16.3,33.2,5,0,Modern,Delta,0,10,165.93
107762,21/03/2024 20:15,Dubai-Marina,Sweet Koshary Mix,Large,97.61,11,0,Nutella,78339,35,Female,Silver,Wallet,In-store,10,7.7,141,41.6,29.3,4,0,Signature,UAE,0,20,150.32
103554,07/02/2024 00:15,Cairo-Zamalek,Sweet Koshary Mix,Medium,63.08,10,0.15,Nutella,68121,25,Male,None,Wallet,Talabat,83,14.5,111,44.3,29.8,1,0,Signature,Greater Cairo,0,0,88.31
104115,12/02/2024 20:30,Riyadh-Olaya,Super B.Laban,Medium,81.74,8,0.1,,61303,57,Male,None,Wallet,In-store,113,13.6,119,42.9,61.1,4,0,Signature,KSA,0,20,91.55
101668,18/01/2024 08:45,Cairo-Nasr City,Super B.Laban,Large,134.73,6,0.15,Nutella,81210,59,Female,None,Cash,ElMenus,77,1.9,118,37.2,50.1,,0,Signature,Greater Cairo,0,8,113.17
103174,03/02/2024 01:15,Cairo-Zamalek,Sweet Koshary Mix,Large,148.99,11,0,Nutella,66471,,Male,Silver,Cash,In-store,118,3.5,142,37.4,54.2,5,0,Signature,Greater Cairo,1,1,229.44
109398,07/04/2024 21:15,Tanta-Saeed,Qishtouza Lotus,Large,50.24,6,0.1,Nuts,58964,,Female,Bronze,Credit Card,In-store,53,0.7,120,43.1,65.1,,0,Modern,Delta,1,21,42.2
100489,06/01/2024 02:00,Cairo-Nasr City,Om Ali Cream,Medium,149.9,2,0.1,Lotus,81600,,Male,None,Cash,ElMenus,41,5,128,29.6,24.4,3,0,Traditional,Greater Cairo,1,2,41.97
103231,03/02/2024 15:30,Tanta-Saeed,Super B.Laban,Small,122.44,6,0,,52010,,Male,Gold,Credit Card,ElMenus,60,7.5,112,23.1,76,1,0,Signature,Delta,1,15,102.85
103829,09/02/2024 21:00,Mansoura-Mashaya,Rice Pudding Oven,Small,146.4,5,0,Nuts,51828,40,,Gold,Cash,Mobile App,26,5.2,112,40.8,74.3,,0,Traditional,Delta,1,21,102.48
108652,31/03/2024 02:45,Tanta-Saeed,Ice Cream Mango,Medium,117.04,4,0.1,Nuts,88760,,,Bronze,Instapay,ElMenus,109,6.8,134,38.5,56.3,3,0,Ice Cream,Delta,1,2,65.54
105209,24/02/2024 06:00,Dubai-Marina,Qishtouza Nutella,Small,134.48,9,0.1,Pistachio,82084,39,,Bronze,Credit Card,ElMenus,49,1.6,132,43.9,69.2,4,0,Modern,UAE,1,6,169.44
107849,22/03/2024 18:00,Alex-Stanly,Super B.Laban,Medium,139.38,4,0,None,89787,72,Female,Bronze,Instapay,Mobile App,14,14.3,129,22,51.9,2,0,Signature,Alexandria,1,18,78.05
105705,29/02/2024 10:00,Cairo-Zamalek,Rice Pudding Oven,Medium,94.84,7,0,Pistachio,66825,53,Female,Silver,Instapay,Talabat,54,10.1,108,15.8,73,5,0,Traditional,Greater Cairo,0,10,92.94
109640,10/04/2024 09:45,Mansoura-Mashaya,Rice Pudding Oven,Medium,126.05,7,0,,81147,50,Male,Silver,Credit Card,Mobile App,117,14,114,41.4,21.2,1,0,Traditional,Delta,0,9,123.53
108134,25/03/2024 17:15,Alex-Stanly,Super B.Laban,Medium,179.58,2,0,Lotus,63131,,Male,,Cash,In-store,44,6.1,142,27.5,53.2,5,0,Signature,Alexandria,0,17,50.28
100704,08/01/2024 07:45,Riyadh-Olaya,Qishtouza Nutella,Large,166.88,7,0.15,Lotus,87216,30,,Bronze,Instapay,ElMenus,19,10.1,111,35.3,46.3,,0,Modern,KSA,0,7,163.54
105106,23/02/2024 04:15,Mansoura-Mashaya,Ice Cream Mango,Large,173.2,11,0,Nutella,77352,22,Female,Silver,Credit Card,Mobile App,12,12.6,103,29.6,57.5,2,0,Ice Cream,Delta,1,4,266.73
108894,02/04/2024 15:15,Riyadh-Olaya,Ice Cream Mango,Medium,98.23,7,0,Nutella,66433,,Female,Bronze,Wallet,ElMenus,71,2,113,19.1,86.7,2,0,Ice Cream,KSA,0,15,96.27
103292,04/02/2024 06:45,Riyadh-Olaya,Sweet Koshary Mix,Small,75.9,7,0,None,57736,28,Female,,Instapay,In-store,101,12.8,110,40,60.9,,0,Signature,KSA,1,6,74.38
108126,25/03/2024 15:15,Dubai-Marina,Rice Pudding Oven,Small,100.23,2,0,Lotus,73427,14,Male,None,Credit Card,ElMenus,36,1.8,130,19,20.5,3,0,Traditional,UAE,0,15,28.06
109632,10/04/2024 07:45,Riyadh-Olaya,Rice Pudding Oven,Small,131.09,4,0,Nutella,88984,43,Female,Bronze,Wallet,In-store,85,13.2,124,17.2,29,,0,Traditional,KSA,0,7,73.41
109022,03/04/2024 23:15,Mansoura-Mashaya,Rice Pudding Nuts,Large,85.16,8,0.05,Nuts,67121,,Male,Silver,Wallet,In-store,108,2.3,131,28.2,42.1,4,0,Traditional,Delta,0,23,95.38
104910,21/02/2024 03:15,Dubai-Marina,Sweet Koshary Mix,Small,73.1,1,0,,68971,13,Male,Silver,Credit Card,Mobile App,26,8.9,105,34.5,53.8,5,0,Signature,UAE,0,3,10.23
104441,16/02/2024 06:00,Tanta-Saeed,Qishtouza Lotus,Medium,76.07,9,0.1,Pistachio,84512,46,Male,Bronze,Wallet,ElMenus,28,3.8,128,40.5,78.9,,0,Modern,Delta,1,6,95.85
100987,11/01/2024 06:30,Giza-Zayed,Sweet Koshary Mix,Small,155.53,2,0,Nutella,78243,31,Male,Silver,Wallet,Mobile App,87,1.9,142,20.7,20.4,3,0,Signature,Greater Cairo,0,6,43.55
109237,06/04/2024 05:00,Dubai-Marina,Qishtouza Lotus,Medium,112.46,6,0,None,51311,,Male,Gold,Cash,In-store,102,6.5,142,23.9,61.3,1,0,Modern,UAE,1,5,94.47
109884,12/04/2024 22:45,Cairo-Nasr City,Ice Cream Mango,Small,177.97,3,0,Nuts,56849,,Male,Silver,Credit Card,Mobile App,114,3.7,120,18.2,31.1,,0,Ice Cream,Greater Cairo,1,22,74.75
107706,21/03/2024 06:15,Dubai-Marina,Qishtouza Lotus,Large,107.98,3,0,Pistachio,83866,36,,Gold,Cash,Talabat,15,5.8,131,33.2,71,4,0,Modern,UAE,0,6,45.35
106258,06/03/2024 04:15,Dubai-Marina,Om Ali Cream,Small,71.37,3,0,Lotus,77643,46,Male,None,Cash,In-store,70,9.5,132,38.6,80.8,1,0,Traditional,UAE,0,4,29.98
106090,04/03/2024 10:15,Cairo-Zamalek,Qishtouza Lotus,Large,56.87,6,0,None,79731,52,Female,None,Credit Card,Talabat,94,4.2,128,24,27.7,3,0,Modern,Greater Cairo,0,10,47.77
105239,24/02/2024 13:30,Giza-Zayed,Qishtouza Lotus,Medium,58.56,2,0,None,75440,32,Male,Bronze,Wallet,In-store,118,8.4,145,35,28.1,5,0,Modern,Greater Cairo,1,13,16.4
101199,13/01/2024 11:30,Alex-Stanly,Super B.Laban,Medium,141.17,8,0.05,None,56050,16,Female,Bronze,Credit Card,In-store,32,10,124,34.6,63.6,4,0,Signature,Alexandria,1,11,158.11
109071,04/04/2024 11:30,Tanta-Saeed,Rice Pudding Nuts,Small,146.5,7,0,None,75436,29,Female,Silver,Cash,Mobile App,16,14.5,143,22.4,39.9,4,0,Traditional,Delta,0,11,143.57
107520,19/03/2024 07:45,Giza-Zayed,Rice Pudding Oven,Medium,97.6,1,0,Nutella,66911,17,Female,,Cash,Mobile App,57,3.3,122,41.1,70,3,0,Traditional,Greater Cairo,0,7,13.66
106813,11/03/2024 23:00,Cairo-Zamalek,Rice Pudding Oven,Large,151.71,7,0,None,62830,20,Female,,Credit Card,Talabat,31,7.7,101,20.2,59.8,2,0,Traditional,Greater Cairo,0,23,148.68
108321,27/03/2024 16:00,Cairo-Nasr City,Qishtouza Lotus,Medium,143.17,10,0,None,80409,,Male,Gold,Wallet,In-store,25,3.8,115,17.2,76.8,5,0,Modern,Greater Cairo,0,16,200.44
107176,15/03/2024 17:45,Riyadh-Olaya,Qishtouza Lotus,Large,135.34,8,0,None,78741,,Female,Gold,Credit Card,Mobile App,17,14.2,109,17.1,87.5,,0,Modern,KSA,1,17,151.58
104471,16/02/2024 13:30,Tanta-Saeed,Om Ali Cream,Large,91.9,9,0,,69619,41,Male,Gold,Credit Card,Talabat,89,0.8,120,20.7,21.4,5,0,Traditional,Delta,1,13,115.79
100892,10/01/2024 06:45,Dubai-Marina,Sweet Koshary Mix,Small,134.03,11,0,Nuts,86311,16,Female,,Credit Card,Mobile App,70,14.9,124,34.3,65.8,1,0,Signature,UAE,0,6,206.41
101970,21/01/2024 12:15,Cairo-Nasr City,Qishtouza Lotus,Large,135.67,10,0.15,Nutella,50446,66,Male,Bronze,Credit Card,Talabat,88,3,146,20.7,86,1,1,Modern,Greater Cairo,1,12,189.94
105758,29/02/2024 23:15,Riyadh-Olaya,Qishtouza Lotus,Medium,134.38,3,0.15,None,74434,41,Male,Silver,Cash,Talabat,71,1.1,124,16.5,62.8,5,0,Modern,KSA,0,23,56.44
106528,08/03/2024 23:45,Tanta-Saeed,Rice Pudding Oven,Medium,166.91,-5,0.05,,67768,63,Female,,Instapay,Talabat,48,12.2,107,33.9,78.3,4,0,Traditional,Delta,1,23,116.84
106295,06/03/2024 13:30,Cairo-Nasr City,Ice Cream Mango,Medium,118.75,5,0,,70228,31,Male,Bronze,Wallet,Mobile App,54,10.2,115,28.4,65.5,2,0,Ice Cream,Greater Cairo,0,13,83.13
107596,20/03/2024 02:45,Dubai-Marina,Qishtouza Nutella,Large,114.84,6,0,Lotus,84052,52,Male,Bronze,Wallet,In-store,71,1,138,24.5,55.8,5,0,Modern,UAE,0,2,96.47
103250,03/02/2024 20:15,Mansoura-Mashaya,Super B.Laban,Medium,85.17,8,0,Nutella,77773,35,Female,,Credit Card,Talabat,86,7.4,109,22.3,81.9,1,0,Signature,Delta,1,20,95.39
106571,09/03/2024 10:30,Mansoura-Mashaya,Rice Pudding Nuts,Medium,44.36,8,0,Nuts,88975,19,Female,Bronze,Wallet,ElMenus,90,0.5,131,26.4,21.1,2,0,Traditional,Delta,1,10,49.68
106639,10/03/2024 03:30,Mansoura-Mashaya,Rice Pudding Nuts,Medium,90.26,11,0.05,None,61052,35,Female,None,Credit Card,Talabat,87,14.7,134,20.8,33,2,0,Traditional,Delta,1,3,139
107352,17/03/2024 13:45,Alex-Stanly,Rice Pudding Oven,Large,115.88,9,0,,53610,35,Female,Gold,Credit Card,In-store,32,5.2,128,27.7,39.4,5,0,Traditional,Alexandria,1,13,146.01
109173,05/04/2024 13:00,Giza-Zayed,Ice Cream Mango,Medium,117.7,8,0.15,Pistachio,74731,54,Female,None,Wallet,ElMenus,22,11.6,108,24.5,54.7,3,0,Ice Cream,Greater Cairo,1,13,131.82
107474,18/03/2024 20:15,Cairo-Nasr City,Qishtouza Nutella,Medium,120.79,9,0,Nutella,72421,58,Male,Silver,Cash,ElMenus,19,10.7,109,28.2,66,1,0,Modern,Greater Cairo,0,20,152.2
109602,10/04/2024 00:15,Cairo-Nasr City,Qishtouza Lotus,Small,68.62,9,0,,69758,55,,Gold,Instapay,Talabat,67,5.5,141,38.4,81.8,3,0,Modern,Greater Cairo,0,0,86.46
108674,31/03/2024 08:15,Dubai-Marina,Om Ali Cream,Large,82.36,10,0,Pistachio,89141,65,Male,,Instapay,ElMenus,70,5,105,33.5,35.4,3,0,Traditional,UAE,1,8,115.3
101240,13/01/2024 21:45,Alex-Stanly,Super B.Laban,Medium,95.84,8,0,Nutella,66863,25,Female,Silver,Credit Card,Talabat,29,8.7,141,35.8,28.6,2,0,Signature,Alexandria,1,21,107.34
102290,24/01/2024 20:15,Cairo-Nasr City,Qishtouza Nutella,Small,94.21,7,0,Nutella,69772,66,Male,,Instapay,In-store,42,8.8,133,24.4,79.2,,0,Modern,Greater Cairo,0,20,92.33
102741,29/01/2024 13:00,Tanta-Saeed,Om Ali Cream,Medium,134.01,11,0,None,86575,62,Male,Gold,Credit Card,Talabat,106,9.9,125,42.8,43.1,3,0,Traditional,Delta,0,13,206.38
104586,17/02/2024 18:15,Cairo-Nasr City,Qishtouza Lotus,Medium,138.84,7,0.1,Nutella,61615,40,Male,Bronze,Wallet,In-store,39,2.6,111,41.1,61.4,4,0,Modern,Greater Cairo,1,18,136.06
101230,13/01/2024 19:15,Alex-Stanly,Super B.Laban,Medium,130.65,8,0,None,56723,41,Female,Bronze,Credit Card,Mobile App,109,8.6,144,27.9,72.2,4,0,Signature,Alexandria,1,19,146.33
106981,13/03/2024 17:00,Tanta-Saeed,Om Ali Cream,Large,43.05,5,0,Lotus,82612,67,Male,Gold,Wallet,Talabat,55,1.8,106,29.6,50.5,4,0,Traditional,Delta,0,17,30.14
105179,23/02/2024 22:30,Giza-Zayed,Qishtouza Lotus,Medium,105.62,4,0,Nutella,60444,54,Female,Gold,Credit Card,In-store,34,12.8,142,18.6,35.5,2,0,Modern,Greater Cairo,1,22,59.15
104294,14/02/2024 17:15,Cairo-Nasr City,Ice Cream Mango,Small,110.78,6,0,,51112,63,Female,Gold,Instapay,Mobile App,67,4.1,147,39.1,63.9,2,0,Ice Cream,Greater Cairo,0,17,93.06
101059,12/01/2024 00:30,Tanta-Saeed,Rice Pudding Oven,Small,158.47,11,0.1,Pistachio,79023,42,Male,Gold,Credit Card,Talabat,97,12.9,115,42.5,58.2,4,0,Traditional,Delta,1,0,244.04
106263,06/03/2024 05:30,Alex-Stanly,Qishtouza Nutella,Large,87.72,11,0,None,53458,,Male,Silver,Cash,Mobile App,73,8.3,111,28,39.9,2,0,Modern,Alexandria,0,5,135.09
100282,03/01/2024 22:15,Giza-Zayed,Om Ali Cream,Medium,166.69,11,0,None,59049,12,Male,Bronze,Cash,Mobile App,32,2.3,138,33,78.1,,0,Traditional,Greater Cairo,0,22,256.7
100969,11/01/2024 02:00,Tanta-Saeed,Om Ali Cream,Medium,127.75,5,0,Nutella,85457,,Male,Silver,Cash,ElMenus,15,6.6,130,31.2,53.1,4,0,Traditional,Delta,0,2,89.43
103954,11/02/2024 04:15,Alex-Stanly,Super B.Laban,Large,83.14,4,0,Nuts,81079,29,Male,None,Wallet,Talabat,54,13.1,134,40.5,56,4,0,Signature,Alexandria,1,4,46.56
101940,21/01/2024 04:45,Dubai-Marina,Rice Pudding Oven,Medium,158.64,8,0,,81897,,,Silver,Credit Card,ElMenus,79,14.1,133,41.4,78.3,,0,Traditional,UAE,1,4,177.68
108465,29/03/2024 04:00,Alex-Stanly,Om Ali Cream,Medium,165.78,6,0.1,Lotus,89682,48,Male,Silver,Cash,Talabat,101,13.5,148,15.5,49.9,3,0,Traditional,Alexandria,1,4,139.26
101275,14/01/2024 06:30,Dubai-Marina,Ice Cream Mango,Small,131.27,11,0,,75350,,Female,Bronze,Wallet,In-store,115,2.7,126,16.9,52.8,5,1,Ice Cream,UAE,1,6,202.16
100620,07/01/2024 10:45,Alex-Stanly,Rice Pudding Oven,Small,106.06,11,0,Nutella,80420,14,,Gold,Cash,Talabat,110,10.1,106,34.5,33.6,4,0,Traditional,Alexandria,1,10,163.33
108506,29/03/2024 14:15,Cairo-Nasr City,Rice Pudding Oven,Large,56.8,6,0.15,Pistachio,75585,53,Female,Silver,Credit Card,Talabat,119,1.6,101,32,76.9,5,0,Traditional,Greater Cairo,1,14,47.71
101743,19/01/2024 03:30,Cairo-Zamalek,Sweet Koshary Mix,Medium,95.41,2,0,Nutella,72438,59,Female,None,Credit Card,In-store,80,9,102,28.9,76.5,,0,Signature,Greater Cairo,1,3,26.71
101391,15/01/2024 11:30,Cairo-Zamalek,Rice Pudding Nuts,Small,144.09,1,0,None,67112,,Female,Bronze,Wallet,In-store,74,2.5,128,23.9,37,5,1,Traditional,Greater Cairo,0,11,20.17
102204,23/01/2024 22:45,Dubai-Marina,Rice Pudding Oven,Large,157.02,6,0,Lotus,63925,22,Male,Silver,Credit Card,Mobile App,44,3.4,143,36.8,41.1,1,0,Traditional,UAE,0,22,131.9
103569,07/02/2024 04:00,Cairo-Zamalek,Sweet Koshary Mix,Large,135.18,2,0,Nutella,76457,68,Female,,Instapay,ElMenus,34,10,107,23.9,60,3,0,Signature,Greater Cairo,0,4,37.85
106117,04/03/2024 17:00,Mansoura-Mashaya,Qishtouza Lotus,Large,57.47,4,0,None,67083,,Male,Bronze,Credit Card,In-store,66,8.4,104,43.1,59.2,,0,Modern,Delta,0,17,32.18
109971,13/04/2024 20:30,Giza-Zayed,Ice Cream Mango,Medium,99.41,2,0.05,Pistachio,53729,19,Male,Bronze,Cash,ElMenus,107,4.7,140,35.8,59.9,2,0,Ice Cream,Greater Cairo,1,20,27.83
106053,04/03/2024 01:00,Giza-Zayed,Sweet Koshary Mix,Medium,120.17,10,0.1,Pistachio,62316,22,Male,Gold,Wallet,In-store,34,1.9,126,28.3,57.8,1,0,Signature,Greater Cairo,0,1,168.24
103179,03/02/2024 02:30,Dubai-Marina,Rice Pudding Nuts,Medium,143.47,10,0,Lotus,83014,73,Female,Silver,Cash,ElMenus,80,0.5,144,38.7,23,2,0,Traditional,UAE,1,2,200.86
103193,03/02/2024 06:00,Dubai-Marina,Super B.Laban,Small,78.03,1,0.1,Nuts,71073,36,Female,Silver,Cash,In-store,79,11.8,140,39.1,50.5,,0,Signature,UAE,1,6,10.92
106100,04/03/2024 12:45,Alex-Stanly,Super B.Laban,Large,72.17,9,0.1,Nuts,59047,21,Female,Silver,Instapay,Talabat,64,13.6,125,23.3,61.3,2,0,Signature,Alexandria,0,12,90.93
107030,14/03/2024 05:15,Cairo-Zamalek,Om Ali Cream,Medium,124.7,4,0.1,Nutella,70141,16,Male,,Instapay,ElMenus,90,2,106,41.1,82.1,2,0,Traditional,Greater Cairo,0,5,69.83
100576,06/01/2024 23:45,Tanta-Saeed,Sweet Koshary Mix,Large,125.32,5,0.05,,77622,60,Female,None,Instapay,Talabat,12,7.1,108,33.4,50.7,3,0,Signature,Delta,1,23,87.72
106657,10/03/2024 08:00,Cairo-Nasr City,Om Ali Cream,Medium,138.67,11,0,Nuts,88154,,Female,Bronze,Wallet,In-store,41,9.1,114,32.3,48.3,4,0,Traditional,Greater Cairo,1,8,213.55
107116,15/03/2024 02:45,Dubai-Marina,Om Ali Cream,Medium,96.63,10,0,Lotus,57778,14,Male,,Instapay,ElMenus,21,7.1,144,19,47.2,2,1,Traditional,UAE,1,2,135.28
108803,01/04/2024 16:30,Riyadh-Olaya,Rice Pudding Nuts,Medium,149.48,5,0,Pistachio,75555,24,Female,Gold,Wallet,Talabat,107,1.8,124,22.8,75.8,4,0,Traditional,KSA,0,16,104.64
106277,06/03/2024 09:00,Tanta-Saeed,Super B.Laban,Medium,141.05,2,0,Nutella,80876,41,Female,Gold,Instapay,Mobile App,93,12.7,124,21.2,62.8,5,0,Signature,Delta,0,9,39.49
108985,03/04/2024 14:00,Mansoura-Mashaya,Sweet Koshary Mix,Medium,148.74,3,0,Lotus,61272,17,Male,Silver,Cash,Talabat,14,1.6,117,33.9,30.5,3,0,Signature,Delta,0,14,62.47
105898,02/03/2024 10:15,Cairo-Nasr City,Rice Pudding Nuts,Large,161.68,10,0,None,84499,33,Female,Silver,Wallet,Talabat,73,10.2,139,24,30.3,3,0,Traditional,Greater Cairo,1,10,226.35
105725,29/02/2024 15:00,Mansoura-Mashaya,Sweet Koshary Mix,Large,119.91,4,0,,78209,,Female,Silver,Credit Card,Mobile App,60,10.9,104,36.4,54.3,1,0,Signature,Delta,0,15,67.15
100270,03/01/2024 19:15,Alex-Stanly,Qishtouza Nutella,Medium,85.93,1,0.1,Pistachio,82485,63,Female,,Credit Card,In-store,37,3.6,138,44.7,33.3,1,0,Modern,Alexandria,0,19,12.03
100630,07/01/2024 13:15,Dubai-Marina,Om Ali Cream,Medium,172.12,3,0,None,71896,59,Female,Silver,Cash,Mobile App,66,5.8,120,25.4,75.7,4,0,Traditional,UAE,1,13,72.29
103082,02/02/2024 02:15,Dubai-Marina,Super B.Laban,Small,150.49,1,0,Nuts,73620,66,Female,Silver,Instapay,In-store,103,9.9,107,44.7,80.4,2,0,Signature,UAE,1,2,21.07
103467,06/02/2024 02:30,Dubai-Marina,Ice Cream Mango,Medium,141.64,6,0.05,,74322,42,Male,None,Credit Card,Talabat,15,6.7,120,19.2,71.2,2,0,Ice Cream,UAE,0,2,118.98
106431,07/03/2024 23:30,Dubai-Marina,Om Ali Cream,Medium,97.19,9,0,Pistachio,79998,74,Male,Silver,Instapay,Talabat,108,1.1,126,43.9,28.6,4,0,Traditional,UAE,0,23,122.46
109312,06/04/2024 23:45,Alex-Stanly,Rice Pudding Oven,Medium,130.82,2,0,None,50813,15,Male,None,Credit Card,ElMenus,48,10.2,138,44.5,83.2,1,0,Traditional,Alexandria,1,23,36.63
107063,14/03/2024 13:30,Riyadh-Olaya,Sweet Koshary Mix,Large,91.7,2,0,,58462,24,Female,,Credit Card,Mobile App,74,11.2,127,17.8,84.1,3,0,Signature,KSA,0,13,25.68
109728,11/04/2024 07:45,Mansoura-Mashaya,Qishtouza Nutella,Small,42.24,2,0,Nutella,66112,37,Male,Gold,Credit Card,ElMenus,15,10.4,121,27.4,32.8,5,1,Modern,Delta,0,7,11.83
105544,27/02/2024 17:45,Tanta-Saeed,Super B.Laban,Large,122.17,11,0,Lotus,55778,19,Male,None,Instapay,Mobile App,29,9.9,112,32.9,71.9,3,0,Signature,Delta,0,17,188.14
104357,15/02/2024 09:00,Giza-Zayed,Om Ali Cream,Large,140.42,1,0,None,82719,16,Male,None,Wallet,In-store,73,14.9,129,25.9,59.5,5,0,Traditional,Greater Cairo,0,9,19.66
102114,23/01/2024 00:15,Cairo-Nasr City,Qishtouza Nutella,Large,152.36,2,0,Nutella,60464,,Female,,Wallet,In-store,119,13.8,125,37.7,64,,0,Modern,Greater Cairo,0,0,42.66
108220,26/03/2024 14:45,Giza-Zayed,Om Ali Cream,Large,100.18,4,0,Nutella,64127,14,Female,None,Cash,In-store,111,0.7,106,29,55.6,3,0,Traditional,Greater Cairo,0,14,56.1
103217,03/02/2024 12:00,Alex-Stanly,Ice Cream Mango,Medium,129.68,2,0,None,61763,57,,Silver,Cash,Mobile App,25,2.8,147,33.5,24.2,3,0,Ice Cream,Alexandria,1,12,36.31
103815,09/02/2024 17:30,Cairo-Nasr City,Qishtouza Lotus,Medium,66.48,6,0,,60409,,,Silver,Wallet,In-store,96,6.2,104,37,28.7,4,0,Modern,Greater Cairo,1,17,55.84
108322,27/03/2024 16:15,Mansoura-Mashaya,Super B.Laban,Medium,176.35,11,0,Nuts,56621,46,Female,Silver,Credit Card,Mobile App,10,6.4,101,16.2,46,3,0,Signature,Delta,0,16,271.58
108590,30/03/2024 11:15,Giza-Zayed,Super B.Laban,Small,83.04,9,0,Lotus,88494,38,Female,None,Cash,ElMenus,90,14.4,118,41.3,28,,0,Signature,Greater Cairo,1,11,104.63
102279,24/01/2024 17:30,Mansoura-Mashaya,Qishtouza Nutella,Medium,135.31,5,0,Nutella,64844,37,Female,Bronze,Cash,ElMenus,10,10.2,145,44.2,72.8,1,0,Modern,Delta,0,17,94.72
104600,17/02/2024 21:45,Dubai-Marina,Qishtouza Lotus,Large,57.91,6,0,Nutella,79209,56,Female,Silver,Cash,Mobile App,86,1.2,144,37.2,68.2,3,0,Modern,UAE,1,21,48.64
100014,01/01/2024 03:15,Alex-Stanly,Rice Pudding Oven,Medium,84.77,9,0,Pistachio,59044,17,Female,Silver,Wallet,In-store,36,3.8,142,39.7,67.8,4,0,Traditional,Alexandria,0,3,106.81
109226,06/04/2024 02:15,Tanta-Saeed,Rice Pudding Oven,Small,89.17,1,0,Lotus,89381,32,Female,Bronze,Instapay,In-store,64,12.4,114,36,86.4,3,0,Traditional,Delta,1,2,12.48
101526,16/01/2024 21:15,Alex-Stanly,Rice Pudding Nuts,Large,51.2,10,0,Lotus,57248,,Male,Silver,Wallet,ElMenus,84,6,116,15.7,80.7,2,0,Traditional,Alexandria,0,21,71.68
102366,25/01/2024 15:15,Dubai-Marina,Super B.Laban,Small,105.24,4,0.15,Nutella,59587,74,Male,None,Cash,Talabat,104,12.3,132,26.9,21.7,5,0,Signature,UAE,0,15,58.93
104649,18/02/2024 10:00,Mansoura-Mashaya,Super B.Laban,Large,127.44,10,0,Pistachio,68203,,Male,Bronze,Cash,In-store,36,3.4,139,26.2,29,1,0,Signature,Delta,1,10,178.42
100375,04/01/2024 21:30,Cairo-Nasr City,Super B.Laban,Large,100.47,11,0,Nuts,88140,57,,Bronze,Credit Card,In-store,54,1.2,101,44.6,30.6,,0,Signature,Greater Cairo,0,21,154.72
108522,29/03/2024 18:15,Tanta-Saeed,Sweet Koshary Mix,Medium,148.82,10,0,Pistachio,65647,61,Female,None,Wallet,In-store,79,2.9,102,21.7,34.3,,0,Signature,Delta,1,18,208.35
106478,08/03/2024 11:15,Alex-Stanly,Super B.Laban,Medium,169.14,1,0,Lotus,57172,54,Female,Gold,Credit Card,Talabat,75,9.3,142,20.3,39,2,0,Signature,Alexandria,1,11,23.68
100526,06/01/2024 11:15,Dubai-Marina,Om Ali Cream,Large,57.49,9,0,None,51404,58,Male,Gold,Credit Card,In-store,98,11.4,110,20.7,43.2,2,0,Traditional,UAE,1,11,72.44
106896,12/03/2024 19:45,Tanta-Saeed,Ice Cream Mango,Medium,50.89,7,0,Lotus,84287,,Male,Gold,Wallet,In-store,63,12.8,132,36.9,71.1,3,0,Ice Cream,Delta,0,19,49.87
103592,07/02/2024 09:45,Dubai-Marina,Om Ali Cream,Medium,137.63,8,0.15,Pistachio,59112,50,Female,None,Instapay,ElMenus,39,7.4,119,16.5,63.8,3,0,Traditional,UAE,0,9,154.15
107905,23/03/2024 08:00,Mansoura-Mashaya,Ice Cream Mango,Medium,61.36,5,0,Nuts,50243,61,Female,Silver,Cash,ElMenus,16,2.3,140,18.8,60.9,3,0,Ice Cream,Delta,1,8,42.95
102959,31/01/2024 19:30,Alex-Stanly,Sweet Koshary Mix,Medium,48.69,1,0.15,,59769,72,Male,,Cash,ElMenus,30,12.3,116,39.1,44.5,3,1,Signature,Alexandria,0,19,6.82
100530,06/01/2024 12:15,Cairo-Zamalek,Ice Cream Mango,Small,109.44,2,0,Lotus,83982,69,Male,Silver,Instapay,In-store,80,1.7,121,15.3,84.8,1,0,Ice Cream,Greater Cairo,1,12,30.64
103715,08/02/2024 16:30,Mansoura-Mashaya,Super B.Laban,Small,137.22,10,0,Nuts,58920,72,Female,,Wallet,Mobile App,103,4.2,103,19.5,22.1,,0,Signature,Delta,0,16,192.11
104733,19/02/2024 07:00,Mansoura-Mashaya,Sweet Koshary Mix,Small,109.89,10,0.05,Nuts,57408,59,Male,None,Cash,ElMenus,80,14.5,144,37.6,79.2,3,0,Signature,Delta,0,7,153.85
101395,15/01/2024 12:30,Mansoura-Mashaya,Rice Pudding Nuts,Large,156.6,6,0,Lotus,70613,55,Male,Silver,Wallet,Talabat,110,13.2,132,23.5,65.1,3,0,Traditional,Delta,0,12,131.54
105632,28/02/2024 15:45,Mansoura-Mashaya,Rice Pudding Nuts,Medium,111.44,5,0.05,,56937,13,Female,None,Wallet,Talabat,107,11.2,148,16.3,71.8,3,1,Traditional,Delta,0,15,78.01
106564,09/03/2024 08:45,Alex-Stanly,Rice Pudding Oven,Medium,162.18,8,0,Lotus,60788,45,Female,Silver,Credit Card,In-store,100,12.4,146,37.6,73.7,,0,Traditional,Alexandria,1,8,181.64
104704,18/02/2024 23:45,Cairo-Nasr City,Rice Pudding Nuts,Medium,145.25,6,0,,67267,20,Female,None,Instapay,In-store,47,2.4,148,43.4,67.8,2,0,Traditional,Greater Cairo,1,23,122.01
101713,18/01/2024 20:00,Mansoura-Mashaya,Ice Cream Mango,Medium,158.4,11,0,Pistachio,68917,,Female,None,Credit Card,Talabat,23,7.7,132,22.4,46.7,,0,Ice Cream,Delta,0,20,243.94
109756,11/04/2024 14:45,Riyadh-Olaya,Rice Pudding Nuts,Medium,95.79,6,0,Nutella,65953,42,Female,None,Wallet,ElMenus,46,5.9,138,15.3,26.1,,0,Traditional,KSA,0,14,80.46
100956,10/01/2024 22:45,Alex-Stanly,Rice Pudding Nuts,Large,175.89,3,0,None,61573,23,Female,Gold,Cash,In-store,42,6.4,115,27.6,77.6,4,0,Traditional,Alexandria,0,22,73.87
106676,10/03/2024 12:45,Dubai-Marina,Qishtouza Lotus,Medium,45,10,0,Pistachio,86814,72,Female,Silver,Credit Card,ElMenus,30,10.2,106,26.7,70.4,3,0,Modern,UAE,1,12,63
103454,05/02/2024 23:15,Giza-Zayed,Ice Cream Mango,Small,176.76,9,0,,62003,24,Male,Bronze,Cash,ElMenus,72,14.1,147,34.7,71.9,3,0,Ice Cream,Greater Cairo,0,23,222.72
102072,22/01/2024 13:45,Alex-Stanly,Ice Cream Mango,Medium,160.45,2,0,None,54705,59,Female,Bronze,Credit Card,Mobile App,64,0.7,104,27.1,80.6,2,0,Ice Cream,Alexandria,0,13,44.93
109741,11/04/2024 11:00,Tanta-Saeed,Om Ali Cream,Medium,134.41,10,0,Nuts,71257,65,,Bronze,Instapay,Talabat,19,2.4,113,32.6,68.8,4,0,Traditional,Delta,0,11,188.17
100159,02/01/2024 15:30,Cairo-Nasr City,Rice Pudding Nuts,Large,74.8,5,0,Lotus,61813,26,Female,Gold,Wallet,ElMenus,93,5.4,115,33.9,80.2,2,0,Traditional,Greater Cairo,0,15,52.36
107006,13/03/2024 23:15,Alex-Stanly,Ice Cream Mango,Large,58.52,11,0,Pistachio,56906,14,Male,None,Instapay,In-store,70,3.9,114,36.2,64.9,3,0,Ice Cream,Alexandria,0,23,90.12
100353,04/01/2024 16:00,Cairo-Nasr City,Ice Cream Mango,Small,77.9,11,0,Lotus,66655,71,Male,Bronze,Credit Card,Mobile App,16,3.9,126,23.9,77.7,5,0,Ice Cream,Greater Cairo,0,16,119.97
106079,04/03/2024 07:30,Mansoura-Mashaya,Om Ali Cream,Large,137.28,6,0.1,,84301,58,,Gold,Credit Card,Talabat,38,5.1,116,30.2,36.4,4,0,Traditional,Delta,0,7,115.32
106237,05/03/2024 23:00,Dubai-Marina,Ice Cream Mango,Small,41.53,10,0.1,None,89049,66,Male,Gold,Credit Card,ElMenus,75,5.4,105,29,75.2,1,0,Ice Cream,UAE,0,23,58.14
102921,31/01/2024 10:00,Mansoura-Mashaya,Om Ali Cream,Large,156.12,9,0.05,Nuts,56999,,Female,Gold,Wallet,Mobile App,83,4.6,140,18.4,64.6,3,0,Traditional,Delta,0,10,196.71
104645,18/02/2024 09:00,Giza-Zayed,Qishtouza Lotus,Large,90.54,10,0.05,Lotus,86055,28,Female,Silver,Cash,Mobile App,59,0.7,131,17.1,25.1,3,0,Modern,Greater Cairo,1,9,126.76
100662,07/01/2024 21:15,Alex-Stanly,Om Ali Cream,Small,115.33,2,0,Lotus,79843,43,Female,Silver,Cash,Mobile App,76,2.7,141,39.8,76.2,1,0,Traditional,Alexandria,1,21,32.29
107058,14/03/2024 12:15,Riyadh-Olaya,Sweet Koshary Mix,Large,98.37,3,0.05,Nutella,66416,21,Female,Bronze,Cash,Talabat,113,10.6,115,28.1,26.5,3,0,Signature,KSA,0,12,41.32
103666,08/02/2024 04:15,Riyadh-Olaya,Om Ali Cream,Large,159.92,8,0,,82068,38,Female,,Wallet,Mobile App,31,1.6,124,23.2,71.8,4,0,Traditional,KSA,0,4,179.11
107980,24/03/2024 02:45,Mansoura-Mashaya,Rice Pudding Nuts,Large,173.29,8,0,,59102,,Male,,Wallet,Talabat,19,4.1,147,20.3,74.9,5,0,Traditional,Delta,1,2,194.08
100307,04/01/2024 04:30,Giza-Zayed,Ice Cream Mango,Large,91.63,9,0,None,76270,29,Male,Bronze,Credit Card,Mobile App,91,1.1,138,23.6,80.2,3,0,Ice Cream,Greater Cairo,0,4,115.45
104791,19/02/2024 21:30,Cairo-Nasr City,Rice Pudding Nuts,Medium,75.21,10,0,Lotus,77014,45,Female,Bronze,Wallet,ElMenus,50,8.6,108,41.4,53.7,5,0,Traditional,Greater Cairo,0,21,105.29
102357,25/01/2024 13:00,Tanta-Saeed,Sweet Koshary Mix,Large,101.34,6,0.05,Lotus,63560,69,Female,Gold,Cash,In-store,106,13.2,139,37.1,23.6,1,0,Signature,Delta,0,13,85.13
101928,21/01/2024 01:45,Alex-Stanly,Om Ali Cream,Small,166.39,2,0,Lotus,53378,70,Male,Gold,Wallet,Mobile App,106,6.2,140,24.3,52.5,,0,Traditional,Alexandria,1,1,46.59
109940,13/04/2024 12:45,Giza-Zayed,Qishtouza Nutella,Small,95.89,6,0,Lotus,62792,,Female,Silver,Instapay,ElMenus,112,10.4,143,44.2,73.8,4,0,Modern,Greater Cairo,1,12,80.55
103428,05/02/2024 16:45,Cairo-Nasr City,Qishtouza Nutella,Large,113.8,5,0.1,Nutella,77506,54,Female,Silver,Cash,In-store,15,5.4,138,19,62.7,,0,Modern,Greater Cairo,0,16,79.66
103639,07/02/2024 21:30,Cairo-Zamalek,Qishtouza Lotus,Medium,73.95,6,0,Pistachio,70461,72,Female,Bronze,Cash,In-store,30,2.5,103,40.7,49.9,2,0,Modern,Greater Cairo,0,21,62.12
101267,14/01/2024 04:30,Dubai-Marina,Om Ali Cream,Medium,52.3,2,0,Nuts,60525,67,Female,Bronze,Cash,Mobile App,54,11.4,111,39.1,68.8,4,0,Traditional,UAE,1,4,14.64
101561,17/01/2024 06:00,Alex-Stanly,Super B.Laban,Medium,144.72,10,0,,84821,39,Male,Bronze,Cash,ElMenus,62,3.2,111,22.4,67.1,5,0,Signature,Alexandria,0,6,202.61
107180,15/03/2024 18:45,Mansoura-Mashaya,Rice Pudding Nuts,Large,155.66,1,0,Nutella,68113,52,,Bronze,Wallet,Talabat,108,11.8,142,23.9,65,4,0,Traditional,Delta,1,18,21.79
104110,12/02/2024 19:15,Cairo-Nasr City,Super B.Laban,Small,129.09,7,0,Nutella,89210,54,,Gold,Instapay,In-store,101,12.6,121,23.8,85.5,5,0,Signature,Greater Cairo,0,19,126.51
107868,22/03/2024 22:45,Mansoura-Mashaya,Super B.Laban,Medium,98.89,9,0,Nuts,74849,,Male,Gold,Instapay,Mobile App,28,7.7,136,40.4,62.7,1,0,Signature,Delta,1,22,124.6
104905,21/02/2024 02:00,Dubai-Marina,Rice Pudding Nuts,Large,164.96,8,0,None,84003,26,,Gold,Credit Card,Mobile App,104,12.8,102,22.6,84.3,4,0,Traditional,UAE,0,2,184.76
107295,16/03/2024 23:30,Cairo-Zamalek,Rice Pudding Oven,Medium,78.97,7,0,Lotus,72596,59,Male,None,Instapay,In-store,104,1,115,36.6,64.6,3,0,Traditional,Greater Cairo,1,23,77.39
100515,06/01/2024 08:30,Cairo-Zamalek,Rice Pudding Oven,Medium,124.94,6,0,None,64082,34,Male,None,Cash,ElMenus,17,3.1,129,42.3,30.2,,0,Traditional,Greater Cairo,1,8,104.95
100895,10/01/2024 07:30,Giza-Zayed,Rice Pudding Oven,Medium,74.37,2,0.15,None,81903,,,Gold,Instapay,In-store,108,14.6,146,27.1,87.3,2,0,Traditional,Greater Cairo,0,7,20.82
100022,01/01/2024 05:15,Mansoura-Mashaya,Sweet Koshary Mix,Small,84.78,6,0,,89071,,Female,,Wallet,Talabat,112,13.9,108,24.8,62.9,5,0,Signature,Delta,0,5,71.22
100900,10/01/2024 08:45,Alex-Stanly,Qishtouza Nutella,Medium,110.51,8,0,Pistachio,73125,34,Female,,Wallet,ElMenus,117,12.8,115,26.1,84.6,2,0,Modern,Alexandria,0,8,123.77
100208,03/01/2024 03:45,Giza-Zayed,Super B.Laban,Small,133.94,10,0,None,68770,,Male,,Wallet,In-store,105,0.9,144,31.2,41.3,1,0,Signature,Greater Cairo,0,3,187.52
100459,05/01/2024 18:30,Alex-Stanly,Qishtouza Lotus,Small,94.05,1,0.1,Nutella,58578,31,,Gold,Credit Card,ElMenus,55,7.3,119,31.4,85.1,1,0,Modern,Alexandria,1,18,13.17
102431,26/01/2024 07:30,Giza-Zayed,Qishtouza Lotus,Large,114.44,3,0,None,62353,70,Female,Silver,Wallet,Talabat,10,11.8,116,18,20.3,3,0,Modern,Greater Cairo,1,7,48.06
108443,28/03/2024 22:30,Cairo-Zamalek,Rice Pudding Nuts,Large,133.83,8,0,Nuts,53470,21,Male,,Credit Card,In-store,24,14.1,137,29.5,63.2,2,0,Traditional,Greater Cairo,0,22,149.89
103390,05/02/2024 07:15,Cairo-Zamalek,Qishtouza Nutella,Small,73.35,11,0,Pistachio,87957,61,Female,Gold,Instapay,In-store,37,4.3,102,39.1,75.2,5,0,Modern,Greater Cairo,0,7,112.96
103912,10/02/2024 17:45,Tanta-Saeed,Super B.Laban,Small,162.96,2,0,,82346,61,Male,Silver,Cash,Talabat,17,10.1,139,16.1,65.8,,0,Signature,Delta,1,17,45.63
105384,26/02/2024 01:45,Giza-Zayed,Rice Pudding Oven,Large,76.94,3,0.1,,77819,70,Male,None,Credit Card,ElMenus,24,13,129,30.6,25.6,2,0,Traditional,Greater Cairo,0,1,32.31
100553,06/01/2024 18:00,Mansoura-Mashaya,Om Ali Cream,Medium,46.28,2,0,Nuts,88718,70,Female,None,Instapay,ElMenus,18,2.6,111,32.2,47.3,2,0,Traditional,Delta,1,18,12.96
103145,02/02/2024 18:00,Alex-Stanly,Super B.Laban,Small,161.63,3,0.05,Pistachio,55653,72,Male,Silver,Wallet,Talabat,43,0.9,108,37.6,49,1,0,Signature,Alexandria,1,18,67.88
106918,13/03/2024 01:15,Cairo-Nasr City,Ice Cream Mango,Medium,55.55,4,0,Nuts,81096,51,Female,None,Cash,In-store,72,9.7,105,27.8,33.2,4,1,Ice Cream,Greater Cairo,0,1,31.11
102057,22/01/2024 10:00,Cairo-Zamalek,Qishtouza Nutella,Large,79.77,4,0,,57062,22,Female,Bronze,Instapay,ElMenus,95,8.5,145,17.8,51.8,2,0,Modern,Greater Cairo,0,10,44.67
101926,21/01/2024 01:15,Mansoura-Mashaya,Rice Pudding Oven,Large,80.86,6,0,Pistachio,76881,23,Female,Silver,Cash,ElMenus,20,1.4,114,26.8,24.7,5,0,Traditional,Delta,1,1,67.92
100635,07/01/2024 14:30,Cairo-Zamalek,Om Ali Cream,Medium,58.81,11,0.1,Nuts,88453,16,Female,Bronze,Cash,ElMenus,29,13.2,128,36.4,76.9,3,0,Traditional,Greater Cairo,1,14,90.57
106083,04/03/2024 08:30,Tanta-Saeed,Ice Cream Mango,Medium,43.91,11,0,Pistachio,67979,68,Female,,Wallet,In-store,30,3.6,140,40.5,71.8,2,0,Ice Cream,Delta,0,8,67.62
109271,06/04/2024 13:30,Cairo-Zamalek,Rice Pudding Nuts,Medium,109.29,9,0.1,Nutella,53516,,Female,None,Wallet,Talabat,58,10.6,145,18.6,85.6,,0,Traditional,Greater Cairo,1,13,137.71
109679,10/04/2024 19:30,Cairo-Zamalek,Ice Cream Mango,Small,158.06,1,0,Pistachio,51996,17,Male,Bronze,Credit Card,ElMenus,19,8.2,115,16.1,49.7,5,0,Ice Cream,Greater Cairo,0,19,22.13
100106,02/01/2024 02:15,Cairo-Zamalek,Om Ali Cream,Medium,58.37,10,0.05,Nutella,59834,27,Male,None,Instapay,Talabat,99,8.7,126,32.5,70,3,0,Traditional,Greater Cairo,0,2,81.72
103042,01/02/2024 16:15,Giza-Zayed,Om Ali Cream,Medium,68.33,1,0.1,,57421,68,,Bronze,Instapay,Mobile App,33,13.3,110,18,70.8,2,0,Traditional,Greater Cairo,0,16,9.57
101710,18/01/2024 19:15,Tanta-Saeed,Rice Pudding Nuts,Medium,161.1,9,0,Pistachio,89330,65,Female,None,Credit Card,In-store,11,9.9,143,20.5,86.8,4,0,Traditional,Delta,0,19,202.99
100090,01/01/2024 22:15,Cairo-Zamalek,Qishtouza Lotus,Medium,109.94,7,0,Nutella,56520,28,Male,Gold,Instapay,Mobile App,37,3.9,131,30.2,62.2,3,0,Modern,Greater Cairo,0,22,107.74
107015,14/03/2024 01:30,Riyadh-Olaya,Sweet Koshary Mix,Medium,169.7,1,0,Pistachio,86167,51,Male,Silver,Cash,In-store,107,7,122,33.7,75.7,5,0,Signature,KSA,0,1,23.76
103175,03/02/2024 01:30,Alex-Stanly,Qishtouza Lotus,Medium,156.37,3,0.05,Nuts,71335,,Male,None,Cash,In-store,76,13.9,119,33.5,80.8,4,0,Modern,Alexandria,1,1,65.68
100918,10/01/2024 13:15,Giza-Zayed,Ice Cream Mango,Medium,140.76,10,0,Pistachio,87257,16,Male,Gold,Credit Card,In-store,35,2.3,149,40.6,61.3,,0,Ice Cream,Greater Cairo,0,13,197.06
107834,22/03/2024 14:15,Alex-Stanly,Sweet Koshary Mix,Medium,166.95,4,0,Nuts,78778,27,Female,Gold,Instapay,Talabat,111,2.6,114,17.2,32.5,1,0,Signature,Alexandria,1,14,93.49
106733,11/03/2024 03:00,Cairo-Nasr City,Super B.Laban,Medium,115.99,6,0,Nuts,56181,62,Female,None,Instapay,In-store,32,7.8,110,16.9,24.4,,0,Signature,Greater Cairo,0,3,97.43
101950,21/01/2024 07:15,Dubai-Marina,Sweet Koshary Mix,Large,133.05,4,0,None,57406,26,Female,Gold,Credit Card,In-store,15,9.7,111,38.4,22.5,,0,Signature,UAE,1,7,74.51
106369,07/03/2024 08:00,Riyadh-Olaya,Ice Cream Mango,Medium,84.05,5,0,Lotus,86566,74,Female,,Instapay,In-store,42,4.5,103,18.4,79.8,2,0,Ice Cream,KSA,0,8,58.84
100002,01/01/2024 00:15,Giza-Zayed,Ice Cream Mango,Medium,65.83,6,0,Nutella,75762,43,Male,Gold,Instapay,In-store,22,6.4,138,41.1,33.1,2,0,Ice Cream,Greater Cairo,0,0,55.3
108033,24/03/2024 16:00,Tanta-Saeed,Rice Pudding Nuts,Large,107.81,9,0.15,Lotus,52840,30,Male,Silver,Wallet,ElMenus,91,5.6,105,16.7,51.4,3,0,Traditional,Delta,1,16,135.84
106048,03/03/2024 23:45,Alex-Stanly,Qishtouza Lotus,Small,116.87,2,0.15,Nuts,86142,54,,Silver,Cash,In-store,102,3.3,115,35.9,33.8,3,0,Modern,Alexandria,1,23,32.72
102721,29/01/2024 08:00,Tanta-Saeed,Om Ali Cream,Medium,122.28,11,0,Nutella,89323,35,Male,None,Wallet,Talabat,45,10.1,134,39.4,20.5,,0,Traditional,Delta,0,8,188.31
109813,12/04/2024 05:00,Riyadh-Olaya,Qishtouza Nutella,Large,160.45,11,0.15,Nuts,86104,,Male,Silver,Wallet,Mobile App,100,4,118,20.3,66.5,5,0,Modern,KSA,1,5,247.09
103118,02/02/2024 11:15,Cairo-Zamalek,Om Ali Cream,Medium,130.82,9,0,Nutella,50648,43,Male,None,Cash,In-store,39,2.2,146,31.5,86.4,5,0,Traditional,Greater Cairo,1,11,164.83
109466,08/04/2024 14:15,Dubai-Marina,Ice Cream Mango,Medium,87.37,7,0.15,Nuts,60517,12,Female,Gold,Instapay,Mobile App,105,10.8,107,17.4,38.2,5,0,Ice Cream,UAE,0,14,85.62
103763,09/02/2024 04:30,Dubai-Marina,Qishtouza Lotus,Small,179.21,6,0,None,66993,63,Female,,Instapay,Talabat,15,2.4,111,19.3,64.2,1,0,Modern,UAE,1,4,150.54
100214,03/01/2024 05:15,Dubai-Marina,Sweet Koshary Mix,Medium,88.36,6,0.15,None,63241,61,Male,Silver,Wallet,Mobile App,28,14.8,102,24.7,38.7,4,0,Signature,UAE,0,5,74.22
100779,09/01/2024 02:30,Riyadh-Olaya,Qishtouza Nutella,Large,139.63,2,0,None,81545,,Male,Gold,Cash,ElMenus,55,4.6,103,16.8,76.1,1,0,Modern,KSA,0,2,39.1
103497,06/02/2024 10:00,Cairo-Zamalek,Rice Pudding Oven,Large,140.01,1,0,None,78723,24,Male,Silver,Credit Card,Talabat,36,3.8,149,23.8,56,2,0,Traditional,Greater Cairo,0,10,19.6
108818,01/04/2024 20:15,Alex-Stanly,Rice Pudding Oven,Small,129.57,7,0,Nutella,63263,,Male,Bronze,Instapay,Talabat,115,9.7,101,27.7,84,4,1,Traditional,Alexandria,0,20,126.98
102044,22/01/2024 06:45,Alex-Stanly,Qishtouza Nutella,Medium,100.08,5,0,Nuts,53214,59,Male,Gold,Cash,Mobile App,91,13.3,147,41.3,65.8,5,0,Modern,Alexandria,0,6,70.06
105421,26/02/2024 11:00,Cairo-Nasr City,Sweet Koshary Mix,Medium,166.28,9,0,None,58071,21,,Bronze,Credit Card,Talabat,71,9.2,110,22,41,1,0,Signature,Greater Cairo,0,11,209.51
106155,05/03/2024 02:30,Cairo-Zamalek,Rice Pudding Oven,Medium,64.23,10,0,None,58989,24,Male,Bronze,Credit Card,In-store,73,9.3,123,42,66,1,0,Traditional,Greater Cairo,0,2,89.92
108358,28/03/2024 01:15,Mansoura-Mashaya,Sweet Koshary Mix,Medium,66.86,6,0,Lotus,54852,65,Male,,Credit Card,ElMenus,110,12.2,126,44.7,63.1,5,0,Signature,Delta,0,1,56.16
108708,31/03/2024 16:45,Dubai-Marina,Qishtouza Nutella,Large,156.73,8,0,Nutella,75408,71,Male,Silver,Wallet,ElMenus,61,7.6,105,41,54.6,1,0,Modern,UAE,1,16,175.54
108466,29/03/2024 04:15,Alex-Stanly,Rice Pudding Oven,Large,70.49,11,0,Nuts,50769,39,Male,Bronze,Wallet,ElMenus,94,7.8,145,34.5,85.8,5,0,Traditional,Alexandria,1,4,108.55
104168,13/02/2024 09:45,Giza-Zayed,Qishtouza Nutella,Large,150.55,6,0,Pistachio,84514,,Female,None,Cash,Mobile App,116,9.5,135,28.3,45,4,0,Modern,Greater Cairo,0,9,126.46
103789,09/02/2024 11:00,Cairo-Zamalek,Qishtouza Nutella,Large,62.05,8,0.15,Nuts,71426,48,Male,None,Instapay,Mobile App,67,9.7,107,41,36.7,5,0,Modern,Greater Cairo,1,11,69.5
100584,07/01/2024 01:45,Cairo-Zamalek,Super B.Laban,Medium,71.32,1,0,Pistachio,58215,36,Male,None,Credit Card,In-store,83,7.6,108,27.6,69.9,5,0,Signature,Greater Cairo,1,1,9.98
109912,13/04/2024 05:45,Dubai-Marina,Rice Pudding Nuts,Small,65.33,11,0.1,Nutella,67073,35,Female,None,Cash,Mobile App,19,11.1,103,21.7,80.1,1,0,Traditional,UAE,1,5,100.61
109987,14/04/2024 00:30,Mansoura-Mashaya,Sweet Koshary Mix,Medium,128.01,5,0,None,62090,37,Male,Gold,Instapay,Talabat,10,4.1,141,30.1,44.7,,0,Signature,Delta,1,0,89.61
100117,02/01/2024 05:00,Cairo-Nasr City,Sweet Koshary Mix,Small,86.34,2,0.05,Pistachio,59737,66,Male,Gold,Wallet,In-store,63,10.2,101,19.4,49.8,3,0,Signature,Greater Cairo,0,5,24.18
106645,10/03/2024 05:00,Riyadh-Olaya,Ice Cream Mango,Medium,55.25,7,0,Lotus,89856,21,,Gold,Instapay,In-store,91,2.1,130,30.9,37.2,3,0,Ice Cream,KSA,1,5,54.14
109034,04/04/2024 02:15,Alex-Stanly,Sweet Koshary Mix,Medium,131.5,4,0,Pistachio,82858,70,Male,Silver,Cash,Mobile App,77,6.5,144,29,77.3,4,0,Signature,Alexandria,0,2,73.64
109952,13/04/2024 15:45,Giza-Zayed,Qishtouza Nutella,Large,85.01,9,0,None,54695,12,Female,,Wallet,Mobile App,43,12.6,105,43,40.8,3,0,Modern,Greater Cairo,1,15,107.11
108960,03/04/2024 07:45,Dubai-Marina,Qishtouza Nutella,Large,52.33,6,0,Pistachio,83449,12,Female,Silver,Cash,ElMenus,47,7.4,121,20.8,55.3,,0,Modern,UAE,0,7,43.96
101764,19/01/2024 08:45,Dubai-Marina,Qishtouza Nutella,Medium,89.73,11,0,Nutella,51050,30,Male,Silver,Cash,In-store,31,2,114,29.5,27.1,2,0,Modern,UAE,1,8,138.18
101876,20/01/2024 12:45,Riyadh-Olaya,Sweet Koshary Mix,Large,51.4,8,0,Pistachio,78513,,Male,Silver,Wallet,In-store,27,2.4,129,35.3,27.6,1,0,Signature,KSA,1,12,57.57
103225,03/02/2024 14:00,Tanta-Saeed,Sweet Koshary Mix,Medium,71.33,6,0,Nuts,63495,73,Female,Bronze,Cash,ElMenus,74,1.8,144,37.1,28.6,1,0,Signature,Delta,1,14,59.92
100527,06/01/2024 11:30,Alex-Stanly,Rice Pudding Oven,Medium,176.76,4,0.15,None,83072,60,Female,Silver,Credit Card,Talabat,97,5.9,127,37.7,65.1,2,0,Traditional,Alexandria,1,11,98.99
107726,21/03/2024 11:15,Dubai-Marina,Super B.Laban,Large,49.56,5,0,Pistachio,57943,,Male,Silver,Credit Card,In-store,44,0.7,143,31.1,80.2,3,0,Signature,UAE,0,11,34.69
102947,31/01/2024 16:30,Mansoura-Mashaya,Rice Pudding Nuts,Medium,128.74,1,0,None,65204,44,Male,Bronze,Cash,Mobile App,95,12.5,112,15,68.8,4,0,Traditional,Delta,0,16,18.02
104474,16/02/2024 14:15,Riyadh-Olaya,Super B.Laban,Large,64.52,10,0.1,Nutella,51634,59,Male,None,Cash,In-store,98,13.5,117,19.6,43.4,2,0,Signature,KSA,1,14,90.33
105656,28/02/2024 21:45,Tanta-Saeed,Om Ali Cream,Medium,162.54,10,0,Lotus,68848,48,Male,Silver,Wallet,ElMenus,68,5.4,102,40,38.7,1,0,Traditional,Delta,0,21,227.56
106060,04/03/2024 02:45,Dubai-Marina,Rice Pudding Nuts,Small,89.54,3,0.15,,73744,64,Female,None,Wallet,Mobile App,102,13.1,138,19.8,22,2,0,Traditional,UAE,0,2,37.61
100960,10/01/2024 23:45,Dubai-Marina,Rice Pudding Nuts,Large,86.73,10,0.05,Pistachio,72407,34,Female,None,Credit Card,Talabat,27,2.6,125,22.9,20.4,2,0,Traditional,UAE,0,23,121.42
106343,07/03/2024 01:30,Cairo-Nasr City,Qishtouza Nutella,Large,166.42,5,0,None,68972,67,Male,Silver,Wallet,Mobile App,20,5.7,140,29.2,27.3,2,0,Modern,Greater Cairo,0,1,116.49
103634,07/02/2024 20:15,Riyadh-Olaya,Om Ali Cream,Medium,116.28,11,0,Nutella,56210,69,Male,Silver,Cash,ElMenus,90,8.4,115,43.4,83.7,3,0,Traditional,KSA,0,20,179.07
101051,11/01/2024 22:30,Cairo-Zamalek,Rice Pudding Oven,Small,115.31,11,0,Lotus,73140,37,Female,Silver,Credit Card,ElMenus,80,13.4,101,16.1,70.8,2,0,Traditional,Greater Cairo,0,22,177.58
103381,05/02/2024 05:00,Mansoura-Mashaya,Rice Pudding Nuts,Small,158.8,6,0,Lotus,71786,36,Male,Bronze,Instapay,ElMenus,24,11.5,111,37.5,81.3,4,0,Traditional,Delta,0,5,133.39
103677,08/02/2024 07:00,Riyadh-Olaya,Sweet Koshary Mix,Medium,80.14,2,0,,62248,30,Female,Silver,Credit Card,ElMenus,34,9.4,110,25.4,50.8,1,1,Signature,KSA,0,7,22.44
105777,01/03/2024 04:00,Riyadh-Olaya,Rice Pudding Oven,Large,156.03,4,0.05,Pistachio,76329,57,Male,,Cash,Mobile App,93,13.3,129,31.9,38.9,1,0,Traditional,KSA,1,4,87.38
109046,04/04/2024 05:15,Riyadh-Olaya,Ice Cream Mango,Small,68.95,5,0,None,59974,51,Female,Silver,Wallet,ElMenus,32,10.9,138,30.2,29.2,2,0,Ice Cream,KSA,0,5,48.27
106574,09/03/2024 11:15,Cairo-Nasr City,Sweet Koshary Mix,Large,74.92,4,0,Nuts,51834,51,Male,Gold,Credit Card,Talabat,96,8.9,114,17.4,39.2,,0,Signature,Greater Cairo,1,11,41.96
105180,23/02/2024 22:45,Tanta-Saeed,Om Ali Cream,Small,141.32,4,0,None,77599,39,Male,None,Wallet,ElMenus,47,12.1,127,19.4,86.3,3,0,Traditional,Delta,1,22,79.14
101608,17/01/2024 17:45,Cairo-Nasr City,Qishtouza Nutella,Small,154.04,11,0,Pistachio,52408,59,Male,Gold,Credit Card,In-store,72,8.2,140,31,67.8,2,0,Modern,Greater Cairo,0,17,237.22
103611,07/02/2024 14:30,Dubai-Marina,Rice Pudding Oven,Medium,42.79,4,0,Nuts,67299,17,Female,Silver,Credit Card,ElMenus,89,3.2,143,31.2,23.4,3,0,Traditional,UAE,0,14,23.96
109759,11/04/2024 15:30,Alex-Stanly,Qishtouza Nutella,Medium,77.01,7,0.15,None,76133,,Male,Bronze,Cash,Talabat,94,8.1,117,27.2,53.9,2,0,Modern,Alexandria,0,15,75.47
106636,10/03/2024 02:45,Dubai-Marina,Qishtouza Nutella,Medium,173.29,4,0,None,56762,22,Male,Silver,Instapay,Mobile App,87,6.8,124,41.4,25.2,1,1,Modern,UAE,1,2,97.04
109998,14/04/2024 03:15,Tanta-Saeed,Sweet Koshary Mix,Medium,42.72,10,0,,72665,72,Male,Gold,Wallet,Talabat,99,5.1,124,39.4,87.5,4,0,Signature,Delta,1,3,59.81
100792,09/01/2024 05:45,Riyadh-Olaya,Om Ali Cream,Medium,149.51,10,0.05,Nutella,87976,19,Male,None,Cash,Mobile App,112,7.2,137,44.5,88.9,3,0,Traditional,KSA,0,5,209.31
103057,01/02/2024 20:00,Dubai-Marina,Super B.Laban,Medium,166.78,8,0,Lotus,81013,,Female,Gold,Cash,Mobile App,22,9,140,17.5,57.7,4,0,Signature,UAE,0,20,186.79
101981,21/01/2024 15:00,Mansoura-Mashaya,Sweet Koshary Mix,Small,66.75,3,0,None,66416,,Male,Bronze,Instapay,Mobile App,113,14.1,126,25.3,80,4,0,Signature,Delta,1,15,28.04
103599,07/02/2024 11:30,Riyadh-Olaya,Qishtouza Lotus,Small,69.02,4,0,Pistachio,56822,66,Female,Gold,Cash,In-store,76,6,101,44.2,50.1,3,0,Modern,KSA,0,11,38.65
100934,10/01/2024 17:15,Cairo-Nasr City,Sweet Koshary Mix,Large,140.42,10,0,,68327,38,Male,Gold,Credit Card,Mobile App,36,0.9,140,24.5,37.6,1,1,Signature,Greater Cairo,0,17,196.59
107425,18/03/2024 08:00,Cairo-Nasr City,Qishtouza Nutella,Medium,117.32,4,0,Nutella,71272,37,Male,,Credit Card,In-store,115,5.8,120,35,21.5,1,0,Modern,Greater Cairo,0,8,65.7
105627,28/02/2024 14:30,Alex-Stanly,Qishtouza Lotus,Medium,150.87,9,0.05,Lotus,88414,19,Male,Silver,Cash,ElMenus,60,11.1,101,16.1,69.9,5,0,Modern,Alexandria,0,14,190.1
101683,18/01/2024 12:30,Mansoura-Mashaya,Sweet Koshary Mix,Medium,132.52,9,0,Lotus,81157,66,Male,Gold,Cash,Talabat,85,13.5,122,15,28.4,1,0,Signature,Delta,0,12,166.98
104180,13/02/2024 12:45,Alex-Stanly,Rice Pudding Nuts,Medium,112.64,6,0,Nutella,88408,71,Male,Gold,Cash,Mobile App,89,14.9,118,17.9,85.4,5,0,Traditional,Alexandria,0,12,94.62
106447,08/03/2024 03:30,Cairo-Nasr City,Rice Pudding Nuts,Large,129.33,3,0,None,57275,35,Male,Silver,Instapay,Mobile App,51,8.1,143,29.3,74,3,0,Traditional,Greater Cairo,1,3,54.32
104117,12/02/2024 21:00,Mansoura-Mashaya,Qishtouza Lotus,Medium,69.52,7,0,Nutella,74099,16,Female,None,Wallet,Mobile App,90,2.4,138,17,66.7,,0,Modern,Delta,0,21,68.13
100989,11/01/2024 07:00,Cairo-Zamalek,Rice Pudding Nuts,Large,133.69,4,0,Nutella,81444,,Female,None,Cash,In-store,92,10.6,101,20,65.4,2,0,Traditional,Greater Cairo,0,7,74.87
102897,31/01/2024 04:00,Cairo-Zamalek,Rice Pudding Oven,Medium,135.76,4,0,Nuts,69374,17,Female,Bronze,Credit Card,Mobile App,98,5.9,105,36.6,33.6,2,0,Traditional,Greater Cairo,0,4,76.03
103779,09/02/2024 08:30,Cairo-Nasr City,Qishtouza Nutella,Large,103.82,2,0,Nuts,86177,65,Female,,Cash,Talabat,38,14.4,126,20.2,42.4,3,0,Modern,Greater Cairo,1,8,29.07
105659,28/02/2024 22:30,Cairo-Nasr City,Qishtouza Lotus,Medium,53.06,4,0,None,58355,53,Female,None,Instapay,Talabat,76,13.1,127,28.7,39.9,1,0,Modern,Greater Cairo,0,22,29.71
103094,02/02/2024 05:15,Tanta-Saeed,Qishtouza Lotus,Small,166.18,4,0,Pistachio,85530,21,,Silver,Wallet,Talabat,96,8,123,43.3,86.3,5,0,Modern,Delta,1,5,93.06
103156,02/02/2024 20:45,Alex-Stanly,Sweet Koshary Mix,Small,159.21,1,0.1,Nuts,68443,74,Female,Silver,Cash,ElMenus,36,4.1,105,41.8,55.9,3,0,Signature,Alexandria,1,20,22.29
101824,19/01/2024 23:45,Giza-Zayed,Qishtouza Nutella,Large,48.91,10,0,Nuts,68026,57,Male,None,Cash,Mobile App,44,12.1,143,37.9,69.3,,0,Modern,Greater Cairo,1,23,68.47
109623,10/04/2024 05:30,Mansoura-Mashaya,Super B.Laban,Medium,50.24,4,0,None,52943,52,,Gold,Cash,In-store,88,8.5,112,31.6,44.9,3,0,Signature,Delta,0,5,28.13
101099,12/01/2024 10:30,Tanta-Saeed,Qishtouza Nutella,Large,106.95,5,0,None,67133,31,Male,Gold,Wallet,In-store,69,3.2,133,37.8,38.9,,0,Modern,Delta,1,10,74.87
102845,30/01/2024 15:00,Tanta-Saeed,Rice Pudding Nuts,Medium,164.26,8,0,Nutella,61457,37,,Silver,Credit Card,ElMenus,79,1.5,110,43.3,38.8,2,0,Traditional,Delta,0,15,183.97
103343,04/02/2024 19:30,Riyadh-Olaya,Super B.Laban,Medium,166.08,2,0,,72036,25,Female,None,Cash,In-store,112,11.3,120,31,51.2,2,0,Signature,KSA,1,19,46.5
100039,01/01/2024 09:30,Cairo-Nasr City,Ice Cream Mango,Medium,165.26,11,0,Nutella,65982,74,Male,Silver,Instapay,Talabat,115,10.9,143,28.4,87.2,4,0,Ice Cream,Greater Cairo,0,9,254.5
106541,09/03/2024 03:00,Giza-Zayed,Super B.Laban,Small,144.56,7,0,Nutella,80704,18,Female,Gold,Wallet,ElMenus,56,5.6,102,16,73.1,2,0,Signature,Greater Cairo,1,3,141.67
109474,08/04/2024 16:15,Mansoura-Mashaya,Rice Pudding Nuts,Medium,88.15,9,0.05,Nutella,53075,18,Female,Bronze,Wallet,Talabat,25,14.7,143,24.4,35,4,0,Traditional,Delta,0,16,111.07
103357,04/02/2024 23:00,Cairo-Zamalek,Qishtouza Nutella,Small,41.59,10,0,Nuts,88946,40,Female,Bronze,Cash,In-store,13,2.1,109,33.6,77.8,4,0,Modern,Greater Cairo,1,23,58.23
107814,22/03/2024 09:15,Cairo-Nasr City,Sweet Koshary Mix,Medium,154.86,4,0,Nutella,57466,,Male,None,Credit Card,In-store,74,12.5,136,35.7,45.4,4,0,Signature,Greater Cairo,1,9,86.72
108221,26/03/2024 15:00,Mansoura-Mashaya,Rice Pudding Oven,Medium,123.71,2,0,None,89482,12,Male,None,Cash,Talabat,87,11.9,112,34.8,81.6,,0,Traditional,Delta,0,15,34.64
109228,06/04/2024 02:45,Alex-Stanly,Rice Pudding Nuts,Medium,144.87,2,0,Pistachio,60622,48,Male,,Instapay,ElMenus,34,3,120,35.2,57.4,1,0,Traditional,Alexandria,1,2,40.56
102429,26/01/2024 07:00,Mansoura-Mashaya,Sweet Koshary Mix,Medium,109.95,4,0,,89238,31,Male,Silver,Wallet,ElMenus,34,13.5,122,16.3,27.4,,0,Signature,Delta,1,7,61.57
105044,22/02/2024 12:45,Riyadh-Olaya,Qishtouza Nutella,Medium,42.48,9,0,Nuts,69254,,Male,Gold,Instapay,ElMenus,93,14,127,41.3,45.3,2,0,Modern,KSA,0,12,53.52
105347,25/02/2024 16:30,Tanta-Saeed,Rice Pudding Nuts,Medium,134.9,5,0,None,70804,,,Gold,Cash,Talabat,41,3.1,119,30.4,23.6,2,0,Traditional,Delta,1,16,94.43
104812,20/02/2024 02:45,Riyadh-Olaya,Rice Pudding Nuts,Medium,122.81,4,0.15,,65892,29,Male,Silver,Instapay,Talabat,109,12.8,114,25.7,29.2,5,0,Traditional,KSA,0,2,68.77
108477,29/03/2024 07:00,Tanta-Saeed,Om Ali Cream,Medium,105.08,9,0,Nutella,81417,38,Male,Bronze,Instapay,Mobile App,66,4.5,122,30.7,85.3,5,0,Traditional,Delta,1,7,132.4
100687,08/01/2024 03:30,Tanta-Saeed,Rice Pudding Oven,Medium,111.26,6,0.05,Lotus,86599,48,Female,Bronze,Wallet,In-store,117,3.9,132,33.4,36.7,2,0,Traditional,Delta,0,3,93.46
104800,19/02/2024 23:45,Alex-Stanly,Qishtouza Lotus,Large,160.93,3,0,Nutella,51989,28,,None,Wallet,In-store,86,4.6,133,17,36.8,,0,Modern,Alexandria,0,23,67.59
107438,18/03/2024 11:15,Giza-Zayed,Ice Cream Mango,Medium,148.4,8,0,None,64220,56,Male,None,Instapay,In-store,58,12.8,145,18.2,47.8,2,0,Ice Cream,Greater Cairo,0,11,166.21
102354,25/01/2024 12:15,Riyadh-Olaya,Om Ali Cream,Medium,167.23,11,0,None,67232,52,,Gold,Credit Card,Mobile App,46,9.7,144,18.5,59.5,4,0,Traditional,KSA,0,12,257.53
106354,07/03/2024 04:15,Cairo-Zamalek,Qishtouza Lotus,Large,128.44,9,0,Lotus,81693,12,Male,Silver,Instapay,Mobile App,62,2.1,131,42,29.1,1,0,Modern,Greater Cairo,0,4,161.83
104570,17/02/2024 14:15,Alex-Stanly,Qishtouza Lotus,Medium,71.25,1,0,None,77158,,Male,Bronze,Credit Card,In-store,75,12,108,17.4,24.4,3,0,Modern,Alexandria,1,14,9.98
108214,26/03/2024 13:15,Cairo-Zamalek,Sweet Koshary Mix,Medium,83.45,11,0,Pistachio,66964,22,Male,Gold,Instapay,In-store,107,7.9,141,26.8,48.3,4,0,Signature,Greater Cairo,0,13,128.51
102753,29/01/2024 16:00,Dubai-Marina,Sweet Koshary Mix,Small,158.97,6,0,Nuts,56076,47,Female,Gold,Credit Card,In-store,24,8.2,142,31,35.6,,0,Signature,UAE,0,16,133.53
108074,25/03/2024 02:15,Cairo-Zamalek,Super B.Laban,Large,109.87,1,0,Nutella,82347,39,Male,Silver,Wallet,Talabat,47,14.6,112,20,73.9,,0,Signature,Greater Cairo,0,2,15.38
101041,11/01/2024 20:00,Mansoura-Mashaya,Sweet Koshary Mix,Medium,138.98,7,0,Nuts,78173,65,Female,Silver,Credit Card,Talabat,99,2.7,119,16.5,67.8,2,0,Signature,Delta,0,20,136.2
107492,19/03/2024 00:45,Cairo-Nasr City,Qishtouza Lotus,Small,163.26,8,0.1,Nuts,81716,67,Male,Silver,Credit Card,Mobile App,48,13,127,40.1,83.8,2,0,Modern,Greater Cairo,0,0,182.85
101266,14/01/2024 04:15,Alex-Stanly,Om Ali Cream,Large,137.85,7,0.15,Pistachio,57599,47,Male,,Credit Card,ElMenus,22,2.5,142,21.9,58.5,3,0,Traditional,Alexandria,1,4,135.09
109266,06/04/2024 12:15,Alex-Stanly,Qishtouza Nutella,Large,44.15,11,0,Nuts,67007,59,Female,Silver,Cash,Mobile App,37,12.5,116,22.1,62.7,5,0,Modern,Alexandria,1,12,67.99
107060,14/03/2024 12:45,Giza-Zayed,Qishtouza Lotus,Small,96.91,7,0.1,Nuts,68168,65,Male,None,Instapay,Mobile App,23,7.3,148,18.8,60.2,5,0,Modern,Greater Cairo,0,12,94.97
100278,03/01/2024 21:15,Tanta-Saeed,Rice Pudding Oven,Large,87.03,3,0,Nuts,59133,49,Female,Silver,Cash,Mobile App,31,10.6,131,39.1,30,3,0,Traditional,Delta,0,21,36.55
105085,22/02/2024 23:00,Giza-Zayed,Super B.Laban,Medium,118.88,8,0.1,Pistachio,69758,26,Male,Silver,Instapay,ElMenus,19,9.6,132,44.6,76.9,5,0,Signature,Greater Cairo,0,23,133.15
102383,25/01/2024 19:30,Cairo-Zamalek,Ice Cream Mango,Medium,64.52,11,0.1,None,89271,25,Female,Bronze,Cash,Talabat,103,3.4,143,25.7,37.4,2,0,Ice Cream,Greater Cairo,0,19,99.36
100572,06/01/2024 22:45,Alex-Stanly,Rice Pudding Nuts,Large,62.63,7,0,Nuts,61097,15,Female,None,Instapay,In-store,32,2.8,109,29.1,25.1,2,0,Traditional,Alexandria,1,22,61.38
101436,15/01/2024 22:45,Cairo-Zamalek,Super B.Laban,Medium,77.46,8,0,Lotus,84685,,Male,Silver,Instapay,In-store,82,4.8,145,29.2,75.1,1,0,Signature,Greater Cairo,0,22,86.76
105353,25/02/2024 18:00,Alex-Stanly,Rice Pudding Oven,Medium,134.44,11,0.05,,50740,29,Female,None,Instapay,In-store,12,10.6,133,29.9,31.3,4,0,Traditional,Alexandria,1,18,207.04
105446,26/02/2024 17:15,Riyadh-Olaya,Ice Cream Mango,Medium,72.62,5,0,None,71009,22,Female,Silver,Wallet,In-store,117,10.3,147,21.3,87.8,5,1,Ice Cream,KSA,0,17,50.83
101008,11/01/2024 11:45,Mansoura-Mashaya,Sweet Koshary Mix,Large,50.47,1,0.1,Pistachio,53365,70,Male,Bronze,Wallet,In-store,46,10.4,138,43.2,38.8,5,0,Signature,Delta,0,11,7.07
104544,17/02/2024 07:45,Giza-Zayed,Ice Cream Mango,Medium,135.17,4,0.15,Lotus,80483,51,,None,Wallet,Mobile App,56,7.8,111,15,37.5,5,0,Ice Cream,Greater Cairo,1,7,75.7
108817,01/04/2024 20:00,Mansoura-Mashaya,Sweet Koshary Mix,Medium,79.19,3,0,,89077,20,Male,Gold,Credit Card,Mobile App,77,9.1,115,33.7,27.4,,0,Signature,Delta,0,20,33.26
102065,22/01/2024 12:00,Alex-Stanly,Qishtouza Nutella,Large,140.55,1,0,Pistachio,75222,,Male,,Cash,Talabat,69,14.1,113,18.9,64.6,3,0,Modern,Alexandria,0,12,19.68
101137,12/01/2024 20:00,Dubai-Marina,Sweet Koshary Mix,Medium,176.11,11,0,None,54609,45,Female,None,Cash,In-store,52,4.6,125,23.8,87.1,1,0,Signature,UAE,1,20,271.21
105344,25/02/2024 15:45,Giza-Zayed,Rice Pudding Oven,Small,157.37,2,0,Nuts,50179,35,Female,Bronze,Cash,Mobile App,64,3,142,41.1,31.7,3,0,Traditional,Greater Cairo,1,15,44.06
100295,04/01/2024 01:30,Cairo-Zamalek,Qishtouza Nutella,Medium,85.63,4,0,Nuts,61970,36,Female,Gold,Instapay,Mobile App,107,12.5,103,18.7,37.5,5,0,Modern,Greater Cairo,0,1,47.95
102404,26/01/2024 00:45,Mansoura-Mashaya,Sweet Koshary Mix,Medium,72.88,4,0,Nuts,78080,51,Female,Silver,Credit Card,ElMenus,71,12,140,28,26.6,2,1,Signature,Delta,1,0,40.81
103999,11/02/2024 15:30,Tanta-Saeed,Rice Pudding Oven,Medium,72.38,10,0,Nuts,65867,44,Female,,Wallet,In-store,33,6.7,110,41.5,75.6,4,0,Traditional,Delta,1,15,101.33
103742,08/02/2024 23:15,Cairo-Zamalek,Qishtouza Lotus,Small,78.88,11,0,Nutella,82405,24,Female,Silver,Cash,ElMenus,57,7.6,121,30.4,79.7,1,1,Modern,Greater Cairo,0,23,121.48
109223,06/04/2024 01:30,Cairo-Nasr City,Ice Cream Mango,Large,69.25,5,0,,61247,44,Male,Silver,Instapay,Mobile App,78,14.2,111,35.7,61.9,2,0,Ice Cream,Greater Cairo,1,1,48.48
102720,29/01/2024 07:45,Cairo-Zamalek,Rice Pudding Oven,Small,94.38,3,0,Pistachio,88273,18,Male,Gold,Instapay,ElMenus,14,2.3,135,43.9,54.4,,0,Traditional,Greater Cairo,0,7,39.64
109200,05/04/2024 19:45,Tanta-Saeed,Om Ali Cream,Small,138.92,6,0,Nuts,65463,69,Female,Silver,Credit Card,Mobile App,49,11.3,106,40.4,83.2,,0,Traditional,Delta,1,19,116.69
105151,23/02/2024 15:30,Cairo-Nasr City,Super B.Laban,Large,114.82,2,0,,50231,66,,,Wallet,ElMenus,44,11.4,145,32.5,73.9,,0,Signature,Greater Cairo,1,15,32.15
102809,30/01/2024 06:00,Mansoura-Mashaya,Qishtouza Lotus,Medium,82.73,4,0,Pistachio,60734,,Female,Silver,Instapay,In-store,93,2.1,118,23.4,58.5,3,0,Modern,Delta,0,6,46.33
100557,06/01/2024 19:00,Riyadh-Olaya,Qishtouza Nutella,Small,96.54,2,0,None,76627,,Male,None,Instapay,ElMenus,112,6.5,121,20.3,60.8,2,0,Modern,KSA,1,19,27.03
108926,02/04/2024 23:15,Tanta-Saeed,Om Ali Cream,Medium,148,5,0.05,Nutella,57235,14,Male,,Instapay,ElMenus,23,1.9,133,16.1,30.8,2,0,Traditional,Delta,0,23,103.6
104796,19/02/2024 22:45,Cairo-Zamalek,Qishtouza Nutella,Large,98.27,11,0,None,55763,40,Male,Gold,Cash,ElMenus,47,4.9,121,28,69.1,5,0,Modern,Greater Cairo,0,22,151.34
102470,26/01/2024 17:15,Riyadh-Olaya,Qishtouza Nutella,Medium,130.74,3,0,Pistachio,83901,,Female,,Credit Card,Talabat,79,14.7,124,21.9,24.9,4,0,Modern,KSA,1,17,54.91
103739,08/02/2024 22:30,Dubai-Marina,Om Ali Cream,Small,97.07,4,0,Nuts,87211,67,Female,Bronze,Instapay,In-store,64,6.7,135,37.4,59.2,4,0,Traditional,UAE,0,22,54.36
104287,14/02/2024 15:30,Giza-Zayed,Om Ali Cream,Small,86.73,1,0,Lotus,82983,21,Female,Gold,Wallet,Talabat,77,9.8,119,37.4,51,5,0,Traditional,Greater Cairo,0,15,12.14
102605,28/01/2024 03:00,Dubai-Marina,Rice Pudding Nuts,Large,121.4,8,0,Pistachio,77518,67,Female,Silver,Credit Card,ElMenus,101,3.6,143,37.9,47.5,1,0,Traditional,UAE,1,3,135.97
100363,04/01/2024 18:30,Cairo-Nasr City,Ice Cream Mango,Large,85.32,11,0.05,Nutella,87582,42,Female,Silver,Wallet,Mobile App,101,2.5,124,15.8,41.8,3,0,Ice Cream,Greater Cairo,0,18,131.39
106925,13/03/2024 03:00,Riyadh-Olaya,Qishtouza Lotus,Medium,111.13,1,0.1,Lotus,87718,44,Female,None,Instapay,Talabat,23,12.1,120,33.2,67.9,1,0,Modern,KSA,0,3,15.56
101705,18/01/2024 18:00,Alex-Stanly,Om Ali Cream,Small,148.46,1,0,Nuts,88494,49,Male,Silver,Wallet,ElMenus,80,0.6,146,24.4,79.4,2,0,Traditional,Alexandria,0,18,20.78
102140,23/01/2024 06:45,Cairo-Zamalek,Ice Cream Mango,Large,168.72,10,0.05,Lotus,57630,38,Male,,Credit Card,In-store,33,14.6,105,38.7,84.6,1,0,Ice Cream,Greater Cairo,0,6,236.21
103240,03/02/2024 17:45,Dubai-Marina,Ice Cream Mango,Large,151.05,3,0.1,,77989,61,Female,Silver,Instapay,In-store,60,2.5,144,34.2,44.9,1,0,Ice Cream,UAE,1,17,63.44
102384,25/01/2024 19:45,Tanta-Saeed,Super B.Laban,Medium,175.58,11,0,Nutella,50870,50,Male,Bronze,Wallet,Mobile App,70,13.6,126,16.2,20.8,2,0,Signature,Delta,0,19,270.39
107315,17/03/2024 04:30,Riyadh-Olaya,Rice Pudding Oven,Medium,43.3,5,0,Lotus,74281,,Female,Gold,Instapay,Talabat,14,3.3,126,16.5,59.3,4,0,Traditional,KSA,1,4,30.31
104312,14/02/2024 21:45,Alex-Stanly,Rice Pudding Nuts,Medium,108.56,3,0,Nutella,76023,51,Female,Bronze,Wallet,In-store,52,7.8,132,31.8,53.5,5,0,Traditional,Alexandria,0,21,45.6
101313,14/01/2024 16:00,Cairo-Nasr City,Qishtouza Lotus,Medium,178.51,7,0,,58668,53,Female,,Credit Card,Mobile App,28,11.4,145,36.8,67.2,1,0,Modern,Greater Cairo,1,16,174.94
103931,10/02/2024 22:30,Riyadh-Olaya,Super B.Laban,Medium,52.13,9,0,Nutella,74547,50,Female,Bronze,Instapay,In-store,10,12.3,133,29.4,76.9,5,0,Signature,KSA,1,22,65.68
106184,05/03/2024 09:45,Cairo-Zamalek,Om Ali Cream,Medium,47.95,10,0,Nutella,81709,36,Female,Gold,Wallet,ElMenus,107,2.1,113,43.9,82.8,,0,Traditional,Greater Cairo,0,9,67.13
101592,17/01/2024 13:45,Alex-Stanly,Sweet Koshary Mix,Large,47.91,3,0.05,None,76025,18,Male,Gold,Cash,In-store,78,1.4,147,24.5,78,3,0,Signature,Alexandria,0,13,20.12
109388,07/04/2024 18:45,Cairo-Zamalek,Super B.Laban,Medium,140.18,8,0,Pistachio,60687,42,Male,Bronze,Credit Card,In-store,32,6,116,20.9,60.1,,0,Signature,Greater Cairo,1,18,157
102163,23/01/2024 12:30,Alex-Stanly,Qishtouza Nutella,Medium,108.45,3,0,Pistachio,53402,72,Male,None,Cash,In-store,78,14.9,109,42.3,57.2,3,0,Modern,Alexandria,0,12,45.55
102397,25/01/2024 23:00,Giza-Zayed,Qishtouza Lotus,Medium,164.65,3,0.1,Lotus,75518,41,Female,Silver,Wallet,ElMenus,20,3.8,144,29,88.6,5,0,Modern,Greater Cairo,0,23,69.15
100318,04/01/2024 07:15,Cairo-Nasr City,Om Ali Cream,Medium,137.9,11,0,None,56278,31,Male,Silver,Credit Card,Talabat,62,10.5,133,41.7,78.7,3,0,Traditional,Greater Cairo,0,7,212.37
105234,24/02/2024 12:15,Alex-Stanly,Om Ali Cream,Medium,99.52,10,0,Lotus,67998,36,Male,None,Instapay,In-store,42,14.3,133,35.6,53.3,,0,Traditional,Alexandria,1,12,139.33
105069,22/02/2024 19:00,Cairo-Nasr City,Ice Cream Mango,Small,159.82,4,0,,83472,38,Female,Silver,Credit Card,In-store,87,13.8,118,16.4,76.5,3,0,Ice Cream,Greater Cairo,0,19,89.5
104037,12/02/2024 01:00,Cairo-Zamalek,Rice Pudding Nuts,Medium,50.85,5,0,Lotus,50054,57,Male,Bronze,Instapay,Mobile App,32,13.9,119,34.2,49,4,0,Traditional,Greater Cairo,0,1,35.6
103021,01/02/2024 11:00,Tanta-Saeed,Rice Pudding Oven,Medium,9999.99,10,0.1,Pistachio,69701,27,Female,,Instapay,ElMenus,26,12.4,105,22.6,62.8,2,0,Traditional,Delta,0,11,199.63
108229,26/03/2024 17:00,Cairo-Zamalek,Qishtouza Lotus,Large,62.24,3,0,Lotus,54964,23,Female,None,Instapay,Mobile App,98,1.9,102,26.3,53.7,,0,Modern,Greater Cairo,0,17,26.14
105296,25/02/2024 03:45,Riyadh-Olaya,Qishtouza Lotus,Large,76.04,3,0,Nuts,52963,64,Female,,Cash,Talabat,103,9.5,138,26.7,62,1,0,Modern,KSA,1,3,31.94
103973,11/02/2024 09:00,Dubai-Marina,Rice Pudding Oven,Large,80.46,7,0.15,Pistachio,83528,36,Female,Bronze,Cash,ElMenus,111,4.1,112,32.6,41.8,1,0,Traditional,UAE,1,9,78.85
105371,25/02/2024 22:30,Tanta-Saeed,Rice Pudding Oven,Small,121.13,10,0.05,None,63530,16,Female,None,Instapay,Talabat,53,11.2,113,22.8,51.9,4,0,Traditional,Delta,1,22,169.58
104134,13/02/2024 01:15,Riyadh-Olaya,Ice Cream Mango,Medium,142.54,5,0.1,Nutella,52368,23,Male,Silver,Cash,Mobile App,99,3.1,120,21.3,44.7,4,0,Ice Cream,KSA,0,1,99.78
100975,11/01/2024 03:30,Giza-Zayed,Sweet Koshary Mix,Large,81.16,4,0,Pistachio,75958,,Female,Bronze,Instapay,In-store,67,5.4,116,18.7,88.3,5,0,Signature,Greater Cairo,0,3,45.45
107292,16/03/2024 22:45,Dubai-Marina,Ice Cream Mango,Large,155.4,6,0,Nuts,85135,16,Female,Bronze,Instapay,In-store,34,8.6,122,29.9,65.8,,0,Ice Cream,UAE,1,22,130.54
100955,10/01/2024 22:30,Alex-Stanly,Rice Pudding Nuts,Large,112.81,8,0,,67780,16,Female,,Instapay,In-store,102,8.2,106,25,41.9,5,0,Traditional,Alexandria,0,22,126.35
109307,06/04/2024 22:30,Tanta-Saeed,Qishtouza Nutella,Medium,73.41,2,0,Lotus,75342,74,Female,Bronze,Instapay,Mobile App,110,3.7,131,31,28.8,3,0,Modern,Delta,1,22,20.55
105017,22/02/2024 06:00,Cairo-Nasr City,Qishtouza Nutella,Medium,164.22,10,0.15,,69921,,Female,,Wallet,Mobile App,20,8.4,139,37.7,57.4,5,0,Modern,Greater Cairo,0,6,229.91
109731,11/04/2024 08:30,Riyadh-Olaya,Qishtouza Lotus,Medium,179.22,2,0,Pistachio,82499,22,Male,Gold,Instapay,ElMenus,25,8.9,147,45,71.2,3,1,Modern,KSA,0,8,50.18
107491,19/03/2024 00:30,Giza-Zayed,Ice Cream Mango,Large,112.27,4,0.05,Nutella,54905,,Male,Silver,Instapay,Talabat,103,0.7,132,44,46.3,1,1,Ice Cream,Greater Cairo,0,0,62.87
101641,18/01/2024 02:00,Giza-Zayed,Super B.Laban,Large,175.82,5,0,Nuts,56466,62,Female,None,Instapay,Talabat,99,12.3,139,17.2,35.1,,0,Signature,Greater Cairo,0,2,123.07
101291,14/01/2024 10:30,Cairo-Nasr City,Ice Cream Mango,Medium,173.95,11,0.15,Nutella,61227,29,Male,Silver,Credit Card,ElMenus,98,9.2,116,29,82.2,1,0,Ice Cream,Greater Cairo,1,10,267.88
101381,15/01/2024 09:00,Tanta-Saeed,Super B.Laban,Medium,63.65,1,0,,77773,60,Male,None,Wallet,In-store,80,13.8,116,34.8,53.5,2,0,Signature,Delta,0,9,8.91
101934,21/01/2024 03:15,Alex-Stanly,Rice Pudding Nuts,Small,136.3,2,0.05,Nuts,83162,23,Female,None,Cash,Mobile App,22,11.3,129,42.9,62.8,5,0,Traditional,Alexandria,1,3,38.16
104676,18/02/2024 16:45,Mansoura-Mashaya,Om Ali Cream,Small,99.85,1,0,Pistachio,71134,26,Male,Silver,Cash,In-store,14,8.3,148,23.1,28.6,2,0,Traditional,Delta,1,16,13.98
100893,10/01/2024 07:00,Cairo-Nasr City,Ice Cream Mango,Large,64.63,1,0,Nuts,89403,54,,Bronze,Instapay,Talabat,63,13.1,107,31,78.9,4,0,Ice Cream,Greater Cairo,0,7,9.05
107288,16/03/2024 21:45,Giza-Zayed,Qishtouza Lotus,Medium,123.68,4,0,Lotus,58513,18,Male,Gold,Instapay,In-store,119,1.1,132,23.1,66.3,4,0,Modern,Greater Cairo,1,21,69.26
104877,20/02/2024 19:00,Giza-Zayed,Qishtouza Lotus,Small,177.38,5,0,Pistachio,58258,62,Male,Silver,Credit Card,Talabat,35,10.6,104,42.9,66.3,,0,Modern,Greater Cairo,0,19,124.17
107907,23/03/2024 08:30,Dubai-Marina,Rice Pudding Oven,Medium,54.9,10,0,Nutella,59382,14,Female,Gold,Wallet,Mobile App,84,5.4,106,44.8,43.4,,0,Traditional,UAE,1,8,76.86
108195,26/03/2024 08:30,Riyadh-Olaya,Rice Pudding Nuts,Medium,112.69,3,0,,72532,57,Male,Silver,Wallet,ElMenus,82,1.7,132,31.9,47.2,3,0,Traditional,KSA,0,8,47.33
109380,07/04/2024 16:45,Cairo-Zamalek,Ice Cream Mango,Large,160.5,1,0.15,Nutella,73036,21,Male,None,Wallet,Mobile App,52,8,129,21.9,48.9,4,0,Ice Cream,Greater Cairo,1,16,22.47
102467,26/01/2024 16:30,Riyadh-Olaya,Rice Pudding Oven,Medium,147.62,9,0,Pistachio,50488,30,Male,None,Instapay,Talabat,14,5.1,102,21,36.8,2,0,Traditional,KSA,1,16,186
107658,20/03/2024 18:15,Alex-Stanly,Ice Cream Mango,Large,67.29,11,0,Pistachio,79757,14,Female,Bronze,Wallet,Talabat,66,8.3,146,30.7,77.5,4,0,Ice Cream,Alexandria,0,18,103.63
101914,20/01/2024 22:15,Tanta-Saeed,Qishtouza Nutella,Large,47.67,3,0,None,75660,12,Female,Silver,Credit Card,ElMenus,44,8.6,107,42,89.1,2,0,Modern,Delta,1,22,20.02
102737,29/01/2024 12:00,Dubai-Marina,Rice Pudding Oven,Medium,117.66,10,0.1,Nuts,63543,41,,Silver,Credit Card,In-store,54,0.6,114,38.6,59.9,4,0,Traditional,UAE,0,12,164.72
100727,08/01/2024 13:30,Alex-Stanly,Super B.Laban,Medium,145.31,7,0.1,Nutella,51759,71,Female,Gold,Credit Card,Talabat,20,4.6,147,40.4,54.3,1,0,Signature,Alexandria,0,13,142.4
107215,16/03/2024 03:30,Tanta-Saeed,Qishtouza Lotus,Medium,62.5,7,0,Nutella,65646,33,Female,Gold,Cash,ElMenus,36,13.1,144,34.7,66.4,2,0,Modern,Delta,1,3,61.25
108246,26/03/2024 21:15,Mansoura-Mashaya,Rice Pudding Oven,Medium,177.98,10,0,,74722,57,Male,None,Instapay,In-store,24,2,121,19.3,44.6,1,0,Traditional,Delta,0,21,249.17
101797,19/01/2024 17:00,Dubai-Marina,Super B.Laban,Medium,44.43,1,0.1,Nuts,58248,72,Male,None,Credit Card,In-store,70,0.6,122,42.2,71.7,2,0,Signature,UAE,1,17,6.22
103846,10/02/2024 01:15,Tanta-Saeed,Om Ali Cream,Small,81.82,4,0.15,Lotus,68722,41,Male,Gold,Cash,In-store,52,7.5,102,24.6,34.8,3,0,Traditional,Delta,1,1,45.82
106403,07/03/2024 16:30,Alex-Stanly,Rice Pudding Nuts,Medium,109.76,10,0.1,Nutella,74682,,Female,None,Instapay,In-store,24,14.3,143,36.4,50.5,2,0,Traditional,Alexandria,0,16,153.66
100937,10/01/2024 18:00,Tanta-Saeed,Super B.Laban,Large,90.33,11,0.05,Lotus,68098,61,Male,Bronze,Wallet,In-store,66,3.4,135,42.8,36.9,1,0,Signature,Delta,0,18,139.11
102266,24/01/2024 14:15,Mansoura-Mashaya,Rice Pudding Nuts,Medium,117.02,4,0,,62030,14,Female,Silver,Instapay,Talabat,93,11.2,119,41.3,44.7,1,0,Traditional,Delta,0,14,65.53
100825,09/01/2024 14:00,Riyadh-Olaya,Om Ali Cream,Medium,126.65,10,0,Nuts,59389,46,Female,Bronze,Cash,Mobile App,51,6.9,117,27.4,28.5,4,0,Traditional,KSA,0,14,177.31
107275,16/03/2024 18:30,Mansoura-Mashaya,Qishtouza Nutella,Medium,82.86,7,0,Nutella,70482,51,Male,Silver,Cash,ElMenus,48,3.2,133,38.9,68.2,5,0,Modern,Delta,1,18,81.2
101390,15/01/2024 11:15,Cairo-Nasr City,Qishtouza Nutella,Medium,9999.99,9,0,,89467,42,,Silver,Cash,Talabat,61,10.8,149,16.4,37.5,2,1,Modern,Greater Cairo,0,11,88.7
103565,07/02/2024 03:00,Mansoura-Mashaya,Qishtouza Lotus,Medium,87.97,4,0.1,Pistachio,58646,62,Male,Silver,Instapay,Talabat,19,11.5,124,34.8,45.7,1,0,Modern,Delta,0,3,49.26
105430,26/02/2024 13:15,Riyadh-Olaya,Rice Pudding Oven,Medium,126.91,1,0,None,76104,54,Female,Silver,Wallet,Mobile App,34,5.1,121,19.1,74.2,,0,Traditional,KSA,0,13,17.77
107828,22/03/2024 12:45,Riyadh-Olaya,Ice Cream Mango,Small,81.7,5,0.1,Lotus,86257,43,Female,Bronze,Cash,In-store,33,12.1,121,33.2,69.8,1,0,Ice Cream,KSA,1,12,57.19
105691,29/02/2024 06:30,Tanta-Saeed,Ice Cream Mango,Small,159.79,2,0,Nutella,54923,30,Male,Silver,Cash,Talabat,116,11.7,129,42.9,75.3,5,0,Ice Cream,Delta,0,6,44.74
107879,23/03/2024 01:30,Riyadh-Olaya,Qishtouza Nutella,Medium,63.4,2,0,Nuts,55498,14,Female,Gold,Instapay,Talabat,37,14.8,117,38.7,72.4,4,0,Modern,KSA,1,1,17.75
101869,20/01/2024 11:00,Mansoura-Mashaya,Rice Pudding Nuts,Medium,105.87,7,0,Lotus,80852,16,Male,Bronze,Cash,Talabat,92,12.9,132,18.8,52.5,,0,Traditional,Delta,1,11,103.75
108203,26/03/2024 10:30,Cairo-Nasr City,Om Ali Cream,Large,41.53,11,0.1,None,65847,53,Male,Bronze,Wallet,Talabat,14,10.3,101,34.2,39.1,5,0,Traditional,Greater Cairo,0,10,63.96
107487,18/03/2024 23:30,Riyadh-Olaya,Qishtouza Nutella,Medium,121.3,11,0,,52352,35,Female,None,Instapay,Mobile App,102,3.1,141,35.6,22.8,2,0,Modern,KSA,0,23,186.8
100807,09/01/2024 09:30,Riyadh-Olaya,Sweet Koshary Mix,Medium,167.1,6,0.1,Nuts,59704,24,Female,Gold,Cash,Talabat,42,3.9,113,20.4,21.4,4,0,Signature,KSA,0,9,140.36
104806,20/02/2024 01:15,Alex-Stanly,Super B.Laban,Medium,149.09,10,0,,89056,42,Female,Gold,Wallet,Mobile App,105,5.3,137,44.1,80.1,3,0,Signature,Alexandria,0,1,208.73
109153,05/04/2024 08:00,Riyadh-Olaya,Qishtouza Nutella,Small,98.62,3,0,Lotus,51341,74,Female,,Credit Card,ElMenus,30,5.3,114,36.2,65.5,,0,Modern,KSA,1,8,41.42
107512,19/03/2024 05:45,Cairo-Zamalek,Rice Pudding Nuts,Medium,89.37,9,0,Nutella,70617,73,Female,Silver,Credit Card,Talabat,82,11.2,118,24.6,51.7,2,0,Traditional,Greater Cairo,0,5,112.61
108057,24/03/2024 22:00,Tanta-Saeed,Rice Pudding Oven,Large,124.42,8,0,Nutella,57111,39,Male,Bronze,Instapay,In-store,31,3.2,111,19.7,66.6,1,0,Traditional,Delta,1,22,139.35
104495,16/02/2024 19:30,Giza-Zayed,Rice Pudding Oven,Large,66.26,3,0.05,,72502,51,Female,Silver,Credit Card,Mobile App,90,11.8,110,16.1,36.7,3,0,Traditional,Greater Cairo,1,19,27.83
102633,28/01/2024 10:00,Cairo-Nasr City,Sweet Koshary Mix,Small,177.97,9,0,Nutella,84933,39,,None,Credit Card,Mobile App,62,14.3,115,33,71.3,3,0,Signature,Greater Cairo,1,10,224.24
108901,02/04/2024 17:00,Giza-Zayed,Om Ali Cream,Medium,40.44,9,0,Nuts,66226,17,Female,Silver,Cash,In-store,28,5.5,127,24.6,27.2,2,0,Traditional,Greater Cairo,0,17,50.95
108624,30/03/2024 19:45,Mansoura-Mashaya,Ice Cream Mango,Medium,99.29,1,0,Nuts,66942,71,Female,Silver,Instapay,In-store,50,9.6,149,15.7,83.4,4,0,Ice Cream,Delta,1,19,13.9
107833,22/03/2024 14:00,Cairo-Nasr City,Qishtouza Lotus,Small,104.33,1,0,,67464,71,Female,,Cash,In-store,15,6.2,140,35.1,87,2,0,Modern,Greater Cairo,1,14,14.61
104389,15/02/2024 17:00,Alex-Stanly,Rice Pudding Oven,Medium,177.52,4,0,Nuts,86310,37,Male,Gold,Cash,Talabat,51,6.2,117,28.7,61,5,0,Traditional,Alexandria,0,17,99.41
100146,02/01/2024 12:15,Dubai-Marina,Rice Pudding Nuts,Large,124.16,3,0.1,Pistachio,59134,70,Male,,Credit Card,ElMenus,44,14.7,116,21.4,51.4,3,0,Traditional,UAE,0,12,52.15
106468,08/03/2024 08:45,Dubai-Marina,Ice Cream Mango,Small,179.88,1,0,Lotus,62689,66,Female,Bronze,Instapay,Talabat,30,11.4,148,39.8,56.6,,0,Ice Cream,UAE,1,8,25.18
102034,22/01/2024 04:15,Cairo-Zamalek,Ice Cream Mango,Medium,178.01,7,0,Nuts,72462,40,Female,Silver,Instapay,Talabat,36,9.4,137,38.3,29.9,3,0,Ice Cream,Greater Cairo,0,4,174.45
109128,05/04/2024 01:45,Dubai-Marina,Super B.Laban,Medium,70.53,11,0,Lotus,76812,74,,Gold,Cash,In-store,49,6.7,144,35.5,26.3,3,0,Signature,UAE,1,1,108.62
101166,13/01/2024 03:15,Cairo-Zamalek,Super B.Laban,Medium,85.45,1,0.05,Lotus,61857,58,Female,None,Wallet,Talabat,77,13.5,130,24,65.6,3,0,Signature,Greater Cairo,1,3,11.96
102051,22/01/2024 08:30,Cairo-Zamalek,Ice Cream Mango,Medium,152.21,10,0.05,Nuts,63956,58,Female,Bronze,Instapay,ElMenus,113,12,141,22,27.4,5,0,Ice Cream,Greater Cairo,0,8,213.09
103761,09/02/2024 04:00,Mansoura-Mashaya,Qishtouza Lotus,Small,73.04,10,0,,89141,24,Female,Gold,Credit Card,Mobile App,67,5.7,105,26.4,49.1,4,0,Modern,Delta,1,4,102.26
104436,16/02/2024 04:45,Alex-Stanly,Qishtouza Lotus,Medium,53.47,6,0.05,None,54233,30,Female,None,Credit Card,Mobile App,106,1.4,119,42.3,67.7,3,0,Modern,Alexandria,1,4,44.91
103431,05/02/2024 17:30,Alex-Stanly,Qishtouza Lotus,Small,166.03,10,0,,70296,71,Female,Bronze,Instapay,Mobile App,117,10.8,125,21.1,68.3,2,0,Modern,Alexandria,0,17,232.44
108191,26/03/2024 07:30,Giza-Zayed,Qishtouza Lotus,Medium,53.47,8,0,,61769,13,Female,Bronze,Credit Card,ElMenus,77,13,142,23.4,30.1,4,0,Modern,Greater Cairo,0,7,59.89
108754,01/04/2024 04:15,Riyadh-Olaya,Rice Pudding Nuts,Small,96.83,1,0.1,,73304,51,Female,,Credit Card,Talabat,77,13.5,139,16,60.6,3,0,Traditional,KSA,0,4,13.56
107070,14/03/2024 15:15,Riyadh-Olaya,Qishtouza Nutella,Large,118.48,6,0.1,Nutella,50368,74,Female,Silver,Credit Card,Talabat,66,4.6,109,18.4,28.6,1,0,Modern,KSA,0,15,99.52
104362,15/02/2024 10:15,Dubai-Marina,Om Ali Cream,Large,142.1,6,0.15,Pistachio,71758,69,Female,None,Instapay,Talabat,29,5.1,147,22,29.2,4,1,Traditional,UAE,0,10,119.36
101772,19/01/2024 10:45,Alex-Stanly,Qishtouza Lotus,Small,177.98,8,0.05,Lotus,82405,45,Male,Gold,Credit Card,Mobile App,44,9.4,133,22.8,31.1,1,0,Modern,Alexandria,1,10,199.34
103512,06/02/2024 13:45,Mansoura-Mashaya,Rice Pudding Nuts,Large,91.68,6,0,Pistachio,70509,,Female,Silver,Instapay,Talabat,24,14.9,137,26.3,71,5,0,Traditional,Delta,0,13,77.01
100272,03/01/2024 19:45,Riyadh-Olaya,Sweet Koshary Mix,Medium,155.17,7,0,Nutella,87235,50,Female,Silver,Credit Card,In-store,36,5.1,138,33,27.1,4,0,Signature,KSA,0,19,152.07
108437,28/03/2024 21:00,Riyadh-Olaya,Ice Cream Mango,Medium,54.46,7,0.05,None,82051,23,Female,Gold,Instapay,Mobile App,55,8.3,129,26.8,49.3,1,0,Ice Cream,KSA,0,21,53.37
102033,22/01/2024 04:00,Dubai-Marina,Ice Cream Mango,Large,135.38,5,0.05,Nutella,77215,40,Female,Gold,Credit Card,Talabat,11,6.5,124,40.6,50.8,,0,Ice Cream,UAE,0,4,94.77
109665,10/04/2024 16:00,Giza-Zayed,Qishtouza Lotus,Medium,79.8,11,0.1,Lotus,58420,,Male,Bronze,Instapay,Talabat,95,12,140,44,55.6,5,0,Modern,Greater Cairo,0,16,122.89
103811,09/02/2024 16:30,Tanta-Saeed,Rice Pudding Oven,Large,94.64,5,0.15,Lotus,76999,67,Female,Gold,Wallet,In-store,42,1.2,108,30,23.5,3,0,Traditional,Delta,1,16,66.25
104347,15/02/2024 06:30,Cairo-Nasr City,Rice Pudding Nuts,Small,172.81,9,0,Pistachio,86631,22,Female,None,Credit Card,Mobile App,99,12.1,113,23.5,76.4,3,0,Traditional,Greater Cairo,0,6,217.74
100546,06/01/2024 16:15,Riyadh-Olaya,Om Ali Cream,Medium,148.69,11,0,Lotus,78577,38,,Bronze,Cash,Talabat,93,4.3,122,19.5,61.2,1,0,Traditional,KSA,1,16,228.98
103242,03/02/2024 18:15,Giza-Zayed,Super B.Laban,Small,97.47,6,0,Nuts,66993,66,Female,Bronze,Instapay,ElMenus,104,11.8,107,40.9,47.2,3,0,Signature,Greater Cairo,1,18,81.87
108503,29/03/2024 13:30,Tanta-Saeed,Om Ali Cream,Large,55.87,2,0,,86538,42,Male,Silver,Wallet,Talabat,40,13.4,102,32.1,68.3,5,0,Traditional,Delta,1,13,15.64
109919,13/04/2024 07:30,Cairo-Nasr City,Om Ali Cream,Large,119.96,3,0.1,Lotus,82751,57,Female,Gold,Wallet,In-store,49,6.2,119,16.7,81,5,0,Traditional,Greater Cairo,1,7,50.38
107565,19/03/2024 19:00,Cairo-Nasr City,Qishtouza Nutella,Large,93.36,4,0.15,Nutella,82373,72,Male,Silver,Wallet,In-store,111,10.4,115,27.2,23.1,4,0,Modern,Greater Cairo,0,19,52.28
100921,10/01/2024 14:00,Mansoura-Mashaya,Rice Pudding Nuts,Large,171.91,7,0.05,Nuts,68761,17,,Silver,Credit Card,Mobile App,89,8.3,110,34.9,65.2,4,0,Traditional,Delta,0,14,168.47
109119,04/04/2024 23:30,Cairo-Zamalek,Sweet Koshary Mix,Medium,57.39,7,0,Lotus,58456,,Male,Bronze,Cash,In-store,67,11.8,141,15.5,46.4,5,0,Signature,Greater Cairo,0,23,56.24
106641,10/03/2024 04:00,Dubai-Marina,Rice Pudding Oven,Medium,109.89,6,0,Lotus,65154,74,Male,Gold,Wallet,Talabat,115,11,112,23.5,54.9,3,0,Traditional,UAE,1,4,92.31
107695,21/03/2024 03:30,Cairo-Nasr City,Qishtouza Nutella,Small,83.47,7,0.15,None,76854,28,Male,Bronze,Cash,Talabat,59,6.1,136,33.1,86.4,1,0,Modern,Greater Cairo,0,3,81.8
108231,26/03/2024 17:30,Tanta-Saeed,Ice Cream Mango,Small,69.36,10,0,Nuts,59191,49,Male,Silver,Credit Card,ElMenus,115,3.6,134,27.3,41.3,,0,Ice Cream,Delta,0,17,97.1
107127,15/03/2024 05:30,Riyadh-Olaya,Ice Cream Mango,Small,119.16,1,0,Pistachio,81181,65,Male,None,Cash,Mobile App,23,14.6,142,39.6,50.1,2,0,Ice Cream,KSA,1,5,16.68
104279,14/02/2024 13:30,Mansoura-Mashaya,Sweet Koshary Mix,Large,75.27,6,0.05,Pistachio,76215,56,Female,,Wallet,In-store,24,5,127,29.4,56,1,0,Signature,Delta,0,13,63.23
102984,01/02/2024 01:45,Alex-Stanly,Rice Pudding Oven,Large,53.78,2,0,Pistachio,81819,31,Female,None,Credit Card,Mobile App,107,14.2,105,41.4,23.4,2,0,Traditional,Alexandria,0,1,15.06
100131,02/01/2024 08:30,Giza-Zayed,Super B.Laban,Large,83.44,4,0,None,52017,25,Male,Gold,Credit Card,In-store,80,1.9,129,19.6,66.7,5,0,Signature,Greater Cairo,0,8,46.73
107981,24/03/2024 03:00,Tanta-Saeed,Qishtouza Lotus,Medium,127.87,11,0,Pistachio,81480,,Male,None,Credit Card,Mobile App,73,2,129,31.3,87.1,4,0,Modern,Delta,1,3,196.92
102668,28/01/2024 18:45,Riyadh-Olaya,Sweet Koshary Mix,Large,163.39,6,0,Nuts,86277,34,Female,None,Instapay,ElMenus,47,4.7,130,17.9,64.9,2,0,Signature,KSA,1,18,137.25
107139,15/03/2024 08:30,Dubai-Marina,Qishtouza Lotus,Large,105.42,7,0,Nuts,56944,,Male,Silver,Wallet,ElMenus,44,14,127,34.6,45,1,0,Modern,UAE,1,8,103.31
103224,03/02/2024 13:45,Alex-Stanly,Qishtouza Lotus,Large,70.85,7,0,Nuts,88435,38,Female,Silver,Wallet,Talabat,47,9.5,118,43.6,52.8,4,0,Modern,Alexandria,1,13,69.43
107694,21/03/2024 03:15,Giza-Zayed,Qishtouza Nutella,Medium,85.15,5,0,None,88070,53,Female,Bronze,Credit Card,ElMenus,82,2.7,104,30.3,33.6,1,0,Modern,Greater Cairo,0,3,59.6
105393,26/02/2024 04:00,Tanta-Saeed,Rice Pudding Nuts,Medium,101.15,3,0,Nuts,73102,27,Female,None,Cash,Mobile App,57,4,112,42.6,30.9,3,0,Traditional,Delta,0,4,42.48
100615,07/01/2024 09:30,Tanta-Saeed,Qishtouza Nutella,Medium,95.74,5,0,None,73267,49,,None,Credit Card,Mobile App,56,6.2,141,22.4,71,5,0,Modern,Delta,1,9,67.02
109903,13/04/2024 03:30,Cairo-Nasr City,Qishtouza Nutella,Small,148.72,5,0.05,Nutella,63352,58,Male,Gold,Wallet,In-store,29,12,107,36.8,73.8,1,0,Modern,Greater Cairo,1,3,104.1
101467,16/01/2024 06:30,Cairo-Zamalek,Super B.Laban,Small,42.55,11,0,Lotus,60084,,Female,,Credit Card,Mobile App,10,5.3,105,31.2,64.8,4,0,Signature,Greater Cairo,0,6,65.53
104498,16/02/2024 20:15,Giza-Zayed,Qishtouza Lotus,Medium,175.68,9,0,Nuts,86263,37,Male,Gold,Cash,ElMenus,95,11.7,141,21.7,66.4,1,0,Modern,Greater Cairo,1,20,221.36
103043,01/02/2024 16:30,Mansoura-Mashaya,Rice Pudding Nuts,Large,138.65,6,0,Nutella,65130,73,Female,Bronze,Credit Card,ElMenus,91,14.4,146,18,75.3,1,0,Traditional,Delta,0,16,116.47
102420,26/01/2024 04:45,Giza-Zayed,Ice Cream Mango,Medium,112.14,6,0,Lotus,72712,,Male,Silver,Wallet,Talabat,81,4.3,141,18.4,22.6,,0,Ice Cream,Greater Cairo,1,4,94.2
105086,22/02/2024 23:15,Alex-Stanly,Om Ali Cream,Small,145.81,11,0,Nutella,81845,,Female,Silver,Credit Card,Mobile App,106,13,128,36.7,64.7,1,0,Traditional,Alexandria,0,23,224.55
103295,04/02/2024 07:30,Riyadh-Olaya,Qishtouza Nutella,Medium,168.9,2,0.15,None,54521,63,Male,Silver,Credit Card,In-store,53,12.9,116,30.4,43,4,0,Modern,KSA,1,7,47.29
106738,11/03/2024 04:15,Mansoura-Mashaya,Rice Pudding Oven,Medium,126.58,4,0,Lotus,76074,42,Female,Silver,Cash,Talabat,55,4.2,141,29.2,59.3,,0,Traditional,Delta,0,4,70.88
101501,16/01/2024 15:00,Alex-Stanly,Rice Pudding Oven,Medium,83.77,11,0,Nuts,86617,42,Female,None,Wallet,In-store,89,1.9,142,20.8,88.1,,0,Traditional,Alexandria,0,15,129.01
101522,16/01/2024 20:15,Cairo-Nasr City,Qishtouza Nutella,Small,176.78,10,0.05,Pistachio,69545,51,,None,Cash,In-store,40,1,101,22.9,85.2,5,0,Modern,Greater Cairo,0,20,247.49
109118,04/04/2024 23:15,Giza-Zayed,Qishtouza Nutella,Small,76.22,4,0,Nutella,77293,,Female,Bronze,Credit Card,Mobile App,86,1.4,115,40.3,74.6,5,0,Modern,Greater Cairo,0,23,42.68
104233,14/02/2024 02:00,Giza-Zayed,Om Ali Cream,Medium,63.46,8,0.05,Nutella,52475,38,Male,Bronze,Credit Card,ElMenus,88,8.5,112,28.9,65.3,5,0,Traditional,Greater Cairo,0,2,71.08
107687,21/03/2024 01:30,Giza-Zayed,Qishtouza Lotus,Small,138.86,8,0,Nuts,62044,47,Male,Gold,Instapay,In-store,105,13.2,145,30,70.8,5,0,Modern,Greater Cairo,0,1,155.52
104431,16/02/2024 03:30,Alex-Stanly,Om Ali Cream,Large,126.11,8,0.1,Nuts,63510,18,Female,None,Instapay,Mobile App,24,6.1,134,18.3,46.6,1,0,Traditional,Alexandria,1,3,141.24
100391,05/01/2024 01:30,Alex-Stanly,Qishtouza Lotus,Large,87.97,4,0.15,Pistachio,55485,40,Male,,Credit Card,Talabat,53,10.7,139,18.2,33.5,,0,Modern,Alexandria,1,1,49.26
109859,12/04/2024 16:30,Giza-Zayed,Rice Pudding Oven,Large,138.48,4,0,Lotus,54579,72,Male,Silver,Credit Card,Talabat,75,9.2,108,21.1,87.6,5,0,Traditional,Greater Cairo,1,16,77.55
107125,15/03/2024 05:00,Cairo-Zamalek,Sweet Koshary Mix,Medium,72.6,10,0,,86331,61,Male,,Instapay,In-store,53,11.3,101,20.3,34.7,4,0,Signature,Greater Cairo,1,5,101.64
105914,02/03/2024 14:15,Mansoura-Mashaya,Rice Pudding Oven,Small,127.74,1,0.15,Pistachio,69549,61,Female,Silver,Credit Card,Mobile App,30,7,116,16.7,82.5,3,0,Traditional,Delta,1,14,17.88
108593,30/03/2024 12:00,Riyadh-Olaya,Sweet Koshary Mix,Medium,86.2,5,0,Nuts,86949,19,Male,Silver,Instapay,In-store,48,1.8,110,36.9,48.4,5,1,Signature,KSA,1,12,60.34
104807,20/02/2024 01:30,Cairo-Nasr City,Super B.Laban,Medium,116,2,0,Lotus,60761,68,Female,Gold,Wallet,Mobile App,115,3.4,121,34.3,86.3,1,0,Signature,Greater Cairo,0,1,32.48
108955,03/04/2024 06:30,Tanta-Saeed,Rice Pudding Nuts,Medium,121.83,3,0.05,Lotus,78117,15,Female,Bronze,Credit Card,Mobile App,30,15,117,18.1,25.5,4,0,Traditional,Delta,0,6,51.17
108239,26/03/2024 19:30,Giza-Zayed,Om Ali Cream,Small,148.23,7,0,Nuts,51489,43,Male,Silver,Instapay,ElMenus,54,6,123,23.1,35.4,2,0,Traditional,Greater Cairo,0,19,145.27
108045,24/03/2024 19:00,Dubai-Marina,Rice Pudding Oven,Large,134.53,11,0,Lotus,67356,30,Female,Silver,Instapay,Mobile App,38,10.7,129,27.2,34.7,3,0,Traditional,UAE,1,19,207.18
109783,11/04/2024 21:30,Cairo-Zamalek,Super B.Laban,Medium,57.4,11,0,Nuts,60375,,Female,,Credit Card,Talabat,115,3.5,129,40.3,62.6,4,0,Signature,Greater Cairo,0,21,88.4
103994,11/02/2024 14:15,Mansoura-Mashaya,Qishtouza Nutella,Medium,174.76,6,0,Lotus,72291,22,Male,Bronze,Instapay,ElMenus,94,4.1,111,28.3,68.1,5,0,Modern,Delta,1,14,146.8
109552,09/04/2024 11:45,Alex-Stanly,Qishtouza Nutella,Small,123.73,2,0.05,Nuts,58796,,Female,Bronze,Cash,ElMenus,106,3.4,142,22.5,24.7,2,0,Modern,Alexandria,0,11,34.64
106610,09/03/2024 20:15,Alex-Stanly,Qishtouza Lotus,Medium,127.3,7,0,Nuts,82592,62,Female,None,Credit Card,Talabat,57,4.8,135,30.8,80.3,3,1,Modern,Alexandria,1,20,124.75
105320,25/02/2024 09:45,Tanta-Saeed,Super B.Laban,Medium,111.88,3,0,None,52295,60,Female,Silver,Instapay,Mobile App,72,3.5,103,23.2,62.4,4,0,Signature,Delta,1,9,46.99
107120,15/03/2024 03:45,Dubai-Marina,Qishtouza Lotus,Medium,156.32,5,0.05,Lotus,64056,61,,Gold,Credit Card,Talabat,77,6.7,146,39.2,76.8,3,0,Modern,UAE,1,3,109.42
102422,26/01/2024 05:15,Alex-Stanly,Super B.Laban,Medium,171.55,2,0.15,Lotus,80265,71,Male,None,Wallet,ElMenus,111,10.1,137,36.4,43.1,2,0,Signature,Alexandria,1,5,48.03
105605,28/02/2024 09:00,Cairo-Zamalek,Qishtouza Lotus,Medium,141.81,7,0,Nutella,83468,53,Male,Silver,Credit Card,Talabat,58,1.4,146,28,70.2,4,0,Modern,Greater Cairo,0,9,138.97
101751,19/01/2024 05:30,Giza-Zayed,Super B.Laban,Medium,46.77,8,0,Pistachio,80539,37,Male,None,Instapay,Mobile App,24,4.2,115,26.6,26.1,5,0,Signature,Greater Cairo,1,5,52.38
109016,03/04/2024 21:45,Alex-Stanly,Qishtouza Lotus,Medium,66.68,3,0.1,Lotus,58516,58,Male,None,Credit Card,Mobile App,29,7.1,120,30.2,69,4,0,Modern,Alexandria,0,21,28.01
109719,11/04/2024 05:30,Alex-Stanly,Super B.Laban,Large,124.16,11,0.15,Lotus,75659,47,Male,,Wallet,Talabat,41,2.8,115,32.9,59.8,4,0,Signature,Alexandria,0,5,191.21
100339,04/01/2024 12:30,Giza-Zayed,Sweet Koshary Mix,Medium,117.16,7,0,Pistachio,52947,61,Male,None,Wallet,ElMenus,111,8.8,103,32.9,50.2,2,0,Signature,Greater Cairo,0,12,114.82
108408,28/03/2024 13:45,Cairo-Zamalek,Super B.Laban,Large,45.87,5,0,,70250,39,Male,Bronze,Credit Card,In-store,93,1.1,109,19,57.5,1,0,Signature,Greater Cairo,0,13,32.11
101342,14/01/2024 23:15,Riyadh-Olaya,Ice Cream Mango,Small,128.55,8,0,Nutella,79447,69,Female,None,Wallet,ElMenus,91,1.7,108,33.7,45.4,5,0,Ice Cream,KSA,1,23,143.98
109545,09/04/2024 10:00,Alex-Stanly,Qishtouza Lotus,Large,80.24,11,0,Lotus,68416,12,Female,None,Cash,In-store,112,5.9,102,29.9,60.1,1,0,Modern,Alexandria,0,10,123.57
107983,24/03/2024 03:30,Riyadh-Olaya,Rice Pudding Nuts,Large,150.86,8,0,None,69501,73,Male,Bronze,Instapay,In-store,76,10,105,25.2,25,5,0,Traditional,KSA,1,3,168.96
103641,07/02/2024 22:00,Cairo-Zamalek,Rice Pudding Oven,Medium,59.84,5,0,Pistachio,55878,,Male,Bronze,Wallet,ElMenus,28,12.5,139,22.6,78.3,4,0,Traditional,Greater Cairo,0,22,41.89
100330,04/01/2024 10:15,Riyadh-Olaya,Qishtouza Lotus,Large,125.27,1,0,Nuts,82295,52,Male,Silver,Instapay,In-store,47,13.9,128,40.4,81.4,2,0,Modern,KSA,0,10,17.54
108829,01/04/2024 23:00,Alex-Stanly,Sweet Koshary Mix,Large,54.23,5,0.15,Nutella,61989,,Male,Bronze,Cash,In-store,43,4,111,17.5,22.8,2,0,Signature,Alexandria,0,23,37.96
103005,01/02/2024 07:00,Mansoura-Mashaya,Qishtouza Nutella,Small,142.9,4,0.1,None,56007,62,Female,,Instapay,Mobile App,73,6.3,142,31.7,23.2,5,0,Modern,Delta,0,7,80.02
106961,13/03/2024 12:00,Mansoura-Mashaya,Super B.Laban,Medium,175.86,1,0,Nuts,57459,17,Female,Silver,Instapay,In-store,32,12.1,139,35.7,22.8,2,0,Signature,Delta,0,12,24.62
104091,12/02/2024 14:30,Cairo-Zamalek,Qishtouza Lotus,Large,68,7,0,Nutella,64759,31,Male,Gold,Cash,Mobile App,96,3.7,124,42.7,24,4,0,Modern,Greater Cairo,0,14,66.64
102323,25/01/2024 04:30,Cairo-Zamalek,Om Ali Cream,Small,67.34,2,0,None,73599,,Male,Silver,Instapay,In-store,43,11.4,122,44.4,50.2,5,0,Traditional,Greater Cairo,0,4,18.86
106668,10/03/2024 10:45,Dubai-Marina,Qishtouza Nutella,Large,130.34,4,0,Nuts,77408,64,Female,Gold,Credit Card,ElMenus,63,11.1,137,41.8,39.9,3,0,Modern,UAE,1,10,72.99
107010,14/03/2024 00:15,Cairo-Nasr City,Rice Pudding Nuts,Large,135.65,6,0,Lotus,75782,39,Female,Gold,Credit Card,In-store,67,3.8,140,29.5,67.5,1,1,Traditional,Greater Cairo,0,0,113.95
104198,13/02/2024 17:15,Cairo-Nasr City,Rice Pudding Oven,Large,114.38,1,0.1,None,81463,38,Male,Gold,Credit Card,Mobile App,100,10.2,123,43.3,27.3,4,0,Traditional,Greater Cairo,0,17,16.01
103550,06/02/2024 23:15,Riyadh-Olaya,Rice Pudding Nuts,Small,102.98,1,0,Pistachio,83082,12,Male,Gold,Wallet,Talabat,31,13.6,120,40.4,57.4,2,0,Traditional,KSA,0,23,14.42
108364,28/03/2024 02:45,Giza-Zayed,Qishtouza Lotus,Small,72.28,8,0,None,89821,27,Male,Bronze,Wallet,ElMenus,116,2.1,108,27.5,58.8,4,1,Modern,Greater Cairo,0,2,80.95
104204,13/02/2024 18:45,Cairo-Zamalek,Super B.Laban,Large,143.17,7,0,Nutella,70075,41,Male,None,Cash,In-store,62,5.9,122,29.2,50.6,3,0,Signature,Greater Cairo,0,18,140.31
109311,06/04/2024 23:30,Cairo-Nasr City,Qishtouza Nutella,Large,111.1,8,0,Nutella,88995,45,Female,,Instapay,In-store,80,6.2,142,24.8,81.2,4,0,Modern,Greater Cairo,1,23,124.43
108937,03/04/2024 02:00,Dubai-Marina,Sweet Koshary Mix,Large,107.86,10,0.05,Nutella,73106,28,Male,,Wallet,ElMenus,14,12.1,130,30.1,59.6,4,0,Signature,UAE,0,2,151
106186,05/03/2024 10:15,Cairo-Nasr City,Sweet Koshary Mix,Medium,78.17,10,0,Pistachio,65546,48,Male,Gold,Instapay,ElMenus,24,10.8,136,32.7,77,5,0,Signature,Greater Cairo,0,10,109.44
101640,18/01/2024 01:45,Cairo-Zamalek,Sweet Koshary Mix,Medium,73.58,5,0,Nuts,77832,53,Female,,Cash,Mobile App,40,0.9,137,37.1,22,4,0,Signature,Greater Cairo,0,1,51.51
100061,01/01/2024 15:00,Alex-Stanly,Super B.Laban,Medium,101.32,1,0,Nuts,66348,27,Female,Silver,Credit Card,In-store,107,9.8,132,18.1,23,1,0,Signature,Alexandria,0,15,14.18
101241,13/01/2024 22:00,Mansoura-Mashaya,Sweet Koshary Mix,Medium,156.93,7,0,Lotus,78955,29,,None,Instapay,In-store,46,14,120,36.2,89.7,2,0,Signature,Delta,1,22,153.79
105761,01/03/2024 00:00,Alex-Stanly,Super B.Laban,Small,154.31,8,0,Lotus,54000,17,,Silver,Credit Card,In-store,71,13,119,31.7,67.6,4,0,Signature,Alexandria,1,0,172.83
105137,23/02/2024 12:00,Riyadh-Olaya,Super B.Laban,Small,105.03,7,0,Lotus,88235,23,Female,Gold,Credit Card,In-store,75,6.7,107,33,38.6,3,0,Signature,KSA,1,12,102.93
102344,25/01/2024 09:45,Cairo-Nasr City,Qishtouza Lotus,Medium,131.86,7,0.1,Lotus,52558,38,Female,None,Instapay,Mobile App,100,9.2,112,20.2,76.1,1,0,Modern,Greater Cairo,0,9,129.22
102121,23/01/2024 02:00,Riyadh-Olaya,Qishtouza Nutella,Medium,157.2,10,0,Nuts,54017,47,Female,Gold,Instapay,ElMenus,66,5.2,104,28.2,71.5,,0,Modern,KSA,0,2,220.08
101525,16/01/2024 21:00,Mansoura-Mashaya,Qishtouza Nutella,Medium,120.78,11,0,Lotus,74864,70,Male,Bronze,Wallet,Talabat,85,8.4,108,19.1,55.4,1,0,Modern,Delta,0,21,186
107618,20/03/2024 08:15,Dubai-Marina,Qishtouza Nutella,Medium,90.24,1,0,Nutella,75561,15,Female,Silver,Wallet,In-store,83,4.2,102,35.6,29.5,1,0,Modern,UAE,0,8,12.63
100154,02/01/2024 14:15,Alex-Stanly,Qishtouza Lotus,Small,128.62,6,0,Nutella,65441,15,Male,None,Wallet,Talabat,101,9.9,114,24.9,46,2,0,Modern,Alexandria,0,14,108.04
100482,06/01/2024 00:15,Tanta-Saeed,Ice Cream Mango,Medium,52.3,9,0,Nuts,53142,48,Female,Gold,Credit Card,Mobile App,20,5.9,142,24.9,50.2,2,0,Ice Cream,Delta,1,0,65.9
106123,04/03/2024 18:30,Tanta-Saeed,Om Ali Cream,Medium,118.03,8,0,Pistachio,76534,41,Female,None,Instapay,Mobile App,84,3.3,121,31.9,21.2,,0,Traditional,Delta,0,18,132.19
107675,20/03/2024 22:30,Tanta-Saeed,Sweet Koshary Mix,Medium,168.3,5,0,Pistachio,86198,,Female,,Instapay,Talabat,109,3.1,118,31.4,88,3,0,Signature,Delta,0,22,117.81
107102,14/03/2024 23:15,Tanta-Saeed,Sweet Koshary Mix,Large,78.5,2,0,Nuts,84371,46,Male,Silver,Cash,Talabat,90,0.8,130,41.2,84.1,2,0,Signature,Delta,0,23,21.98
101763,19/01/2024 08:30,Alex-Stanly,Super B.Laban,Medium,113.67,2,0.15,Pistachio,81211,40,Male,Bronze,Wallet,ElMenus,92,1.3,113,27.8,25.6,3,0,Signature,Alexandria,1,8,31.83
107716,21/03/2024 08:45,Alex-Stanly,Rice Pudding Oven,Medium,59.43,11,0.15,,54073,21,Female,,Wallet,Talabat,56,9.7,117,32.1,49.6,,0,Traditional,Alexandria,0,8,91.52
109082,04/04/2024 14:15,Cairo-Zamalek,Om Ali Cream,Large,115.98,5,0,Lotus,88924,,Male,Gold,Wallet,In-store,90,4.5,114,26.7,46.6,4,0,Traditional,Greater Cairo,0,14,81.19
107480,18/03/2024 21:45,Alex-Stanly,Rice Pudding Oven,Small,153.49,11,0.15,,54839,74,Male,Gold,Wallet,In-store,18,14.9,148,27,54,2,0,Traditional,Alexandria,0,21,236.37
106213,05/03/2024 17:00,Cairo-Nasr City,Rice Pudding Nuts,Medium,85.25,3,0,Nutella,89655,58,Male,Bronze,Instapay,ElMenus,88,3,116,42.5,45.9,4,0,Traditional,Greater Cairo,0,17,35.81
104854,20/02/2024 13:15,Mansoura-Mashaya,Om Ali Cream,Small,117.45,2,0,Nuts,59837,22,Female,Silver,Credit Card,In-store,60,7.7,109,18.7,46.8,1,0,Traditional,Delta,0,13,32.89
102712,29/01/2024 05:45,Dubai-Marina,Qishtouza Nutella,Small,116.83,8,0,Pistachio,88927,,Male,Silver,Wallet,In-store,82,14.5,115,20.2,79.3,1,0,Modern,UAE,0,5,130.85
106767,11/03/2024 11:30,Dubai-Marina,Om Ali Cream,Medium,63.46,5,0,Nutella,58861,72,,Gold,Cash,In-store,83,2.2,149,15.2,85.9,3,0,Traditional,UAE,0,11,44.42
104151,13/02/2024 05:30,Giza-Zayed,Qishtouza Lotus,Medium,121.94,6,0.05,Nutella,78122,26,Male,Silver,Wallet,ElMenus,30,10.9,143,44.7,50.5,2,0,Modern,Greater Cairo,0,5,102.43
101334,14/01/2024 21:15,Riyadh-Olaya,Qishtouza Nutella,Large,132.72,9,0,Nutella,54858,,Male,Gold,Wallet,Talabat,93,14.1,147,36.1,58,4,0,Modern,KSA,1,21,167.23
108379,28/03/2024 06:30,Mansoura-Mashaya,Qishtouza Lotus,Medium,120.43,6,0.15,Nuts,74888,61,Male,Gold,Cash,Talabat,15,0.5,107,26.4,24.1,,0,Modern,Delta,0,6,101.16
109390,07/04/2024 19:15,Dubai-Marina,Qishtouza Nutella,Medium,170.6,2,0,,79920,53,Female,Silver,Credit Card,ElMenus,43,14.4,148,38.8,65.2,3,0,Modern,UAE,1,19,47.77
109708,11/04/2024 02:45,Alex-Stanly,Super B.Laban,Medium,132.45,7,0,None,85549,44,Male,Silver,Cash,In-store,36,8.8,116,22,42.8,,0,Signature,Alexandria,0,2,129.8
109122,05/04/2024 00:15,Mansoura-Mashaya,Om Ali Cream,Small,42.78,3,0,Lotus,53810,30,Female,,Wallet,Mobile App,117,8.4,110,43.1,77.4,3,0,Traditional,Delta,1,0,17.97
103851,10/02/2024 02:30,Giza-Zayed,Sweet Koshary Mix,Small,122.96,10,0,None,66507,57,Female,,Credit Card,ElMenus,92,1.2,149,15.7,87.2,5,0,Signature,Greater Cairo,1,2,172.14
108341,27/03/2024 21:00,Alex-Stanly,Rice Pudding Oven,Medium,42.99,5,0.15,Nuts,56463,13,Male,,Wallet,ElMenus,17,6.7,103,19.8,33.5,3,0,Traditional,Alexandria,0,21,30.09
104125,12/02/2024 23:00,Giza-Zayed,Om Ali Cream,Medium,62.32,1,0,None,85827,29,Female,Gold,Cash,Mobile App,81,11.9,149,34.6,28.6,3,0,Traditional,Greater Cairo,0,23,8.72
108964,03/04/2024 08:45,Dubai-Marina,Om Ali Cream,Small,168.21,2,0,None,71668,33,Female,None,Wallet,ElMenus,74,3.6,112,25.7,54.3,1,0,Traditional,UAE,0,8,47.1
104789,19/02/2024 21:00,Riyadh-Olaya,Om Ali Cream,Small,91.44,10,0,Pistachio,55983,59,Male,Bronze,Wallet,Mobile App,74,13.9,145,24.9,82.6,3,0,Traditional,KSA,0,21,128.02
102867,30/01/2024 20:30,Giza-Zayed,Om Ali Cream,Medium,146.91,8,0.15,None,53307,14,Male,Gold,Instapay,ElMenus,52,4.3,142,31.1,71.6,,0,Traditional,Greater Cairo,0,20,164.54
101387,15/01/2024 10:30,Cairo-Nasr City,Rice Pudding Nuts,Small,158.24,1,0,,50715,58,Female,,Instapay,Mobile App,68,3.4,136,39.2,60.3,3,0,Traditional,Greater Cairo,0,10,22.15
105942,02/03/2024 21:15,Cairo-Zamalek,Super B.Laban,Medium,100.93,6,0,None,85655,68,Male,Gold,Credit Card,In-store,69,3.3,120,18.8,29,1,0,Signature,Greater Cairo,1,21,84.78
103068,01/02/2024 22:45,Mansoura-Mashaya,Qishtouza Nutella,Medium,48.65,10,0,Lotus,55221,20,Male,Silver,Credit Card,Talabat,40,14.5,136,31.2,61.9,5,0,Modern,Delta,0,22,68.11
109059,04/04/2024 08:30,Alex-Stanly,Qishtouza Lotus,Small,83.48,4,0,Lotus,63207,23,Male,Silver,Cash,Mobile App,37,11.7,139,20.8,32.7,2,0,Modern,Alexandria,0,8,46.75
103630,07/02/2024 19:15,Riyadh-Olaya,Qishtouza Nutella,Large,128.54,1,0.15,Pistachio,54336,,Male,Gold,Instapay,Mobile App,24,6.5,147,34.3,67.3,3,0,Modern,KSA,0,19,18
109456,08/04/2024 11:45,Tanta-Saeed,Qishtouza Nutella,Medium,124.24,4,0,Nuts,73135,17,,Bronze,Cash,ElMenus,33,10.5,133,31.9,37.5,3,0,Modern,Delta,0,11,69.57
108950,03/04/2024 05:15,Dubai-Marina,Rice Pudding Nuts,Medium,165.55,8,0.1,Nutella,85624,36,Male,Gold,Wallet,ElMenus,74,11.2,148,40,55.8,,0,Traditional,UAE,0,5,185.42
103029,01/02/2024 13:00,Dubai-Marina,Rice Pudding Oven,Small,40.88,3,0,Lotus,83837,30,Female,None,Cash,Talabat,68,13.7,143,40.2,36.2,3,0,Traditional,UAE,0,13,17.17
102970,31/01/2024 22:15,Cairo-Nasr City,Ice Cream Mango,Medium,96.67,8,0,Nutella,76843,,Female,Bronze,Cash,In-store,36,14.2,147,30.3,52.8,3,0,Ice Cream,Greater Cairo,0,22,108.27
108647,31/03/2024 01:30,Cairo-Nasr City,Qishtouza Nutella,Medium,157.62,6,0,None,84656,74,Female,,Cash,ElMenus,81,10.7,110,34.4,57.7,2,0,Modern,Greater Cairo,1,1,132.4
106137,04/03/2024 22:00,Dubai-Marina,Qishtouza Lotus,Medium,130.47,4,0.05,,78801,52,Female,None,Wallet,ElMenus,76,8.1,106,18.2,79,1,0,Modern,UAE,0,22,73.06
108802,01/04/2024 16:15,Tanta-Saeed,Rice Pudding Nuts,Large,90.4,5,0,None,54829,73,Female,Bronze,Credit Card,Mobile App,29,12.1,125,28.6,37.3,3,0,Traditional,Delta,0,16,63.28
104264,14/02/2024 09:45,Mansoura-Mashaya,Ice Cream Mango,Large,125.43,5,0,Pistachio,71587,45,,Silver,Cash,In-store,118,12.7,106,21.6,52.9,4,0,Ice Cream,Delta,0,9,87.8
100646,07/01/2024 17:15,Mansoura-Mashaya,Qishtouza Lotus,Small,157.29,8,0,Pistachio,66472,50,Male,None,Instapay,In-store,30,2.4,135,34.7,33,3,0,Modern,Delta,1,17,176.16
109654,10/04/2024 13:15,Cairo-Zamalek,Qishtouza Nutella,Medium,46.55,2,0,,57486,49,Male,None,Instapay,Talabat,64,0.6,116,21.2,27.1,4,0,Modern,Greater Cairo,0,13,13.03
102075,22/01/2024 14:30,Dubai-Marina,Ice Cream Mango,Medium,161.92,2,0,Pistachio,54142,37,Female,Silver,Wallet,Mobile App,31,1,145,36.8,46.8,2,0,Ice Cream,UAE,0,14,45.34
100342,04/01/2024 13:15,Giza-Zayed,Ice Cream Mango,Medium,79.45,9,0,Nuts,60633,43,Female,,Cash,In-store,53,5.5,101,28.5,32.3,4,0,Ice Cream,Greater Cairo,0,13,100.11
108042,24/03/2024 18:15,Tanta-Saeed,Rice Pudding Nuts,Large,139.7,6,0,Pistachio,71344,44,,Gold,Wallet,In-store,46,5.2,129,17.7,32.1,1,0,Traditional,Delta,1,18,117.35
101623,17/01/2024 21:30,Tanta-Saeed,Om Ali Cream,Small,158.55,11,0,None,61611,45,Female,Gold,Credit Card,Mobile App,108,6.6,125,16,67.3,4,0,Traditional,Delta,0,21,244.17
107142,15/03/2024 09:15,Dubai-Marina,Qishtouza Lotus,Large,56.88,9,0,None,73979,44,,None,Wallet,ElMenus,116,8.4,149,16.9,55.5,5,0,Modern,UAE,1,9,71.67
105797,01/03/2024 09:00,Dubai-Marina,Rice Pudding Oven,Medium,142.69,9,0,Pistachio,86392,,Female,None,Wallet,In-store,29,10,143,19.1,22.3,5,0,Traditional,UAE,1,9,179.79
107185,15/03/2024 20:00,Alex-Stanly,Om Ali Cream,Medium,50.32,10,0,Nuts,77267,12,Male,None,Credit Card,In-store,28,5.4,110,33,75.7,,0,Traditional,Alexandria,1,20,70.45
108233,26/03/2024 18:00,Riyadh-Olaya,Super B.Laban,Large,104.55,9,0,Nuts,83557,49,Male,None,Instapay,ElMenus,113,2.7,116,41.8,45,1,0,Signature,KSA,0,18,131.73
105476,27/02/2024 00:45,Alex-Stanly,Rice Pudding Nuts,Small,152.61,8,0,Nutella,54322,67,Female,None,Cash,In-store,98,5.2,113,34.8,80.5,2,0,Traditional,Alexandria,0,0,170.92
109253,06/04/2024 09:00,Cairo-Nasr City,Super B.Laban,Medium,44.88,11,0,None,65964,26,Male,Bronze,Instapay,Mobile App,110,4.2,103,16.1,61.1,,0,Signature,Greater Cairo,1,9,69.12
100075,01/01/2024 18:30,Mansoura-Mashaya,Om Ali Cream,Large,151.9,8,0,Nuts,69358,,Male,,Credit Card,In-store,40,0.7,137,19.5,31.2,4,0,Traditional,Delta,0,18,170.13
108634,30/03/2024 22:15,Giza-Zayed,Rice Pudding Oven,Large,54.94,6,0,Pistachio,81424,53,Male,Bronze,Cash,In-store,45,2.2,106,28.2,88,5,0,Traditional,Greater Cairo,1,22,46.15
109230,06/04/2024 03:15,Cairo-Zamalek,Qishtouza Nutella,Large,150.76,8,0,Nuts,85872,50,Female,Gold,Credit Card,Mobile App,16,14,111,19.6,51.6,3,0,Modern,Greater Cairo,1,3,168.85
102052,22/01/2024 08:45,Dubai-Marina,Ice Cream Mango,Medium,72.7,7,0,Lotus,50822,,Female,Gold,Cash,In-store,59,13,140,41.3,83,,0,Ice Cream,UAE,0,8,71.25
102542,27/01/2024 11:15,Cairo-Nasr City,Qishtouza Nutella,Medium,70.61,3,0.05,Lotus,62749,54,Female,Bronze,Credit Card,Mobile App,96,2.7,143,39.6,37.4,5,0,Modern,Greater Cairo,1,11,29.66
101302,14/01/2024 13:15,Giza-Zayed,Sweet Koshary Mix,Small,154.03,8,0.15,Nutella,76879,71,Male,None,Credit Card,Mobile App,30,6.9,139,43.5,63.8,5,0,Signature,Greater Cairo,1,13,172.51
105878,02/03/2024 05:15,Riyadh-Olaya,Rice Pudding Oven,Small,88.66,11,0,Nuts,70708,22,Female,None,Credit Card,In-store,95,4,105,16.4,36.3,1,0,Traditional,KSA,1,5,136.54
107369,17/03/2024 18:00,Mansoura-Mashaya,Super B.Laban,Medium,126.68,8,0,Lotus,56464,73,Female,Gold,Cash,Talabat,61,8,114,42.3,48.6,2,0,Signature,Delta,1,18,141.88
101305,14/01/2024 14:00,Cairo-Zamalek,Rice Pudding Oven,Small,54.16,1,0.15,None,81884,53,Female,Silver,Credit Card,Mobile App,81,10.8,143,24.5,44.7,5,0,Traditional,Greater Cairo,1,14,7.58
108429,28/03/2024 19:00,Cairo-Zamalek,Ice Cream Mango,Medium,94.51,4,0,,89443,21,Male,Gold,Cash,Talabat,27,6.2,107,34.7,73.7,4,0,Ice Cream,Greater Cairo,0,19,52.93
109095,04/04/2024 17:30,Dubai-Marina,Super B.Laban,Medium,62.6,4,0.1,Lotus,55336,30,Female,Gold,Instapay,Mobile App,111,13,133,31.2,54.5,5,0,Signature,UAE,0,17,35.06
102600,28/01/2024 01:45,Alex-Stanly,Super B.Laban,Medium,125.38,2,0.15,Lotus,77558,39,Female,Bronze,Cash,ElMenus,19,13.3,111,40,81,5,0,Signature,Alexandria,1,1,35.11
102574,27/01/2024 19:15,Cairo-Nasr City,Qishtouza Lotus,Small,132.74,9,0,Lotus,82984,71,,None,Cash,Mobile App,39,14.3,112,20.4,84.9,1,0,Modern,Greater Cairo,1,19,167.25
103187,03/02/2024 04:30,Alex-Stanly,Rice Pudding Oven,Medium,158.81,10,0,Nuts,58595,47,Male,,Instapay,In-store,26,7.2,142,23.1,80.3,1,0,Traditional,Alexandria,1,4,222.33
102769,29/01/2024 20:00,Mansoura-Mashaya,Rice Pudding Oven,Medium,116.25,8,0,Nuts,77010,30,Male,,Cash,ElMenus,32,2.7,121,37.9,62.2,5,0,Traditional,Delta,0,20,130.2
104832,20/02/2024 07:45,Mansoura-Mashaya,Rice Pudding Nuts,Medium,115.77,7,0.05,Lotus,55281,49,Male,Silver,Cash,Mobile App,37,14.6,122,37,81.6,,0,Traditional,Delta,0,7,113.45
104224,13/02/2024 23:45,Dubai-Marina,Rice Pudding Nuts,Medium,160.56,5,0.1,,63006,69,Male,Gold,Wallet,Mobile App,40,2.6,139,17.9,82.3,,0,Traditional,UAE,0,23,112.39
109650,10/04/2024 12:15,Riyadh-Olaya,Sweet Koshary Mix,Small,172.46,8,0,Lotus,88802,,Male,,Wallet,Talabat,11,1.7,130,28.9,38.3,4,0,Signature,KSA,0,12,193.16
102107,22/01/2024 22:30,Alex-Stanly,Om Ali Cream,Large,48.82,4,0,Lotus,52501,61,Male,Gold,Instapay,In-store,99,6.7,115,31.8,74.4,1,0,Traditional,Alexandria,0,22,27.34
102680,28/01/2024 21:45,Dubai-Marina,Om Ali Cream,Medium,149,4,0,None,89050,55,Male,Bronze,Instapay,ElMenus,88,8.6,134,23.6,89.6,2,0,Traditional,UAE,1,21,83.44
101388,15/01/2024 10:45,Giza-Zayed,Qishtouza Lotus,Large,40.61,11,0,Pistachio,58297,16,Male,Silver,Wallet,In-store,21,1.5,141,41.4,53.8,3,0,Modern,Greater Cairo,0,10,62.54
108932,03/04/2024 00:45,Mansoura-Mashaya,Super B.Laban,Large,98.74,10,0,,83846,25,Female,Silver,Instapay,In-store,106,6,134,18.2,87.3,,1,Signature,Delta,0,0,138.24
109660,10/04/2024 14:45,Giza-Zayed,Qishtouza Nutella,Medium,129.63,10,0.15,None,50801,43,Female,Silver,Cash,Mobile App,118,9.8,125,38.9,57.4,5,1,Modern,Greater Cairo,0,14,181.48
107084,14/03/2024 18:45,Giza-Zayed,Super B.Laban,Large,111.01,9,0.05,Nuts,63085,12,Male,Gold,Cash,In-store,116,6.6,102,33.4,21,1,0,Signature,Greater Cairo,0,18,139.87
101280,14/01/2024 07:45,Giza-Zayed,Ice Cream Mango,Large,69.17,4,0.05,None,77790,36,Female,None,Cash,In-store,81,5.6,118,43.7,36.9,1,0,Ice Cream,Greater Cairo,1,7,38.74
100805,09/01/2024 09:00,Tanta-Saeed,Rice Pudding Nuts,Large,115.36,2,0,Nutella,89541,32,Female,Gold,Cash,Mobile App,30,2.9,102,19.6,83.8,1,0,Traditional,Delta,0,9,32.3
101556,17/01/2024 04:45,Mansoura-Mashaya,Qishtouza Lotus,Medium,79.31,10,0,Nuts,72864,53,Female,Bronze,Credit Card,In-store,70,13.9,103,25.5,24.2,1,0,Modern,Delta,0,4,111.03
109487,08/04/2024 19:30,Tanta-Saeed,Qishtouza Lotus,Large,149.78,8,0.1,None,83296,,Female,None,Credit Card,ElMenus,97,5.1,111,36.3,52.8,4,0,Modern,Delta,0,19,167.75
104567,17/02/2024 13:30,Cairo-Zamalek,Qishtouza Lotus,Large,89.91,1,0,None,77793,43,Male,Silver,Instapay,ElMenus,108,9.1,119,37.5,65.1,3,0,Modern,Greater Cairo,1,13,12.59
109670,10/04/2024 17:15,Cairo-Zamalek,Om Ali Cream,Large,90.35,6,0.15,None,67106,68,Female,Silver,Wallet,ElMenus,45,13,122,29.6,85,4,0,Traditional,Greater Cairo,0,17,75.89
104842,20/02/2024 10:15,Alex-Stanly,Rice Pudding Oven,Medium,73.9,1,0,Lotus,61493,22,,None,Wallet,ElMenus,23,7,136,39.3,31.5,3,0,Traditional,Alexandria,0,10,10.35
103595,07/02/2024 10:30,Mansoura-Mashaya,Ice Cream Mango,Medium,110.76,2,0.05,Nuts,66287,68,Female,None,Wallet,Talabat,82,2,115,22.2,62,1,0,Ice Cream,Delta,0,10,31.01
106036,03/03/2024 20:45,Mansoura-Mashaya,Super B.Laban,Medium,155.08,1,0,Nutella,55267,12,Female,Gold,Credit Card,Talabat,68,4.7,104,31.4,82.9,2,0,Signature,Delta,1,20,21.71
106853,12/03/2024 09:00,Alex-Stanly,Rice Pudding Nuts,Medium,98.4,10,0,Lotus,62429,36,Male,,Instapay,In-store,59,14.5,110,32,51.2,2,0,Traditional,Alexandria,0,9,137.76
108706,31/03/2024 16:15,Alex-Stanly,Rice Pudding Oven,Medium,116.22,11,0.05,None,89661,51,,Bronze,Wallet,In-store,22,10.2,127,31.5,36.9,4,0,Traditional,Alexandria,1,16,178.98
104178,13/02/2024 12:15,Alex-Stanly,Qishtouza Nutella,Medium,160,8,0,,81520,16,Female,Silver,Cash,In-store,65,12.1,116,19.9,63.9,5,0,Modern,Alexandria,0,12,179.2
101309,14/01/2024 15:00,Cairo-Nasr City,Rice Pudding Nuts,Large,172.7,1,0,Pistachio,62421,51,Female,Bronze,Wallet,ElMenus,62,7,108,22.9,26.3,,0,Traditional,Greater Cairo,1,15,24.18
103453,05/02/2024 23:00,Giza-Zayed,Super B.Laban,Large,40.53,6,0.1,Pistachio,62817,59,Male,Gold,Instapay,In-store,41,3.7,137,22.8,47.9,3,0,Signature,Greater Cairo,0,23,34.05
103696,08/02/2024 11:45,Alex-Stanly,Sweet Koshary Mix,Small,108.84,4,0.15,None,56055,60,Male,,Cash,ElMenus,23,8.4,110,36.8,29.4,3,0,Signature,Alexandria,0,11,60.95
104243,14/02/2024 04:30,Tanta-Saeed,Sweet Koshary Mix,Large,97.5,3,0.05,None,84954,,Female,Silver,Credit Card,ElMenus,92,11.1,126,26.6,33.4,3,0,Signature,Delta,0,4,40.95
102199,23/01/2024 21:30,Tanta-Saeed,Super B.Laban,Medium,127.51,4,0,Lotus,66270,55,Female,Bronze,Credit Card,ElMenus,25,2.5,119,35.7,20.1,,0,Signature,Delta,0,21,71.41
104426,16/02/2024 02:15,Mansoura-Mashaya,Sweet Koshary Mix,Large,74.17,4,0,None,64112,62,Male,Gold,Cash,Mobile App,41,10.5,116,37.3,33.7,5,0,Signature,Delta,1,2,41.54
106151,05/03/2024 01:30,Mansoura-Mashaya,Super B.Laban,Large,176.32,4,0.1,,52308,26,Male,None,Cash,Mobile App,47,5.7,140,38.5,56.2,1,0,Signature,Delta,0,1,98.74
100944,10/01/2024 19:45,Mansoura-Mashaya,Qishtouza Lotus,Medium,133.22,9,0.15,Lotus,87544,20,Male,None,Instapay,Mobile App,38,10.5,147,38.9,79,,0,Modern,Delta,0,19,167.86
100823,09/01/2024 13:30,Tanta-Saeed,Rice Pudding Oven,Large,161.16,6,0,None,74413,62,Female,Silver,Wallet,In-store,87,14.9,138,22.5,73.6,1,0,Traditional,Delta,0,13,135.37
105006,22/02/2024 03:15,Dubai-Marina,Qishtouza Lotus,Medium,47.21,4,0,Lotus,80450,49,Male,Silver,Credit Card,ElMenus,46,12.6,118,40.7,76.8,1,0,Modern,UAE,0,3,26.44
106613,09/03/2024 21:00,Riyadh-Olaya,Super B.Laban,Medium,114.33,1,0.15,Pistachio,68558,67,Female,None,Wallet,Talabat,33,6,134,31.4,53.9,2,0,Signature,KSA,1,21,16.01
108357,28/03/2024 01:00,Cairo-Zamalek,Ice Cream Mango,Small,74.76,2,0,Pistachio,52355,22,Female,Silver,Wallet,In-store,18,5.9,145,24.7,56.7,1,0,Ice Cream,Greater Cairo,0,1,20.93
105620,28/02/2024 12:45,Giza-Zayed,Qishtouza Nutella,Medium,142.34,6,0.1,Pistachio,50448,54,Female,None,Credit Card,In-store,89,11.7,122,29.6,83.2,1,0,Modern,Greater Cairo,0,12,119.57
104548,17/02/2024 08:45,Giza-Zayed,Qishtouza Nutella,Medium,133.15,4,0,Pistachio,59283,56,Male,Gold,Cash,Talabat,96,5.4,110,35.2,43.3,3,0,Modern,Greater Cairo,1,8,74.56
102539,27/01/2024 10:30,Riyadh-Olaya,Sweet Koshary Mix,Medium,168.27,9,0,None,54782,29,Female,Silver,Wallet,ElMenus,18,13.1,143,29.6,79.4,,0,Signature,KSA,1,10,212.02
105208,24/02/2024 05:45,Cairo-Nasr City,Rice Pudding Oven,Large,87.05,2,0,Lotus,58771,26,Male,None,Cash,Talabat,111,1.9,124,33,81.9,1,0,Traditional,Greater Cairo,1,5,24.37
109515,09/04/2024 02:30,Cairo-Zamalek,Qishtouza Lotus,Medium,120.52,2,0.15,Nutella,80188,36,Male,Silver,Wallet,Talabat,90,2.7,124,44.4,80.1,5,0,Modern,Greater Cairo,0,2,33.75
109010,03/04/2024 20:15,Alex-Stanly,Super B.Laban,Small,43.91,1,0,Nuts,62461,56,Male,Silver,Wallet,Talabat,109,6.4,114,28.2,31.5,,0,Signature,Alexandria,0,20,6.15
103055,01/02/2024 19:30,Alex-Stanly,Rice Pudding Nuts,Small,59.62,4,0,,63527,32,Male,Silver,Credit Card,ElMenus,114,3,149,26.8,61.6,1,0,Traditional,Alexandria,0,19,33.39
103676,08/02/2024 06:45,Cairo-Nasr City,Rice Pudding Nuts,Medium,99.8,4,0.05,Nuts,68201,30,Female,Silver,Wallet,Talabat,28,11.8,114,42,70,5,0,Traditional,Greater Cairo,0,6,55.89
107777,22/03/2024 00:00,Cairo-Nasr City,Rice Pudding Oven,Large,62.58,1,0,,51915,71,Female,,Instapay,Mobile App,90,1.3,103,30.9,66.2,3,0,Traditional,Greater Cairo,1,0,8.76
107219,16/03/2024 04:30,Riyadh-Olaya,Om Ali Cream,Medium,112.22,3,0,Nutella,66806,27,Female,Bronze,Instapay,ElMenus,114,9,120,38.4,42.6,,0,Traditional,KSA,1,4,47.13
106723,11/03/2024 00:30,Riyadh-Olaya,Qishtouza Lotus,Medium,63.49,5,0,Pistachio,86180,30,,None,Cash,Mobile App,93,14.5,108,37.5,67.9,4,0,Modern,KSA,0,0,44.44
103301,04/02/2024 09:00,Tanta-Saeed,Rice Pudding Oven,Medium,53.09,5,0,Nutella,89427,45,Male,Bronze,Cash,Mobile App,111,3,148,43.7,31.4,1,0,Traditional,Delta,1,9,37.16
103311,04/02/2024 11:30,Alex-Stanly,Qishtouza Nutella,Medium,47.78,1,0,Lotus,83579,39,Male,Silver,Instapay,Mobile App,105,1.8,112,30.7,41.6,1,0,Modern,Alexandria,1,11,6.69
107222,16/03/2024 05:15,Tanta-Saeed,Rice Pudding Oven,Medium,109.93,5,0,Nuts,86058,43,Male,Bronze,Credit Card,Talabat,71,14.3,117,41.8,58.2,4,1,Traditional,Delta,1,5,76.95
108520,29/03/2024 17:45,Mansoura-Mashaya,Om Ali Cream,Medium,112.25,7,0,Nutella,61990,16,Male,Bronze,Instapay,Mobile App,59,8.1,128,27.1,34.2,1,0,Traditional,Delta,1,17,110.01
105955,03/03/2024 00:30,Riyadh-Olaya,Sweet Koshary Mix,Small,84.49,11,0.1,None,75597,56,Male,Silver,Credit Card,In-store,62,8.7,106,38.4,61.2,3,0,Signature,KSA,1,0,130.11
100833,09/01/2024 16:00,Alex-Stanly,Qishtouza Lotus,Medium,178.65,9,0.1,Nutella,74861,72,Female,Bronze,Instapay,In-store,116,10.4,103,32.5,50.3,1,0,Modern,Alexandria,0,16,225.1
103463,06/02/2024 01:30,Giza-Zayed,Qishtouza Nutella,Medium,45.87,6,0.15,None,82027,40,Male,Silver,Instapay,Mobile App,79,10.1,126,17.5,21.7,1,0,Modern,Greater Cairo,0,1,38.53
107644,20/03/2024 14:45,Tanta-Saeed,Super B.Laban,Small,81.31,8,0,Pistachio,66527,67,Female,Bronze,Wallet,ElMenus,85,5.9,127,22.1,81.7,1,0,Signature,Delta,0,14,91.07
100055,01/01/2024 13:30,Dubai-Marina,Qishtouza Lotus,Medium,144.17,7,0,Nutella,58402,74,Female,Gold,Instapay,Mobile App,13,14.3,138,20.4,83.3,3,0,Modern,UAE,0,13,141.29
103452,05/02/2024 22:45,Cairo-Nasr City,Super B.Laban,Medium,172.71,3,0,,86313,,Female,None,Credit Card,Talabat,63,4.7,110,42.7,77.9,3,0,Signature,Greater Cairo,0,22,72.54
106306,06/03/2024 16:15,Tanta-Saeed,Rice Pudding Nuts,Medium,44.95,4,0.1,None,87886,69,Female,None,Wallet,Mobile App,34,11.9,111,29.9,36,1,0,Traditional,Delta,0,16,25.17
101482,16/01/2024 10:15,Mansoura-Mashaya,Om Ali Cream,Medium,67.71,7,0,Lotus,61447,,Female,Gold,Instapay,ElMenus,21,4.4,133,42,40.2,,0,Traditional,Delta,0,10,66.36
104874,20/02/2024 18:15,Riyadh-Olaya,Rice Pudding Nuts,Large,82.06,2,0,,78575,67,Male,Bronze,Instapay,Mobile App,67,8.8,127,36.5,78.8,3,0,Traditional,KSA,0,18,22.98
108039,24/03/2024 17:30,Dubai-Marina,Rice Pudding Oven,Large,107.32,9,0,Lotus,89847,15,Female,Silver,Cash,ElMenus,99,9.1,135,15.5,28.8,1,0,Traditional,UAE,1,17,135.22
103336,04/02/2024 17:45,Cairo-Nasr City,Om Ali Cream,Large,173.8,6,0,Nuts,70814,59,,,Credit Card,Mobile App,118,9.7,125,24.5,68,5,1,Traditional,Greater Cairo,1,17,145.99
106017,03/03/2024 16:00,Riyadh-Olaya,Ice Cream Mango,Large,111.73,3,0.05,Nutella,85341,55,Female,Gold,Wallet,Mobile App,102,11.3,129,27.7,89.5,1,0,Ice Cream,KSA,1,16,46.93
104927,21/02/2024 07:30,Cairo-Nasr City,Super B.Laban,Large,83.27,6,0,Lotus,75595,70,Female,Silver,Instapay,Mobile App,55,10.5,125,40.5,79.2,4,0,Signature,Greater Cairo,0,7,69.95
105798,01/03/2024 09:15,Mansoura-Mashaya,Sweet Koshary Mix,Large,83.38,9,0,Lotus,51610,72,,Gold,Instapay,Mobile App,62,3.6,124,43.4,40,2,0,Signature,Delta,1,9,105.06
109832,12/04/2024 09:45,Mansoura-Mashaya,Super B.Laban,Medium,171.47,3,0,Nuts,84795,17,Female,Bronze,Cash,Talabat,19,9.3,117,23.5,60.3,5,0,Signature,Delta,1,9,72.02
105084,22/02/2024 22:45,Cairo-Nasr City,Rice Pudding Nuts,Small,145.64,7,0,Nuts,60839,,Male,None,Cash,Mobile App,15,10.8,121,42.8,88.4,3,0,Traditional,Greater Cairo,0,22,142.73
106646,10/03/2024 05:15,Cairo-Nasr City,Qishtouza Lotus,Large,77.24,7,0.15,None,78901,53,Female,Silver,Credit Card,Talabat,20,13.5,136,40.1,55.8,3,0,Modern,Greater Cairo,1,5,75.7
105491,27/02/2024 04:30,Cairo-Zamalek,Qishtouza Lotus,Medium,103.32,9,0,Pistachio,68750,38,Female,Silver,Instapay,Talabat,11,1.2,134,25.6,55.7,,0,Modern,Greater Cairo,0,4,130.18
100769,09/01/2024 00:00,Giza-Zayed,Super B.Laban,Medium,129.36,5,0,Lotus,70462,23,Female,Gold,Cash,Mobile App,82,14.8,102,26,53.1,1,0,Signature,Greater Cairo,0,0,90.55
102066,22/01/2024 12:15,Giza-Zayed,Rice Pudding Oven,Medium,78.48,1,0,Lotus,62342,59,Male,Silver,Cash,In-store,33,7,112,36.8,88.3,,0,Traditional,Greater Cairo,0,12,10.99
109501,08/04/2024 23:00,Mansoura-Mashaya,Sweet Koshary Mix,Small,152.86,10,0,Lotus,79714,46,,None,Credit Card,Mobile App,113,1.4,138,42.5,61.3,1,0,Signature,Delta,0,23,214
107312,17/03/2024 03:45,Riyadh-Olaya,Om Ali Cream,Medium,43.42,7,0,Lotus,66953,36,Female,Gold,Cash,In-store,30,6.9,144,16.3,21.3,4,0,Traditional,KSA,1,3,42.55
108478,29/03/2024 07:15,Tanta-Saeed,Rice Pudding Nuts,Medium,130.7,5,0,None,89971,64,Female,None,Credit Card,In-store,21,14.8,121,39.3,43.5,4,0,Traditional,Delta,1,7,91.49
104525,17/02/2024 03:00,Cairo-Zamalek,Super B.Laban,Medium,172.59,2,0,Nuts,61677,,Male,Bronze,Wallet,Mobile App,45,5,116,44.6,20.2,,0,Signature,Greater Cairo,1,3,48.33
102718,29/01/2024 07:15,Alex-Stanly,Sweet Koshary Mix,Large,75.71,3,0,Nutella,66547,,Female,Silver,Cash,Talabat,15,9.7,121,21,62,3,0,Signature,Alexandria,0,7,31.8
102080,22/01/2024 15:45,Riyadh-Olaya,Om Ali Cream,Large,87.3,1,0.15,Nutella,80243,60,Male,None,Credit Card,Mobile App,78,6.5,130,29.1,29.6,5,0,Traditional,KSA,0,15,12.22
108915,02/04/2024 20:30,Cairo-Zamalek,Sweet Koshary Mix,Medium,93.76,9,0.1,,58237,53,,Bronze,Credit Card,ElMenus,10,13.8,107,41.9,52.6,3,0,Signature,Greater Cairo,0,20,118.14
100952,10/01/2024 21:45,Giza-Zayed,Qishtouza Nutella,Large,178.36,9,0,Nuts,69414,48,Male,Silver,Credit Card,ElMenus,33,4,148,43.4,69.8,4,0,Modern,Greater Cairo,0,21,224.73
108059,24/03/2024 22:30,Mansoura-Mashaya,Sweet Koshary Mix,Medium,53.19,5,0,None,87121,23,Female,Bronze,Wallet,In-store,24,10.9,127,39.5,89.6,5,0,Signature,Delta,1,22,37.23
102483,26/01/2024 20:30,Mansoura-Mashaya,Super B.Laban,Medium,151.38,9,0,Lotus,87783,18,Female,Gold,Wallet,Talabat,27,4,122,27.2,79.1,1,0,Signature,Delta,1,20,190.74
101760,19/01/2024 07:45,Alex-Stanly,Qishtouza Nutella,Medium,91.08,4,0,Nutella,54800,49,Female,,Wallet,In-store,46,11.7,126,41,21.7,1,0,Modern,Alexandria,1,7,51
104423,16/02/2024 01:30,Cairo-Nasr City,Qishtouza Lotus,Medium,142.33,7,0,Nuts,68933,14,,Gold,Cash,Mobile App,63,0.7,104,33.4,39,,0,Modern,Greater Cairo,1,1,139.48
106705,10/03/2024 20:00,Giza-Zayed,Qishtouza Lotus,Large,42.65,11,0,Nuts,79527,17,Male,Bronze,Instapay,In-store,31,14.9,105,41.5,34.9,4,0,Modern,Greater Cairo,1,20,65.68
105183,23/02/2024 23:30,Riyadh-Olaya,Rice Pudding Oven,Large,149.91,5,0,None,66648,12,Female,None,Instapay,Talabat,105,12.3,130,29.9,36.9,,0,Traditional,KSA,1,23,104.94
108534,29/03/2024 21:15,Cairo-Zamalek,Ice Cream Mango,Medium,146.19,2,0,Pistachio,62665,47,Male,Bronze,Credit Card,ElMenus,10,5.5,113,35.9,67.3,,0,Ice Cream,Greater Cairo,1,21,40.93
103702,08/02/2024 13:15,Cairo-Zamalek,Rice Pudding Oven,Large,82.14,9,0,,60862,48,Male,Silver,Credit Card,Talabat,86,2.4,120,18.6,58.1,1,0,Traditional,Greater Cairo,0,13,103.5
104244,14/02/2024 04:45,Dubai-Marina,Ice Cream Mango,Medium,72.62,10,0.05,Pistachio,54227,72,Female,Bronze,Instapay,ElMenus,38,2.7,103,18.8,20.9,1,0,Ice Cream,UAE,0,4,101.67
100689,08/01/2024 04:00,Dubai-Marina,Qishtouza Nutella,Large,156.23,7,0,None,89698,17,Female,Silver,Cash,Talabat,106,14.2,133,27.3,28.3,4,0,Modern,UAE,0,4,153.11
103433,05/02/2024 18:00,Mansoura-Mashaya,Rice Pudding Nuts,Medium,146.2,11,0,,53037,66,Female,Silver,Wallet,In-store,88,4.3,131,26,47.4,1,0,Traditional,Delta,0,18,225.15
104945,21/02/2024 12:00,Mansoura-Mashaya,Ice Cream Mango,Small,90.01,9,0.15,,74656,28,Female,None,Credit Card,Mobile App,84,5.4,127,31.1,73.6,,0,Ice Cream,Delta,0,12,113.41
100967,11/01/2024 01:30,Mansoura-Mashaya,Ice Cream Mango,Small,140.23,11,0,Nuts,67191,,Female,Bronze,Cash,Talabat,73,13,133,18.9,23.5,2,0,Ice Cream,Delta,0,1,215.95
109485,08/04/2024 19:00,Giza-Zayed,Om Ali Cream,Medium,47.43,4,0,Pistachio,71696,51,,Bronze,Wallet,ElMenus,10,2.9,135,44.3,68.5,4,0,Traditional,Greater Cairo,0,19,26.56
102714,29/01/2024 06:15,Giza-Zayed,Qishtouza Lotus,Medium,167.78,4,0.15,None,57438,67,Female,Bronze,Instapay,Talabat,25,13.2,129,40.3,24.5,2,0,Modern,Greater Cairo,0,6,93.96
104758,19/02/2024 13:15,Giza-Zayed,Rice Pudding Oven,Medium,62.19,9,0,Nutella,59710,,Female,None,Credit Card,In-store,39,13.8,140,28.7,36,4,0,Traditional,Greater Cairo,0,13,78.36
109546,09/04/2024 10:15,Riyadh-Olaya,Sweet Koshary Mix,Small,89.25,2,0,Nutella,69947,19,Female,Silver,Credit Card,In-store,59,12.7,123,29.6,51.9,3,0,Signature,KSA,0,10,24.99
106321,06/03/2024 20:00,Alex-Stanly,Sweet Koshary Mix,Large,63.99,6,0,Nutella,59762,14,Male,None,Wallet,ElMenus,63,5.9,111,38.9,85.2,1,0,Signature,Alexandria,0,20,53.75
105976,03/03/2024 05:45,Mansoura-Mashaya,Sweet Koshary Mix,Large,179.72,7,0,Nuts,55785,70,Male,Silver,Instapay,In-store,87,4.6,134,16.6,27.5,3,0,Signature,Delta,1,5,176.13
103573,07/02/2024 05:00,Riyadh-Olaya,Qishtouza Lotus,Large,177.1,3,0.1,Lotus,62225,23,Male,None,Cash,Mobile App,51,4.8,140,42.8,34.7,1,0,Modern,KSA,0,5,74.38
105300,25/02/2024 04:45,Riyadh-Olaya,Ice Cream Mango,Medium,133.01,8,0.15,Lotus,68633,43,Female,Gold,Cash,Talabat,53,2.3,142,16,49.5,3,0,Ice Cream,KSA,1,4,148.97
101991,21/01/2024 17:30,Giza-Zayed,Qishtouza Nutella,Small,132.82,11,0,None,79401,73,Male,Bronze,Cash,In-store,21,6.3,138,24.6,24.2,3,0,Modern,Greater Cairo,1,17,204.54
101206,13/01/2024 13:15,Tanta-Saeed,Rice Pudding Oven,Large,52.67,4,0,Lotus,50720,34,Female,None,Cash,In-store,52,8,121,29.5,33.9,,0,Traditional,Delta,1,13,29.5
104972,21/02/2024 18:45,Giza-Zayed,Qishtouza Nutella,Medium,46.95,10,0,Lotus,54411,56,,None,Credit Card,Mobile App,79,8.2,140,33.1,52.6,4,0,Modern,Greater Cairo,0,18,65.73
106784,11/03/2024 15:45,Tanta-Saeed,Ice Cream Mango,Medium,45.65,8,0,Lotus,58550,61,Male,Silver,Cash,Talabat,45,9.3,123,40,56,4,0,Ice Cream,Delta,0,15,51.13
103601,07/02/2024 12:00,Mansoura-Mashaya,Sweet Koshary Mix,Small,115.75,3,0,Pistachio,54507,65,Male,Bronze,Wallet,In-store,27,4.1,124,41.4,27.1,2,0,Signature,Delta,0,12,48.62
106491,08/03/2024 14:30,Cairo-Nasr City,Sweet Koshary Mix,Small,113.39,5,0,Lotus,77495,69,,Gold,Cash,Mobile App,39,12.5,148,28.4,36.1,1,0,Signature,Greater Cairo,1,14,79.37
108610,30/03/2024 16:15,Tanta-Saeed,Super B.Laban,Medium,44.45,4,0,Nutella,74625,57,Female,,Credit Card,Talabat,66,12.3,110,27,79.4,,0,Signature,Delta,1,16,24.89
109979,13/04/2024 22:30,Cairo-Zamalek,Super B.Laban,Small,74.09,1,0.05,Pistachio,75211,71,Male,Silver,Instapay,Talabat,41,12.9,134,29.5,80.9,3,0,Signature,Greater Cairo,1,22,10.37
108071,25/03/2024 01:30,Dubai-Marina,Sweet Koshary Mix,Large,76.3,9,0,Pistachio,52269,61,Female,Silver,Wallet,Talabat,61,2.6,123,16.8,57.7,1,0,Signature,UAE,0,1,96.14
108578,30/03/2024 08:15,Riyadh-Olaya,Rice Pudding Oven,Medium,154.87,6,0,Nuts,53585,34,Male,,Instapay,Talabat,37,10.5,144,41.9,64.2,3,0,Traditional,KSA,1,8,130.09
107974,24/03/2024 01:15,Giza-Zayed,Rice Pudding Nuts,Large,169.05,4,0,Nutella,54026,39,Male,Gold,Cash,In-store,96,8.6,145,21.2,47.5,1,0,Traditional,Greater Cairo,1,1,94.67
101626,17/01/2024 22:15,Dubai-Marina,Rice Pudding Oven,Small,66.25,1,0,Nuts,55933,69,Male,None,Wallet,ElMenus,57,4.2,136,16.7,72.8,2,0,Traditional,UAE,0,22,9.28
100537,06/01/2024 14:00,Riyadh-Olaya,Sweet Koshary Mix,Medium,49.93,4,0.15,Nutella,85494,13,Male,Silver,Instapay,ElMenus,50,10.9,109,25,67.3,1,0,Signature,KSA,1,14,27.96
108767,01/04/2024 07:30,Mansoura-Mashaya,Qishtouza Lotus,Medium,79.13,9,0,Nutella,68150,47,Female,Silver,Instapay,Mobile App,45,9.5,110,24.5,84.5,2,0,Modern,Delta,0,7,99.7
107971,24/03/2024 00:30,Mansoura-Mashaya,Om Ali Cream,Small,114.02,10,0.1,None,81772,,Female,Gold,Instapay,In-store,107,6.5,125,24.5,76.2,1,1,Traditional,Delta,1,0,159.63
104213,13/02/2024 21:00,Alex-Stanly,Qishtouza Nutella,Medium,141.51,2,0,Nuts,88774,62,Male,,Instapay,Mobile App,47,2.4,113,18.6,69.3,2,0,Modern,Alexandria,0,21,39.62
106457,08/03/2024 06:00,Giza-Zayed,Super B.Laban,Medium,52.28,9,0,Nutella,85520,59,Female,Gold,Credit Card,In-store,106,2.7,136,34.2,59.6,,0,Signature,Greater Cairo,1,6,65.87
103508,06/02/2024 12:45,Mansoura-Mashaya,Ice Cream Mango,Large,137.05,5,0,None,53836,,Male,Silver,Wallet,In-store,68,9.1,133,35.1,51.6,5,0,Ice Cream,Delta,0,12,95.94
108394,28/03/2024 10:15,Cairo-Nasr City,Super B.Laban,Medium,81.44,5,0,Lotus,72777,65,Female,Silver,Cash,Talabat,29,8.2,148,26.2,24.1,2,0,Signature,Greater Cairo,0,10,57.01
107113,15/03/2024 02:00,Riyadh-Olaya,Rice Pudding Oven,Medium,179.35,3,0,Lotus,56342,72,Female,Bronze,Credit Card,ElMenus,109,13.9,120,21.9,72,,0,Traditional,KSA,1,2,75.33
102709,29/01/2024 05:00,Riyadh-Olaya,Qishtouza Nutella,Medium,67.44,1,0,Nuts,80324,26,Male,None,Cash,Talabat,113,3,131,33.1,89.4,1,0,Modern,KSA,0,5,9.44
105032,22/02/2024 09:45,Dubai-Marina,Rice Pudding Oven,Large,137.76,6,0,Nuts,66916,49,Male,None,Wallet,Talabat,61,3.3,108,34.8,22.7,5,0,Traditional,UAE,0,9,115.72
106515,08/03/2024 20:30,Dubai-Marina,Ice Cream Mango,Large,59.82,7,0.05,,60814,61,Male,None,Cash,Talabat,32,4.1,126,42.2,66.5,2,0,Ice Cream,UAE,1,20,58.62
104663,18/02/2024 13:30,Dubai-Marina,Qishtouza Lotus,Medium,120.07,7,0,Nuts,62873,49,,Silver,Wallet,ElMenus,55,1.2,109,27.7,58.6,,0,Modern,UAE,1,13,117.67
104022,11/02/2024 21:15,Alex-Stanly,Qishtouza Lotus,Medium,94.95,10,0,,88791,74,Female,Bronze,Cash,In-store,89,2.5,145,32.8,76.9,1,0,Modern,Alexandria,1,21,132.93
101855,20/01/2024 07:30,Riyadh-Olaya,Rice Pudding Nuts,Medium,143.96,10,0,,80183,,Female,Bronze,Instapay,ElMenus,69,4.2,144,36.3,65.1,1,0,Traditional,KSA,1,7,201.54
109426,08/04/2024 04:15,Dubai-Marina,Ice Cream Mango,Medium,162.38,3,0.05,Pistachio,66656,38,Female,None,Wallet,ElMenus,102,13.3,139,40.2,55.3,1,0,Ice Cream,UAE,0,4,68.2
102873,30/01/2024 22:00,Mansoura-Mashaya,Sweet Koshary Mix,Medium,134.64,3,0,Lotus,70486,,Female,Gold,Credit Card,In-store,102,9,127,39.8,57.7,1,0,Signature,Delta,0,22,56.55
103031,01/02/2024 13:30,Dubai-Marina,Ice Cream Mango,Medium,71.26,3,0.15,Pistachio,50085,12,Female,None,Cash,ElMenus,102,1.2,103,24.8,28.4,3,0,Ice Cream,UAE,0,13,29.93
101646,18/01/2024 03:15,Alex-Stanly,Qishtouza Nutella,Small,177.76,10,0,Pistachio,87945,56,Male,,Wallet,In-store,12,2.1,115,43.8,81.6,4,0,Modern,Alexandria,0,3,248.86
103418,05/02/2024 14:15,Cairo-Zamalek,Om Ali Cream,Large,174.2,9,0,Nutella,89044,63,Male,Gold,Credit Card,ElMenus,114,9.1,143,36.1,50,4,0,Traditional,Greater Cairo,0,14,219.49
103477,06/02/2024 05:00,Dubai-Marina,Rice Pudding Nuts,Small,83.43,4,0,None,74298,56,Male,Gold,Wallet,Talabat,43,1.4,108,42,38.7,1,0,Traditional,UAE,0,5,46.72
109553,09/04/2024 12:00,Tanta-Saeed,Ice Cream Mango,Large,57.5,10,0.05,Pistachio,86008,13,Male,None,Cash,Mobile App,94,6.6,148,38.8,33,2,0,Ice Cream,Delta,0,12,80.5
101793,19/01/2024 16:00,Dubai-Marina,Super B.Laban,Large,77.2,9,0,,72564,70,Female,Silver,Cash,Talabat,91,13.8,121,41.6,83.3,,0,Signature,UAE,1,16,97.27
103798,09/02/2024 13:15,Riyadh-Olaya,Qishtouza Nutella,Medium,102.16,9,0.15,Lotus,67017,14,Male,,Wallet,In-store,93,6.2,135,41.2,24.6,1,0,Modern,KSA,1,13,128.72
103369,05/02/2024 02:00,Cairo-Nasr City,Sweet Koshary Mix,Large,42.92,3,0,,50527,54,Female,Gold,Instapay,Mobile App,58,1.9,142,36.2,36.4,3,0,Signature,Greater Cairo,0,2,18.03
107197,15/03/2024 23:00,Cairo-Nasr City,Super B.Laban,Small,148.38,9,0.15,Nuts,71763,,Female,Bronze,Wallet,Mobile App,83,7.1,143,29.1,41.2,1,0,Signature,Greater Cairo,1,23,186.96
109642,10/04/2024 10:15,Giza-Zayed,Sweet Koshary Mix,Large,167.23,1,0,Pistachio,52479,58,Male,None,Instapay,ElMenus,47,12.4,114,33.6,30.7,5,0,Signature,Greater Cairo,0,10,23.41
105110,23/02/2024 05:15,Mansoura-Mashaya,Sweet Koshary Mix,Small,41.36,7,0,,74677,61,Male,None,Instapay,Mobile App,107,1.8,102,28.7,58.8,2,0,Signature,Delta,1,5,40.53
106025,03/03/2024 18:00,Alex-Stanly,Sweet Koshary Mix,Large,61.95,1,0,,73527,50,Male,Gold,Credit Card,Talabat,26,3.9,116,43.3,51.8,5,0,Signature,Alexandria,1,18,8.67
108796,01/04/2024 14:45,Cairo-Zamalek,Om Ali Cream,Medium,71.03,2,0.1,Nuts,55188,26,Female,Bronze,Wallet,ElMenus,55,5.4,120,21.3,29.7,4,0,Traditional,Greater Cairo,0,14,19.89
109295,06/04/2024 19:30,Giza-Zayed,Qishtouza Lotus,Large,44.15,3,0.05,Lotus,63185,,Male,Silver,Cash,Talabat,92,7.8,149,19.8,39.8,1,1,Modern,Greater Cairo,1,19,18.54
100127,02/01/2024 07:30,Cairo-Zamalek,Qishtouza Lotus,Medium,137.34,10,0.05,Nutella,70140,49,Male,Bronze,Instapay,Mobile App,57,12,133,26.9,85.8,4,0,Modern,Greater Cairo,0,7,192.28
105960,03/03/2024 01:45,Cairo-Zamalek,Super B.Laban,Small,143.88,2,0,Nuts,87542,19,Female,Gold,Wallet,Mobile App,104,13.9,108,35.9,34.9,5,0,Signature,Greater Cairo,1,1,40.29
103877,10/02/2024 09:00,Cairo-Nasr City,Qishtouza Nutella,Medium,87.72,9,0.15,None,50428,28,Male,Silver,Cash,Mobile App,12,10.8,124,15.9,72.4,2,0,Modern,Greater Cairo,1,9,110.53
104452,16/02/2024 08:45,Giza-Zayed,Sweet Koshary Mix,Small,91.02,2,0,Lotus,56236,35,,Silver,Wallet,ElMenus,105,12.2,128,43.4,44.9,3,0,Signature,Greater Cairo,1,8,25.49
107148,15/03/2024 10:45,Riyadh-Olaya,Super B.Laban,Medium,131.3,5,0,None,70442,13,,None,Wallet,ElMenus,83,4.8,119,44.6,75.3,3,0,Signature,KSA,1,10,91.91
103532,06/02/2024 18:45,Riyadh-Olaya,Qishtouza Nutella,Medium,175.53,4,0,Nuts,69053,18,Female,Silver,Cash,ElMenus,49,6.3,124,19.1,74.5,3,0,Modern,KSA,0,18,98.3
100828,09/01/2024 14:45,Cairo-Zamalek,Rice Pudding Oven,Large,79.46,9,0.05,Nuts,50643,,Female,Gold,Wallet,Talabat,62,10.2,109,16.7,46.7,4,0,Traditional,Greater Cairo,0,14,100.12
107791,22/03/2024 03:30,Alex-Stanly,Qishtouza Lotus,Large,123.1,11,0,Nutella,52291,71,Male,,Credit Card,In-store,60,2.3,115,29.1,89.7,5,0,Modern,Alexandria,1,3,189.57
100985,11/01/2024 06:00,Riyadh-Olaya,Ice Cream Mango,Medium,167.82,1,0.05,None,67909,18,Female,Gold,Cash,Mobile App,45,11.5,106,31.6,38.7,3,0,Ice Cream,KSA,0,6,23.49
107784,22/03/2024 01:45,Cairo-Zamalek,Rice Pudding Nuts,Small,168.65,6,0.15,Nuts,53411,54,Female,Bronze,Wallet,ElMenus,82,8.2,105,23.2,87.7,3,0,Traditional,Greater Cairo,1,1,141.67
102444,26/01/2024 10:45,Riyadh-Olaya,Ice Cream Mango,Medium,143.37,6,0,None,67523,16,Female,Bronze,Instapay,Talabat,37,8.6,123,21.2,86.3,5,0,Ice Cream,KSA,1,10,120.43
108555,30/03/2024 02:30,Giza-Zayed,Ice Cream Mango,Medium,120.36,10,0,Nutella,72386,20,,Silver,Instapay,In-store,119,7,118,25.5,78.1,4,0,Ice Cream,Greater Cairo,1,2,168.5
100346,04/01/2024 14:15,Dubai-Marina,Qishtouza Nutella,Medium,119.6,8,0.15,Nutella,68087,46,Female,Bronze,Wallet,ElMenus,104,8.9,121,32.6,23.1,,0,Modern,UAE,0,14,133.95
100815,09/01/2024 11:30,Giza-Zayed,Qishtouza Lotus,Large,59.43,3,0,Nutella,59675,61,Female,None,Cash,Talabat,98,8.3,147,29.6,68.4,2,0,Modern,Greater Cairo,0,11,24.96
106167,05/03/2024 05:30,Tanta-Saeed,Om Ali Cream,Medium,169.59,11,0,Nutella,52202,,Male,Bronze,Credit Card,In-store,16,8.6,137,37.9,75.2,3,0,Traditional,Delta,0,5,261.17
105780,01/03/2024 04:45,Dubai-Marina,Super B.Laban,Large,92.14,5,0,Nuts,60588,46,,None,Credit Card,ElMenus,25,3.8,130,19.4,42,4,0,Signature,UAE,1,4,64.5
102117,23/01/2024 01:00,Mansoura-Mashaya,Super B.Laban,Medium,165.77,7,0,Nutella,63414,61,Female,Silver,Cash,In-store,64,6.1,104,21,38.5,3,0,Signature,Delta,0,1,162.45
100794,09/01/2024 06:15,Giza-Zayed,Om Ali Cream,Small,84.13,11,0,Nutella,50215,,Female,Gold,Wallet,Mobile App,101,2.5,112,35.8,67,3,0,Traditional,Greater Cairo,0,6,129.56
106899,12/03/2024 20:30,Alex-Stanly,Ice Cream Mango,Large,89.04,11,0.15,Nuts,84233,64,Female,None,Credit Card,Mobile App,88,3.9,115,26.3,23,5,0,Ice Cream,Alexandria,0,20,137.12
102675,28/01/2024 20:30,Alex-Stanly,Ice Cream Mango,Medium,96.61,9,0,Pistachio,63326,73,,None,Credit Card,Mobile App,91,4.8,146,21.6,46.2,1,0,Ice Cream,Alexandria,1,20,121.73
100095,01/01/2024 23:30,Tanta-Saeed,Ice Cream Mango,Large,128.44,4,0,Pistachio,80949,52,Female,Gold,Instapay,In-store,41,9.8,134,16.7,85.1,1,0,Ice Cream,Delta,0,23,71.93
104226,14/02/2024 00:15,Riyadh-Olaya,Rice Pudding Nuts,Medium,62.95,11,0,Nutella,81412,,Female,Gold,Instapay,Talabat,35,7,124,23.2,48.3,5,0,Traditional,KSA,0,0,96.94
103757,09/02/2024 03:00,Dubai-Marina,Ice Cream Mango,Medium,83.26,11,0,Pistachio,61782,36,,Gold,Instapay,Talabat,50,10.5,116,42.4,35.6,3,0,Ice Cream,UAE,1,3,128.22
102892,31/01/2024 02:45,Dubai-Marina,Qishtouza Nutella,Medium,57.44,4,0,Pistachio,52960,67,Male,Bronze,Instapay,ElMenus,42,3.5,115,27.8,81,,0,Modern,UAE,0,2,32.17
102372,25/01/2024 16:45,Giza-Zayed,Ice Cream Mango,Medium,168.79,1,0.05,Nuts,82736,16,Female,Bronze,Cash,Talabat,28,7.9,134,29.7,48.5,4,0,Ice Cream,Greater Cairo,0,16,23.63
109389,07/04/2024 19:00,Tanta-Saeed,Sweet Koshary Mix,Medium,115.35,3,0,Pistachio,85476,19,Male,,Wallet,In-store,62,1.5,123,33.7,50.4,5,0,Signature,Delta,1,19,48.45
103229,03/02/2024 15:00,Alex-Stanly,Super B.Laban,Small,59.43,4,0,Lotus,65754,74,Female,Silver,Cash,ElMenus,78,4,133,26.6,81.9,,0,Signature,Alexandria,1,15,33.28
107864,22/03/2024 21:45,Cairo-Zamalek,Rice Pudding Oven,Small,126.02,8,0.1,None,75362,59,Female,Bronze,Instapay,In-store,61,13.7,140,26,35.4,2,0,Traditional,Greater Cairo,1,21,141.14
106360,07/03/2024 05:45,Alex-Stanly,Rice Pudding Oven,Large,87.27,4,0,Nuts,71579,50,Male,Bronze,Cash,Mobile App,14,0.7,107,23,46.9,1,0,Traditional,Alexandria,0,5,48.87
109197,05/04/2024 19:00,Alex-Stanly,Ice Cream Mango,Small,162.28,8,0,,84824,68,Female,Gold,Credit Card,Mobile App,56,11.5,108,22,26.2,2,0,Ice Cream,Alexandria,1,19,181.75
107327,17/03/2024 07:30,Giza-Zayed,Om Ali Cream,Medium,110.01,10,0,Pistachio,59094,33,Female,Silver,Wallet,Talabat,94,4,144,16.7,70.2,4,0,Traditional,Greater Cairo,1,7,154.01
106029,03/03/2024 19:00,Cairo-Nasr City,Super B.Laban,Medium,92.04,10,0.05,None,61444,30,Female,Bronze,Instapay,ElMenus,76,15,108,36,70.5,4,0,Signature,Greater Cairo,1,19,128.86
101866,20/01/2024 10:15,Cairo-Zamalek,Ice Cream Mango,Small,178.67,1,0,Nuts,72266,19,Female,Bronze,Credit Card,Talabat,58,4,134,22.6,82.2,3,0,Ice Cream,Greater Cairo,1,10,25.01
104613,18/02/2024 01:00,Mansoura-Mashaya,Rice Pudding Nuts,Medium,114.42,2,0.1,Pistachio,67498,67,Female,Silver,Cash,Mobile App,96,7.2,117,44.2,83.9,,0,Traditional,Delta,1,1,32.04
102646,28/01/2024 13:15,Alex-Stanly,Om Ali Cream,Medium,42.8,10,0,Nuts,73303,,Male,Bronze,Wallet,Talabat,21,7.5,120,37,28.3,2,0,Traditional,Alexandria,1,13,59.92
102244,24/01/2024 08:45,Cairo-Zamalek,Om Ali Cream,Large,139.27,9,0.1,Lotus,79830,53,Female,Bronze,Instapay,Mobile App,44,14.1,130,32.1,48.5,,0,Traditional,Greater Cairo,0,8,175.48
105374,25/02/2024 23:15,Tanta-Saeed,Rice Pudding Nuts,Medium,122.67,11,0.05,None,63164,69,Female,,Credit Card,Mobile App,88,5,131,28.9,42.3,5,0,Traditional,Delta,1,23,188.91
102337,25/01/2024 08:00,Dubai-Marina,Sweet Koshary Mix,Small,165.91,2,0,Pistachio,69227,14,Female,None,Credit Card,In-store,70,5,105,43.7,84.1,,0,Signature,UAE,0,8,46.45
100951,10/01/2024 21:30,Alex-Stanly,Om Ali Cream,Small,176.55,3,0,Pistachio,73828,18,Female,,Cash,In-store,14,8.8,108,37.9,89.7,3,0,Traditional,Alexandria,0,21,74.15
101121,12/01/2024 16:00,Cairo-Zamalek,Rice Pudding Nuts,Large,97.56,10,0,Pistachio,53006,73,,Silver,Wallet,Mobile App,77,1.7,101,26.3,36,,0,Traditional,Greater Cairo,1,16,136.58
102205,23/01/2024 23:00,Cairo-Nasr City,Ice Cream Mango,Small,132.1,6,0,,51068,,Male,None,Cash,In-store,67,7.7,140,31.3,84.5,3,0,Ice Cream,Greater Cairo,0,23,110.96
100420,05/01/2024 08:45,Tanta-Saeed,Rice Pudding Nuts,Medium,85,-5,0,Lotus,89721,55,Male,Bronze,Cash,In-store,42,3.9,117,38.4,24.4,1,0,Traditional,Delta,1,8,11.9
100923,10/01/2024 14:30,Cairo-Nasr City,Qishtouza Lotus,Medium,73.16,10,0,Nuts,75755,53,Male,Bronze,Cash,In-store,37,3.2,118,36.8,69.1,1,0,Modern,Greater Cairo,0,14,102.42
108670,31/03/2024 07:15,Giza-Zayed,Sweet Koshary Mix,Large,121.14,6,0,Nuts,75132,59,Female,Bronze,Instapay,In-store,58,12.9,144,30.4,53.5,3,0,Signature,Greater Cairo,1,7,101.76
105409,26/02/2024 08:00,Alex-Stanly,Om Ali Cream,Medium,99.74,7,0.1,Nuts,73974,67,Female,Bronze,Instapay,ElMenus,101,14.7,125,42.7,26,4,0,Traditional,Alexandria,0,8,97.75
105789,01/03/2024 07:00,Alex-Stanly,Super B.Laban,Medium,155.15,10,0,Nutella,74397,52,Female,Gold,Credit Card,In-store,28,5,141,19.6,66,3,0,Signature,Alexandria,1,7,217.21
105743,29/02/2024 19:30,Dubai-Marina,Rice Pudding Nuts,Large,51.12,4,0.15,Nutella,53934,30,Male,Gold,Instapay,ElMenus,64,9.1,139,27.5,28.4,1,0,Traditional,UAE,0,19,28.63
107668,20/03/2024 20:45,Mansoura-Mashaya,Qishtouza Nutella,Medium,78.18,9,0.1,Nutella,76754,24,Male,Bronze,Credit Card,Mobile App,38,2.6,127,17.3,53.2,1,0,Modern,Delta,0,20,98.51
105568,27/02/2024 23:45,Cairo-Zamalek,Rice Pudding Oven,Medium,102.21,6,0,Nutella,60853,70,Female,None,Cash,Mobile App,49,3.8,113,30,28.6,1,0,Traditional,Greater Cairo,0,23,85.86
108136,25/03/2024 17:45,Cairo-Zamalek,Om Ali Cream,Large,65.53,7,0,Pistachio,53694,43,,Bronze,Cash,ElMenus,23,14.3,127,36.4,73.3,5,0,Traditional,Greater Cairo,0,17,64.22
101203,13/01/2024 12:30,Giza-Zayed,Ice Cream Mango,Medium,160.84,8,0.05,None,83079,70,Female,Silver,Cash,Mobile App,49,8.3,118,25,45.8,3,0,Ice Cream,Greater Cairo,1,12,180.14
105766,01/03/2024 01:15,Tanta-Saeed,Ice Cream Mango,Small,87.45,4,0,Nutella,62441,41,Female,None,Cash,In-store,34,11.1,114,42.9,52.5,2,0,Ice Cream,Delta,1,1,48.97
108390,28/03/2024 09:15,Alex-Stanly,Super B.Laban,Large,71.86,10,0,None,82252,,Female,None,Cash,In-store,16,6.6,149,44.7,28.2,4,0,Signature,Alexandria,0,9,100.6
101971,21/01/2024 12:30,Cairo-Nasr City,Qishtouza Nutella,Small,73.98,3,0.15,None,81146,13,Male,,Instapay,Mobile App,21,4.3,148,41,29.7,2,0,Modern,Greater Cairo,1,12,31.07
104019,11/02/2024 20:30,Mansoura-Mashaya,Om Ali Cream,Large,75.71,8,0,None,60632,,Female,None,Credit Card,ElMenus,30,4.1,127,40.5,78.2,4,0,Traditional,Delta,1,20,84.8
103688,08/02/2024 09:45,Cairo-Zamalek,Super B.Laban,Large,106.52,3,0,Lotus,86877,34,Male,None,Instapay,Mobile App,104,14.3,142,34.7,84.9,4,0,Signature,Greater Cairo,0,9,44.74
101998,21/01/2024 19:15,Cairo-Nasr City,Qishtouza Lotus,Medium,143.88,3,0.15,Nutella,54984,35,Male,None,Instapay,In-store,111,12.1,114,22.7,35.8,1,0,Modern,Greater Cairo,1,19,60.43
104034,12/02/2024 00:15,Tanta-Saeed,Sweet Koshary Mix,Medium,98.95,1,0,Nutella,76823,45,Male,Bronze,Credit Card,Talabat,36,10.8,119,36.8,22.8,3,0,Signature,Delta,0,0,13.85
101249,14/01/2024 00:00,Cairo-Zamalek,Om Ali Cream,Medium,65.92,10,0,,76489,31,Female,Silver,Wallet,Talabat,14,13.3,142,25.1,28.3,1,1,Traditional,Greater Cairo,1,0,92.29
102193,23/01/2024 20:00,Cairo-Zamalek,Rice Pudding Oven,Large,72.25,5,0,Nutella,75160,,Male,None,Wallet,ElMenus,40,14.4,117,24.4,40.9,,0,Traditional,Greater Cairo,0,20,50.58
102713,29/01/2024 06:00,Cairo-Zamalek,Ice Cream Mango,Medium,166.86,2,0,None,55230,,Female,None,Cash,Mobile App,34,2,126,27.3,35.9,,0,Ice Cream,Greater Cairo,0,6,46.72
102191,23/01/2024 19:30,Cairo-Zamalek,Qishtouza Nutella,Medium,74.67,3,0.15,Nutella,53724,20,Male,Gold,Wallet,Mobile App,81,10.6,149,25.6,33.8,1,0,Modern,Greater Cairo,0,19,31.36
104671,18/02/2024 15:30,Tanta-Saeed,Qishtouza Nutella,Medium,44.1,7,0.1,Pistachio,84596,52,Female,Silver,Credit Card,Mobile App,62,9.6,130,23.2,68.5,3,0,Modern,Delta,1,15,43.22
105143,23/02/2024 13:30,Alex-Stanly,Om Ali Cream,Large,124.09,7,0,None,76125,22,Male,Gold,Cash,Talabat,32,11,144,16.3,85.9,2,0,Traditional,Alexandria,1,13,121.61
105985,03/03/2024 08:00,Alex-Stanly,Om Ali Cream,Medium,174.32,8,0.1,None,71433,,,Gold,Wallet,Talabat,45,3.8,145,34.4,66.1,2,1,Traditional,Alexandria,1,8,195.24
106566,09/03/2024 09:15,Cairo-Nasr City,Rice Pudding Nuts,Large,153.19,8,0,Nuts,73790,68,Female,None,Instapay,Mobile App,21,1.6,128,36,66,2,0,Traditional,Greater Cairo,1,9,171.57
107805,22/03/2024 07:00,Dubai-Marina,Rice Pudding Nuts,Large,95.25,2,0.05,,67873,15,Female,Gold,Wallet,Talabat,98,10.7,115,33.2,37.9,,0,Traditional,UAE,1,7,26.67
106944,13/03/2024 07:45,Cairo-Nasr City,Ice Cream Mango,Medium,151.66,2,0.1,Pistachio,73199,32,,Bronze,Cash,In-store,85,14.1,132,16.9,43.7,,0,Ice Cream,Greater Cairo,0,7,42.46
102137,23/01/2024 06:00,Tanta-Saeed,Om Ali Cream,Large,69.41,11,0.05,Pistachio,79057,,Female,Silver,Cash,In-store,78,8,144,20.6,57.1,5,0,Traditional,Delta,0,6,106.89
101066,12/01/2024 02:15,Alex-Stanly,Om Ali Cream,Small,121.23,4,0,None,77394,28,,Silver,Cash,ElMenus,101,5.5,140,19.5,86.9,4,0,Traditional,Alexandria,1,2,67.89
100601,07/01/2024 06:00,Mansoura-Mashaya,Om Ali Cream,Small,159.17,1,0,,73907,14,Female,Gold,Instapay,In-store,38,9.1,144,40.6,89,2,0,Traditional,Delta,1,6,22.28
104228,14/02/2024 00:45,Riyadh-Olaya,Sweet Koshary Mix,Small,135.78,11,0,Lotus,85208,49,Female,Bronze,Cash,ElMenus,31,5.1,122,42.5,42.9,,0,Signature,KSA,0,0,209.1
107578,19/03/2024 22:15,Alex-Stanly,Rice Pudding Nuts,Small,84.6,8,0.1,Lotus,53997,,Male,Bronze,Wallet,Talabat,23,1.9,116,39.4,63.8,1,0,Traditional,Alexandria,0,22,94.75
100078,01/01/2024 19:15,Giza-Zayed,Rice Pudding Nuts,Medium,98.06,11,0.05,None,53409,13,Male,Silver,Wallet,In-store,42,3.3,108,37.3,37.5,5,0,Traditional,Greater Cairo,0,19,151.01
107547,19/03/2024 14:30,Dubai-Marina,Om Ali Cream,Large,88.44,9,0.05,Nuts,82325,55,Female,Gold,Instapay,ElMenus,77,7.5,128,26.1,45.6,5,0,Traditional,UAE,0,14,111.43
102899,31/01/2024 04:30,Cairo-Zamalek,Super B.Laban,Large,41.26,4,0.05,None,60636,65,Female,Silver,Cash,Mobile App,42,8.9,134,37.4,41.8,2,0,Signature,Greater Cairo,0,4,23.11
104821,20/02/2024 05:00,Giza-Zayed,Qishtouza Nutella,Medium,89.51,7,0,None,72778,,,None,Credit Card,Talabat,83,1.8,141,20.1,54.9,4,0,Modern,Greater Cairo,0,5,87.72
109303,06/04/2024 21:30,Alex-Stanly,Ice Cream Mango,Large,90.56,5,0,Nuts,85284,29,Male,Bronze,Cash,ElMenus,102,14.7,104,33,75.4,4,0,Ice Cream,Alexandria,1,21,63.39
106414,07/03/2024 19:15,Riyadh-Olaya,Qishtouza Lotus,Large,44.71,3,0,Pistachio,76095,33,Male,Bronze,Instapay,ElMenus,60,4.7,118,17.3,81.8,5,0,Modern,KSA,0,19,18.78
109065,04/04/2024 10:00,Dubai-Marina,Sweet Koshary Mix,Small,95.05,5,0,Nuts,50860,21,Female,Bronze,Instapay,ElMenus,87,4.6,101,30.4,65.7,3,0,Signature,UAE,0,10,66.54
108008,24/03/2024 09:45,Mansoura-Mashaya,Rice Pudding Oven,Large,172.63,8,0,Nutella,50237,60,Female,None,Credit Card,Talabat,51,12.5,102,23.2,20.7,4,0,Traditional,Delta,1,9,193.35
105469,26/02/2024 23:00,Cairo-Nasr City,Ice Cream Mango,Large,146.64,7,0,,61867,71,Male,Silver,Wallet,Talabat,91,0.5,115,29.4,35.4,2,0,Ice Cream,Greater Cairo,0,23,143.71
105952,02/03/2024 23:45,Alex-Stanly,Qishtouza Lotus,Small,121.66,11,0,,76328,31,Male,Silver,Cash,Mobile App,113,9.8,104,18.3,23.5,5,0,Modern,Alexandria,1,23,187.36
103392,05/02/2024 07:45,Mansoura-Mashaya,Qishtouza Nutella,Medium,77,5,0.1,,68433,67,Male,None,Wallet,Mobile App,45,9,141,26.9,69.2,5,0,Modern,Delta,0,7,53.9
105416,26/02/2024 09:45,Dubai-Marina,Super B.Laban,Large,69.38,3,0,Pistachio,87004,31,,Bronze,Credit Card,Mobile App,91,0.9,120,38.9,60.7,5,1,Signature,UAE,0,9,29.14
102561,27/01/2024 16:00,Tanta-Saeed,Ice Cream Mango,Large,154.57,7,0,Nuts,88422,22,Male,,Cash,Mobile App,65,14.9,107,28.2,23.2,3,0,Ice Cream,Delta,1,16,151.48
108163,26/03/2024 00:30,Riyadh-Olaya,Ice Cream Mango,Large,79.03,4,0,,63992,,,Silver,Credit Card,Talabat,32,13.5,128,17.2,27.4,1,0,Ice Cream,KSA,0,0,44.26
102636,28/01/2024 10:45,Tanta-Saeed,Qishtouza Nutella,Medium,95.9,2,0,None,72553,,Female,Gold,Cash,ElMenus,98,10,101,34.1,52.9,2,0,Modern,Delta,1,10,26.85
105257,24/02/2024 18:00,Cairo-Zamalek,Qishtouza Nutella,Large,134.21,7,0.05,Lotus,87035,72,Female,Bronze,Wallet,ElMenus,86,12.1,112,28.3,58.1,4,0,Modern,Greater Cairo,1,18,131.53
103531,06/02/2024 18:30,Giza-Zayed,Sweet Koshary Mix,Large,40.29,6,0,Pistachio,59340,49,Male,Gold,Wallet,Mobile App,66,13.5,142,31.8,26.3,1,0,Signature,Greater Cairo,0,18,33.84
108568,30/03/2024 05:45,Giza-Zayed,Ice Cream Mango,Large,97.84,11,0,Nuts,72872,,Female,None,Instapay,Mobile App,21,2.4,132,41.4,81.6,2,0,Ice Cream,Greater Cairo,1,5,150.67
101909,20/01/2024 21:00,Cairo-Zamalek,Qishtouza Lotus,Medium,87.94,3,0.05,,75696,33,Male,Bronze,Credit Card,In-store,110,8.2,135,31.6,36,,0,Modern,Greater Cairo,1,21,36.93
100236,03/01/2024 10:45,Giza-Zayed,Qishtouza Nutella,Medium,42,4,0,Lotus,87705,20,Male,None,Credit Card,Talabat,67,10,132,42.3,54.2,2,0,Modern,Greater Cairo,0,10,23.52
101605,17/01/2024 17:00,Giza-Zayed,Om Ali Cream,Medium,46.87,10,0.1,Lotus,88970,62,Male,Bronze,Cash,Talabat,77,6.9,101,27.2,49,4,0,Traditional,Greater Cairo,0,17,65.62
107985,24/03/2024 04:00,Cairo-Zamalek,Sweet Koshary Mix,Large,64.7,3,0.05,,61709,26,Male,Gold,Instapay,Mobile App,118,11,126,26.8,29.3,2,0,Signature,Greater Cairo,1,4,27.17
103491,06/02/2024 08:30,Alex-Stanly,Qishtouza Lotus,Large,146.25,4,0.1,None,57127,32,Female,Gold,Wallet,In-store,38,8.6,142,24.2,62.7,5,0,Modern,Alexandria,0,8,81.9
101995,21/01/2024 18:30,Mansoura-Mashaya,Ice Cream Mango,Large,72.95,9,0,Lotus,89047,59,Male,None,Cash,Mobile App,76,8.9,141,33.8,47.5,5,0,Ice Cream,Delta,1,18,91.92
102825,30/01/2024 10:00,Cairo-Zamalek,Om Ali Cream,Large,61.08,6,0,None,66937,18,Female,,Credit Card,ElMenus,46,12.9,124,23.6,88.7,1,0,Traditional,Greater Cairo,0,10,51.31
109286,06/04/2024 17:15,Dubai-Marina,Qishtouza Nutella,Large,125.42,2,0,Nutella,63841,58,Female,Bronze,Wallet,ElMenus,34,8.7,122,26.8,23.7,1,0,Modern,UAE,1,17,35.12
101343,14/01/2024 23:30,Dubai-Marina,Ice Cream Mango,Medium,117.31,4,0.1,Nuts,75312,56,,Bronze,Credit Card,In-store,78,1.3,106,15.2,80.5,4,0,Ice Cream,UAE,1,23,65.69
108513,29/03/2024 16:00,Cairo-Nasr City,Om Ali Cream,Large,173.09,11,0.15,Pistachio,87078,60,,None,Credit Card,In-store,81,12.8,126,33.6,26.7,4,0,Traditional,Greater Cairo,1,16,266.56
101620,17/01/2024 20:45,Mansoura-Mashaya,Rice Pudding Nuts,Small,106.78,7,0.1,Nuts,68608,35,Female,Gold,Wallet,Mobile App,48,2.3,115,38.1,58.1,5,0,Traditional,Delta,0,20,104.64
105288,25/02/2024 01:45,Mansoura-Mashaya,Sweet Koshary Mix,Large,147.93,9,0,Nuts,56740,,,Bronze,Instapay,In-store,59,2.3,122,19.8,43.3,1,0,Signature,Delta,1,1,186.39
102061,22/01/2024 11:00,Cairo-Nasr City,Sweet Koshary Mix,Large,104.39,8,0,Pistachio,85501,14,Male,Silver,Instapay,ElMenus,89,3,119,29.5,81.4,5,0,Signature,Greater Cairo,0,11,116.92
109956,13/04/2024 16:45,Riyadh-Olaya,Super B.Laban,Large,136.51,11,0,Pistachio,71544,49,,Silver,Credit Card,ElMenus,67,1.1,142,23.3,64.5,5,0,Signature,KSA,1,16,210.23
102220,24/01/2024 02:45,Alex-Stanly,Rice Pudding Oven,Medium,172.6,10,0.1,,82992,,Female,None,Wallet,In-store,112,9.5,109,27,75.5,5,0,Traditional,Alexandria,0,2,241.64
106039,03/03/2024 21:30,Alex-Stanly,Sweet Koshary Mix,Medium,86.12,9,0.05,Pistachio,72277,,,,Cash,Mobile App,19,2.2,144,16.4,33,5,1,Signature,Alexandria,1,21,108.51
100261,03/01/2024 17:00,Cairo-Nasr City,Rice Pudding Nuts,Medium,157.52,9,0,,63063,51,Male,,Credit Card,Talabat,93,1.8,104,24.6,41.7,,0,Traditional,Greater Cairo,0,17,198.48
109366,07/04/2024 13:15,Mansoura-Mashaya,Super B.Laban,Medium,49.46,9,0,Nuts,68448,,Male,Bronze,Cash,ElMenus,105,10.2,113,19.1,23.5,2,0,Signature,Delta,1,13,62.32
109094,04/04/2024 17:15,Giza-Zayed,Rice Pudding Oven,Medium,170.47,1,0,None,71209,45,,Silver,Credit Card,Mobile App,92,5.7,138,20.1,47.6,3,0,Traditional,Greater Cairo,0,17,23.87
103745,09/02/2024 00:00,Alex-Stanly,Sweet Koshary Mix,Small,60.3,2,0,Nuts,66677,16,Male,,Instapay,In-store,70,11.4,113,26.7,30.1,4,0,Signature,Alexandria,1,0,16.88
102027,22/01/2024 02:30,Dubai-Marina,Rice Pudding Oven,Large,112.84,2,0,Nutella,76051,17,Male,None,Wallet,Mobile App,108,5.5,113,31.6,35,5,0,Traditional,UAE,0,2,31.6
106989,13/03/2024 19:00,Tanta-Saeed,Rice Pudding Nuts,Large,140.07,10,0,Pistachio,53567,16,Male,Gold,Cash,In-store,78,1.8,106,37.9,62.2,4,0,Traditional,Delta,0,19,196.1
104235,14/02/2024 02:30,Tanta-Saeed,Qishtouza Lotus,Large,94.79,9,0,,83083,35,Male,Gold,Wallet,Talabat,40,10.6,127,42.7,84.8,3,0,Modern,Delta,0,2,119.44
101918,20/01/2024 23:15,Tanta-Saeed,Sweet Koshary Mix,Large,169.84,9,0,None,55933,,,,Credit Card,ElMenus,97,14.1,142,33.1,33.6,4,1,Signature,Delta,1,23,214
101829,20/01/2024 01:00,Tanta-Saeed,Super B.Laban,Small,144.87,9,0,Nuts,55906,,Female,Bronze,Wallet,ElMenus,83,7.3,125,43.9,60.3,,0,Signature,Delta,1,1,182.54
106234,05/03/2024 22:15,Giza-Zayed,Qishtouza Lotus,Medium,176.44,3,0.1,Pistachio,85775,29,Female,,Instapay,In-store,100,7.5,113,33.4,35.4,4,0,Modern,Greater Cairo,0,22,74.1
109333,07/04/2024 05:00,Tanta-Saeed,Sweet Koshary Mix,Medium,94.34,1,0.15,None,75039,71,Female,Silver,Credit Card,In-store,72,5.2,116,44.9,59.7,1,0,Signature,Delta,1,5,13.21
106284,06/03/2024 10:45,Mansoura-Mashaya,Sweet Koshary Mix,Medium,99.02,4,0,Lotus,89419,32,Male,Bronze,Cash,Mobile App,39,10.5,117,44.2,87.4,2,0,Signature,Delta,0,10,55.45
104209,13/02/2024 20:00,Giza-Zayed,Om Ali Cream,Large,50.31,7,0,Lotus,52007,,,Silver,Wallet,Talabat,19,9.1,121,16.8,32,4,0,Traditional,Greater Cairo,0,20,49.3
100225,03/01/2024 08:00,Cairo-Zamalek,Rice Pudding Oven,Small,131.22,4,0,,53074,73,Female,Gold,Instapay,Talabat,56,14.1,132,32.5,28.6,2,0,Traditional,Greater Cairo,0,8,73.48
108916,02/04/2024 20:45,Dubai-Marina,Rice Pudding Nuts,Medium,104.62,6,0,None,52083,57,Female,,Instapay,ElMenus,86,0.9,123,41,27.8,3,0,Traditional,UAE,0,20,87.88
106470,08/03/2024 09:15,Dubai-Marina,Ice Cream Mango,Medium,96.77,2,0,Pistachio,63407,15,Male,Silver,Instapay,Talabat,82,9,108,21.8,78.1,5,0,Ice Cream,UAE,1,9,27.1
109414,08/04/2024 01:15,Tanta-Saeed,Om Ali Cream,Medium,144.14,9,0,Pistachio,68535,44,Female,Gold,Cash,Mobile App,47,9.7,109,40.9,48.6,5,0,Traditional,Delta,0,1,181.62
100847,09/01/2024 19:30,Cairo-Zamalek,Qishtouza Nutella,Medium,153.56,8,0,,84047,,Female,Bronze,Wallet,Talabat,82,2.2,144,39.9,34.3,1,0,Modern,Greater Cairo,0,19,171.99
104290,14/02/2024 16:15,Cairo-Zamalek,Qishtouza Lotus,Medium,98.3,10,0,Lotus,56247,69,Female,Silver,Wallet,ElMenus,23,1.4,110,33.6,41.7,,0,Modern,Greater Cairo,0,16,137.62
105561,27/02/2024 22:00,Alex-Stanly,Qishtouza Nutella,Medium,149.2,1,0,Pistachio,84176,22,,Bronze,Credit Card,In-store,86,11.3,145,20.3,23.4,,0,Modern,Alexandria,0,22,20.89
102552,27/01/2024 13:45,Cairo-Nasr City,Ice Cream Mango,Small,100.42,5,0,None,75335,53,Male,Bronze,Instapay,Talabat,73,1.7,136,32,70.2,5,1,Ice Cream,Greater Cairo,1,13,70.29
100118,02/01/2024 05:15,Tanta-Saeed,Om Ali Cream,Medium,104.69,5,0.05,Pistachio,74532,24,Male,Silver,Instapay,ElMenus,109,8,146,18.8,83.6,5,0,Traditional,Delta,0,5,73.28
108838,02/04/2024 01:15,Giza-Zayed,Super B.Laban,Medium,153.32,4,0,Pistachio,79374,,Male,None,Cash,In-store,13,5.2,125,21.2,40,2,0,Signature,Greater Cairo,0,1,85.86
105967,03/03/2024 03:30,Alex-Stanly,Ice Cream Mango,Medium,49.22,9,0,Pistachio,88752,38,,Gold,Wallet,Mobile App,27,14.1,107,20.2,71.3,5,0,Ice Cream,Alexandria,1,3,62.02
108196,26/03/2024 08:45,Cairo-Nasr City,Ice Cream Mango,Medium,81.39,1,0,Nutella,51399,46,,Bronze,Wallet,ElMenus,36,14.9,143,18.2,72.8,3,0,Ice Cream,Greater Cairo,0,8,11.39
108660,31/03/2024 04:45,Mansoura-Mashaya,Rice Pudding Oven,Large,127.11,1,0.05,Nuts,59817,59,Male,Bronze,Wallet,In-store,103,13.1,114,32.8,33.5,1,0,Traditional,Delta,1,4,17.8
107490,19/03/2024 00:15,Alex-Stanly,Om Ali Cream,Large,125.56,4,0.15,Nuts,58966,44,Male,Bronze,Wallet,Mobile App,65,3.7,111,24.1,74.9,2,0,Traditional,Alexandria,0,0,70.31
100006,01/01/2024 01:15,Riyadh-Olaya,Rice Pudding Nuts,Large,143.4,4,0,,83743,22,Female,None,Instapay,Mobile App,25,13.9,137,42.7,48.8,5,0,Traditional,KSA,0,1,80.3
105343,25/02/2024 15:30,Mansoura-Mashaya,Sweet Koshary Mix,Medium,93.21,8,0.05,Lotus,51529,16,Female,Bronze,Wallet,Talabat,89,13.3,122,30.3,48.6,5,0,Signature,Delta,1,15,104.4
109112,04/04/2024 21:45,Dubai-Marina,Qishtouza Lotus,Medium,127.35,1,0,,66730,66,,Gold,Instapay,In-store,85,5.1,142,32.2,50.1,4,0,Modern,UAE,0,21,17.83
104325,15/02/2024 01:00,Tanta-Saeed,Om Ali Cream,Large,150.56,2,0,Nutella,69893,16,Male,,Wallet,ElMenus,61,12.7,104,31.6,32.2,1,0,Traditional,Delta,0,1,42.16
101064,12/01/2024 01:45,Mansoura-Mashaya,Rice Pudding Nuts,Large,93.17,5,0,Nuts,70816,63,Male,Silver,Cash,Mobile App,77,14.3,147,37.9,86.8,5,0,Traditional,Delta,1,1,65.22
102591,27/01/2024 23:30,Cairo-Zamalek,Qishtouza Lotus,Large,109.58,2,0,Nutella,79394,28,Female,Gold,Instapay,Mobile App,59,2.8,146,38.7,88.4,1,0,Modern,Greater Cairo,1,23,30.68
108435,28/03/2024 20:30,Alex-Stanly,Rice Pudding Nuts,Large,120.27,9,0,Lotus,75875,,Male,Gold,Wallet,Mobile App,38,9.6,135,32.2,58.3,,0,Traditional,Alexandria,0,20,151.54
103736,08/02/2024 21:45,Cairo-Zamalek,Qishtouza Nutella,Small,151.76,10,0.05,Lotus,66684,63,Male,Bronze,Wallet,Talabat,56,13.4,113,44.6,33.1,5,0,Modern,Greater Cairo,0,21,212.46
103518,06/02/2024 15:15,Cairo-Nasr City,Qishtouza Lotus,Large,73.59,6,0,Lotus,70151,56,Male,Gold,Instapay,Mobile App,51,6.4,127,27.2,57.7,2,0,Modern,Greater Cairo,0,15,61.82
106987,13/03/2024 18:30,Riyadh-Olaya,Sweet Koshary Mix,Medium,130.52,11,0.1,Pistachio,83502,65,Female,Gold,Wallet,Talabat,111,13.3,130,29.7,83.9,2,0,Signature,KSA,0,18,201
106768,11/03/2024 11:45,Tanta-Saeed,Qishtouza Lotus,Medium,91.38,9,0,Nutella,76155,25,Male,Bronze,Credit Card,In-store,35,10,125,24.9,52.1,3,0,Modern,Delta,0,11,115.14
105623,28/02/2024 13:30,Cairo-Nasr City,Qishtouza Lotus,Large,106.46,9,0,Nuts,76633,47,Female,Silver,Cash,In-store,73,13,132,30.3,30.3,5,0,Modern,Greater Cairo,0,13,134.14
101606,17/01/2024 17:15,Dubai-Marina,Sweet Koshary Mix,Large,157.26,11,0,Nuts,61115,21,Female,Gold,Wallet,Talabat,80,13.6,144,21.6,50.2,5,0,Signature,UAE,0,17,242.18
101734,19/01/2024 01:15,Giza-Zayed,Qishtouza Lotus,Medium,175.74,8,0,,80150,69,Female,,Wallet,ElMenus,22,15,147,38.2,40.8,2,0,Modern,Greater Cairo,1,1,196.83
109342,07/04/2024 07:15,Dubai-Marina,Super B.Laban,Medium,166.95,5,0.15,Nuts,76212,57,Male,Gold,Wallet,Talabat,66,9.3,106,38.7,60.6,3,0,Signature,UAE,1,7,116.86
103813,09/02/2024 17:00,Cairo-Zamalek,Qishtouza Lotus,Medium,110.95,10,0,Pistachio,67215,21,Male,None,Credit Card,Talabat,68,10.5,144,27,75.7,1,1,Modern,Greater Cairo,1,17,155.33
109625,10/04/2024 06:00,Riyadh-Olaya,Ice Cream Mango,Small,120.59,6,0.1,Nutella,68401,58,Female,None,Wallet,In-store,77,11.9,107,28.9,53.5,1,0,Ice Cream,KSA,0,6,101.3
101762,19/01/2024 08:15,Dubai-Marina,Sweet Koshary Mix,Small,94.88,2,0,,67300,13,,,Instapay,Talabat,26,5,114,22,84.8,4,0,Signature,UAE,1,8,26.57
105402,26/02/2024 06:15,Giza-Zayed,Sweet Koshary Mix,Small,130.27,1,0,Nuts,56614,19,Female,None,Cash,Talabat,109,2.1,134,38.4,23.2,4,0,Signature,Greater Cairo,0,6,18.24
102740,29/01/2024 12:45,Tanta-Saeed,Qishtouza Nutella,Large,161.69,8,0.1,,71526,36,Male,Silver,Credit Card,In-store,77,6.8,113,22.7,24.1,3,0,Modern,Delta,0,12,181.09
102473,26/01/2024 18:00,Dubai-Marina,Ice Cream Mango,Medium,161.26,7,0,None,73851,34,Female,Silver,Wallet,Talabat,40,2.3,140,19.7,41.8,1,0,Ice Cream,UAE,1,18,158.03
106739,11/03/2024 04:30,Cairo-Zamalek,Super B.Laban,Large,93.24,9,0,Lotus,56358,54,Female,Gold,Instapay,ElMenus,30,13.6,121,32.9,74.3,3,0,Signature,Greater Cairo,0,4,117.48
106892,12/03/2024 18:45,Tanta-Saeed,Qishtouza Lotus,Medium,167.35,8,0,Lotus,62538,58,Female,None,Credit Card,In-store,66,2.6,125,21.6,71.3,1,0,Modern,Delta,0,18,187.43
107944,23/03/2024 17:45,Cairo-Zamalek,Rice Pudding Oven,Medium,95.27,1,0,,69130,28,Male,Bronze,Instapay,Talabat,25,13.7,148,17.6,60.5,3,0,Traditional,Greater Cairo,1,17,13.34
104207,13/02/2024 19:30,Giza-Zayed,Qishtouza Nutella,Medium,54.94,2,0.1,,64378,34,Female,Silver,Credit Card,Talabat,61,10,121,31.7,65,1,0,Modern,Greater Cairo,0,19,15.38
106372,07/03/2024 08:45,Cairo-Nasr City,Ice Cream Mango,Large,85.62,2,0,Nuts,82613,,Male,Gold,Cash,Mobile App,72,0.6,137,22.8,47.2,2,0,Ice Cream,Greater Cairo,0,8,23.97
100233,03/01/2024 10:00,Giza-Zayed,Sweet Koshary Mix,Large,155.81,9,0,Pistachio,77613,29,Female,Bronze,Cash,Mobile App,45,7.3,119,38.6,45.7,1,0,Signature,Greater Cairo,0,10,196.32
108259,27/03/2024 00:30,Riyadh-Olaya,Om Ali Cream,Large,103.7,3,0,,65539,53,Male,None,Instapay,ElMenus,113,4.5,102,17.9,84.3,5,0,Traditional,KSA,0,0,43.55
107562,19/03/2024 18:15,Cairo-Zamalek,Super B.Laban,Medium,71.29,4,0,Pistachio,68727,68,Female,Silver,Cash,Mobile App,101,7.2,138,23.7,80.6,5,0,Signature,Greater Cairo,0,18,39.92
106169,05/03/2024 06:00,Cairo-Zamalek,Ice Cream Mango,Medium,101.1,11,0,Nuts,71481,23,,Silver,Wallet,Talabat,23,13.8,115,24.4,82.9,3,0,Ice Cream,Greater Cairo,0,6,155.69
103597,07/02/2024 11:00,Riyadh-Olaya,Rice Pudding Nuts,Medium,40.82,4,0,Lotus,54747,59,,None,Wallet,Mobile App,85,3.8,149,27.5,34.2,5,0,Traditional,KSA,0,11,22.86
106289,06/03/2024 12:00,Cairo-Nasr City,Qishtouza Lotus,Small,73.6,5,0,Pistachio,82069,,Male,None,Credit Card,In-store,61,13.2,142,22.9,71.4,,0,Modern,Greater Cairo,0,12,51.52
104633,18/02/2024 06:00,Tanta-Saeed,Super B.Laban,Small,93.82,8,0,None,79220,38,Male,Silver,Cash,In-store,17,2.1,103,24.6,88.5,,0,Signature,Delta,1,6,105.08
100126,02/01/2024 07:15,Riyadh-Olaya,Qishtouza Lotus,Large,66,3,0,Nutella,84405,66,,,Instapay,Talabat,94,1.4,138,16.6,24.8,2,0,Modern,KSA,0,7,27.72
107642,20/03/2024 14:15,Riyadh-Olaya,Ice Cream Mango,Medium,92.48,9,0,Nuts,76586,,Female,None,Instapay,In-store,89,14.4,102,26,43.1,,0,Ice Cream,KSA,0,14,116.52
106230,05/03/2024 21:15,Mansoura-Mashaya,Om Ali Cream,Large,48.25,4,0,Nutella,76012,61,Male,,Credit Card,Talabat,116,3.3,113,43.9,57.1,3,0,Traditional,Delta,0,21,27.02
101297,14/01/2024 12:00,Alex-Stanly,Rice Pudding Nuts,Medium,86.24,1,0.05,Nuts,55949,12,Female,Gold,Instapay,In-store,76,7.7,115,27.2,25.5,3,0,Traditional,Alexandria,1,12,12.07
101977,21/01/2024 14:00,Dubai-Marina,Rice Pudding Oven,Medium,68.05,6,0.15,None,82796,34,,Gold,Credit Card,Talabat,17,1.3,103,39.1,24.1,3,1,Traditional,UAE,1,14,57.16
109481,08/04/2024 18:00,Giza-Zayed,Ice Cream Mango,Medium,74.52,1,0,Nutella,56253,,Female,,Instapay,Talabat,56,7.6,137,33.4,36.5,4,0,Ice Cream,Greater Cairo,0,18,10.43
109582,09/04/2024 19:15,Cairo-Nasr City,Om Ali Cream,Medium,94.24,7,0,None,50017,43,Female,Gold,Credit Card,Mobile App,110,12.3,134,18.4,38.8,5,0,Traditional,Greater Cairo,0,19,92.36
105751,29/02/2024 21:30,Cairo-Zamalek,Super B.Laban,Medium,165.32,10,0,None,74376,30,Female,Silver,Credit Card,Talabat,58,3.5,116,26.2,62.4,3,0,Signature,Greater Cairo,0,21,231.45
108153,25/03/2024 22:00,Tanta-Saeed,Ice Cream Mango,Medium,79.8,1,0,None,58908,52,Female,Bronze,Credit Card,In-store,70,11.4,105,18.9,61.9,3,0,Ice Cream,Delta,0,22,11.17
103087,02/02/2024 03:30,Cairo-Zamalek,Om Ali Cream,Medium,90.23,1,0.15,Lotus,66752,27,Male,Silver,Credit Card,Talabat,96,12.5,125,37.4,34.1,5,0,Traditional,Greater Cairo,1,3,12.63
109277,06/04/2024 15:00,Tanta-Saeed,Rice Pudding Nuts,Large,76.08,3,0,None,85677,21,Male,Bronze,Wallet,Mobile App,35,14.7,102,41.1,88.4,4,0,Traditional,Delta,1,15,31.95
106883,12/03/2024 16:30,Mansoura-Mashaya,Sweet Koshary Mix,Large,126.66,2,0,,73939,32,Male,None,Credit Card,Mobile App,93,7.2,143,28,66.5,2,0,Signature,Delta,0,16,35.46
109306,06/04/2024 22:15,Riyadh-Olaya,Ice Cream Mango,Medium,117.38,10,0.15,Nutella,78141,58,Female,,Instapay,ElMenus,81,5.8,123,16.6,53.9,2,0,Ice Cream,KSA,1,22,164.33
107674,20/03/2024 22:15,Giza-Zayed,Sweet Koshary Mix,Small,130.4,3,0.1,,85693,51,Male,None,Credit Card,Mobile App,61,10,130,18,37.5,2,0,Signature,Greater Cairo,0,22,54.77
103346,04/02/2024 20:15,Tanta-Saeed,Rice Pudding Nuts,Medium,62.39,-5,0.15,Lotus,70634,17,Female,Bronze,Instapay,Mobile App,57,3,136,42.8,45.2,4,0,Traditional,Delta,1,20,87.35
108173,26/03/2024 03:00,Riyadh-Olaya,Sweet Koshary Mix,Small,172.89,2,0,,61007,49,Female,Bronze,Wallet,Mobile App,52,9.5,136,26.8,55.9,2,0,Signature,KSA,0,3,48.41
109422,08/04/2024 03:15,Alex-Stanly,Super B.Laban,Medium,167.11,4,0.1,Lotus,74150,73,,Bronze,Instapay,Talabat,45,14.8,129,21.3,42.7,5,0,Signature,Alexandria,0,3,93.58
105871,02/03/2024 03:30,Alex-Stanly,Rice Pudding Oven,Medium,72.4,8,0,Nuts,56366,60,Female,Gold,Credit Card,In-store,15,8.2,131,36.8,56.1,3,1,Traditional,Alexandria,1,3,81.09
106507,08/03/2024 18:30,Riyadh-Olaya,Om Ali Cream,Medium,114.25,8,0.15,Nuts,84791,67,Male,Bronze,Instapay,In-store,50,4.6,138,35.8,39.7,2,0,Traditional,KSA,1,18,127.96
102798,30/01/2024 03:15,Giza-Zayed,Om Ali Cream,Medium,41.27,3,0,Pistachio,58364,36,Female,Silver,Wallet,ElMenus,90,3.5,126,44.6,54.7,,0,Traditional,Greater Cairo,0,3,17.33
100919,10/01/2024 13:30,Giza-Zayed,Rice Pudding Nuts,Medium,118.14,2,0,None,52057,48,Female,Bronze,Cash,In-store,52,3.9,126,43.1,63.6,3,0,Traditional,Greater Cairo,0,13,33.08
101647,18/01/2024 03:30,Dubai-Marina,Ice Cream Mango,Medium,158.62,2,0,Pistachio,56542,37,Male,Silver,Wallet,ElMenus,16,8.8,101,30.2,38.7,4,0,Ice Cream,UAE,0,3,44.41
105123,23/02/2024 08:30,Riyadh-Olaya,Rice Pudding Nuts,Medium,170.88,3,0,Nuts,86126,72,Male,Gold,Wallet,ElMenus,51,2.7,149,41.8,60.2,3,0,Traditional,KSA,1,8,71.77
105127,23/02/2024 09:30,Cairo-Zamalek,Qishtouza Lotus,Medium,168.92,6,0.1,None,53276,46,,None,Wallet,Mobile App,91,2.1,109,27.8,59.1,4,0,Modern,Greater Cairo,1,9,141.89
104622,18/02/2024 03:15,Dubai-Marina,Qishtouza Nutella,Medium,154.1,7,0.05,Lotus,54646,41,Female,Bronze,Instapay,Mobile App,48,10.5,133,22.3,61.2,1,0,Modern,UAE,1,3,151.02
106810,11/03/2024 22:15,Alex-Stanly,Sweet Koshary Mix,Small,126.9,8,0,Lotus,83111,23,Female,Gold,Wallet,In-store,69,13.2,120,17.3,21.6,1,0,Signature,Alexandria,0,22,142.13
100365,04/01/2024 19:00,Dubai-Marina,Sweet Koshary Mix,Small,58.75,9,0,Nutella,89265,35,Male,,Cash,ElMenus,37,8.1,121,37.1,48,5,1,Signature,UAE,0,19,74.03
102126,23/01/2024 03:15,Tanta-Saeed,Super B.Laban,Large,51.41,11,0.15,None,89710,,Female,Gold,Wallet,In-store,52,4.2,126,17.1,74.5,1,0,Signature,Delta,0,3,79.17
108151,25/03/2024 21:30,Giza-Zayed,Rice Pudding Oven,Large,83.11,5,0.1,Lotus,86469,51,Male,Bronze,Cash,Mobile App,21,14.3,126,40.9,46.1,4,0,Traditional,Greater Cairo,0,21,58.18
108718,31/03/2024 19:15,Cairo-Zamalek,Qishtouza Nutella,Small,176.1,3,0,None,69229,13,Female,Bronze,Instapay,Mobile App,116,3.1,126,28.9,86.8,2,0,Modern,Greater Cairo,1,19,73.96
100056,01/01/2024 13:45,Giza-Zayed,Qishtouza Nutella,Medium,175.22,11,0,Nuts,57949,50,Female,,Credit Card,Mobile App,74,4.1,127,42.3,22.9,1,0,Modern,Greater Cairo,0,13,269.84
100639,07/01/2024 15:30,Cairo-Zamalek,Qishtouza Nutella,Large,161.5,9,0.15,Nuts,51578,41,Female,Silver,Instapay,Talabat,32,14.3,116,25.3,77.7,,0,Modern,Greater Cairo,1,15,203.49
100303,04/01/2024 03:30,Alex-Stanly,Qishtouza Nutella,Small,131.68,8,0,None,63437,66,Male,Silver,Cash,In-store,55,11.8,113,25,55.2,5,0,Modern,Alexandria,0,3,147.48
105812,01/03/2024 12:45,Cairo-Nasr City,Sweet Koshary Mix,Small,163.33,6,0,Nuts,72401,24,Male,Bronze,Instapay,Talabat,110,8.3,113,27.9,57.7,2,0,Signature,Greater Cairo,1,12,137.2
101277,14/01/2024 07:00,Cairo-Nasr City,Ice Cream Mango,Medium,116.82,6,0,None,79782,38,Female,Gold,Credit Card,Talabat,17,5.3,124,24.9,79.3,2,0,Ice Cream,Greater Cairo,1,7,98.13
104433,16/02/2024 04:00,Dubai-Marina,Rice Pudding Nuts,Small,62.21,8,0,Nutella,63151,31,,None,Credit Card,ElMenus,89,3.4,111,28.7,89.8,2,0,Traditional,UAE,1,4,69.68
103645,07/02/2024 23:00,Tanta-Saeed,Rice Pudding Nuts,Medium,178.38,6,0,Pistachio,54614,23,Male,Bronze,Wallet,Talabat,30,5.4,116,19.9,21.8,2,0,Traditional,Delta,0,23,149.84
104144,13/02/2024 03:45,Dubai-Marina,Rice Pudding Oven,Medium,71.54,2,0.1,Pistachio,54888,73,,None,Cash,ElMenus,93,5.9,119,28.5,66,5,0,Traditional,UAE,0,3,20.03
102879,30/01/2024 23:30,Dubai-Marina,Ice Cream Mango,Medium,141.47,9,0,Pistachio,62779,62,Male,,Cash,ElMenus,91,7.6,101,20.1,37.4,2,0,Ice Cream,UAE,0,23,178.25
106494,08/03/2024 15:15,Cairo-Zamalek,Sweet Koshary Mix,Medium,123.5,8,0,Pistachio,89012,67,,,Instapay,In-store,33,9.3,119,42,39.5,2,0,Signature,Greater Cairo,1,15,138.32
105241,24/02/2024 14:00,Giza-Zayed,Ice Cream Mango,Large,138.97,6,0.15,Nutella,56619,46,Female,Silver,Credit Card,In-store,101,8.3,147,38.6,34.3,5,0,Ice Cream,Greater Cairo,1,14,116.73
109409,08/04/2024 00:00,Mansoura-Mashaya,Sweet Koshary Mix,Medium,78.39,9,0.05,Nuts,83546,29,Female,Gold,Wallet,Mobile App,61,1.6,102,17,29.9,5,0,Signature,Delta,0,0,98.77
106938,13/03/2024 06:15,Tanta-Saeed,Rice Pudding Nuts,Medium,153.96,6,0.15,Nuts,67491,55,Male,Silver,Wallet,In-store,83,13.7,121,23.9,24.9,1,0,Traditional,Delta,0,6,129.33
107241,16/03/2024 10:00,Cairo-Nasr City,Qishtouza Lotus,Small,40.02,6,0,Lotus,62362,37,Female,Silver,Instapay,In-store,41,10.8,135,37.8,36.2,1,0,Modern,Greater Cairo,1,10,33.62
102594,28/01/2024 00:15,Giza-Zayed,Super B.Laban,Medium,70.77,8,0,Nuts,77970,34,Female,Bronze,Credit Card,Mobile App,101,8.4,125,38.5,31,1,0,Signature,Greater Cairo,1,0,79.26
102394,25/01/2024 22:15,Dubai-Marina,Qishtouza Nutella,Large,62.87,10,0.1,Pistachio,70607,27,Female,Gold,Credit Card,In-store,111,9.9,137,25.1,68.8,3,0,Modern,UAE,0,22,88.02
100524,06/01/2024 10:45,Dubai-Marina,Super B.Laban,Medium,147.18,4,0.05,Nutella,86463,20,Female,,Cash,ElMenus,100,3.6,148,23.6,50.3,4,0,Signature,UAE,1,10,82.42
106377,07/03/2024 10:00,Giza-Zayed,Qishtouza Nutella,Small,145.63,11,0,Nuts,80293,,Male,None,Wallet,ElMenus,103,14.8,145,16.6,64.2,1,0,Modern,Greater Cairo,0,10,224.27
106982,13/03/2024 17:15,Cairo-Nasr City,Sweet Koshary Mix,Medium,80.35,6,0,Nutella,51485,36,Female,Gold,Instapay,ElMenus,10,11.5,146,24,27.7,4,0,Signature,Greater Cairo,0,17,67.49
106678,10/03/2024 13:15,Mansoura-Mashaya,Sweet Koshary Mix,Medium,46.2,6,0,Lotus,74351,34,Female,Bronze,Cash,ElMenus,29,1.3,108,36.9,53.1,5,0,Signature,Delta,1,13,38.81
103901,10/02/2024 15:00,Cairo-Zamalek,Qishtouza Nutella,Medium,136.75,5,0,None,57698,44,Female,Silver,Cash,Mobile App,76,4.1,117,27.2,69.8,2,0,Modern,Greater Cairo,1,15,95.72
109635,10/04/2024 08:30,Cairo-Nasr City,Rice Pudding Nuts,Medium,113.54,4,0,Nutella,70735,33,Male,,Instapay,In-store,89,2.3,145,31.6,47.6,2,0,Traditional,Greater Cairo,0,8,63.58
105586,28/02/2024 04:15,Giza-Zayed,Qishtouza Nutella,Medium,166.38,5,0,None,70426,14,Male,None,Credit Card,Mobile App,36,12.1,140,16.5,74.6,5,0,Modern,Greater Cairo,0,4,116.47
109361,07/04/2024 12:00,Riyadh-Olaya,Rice Pudding Oven,Small,79.65,3,0,Nutella,66538,61,Male,None,Credit Card,ElMenus,56,12.6,107,42.5,30.8,3,0,Traditional,KSA,1,12,33.45
107957,23/03/2024 21:00,Riyadh-Olaya,Rice Pudding Oven,Medium,121.26,3,0,Nuts,73352,56,Female,Gold,Wallet,Mobile App,45,1.9,140,42,72.6,5,0,Traditional,KSA,1,21,50.93
107571,19/03/2024 20:30,Mansoura-Mashaya,Ice Cream Mango,Large,113.28,7,0,Nutella,57009,18,,Bronze,Wallet,In-store,68,12.7,101,33.7,77.2,5,0,Ice Cream,Delta,0,20,111.01
106778,11/03/2024 14:15,Tanta-Saeed,Om Ali Cream,Large,161.9,4,0.05,None,89229,20,Male,Bronze,Cash,ElMenus,57,3,110,31.9,31,3,0,Traditional,Delta,0,14,90.66
100672,07/01/2024 23:45,Tanta-Saeed,Super B.Laban,Medium,96.15,6,0,,84196,59,Male,None,Wallet,Talabat,89,6.5,122,31.2,52.4,1,0,Signature,Delta,1,23,80.77
104189,13/02/2024 15:00,Riyadh-Olaya,Om Ali Cream,Medium,157.77,9,0,Nuts,88505,24,Male,Bronze,Instapay,ElMenus,119,8,119,34.8,48.3,5,0,Traditional,KSA,0,15,198.79
100667,07/01/2024 22:30,Tanta-Saeed,Sweet Koshary Mix,Small,163.19,1,0,Nuts,50889,28,Female,Gold,Instapay,Talabat,30,10.1,125,24.6,72.9,2,0,Signature,Delta,1,22,22.85
103267,04/02/2024 00:30,Giza-Zayed,Qishtouza Nutella,Small,73.58,9,0.1,,80063,58,Female,Silver,Wallet,Mobile App,23,12.1,132,19,39.7,3,0,Modern,Greater Cairo,1,0,92.71
101888,20/01/2024 15:45,Giza-Zayed,Qishtouza Lotus,Medium,138.04,1,0.1,Nuts,75499,20,Male,Bronze,Wallet,Talabat,108,11.8,128,37.2,87,3,0,Modern,Greater Cairo,1,15,19.33
108473,29/03/2024 06:00,Cairo-Nasr City,Super B.Laban,Medium,137.77,6,0,Nutella,79456,,,None,Credit Card,In-store,43,11.7,104,35.6,33,2,0,Signature,Greater Cairo,1,6,115.73
109092,04/04/2024 16:45,Dubai-Marina,Sweet Koshary Mix,Large,171.28,9,0,None,82493,19,,Gold,Wallet,Talabat,14,7.4,147,31.4,46.9,3,0,Signature,UAE,0,16,215.81
107688,21/03/2024 01:45,Tanta-Saeed,Qishtouza Nutella,Large,80.75,6,0,Nutella,61890,12,Male,None,Wallet,Talabat,11,8.1,115,18.7,76.1,1,0,Modern,Delta,0,1,67.83
106032,03/03/2024 19:45,Mansoura-Mashaya,Ice Cream Mango,Medium,162.66,9,0,Pistachio,67522,54,Female,Gold,Cash,In-store,31,0.7,130,34.2,37,1,0,Ice Cream,Delta,1,19,204.95
106091,04/03/2024 10:30,Cairo-Zamalek,Super B.Laban,Medium,82.21,1,0,Pistachio,50098,61,Male,,Wallet,Talabat,65,10.1,129,23.3,62.4,5,0,Signature,Greater Cairo,0,10,11.51
106239,05/03/2024 23:30,Cairo-Nasr City,Qishtouza Lotus,Medium,50.51,2,0,Lotus,78370,64,Male,Bronze,Cash,Mobile App,57,0.6,116,30.4,23,,0,Modern,Greater Cairo,0,23,14.14
107351,17/03/2024 13:30,Riyadh-Olaya,Ice Cream Mango,Large,79.23,1,0.15,Lotus,89261,22,Female,Bronze,Wallet,Mobile App,46,4.6,105,18.4,69.3,3,0,Ice Cream,KSA,1,13,11.09
107831,22/03/2024 13:30,Giza-Zayed,Rice Pudding Oven,Medium,53,6,0,Nuts,62218,,Male,Gold,Cash,ElMenus,107,14,132,39.1,65.7,,0,Traditional,Greater Cairo,1,13,44.52
100761,08/01/2024 22:00,Giza-Zayed,Qishtouza Lotus,Small,92.79,8,0.15,Nutella,55586,40,Female,Gold,Instapay,Talabat,20,8.1,148,25.4,86.5,2,0,Modern,Greater Cairo,0,22,103.92
106255,06/03/2024 03:30,Cairo-Zamalek,Qishtouza Nutella,Small,71.41,1,0,Lotus,54880,22,Male,None,Wallet,In-store,78,2.3,123,39,58,4,0,Modern,Greater Cairo,0,3,10
101907,20/01/2024 20:30,Mansoura-Mashaya,Qishtouza Lotus,Large,84.78,8,0.15,None,82338,20,Male,Gold,Credit Card,Talabat,25,12.4,136,25.6,48.4,3,0,Modern,Delta,1,20,94.95
103819,09/02/2024 18:30,Alex-Stanly,Super B.Laban,Medium,135.93,5,0.15,Pistachio,75068,29,Male,Gold,Instapay,Mobile App,106,2.2,131,32.3,27.5,,0,Signature,Alexandria,1,18,95.15
106270,06/03/2024 07:15,Alex-Stanly,Super B.Laban,Medium,153.51,10,0,Lotus,53302,,Female,None,Wallet,In-store,52,0.9,102,15.2,20.2,4,0,Signature,Alexandria,0,7,214.91
104301,14/02/2024 19:00,Giza-Zayed,Om Ali Cream,Small,176.17,6,0,Nuts,56636,41,Male,Gold,Cash,Mobile App,50,9.2,104,37.3,69.7,1,0,Traditional,Greater Cairo,0,19,147.98
105570,28/02/2024 00:15,Dubai-Marina,Rice Pudding Oven,Medium,142.94,5,0,Lotus,82376,35,Male,Gold,Cash,In-store,119,13.1,145,18.8,78.1,2,0,Traditional,UAE,0,0,100.06
107942,23/03/2024 17:15,Tanta-Saeed,Om Ali Cream,Medium,124.16,4,0,Pistachio,83024,40,Male,Silver,Cash,In-store,98,2.4,106,19.4,40.5,4,0,Traditional,Delta,1,17,69.53
104165,13/02/2024 09:00,Tanta-Saeed,Rice Pudding Oven,Medium,116.09,6,0,Nuts,75185,59,Male,Silver,Cash,Talabat,20,14.7,141,44.8,40.8,1,0,Traditional,Delta,0,9,97.52
105972,03/03/2024 04:45,Riyadh-Olaya,Sweet Koshary Mix,Small,154.33,4,0.1,Pistachio,71002,73,Male,Bronze,Credit Card,ElMenus,72,8.5,118,34.5,47.1,5,0,Signature,KSA,1,4,86.42
103580,07/02/2024 06:45,Mansoura-Mashaya,Rice Pudding Oven,Medium,112.53,8,0,None,76737,36,Male,,Wallet,Talabat,25,4.1,142,42.7,71.1,3,0,Traditional,Delta,0,6,126.03
102833,30/01/2024 12:00,Mansoura-Mashaya,Om Ali Cream,Medium,93.75,11,0,Nutella,84166,56,Female,,Instapay,Mobile App,92,6.2,117,38.3,65.7,3,0,Traditional,Delta,0,12,144.38
105450,26/02/2024 18:15,Alex-Stanly,Qishtouza Nutella,Medium,179.04,5,0,None,57868,74,Male,Gold,Wallet,In-store,99,14.5,136,32.7,44,4,0,Modern,Alexandria,0,18,125.33
103473,06/02/2024 04:00,Tanta-Saeed,Qishtouza Lotus,Medium,162.85,9,0.15,Pistachio,51119,46,,Gold,Instapay,In-store,95,6.9,110,21.7,33.5,,0,Modern,Delta,0,4,205.19
106328,06/03/2024 21:45,Dubai-Marina,Qishtouza Lotus,Small,124.49,3,0.05,Pistachio,70999,15,,Gold,Wallet,Mobile App,71,12.2,136,21,60.1,2,0,Modern,UAE,0,21,52.29
100138,02/01/2024 10:15,Cairo-Nasr City,Super B.Laban,Medium,64.92,8,0,,52151,72,Female,Gold,Credit Card,In-store,89,8.4,140,22.7,65.1,1,0,Signature,Greater Cairo,0,10,72.71
107044,14/03/2024 08:45,Cairo-Zamalek,Rice Pudding Oven,Large,133.93,6,0,Nuts,60562,17,Male,Bronze,Wallet,In-store,72,5.4,137,31.1,86.3,3,0,Traditional,Greater Cairo,0,8,112.5
104893,20/02/2024 23:00,Riyadh-Olaya,Sweet Koshary Mix,Small,60.21,11,0,Pistachio,75988,35,Female,Bronze,Credit Card,ElMenus,53,12.6,148,30.9,33,,0,Signature,KSA,0,23,92.72
102181,23/01/2024 17:00,Giza-Zayed,Rice Pudding Nuts,Medium,170.3,7,0.15,Nutella,64767,65,Male,Silver,Instapay,Talabat,15,3.9,119,33.5,72.8,3,0,Traditional,Greater Cairo,0,17,166.89
107731,21/03/2024 12:30,Riyadh-Olaya,Super B.Laban,Medium,67.28,1,0.15,Nuts,72903,23,,Silver,Instapay,In-store,56,1.5,111,39.6,30.9,4,0,Signature,KSA,0,12,9.42
103178,03/02/2024 02:15,Mansoura-Mashaya,Sweet Koshary Mix,Medium,82.6,7,0.1,Pistachio,58042,,Male,Bronze,Credit Card,ElMenus,94,8.1,118,23.4,27.9,1,0,Signature,Delta,1,2,80.95
104855,20/02/2024 13:30,Cairo-Zamalek,Rice Pudding Nuts,Medium,86.48,1,0,,78548,25,Male,Silver,Cash,ElMenus,92,7.1,110,29.6,44.3,3,0,Traditional,Greater Cairo,0,13,12.11
104638,18/02/2024 07:15,Alex-Stanly,Ice Cream Mango,Medium,105.32,2,0.15,Pistachio,86936,55,Female,None,Cash,In-store,30,9.3,137,41.8,70.9,1,0,Ice Cream,Alexandria,1,7,29.49
105116,23/02/2024 06:45,Cairo-Zamalek,Om Ali Cream,Large,145.43,11,0,Lotus,66660,17,Female,Silver,Credit Card,Talabat,74,5.1,126,43.7,61.4,1,0,Traditional,Greater Cairo,1,6,223.96
107649,20/03/2024 16:00,Cairo-Zamalek,Super B.Laban,Medium,107.02,9,0,Nuts,65676,,Female,None,Instapay,Mobile App,12,4.2,146,15.4,73.7,1,1,Signature,Greater Cairo,0,16,134.85
104262,14/02/2024 09:15,Riyadh-Olaya,Qishtouza Nutella,Large,86.21,2,0,Nutella,60690,45,Female,None,Credit Card,In-store,78,5.9,105,35,42.7,,0,Modern,KSA,0,9,24.14
101332,14/01/2024 20:45,Tanta-Saeed,Qishtouza Nutella,Small,72.26,10,0.15,Nutella,84015,43,Female,Gold,Credit Card,In-store,48,10.6,108,21.5,27.9,3,0,Modern,Delta,1,20,101.16
107003,13/03/2024 22:30,Dubai-Marina,Rice Pudding Oven,Large,167.54,3,0,Lotus,75111,52,Female,None,Instapay,Mobile App,11,7.2,117,34.9,54.2,4,1,Traditional,UAE,0,22,70.37
106942,13/03/2024 07:15,Cairo-Zamalek,Om Ali Cream,Small,74.96,11,0,Lotus,72012,57,Male,,Cash,In-store,67,7.4,123,40,49.2,5,0,Traditional,Greater Cairo,0,7,115.44
108018,24/03/2024 12:15,Cairo-Zamalek,Sweet Koshary Mix,Large,144.62,7,0,Nuts,55578,19,Female,Gold,Cash,In-store,73,14.8,121,16.4,52.3,1,0,Signature,Greater Cairo,1,12,141.73
106242,06/03/2024 00:15,Alex-Stanly,Rice Pudding Oven,Medium,125.41,8,0,Nutella,50001,41,Female,Bronze,Wallet,Talabat,78,9.6,109,16.1,66.6,2,0,Traditional,Alexandria,0,0,140.46
109988,14/04/2024 00:45,Tanta-Saeed,Super B.Laban,Large,52.68,6,0,,60995,31,Male,Silver,Cash,Talabat,100,7.9,106,19,49.1,1,0,Signature,Delta,1,0,44.25
106882,12/03/2024 16:15,Giza-Zayed,Rice Pudding Nuts,Large,72.89,3,0,None,76956,,Female,Gold,Credit Card,ElMenus,59,9.5,117,35.9,89.8,1,0,Traditional,Greater Cairo,0,16,30.61
104531,17/02/2024 04:30,Alex-Stanly,Super B.Laban,Medium,104.69,8,0,Nuts,65719,65,Female,Silver,Wallet,Mobile App,84,1.7,107,33.8,32.1,1,0,Signature,Alexandria,1,4,117.25
104674,18/02/2024 16:15,Giza-Zayed,Om Ali Cream,Large,124.98,8,0,Lotus,73765,73,Female,Bronze,Credit Card,Talabat,44,2.3,136,44.1,41.4,,0,Traditional,Greater Cairo,1,16,139.98
106997,13/03/2024 21:00,Riyadh-Olaya,Rice Pudding Oven,Medium,107.17,11,0,Lotus,59165,70,Male,None,Instapay,ElMenus,47,1.6,138,29.2,82.1,2,0,Traditional,KSA,0,21,165.04
101253,14/01/2024 01:00,Riyadh-Olaya,Rice Pudding Oven,Large,57.8,6,0,Lotus,83298,13,Male,Gold,Instapay,In-store,83,10.8,103,21.1,28.5,2,0,Traditional,KSA,1,1,48.55
103375,05/02/2024 03:30,Tanta-Saeed,Om Ali Cream,Medium,61.71,3,0.15,Pistachio,83395,43,Female,None,Credit Card,ElMenus,10,4.7,115,43.4,56.5,2,0,Traditional,Delta,0,3,25.92
102815,30/01/2024 07:30,Giza-Zayed,Super B.Laban,Small,105.09,3,0,Lotus,88416,12,Male,Gold,Instapay,In-store,81,2.6,102,38.3,52.3,,0,Signature,Greater Cairo,0,7,44.14
104720,19/02/2024 03:45,Cairo-Zamalek,Rice Pudding Oven,Medium,41.37,7,0.1,Nutella,56328,12,,Gold,Wallet,In-store,103,4.6,117,33.9,43.8,2,0,Traditional,Greater Cairo,0,3,40.54
106545,09/03/2024 04:00,Giza-Zayed,Rice Pudding Oven,Medium,112.04,7,0.05,Pistachio,74168,64,Female,None,Instapay,ElMenus,19,10.5,115,44.7,59.5,1,0,Traditional,Greater Cairo,1,4,109.8
104859,20/02/2024 14:30,Dubai-Marina,Ice Cream Mango,Medium,108.23,11,0,Nutella,69571,69,Female,Silver,Instapay,Talabat,41,9.6,124,39.2,73.8,4,0,Ice Cream,UAE,0,14,166.67
107902,23/03/2024 07:15,Mansoura-Mashaya,Super B.Laban,Medium,144.53,6,0,Nutella,76274,15,Male,Silver,Cash,In-store,115,12,113,40,20.4,2,0,Signature,Delta,1,7,121.41
108581,30/03/2024 09:00,Cairo-Zamalek,Sweet Koshary Mix,Medium,45.68,11,0,Lotus,62822,28,Female,Bronze,Instapay,In-store,112,9.5,116,38.1,61.4,5,0,Signature,Greater Cairo,1,9,70.35
108428,28/03/2024 18:45,Alex-Stanly,Rice Pudding Nuts,Medium,122.09,11,0,Lotus,86225,58,Male,Gold,Credit Card,Mobile App,56,10.1,149,38.5,21.4,3,1,Traditional,Alexandria,0,18,188.02
101078,12/01/2024 05:15,Cairo-Nasr City,Sweet Koshary Mix,Medium,131.7,11,0,Lotus,56791,39,,,Cash,ElMenus,27,5.8,114,30.4,71.4,1,0,Signature,Greater Cairo,1,5,202.82
104364,15/02/2024 10:45,Mansoura-Mashaya,Sweet Koshary Mix,Large,69.61,5,0,Nuts,70544,74,Female,Gold,Cash,In-store,28,2.6,119,30,50.3,3,0,Signature,Delta,0,10,48.73
100771,09/01/2024 00:30,Mansoura-Mashaya,Om Ali Cream,Medium,60.29,7,0.05,Nuts,54092,71,Female,None,Credit Card,Talabat,37,9.1,144,43.9,65.1,2,0,Traditional,Delta,0,0,59.08
108866,02/04/2024 08:15,Dubai-Marina,Qishtouza Lotus,Small,148.33,2,0,Lotus,65849,27,,None,Instapay,In-store,104,13.9,106,25.8,79.4,5,1,Modern,UAE,0,8,41.53
100250,03/01/2024 14:15,Alex-Stanly,Ice Cream Mango,Small,94.17,4,0.1,None,51686,36,Male,None,Wallet,ElMenus,55,9.1,121,40.1,33,1,0,Ice Cream,Alexandria,0,14,52.74
107240,16/03/2024 09:45,Giza-Zayed,Sweet Koshary Mix,Large,74.38,10,0,Nuts,82268,19,,Gold,Instapay,ElMenus,29,13.8,144,28,59.6,2,0,Signature,Greater Cairo,1,9,104.13
103420,05/02/2024 14:45,Dubai-Marina,Sweet Koshary Mix,Large,118.62,1,0,None,71861,36,Male,Silver,Instapay,In-store,63,8.2,133,19.9,68.8,1,0,Signature,UAE,0,14,16.61
104977,21/02/2024 20:00,Dubai-Marina,Rice Pudding Nuts,Medium,49.14,2,0,Lotus,83536,40,Female,Silver,Cash,In-store,97,5.6,123,22.4,24.8,3,0,Traditional,UAE,0,20,13.76
104545,17/02/2024 08:00,Mansoura-Mashaya,Qishtouza Nutella,Medium,81.07,8,0,Lotus,79743,24,,Gold,Instapay,Talabat,103,5.7,145,15.1,80.1,2,0,Modern,Delta,1,8,90.8
105566,27/02/2024 23:15,Alex-Stanly,Om Ali Cream,Medium,110.35,6,0,Pistachio,53074,25,Female,Gold,Credit Card,Mobile App,84,5.8,104,26.1,50.3,5,0,Traditional,Alexandria,0,23,92.69
107940,23/03/2024 16:45,Giza-Zayed,Rice Pudding Oven,Large,75.75,1,0,Nuts,57360,50,Female,Gold,Credit Card,ElMenus,103,5.4,136,38.1,39.8,3,1,Traditional,Greater Cairo,1,16,10.6
100717,08/01/2024 11:00,Alex-Stanly,Sweet Koshary Mix,Medium,55.31,7,0,Nuts,54908,24,Male,,Credit Card,ElMenus,107,11.8,110,25.1,20.9,1,0,Signature,Alexandria,0,11,54.2
109653,10/04/2024 13:00,Alex-Stanly,Qishtouza Nutella,Medium,99.88,11,0,,86943,49,Male,Gold,Credit Card,Talabat,39,12.5,136,20,65.7,1,0,Modern,Alexandria,0,13,153.82
102049,22/01/2024 08:00,Dubai-Marina,Ice Cream Mango,Large,164.72,11,0.05,Lotus,78160,36,Female,Bronze,Wallet,Talabat,87,2.5,118,16.7,39.2,2,0,Ice Cream,UAE,0,8,253.67
105998,03/03/2024 11:15,Cairo-Zamalek,Qishtouza Nutella,Large,137.87,11,0.1,None,81441,68,Female,None,Credit Card,Talabat,25,11.5,115,16.6,54.4,4,0,Modern,Greater Cairo,1,11,212.32
106601,09/03/2024 18:00,Dubai-Marina,Rice Pudding Oven,Medium,171.18,11,0,Pistachio,61548,47,Male,None,Instapay,Mobile App,80,7.2,119,26.8,47.8,2,0,Traditional,UAE,1,18,263.62
107246,16/03/2024 11:15,Mansoura-Mashaya,Rice Pudding Nuts,Medium,124.68,5,0.15,Pistachio,72917,62,Male,None,Wallet,In-store,75,4.1,136,44.3,73,3,0,Traditional,Delta,1,11,87.28
104179,13/02/2024 12:30,Cairo-Zamalek,Qishtouza Lotus,Small,160.79,9,0,Lotus,51613,35,Male,None,Credit Card,ElMenus,103,5.2,113,37.9,34.9,4,0,Modern,Greater Cairo,0,12,202.6
104810,20/02/2024 02:15,Riyadh-Olaya,Rice Pudding Nuts,Large,165.16,9,0,None,58577,13,Male,Gold,Cash,Talabat,112,1.6,139,34.9,28.6,2,0,Traditional,KSA,0,2,208.1
109483,08/04/2024 18:30,Cairo-Nasr City,Om Ali Cream,Medium,116.6,6,0,Nuts,50763,40,Male,,Cash,Mobile App,44,13.5,148,20.7,36.9,3,0,Traditional,Greater Cairo,0,18,97.94
107141,15/03/2024 09:00,Dubai-Marina,Ice Cream Mango,Medium,117.8,4,0,,59592,35,Male,None,Wallet,In-store,90,12,129,39.2,32.8,3,0,Ice Cream,UAE,1,9,65.97
107191,15/03/2024 21:30,Dubai-Marina,Rice Pudding Nuts,Small,81.87,8,0,Nuts,67146,15,,,Wallet,Talabat,16,3.6,129,23.2,52.8,2,0,Traditional,UAE,1,21,91.69
101461,16/01/2024 05:00,Mansoura-Mashaya,Sweet Koshary Mix,Medium,140.83,10,0,,77365,36,Male,Gold,Wallet,ElMenus,63,4.9,132,16,25.1,4,0,Signature,Delta,0,5,197.16
105990,03/03/2024 09:15,Alex-Stanly,Qishtouza Nutella,Medium,49.32,7,0.1,Pistachio,71492,46,Male,,Wallet,ElMenus,106,14.2,130,29,54.7,5,0,Modern,Alexandria,1,9,48.33
102001,21/01/2024 20:00,Dubai-Marina,Qishtouza Lotus,Medium,147.05,2,0,Nuts,83097,49,Female,None,Cash,Mobile App,97,0.8,146,33.7,83.5,1,0,Modern,UAE,1,20,41.17
108176,26/03/2024 03:45,Cairo-Nasr City,Om Ali Cream,Large,133.76,10,0,Pistachio,57101,74,Male,Gold,Wallet,Talabat,84,8,109,16.6,85.4,1,0,Traditional,Greater Cairo,0,3,187.26
100405,05/01/2024 05:00,Riyadh-Olaya,Qishtouza Nutella,Large,99.05,4,0,Nuts,81741,57,Male,Bronze,Cash,Mobile App,89,8.4,118,42.1,42.8,1,0,Modern,KSA,1,5,55.47
100385,05/01/2024 00:00,Mansoura-Mashaya,Ice Cream Mango,Large,127.18,10,0.05,Pistachio,66891,74,Male,Silver,Instapay,Talabat,50,5.1,120,41,24.1,,0,Ice Cream,Delta,1,0,178.05
109449,08/04/2024 10:00,Cairo-Nasr City,Super B.Laban,Small,45.7,4,0,Nuts,68856,17,Male,Gold,Credit Card,ElMenus,119,7.2,149,22.7,30.6,,0,Signature,Greater Cairo,0,10,25.59
109488,08/04/2024 19:45,Tanta-Saeed,Sweet Koshary Mix,Small,160.33,5,0,Nutella,85214,60,Female,Silver,Cash,Talabat,85,3.8,149,25.1,89,4,0,Signature,Delta,0,19,112.23
101634,18/01/2024 00:15,Dubai-Marina,Rice Pudding Oven,Large,54.76,10,0,Nuts,69365,42,Male,Gold,Cash,ElMenus,86,11.5,127,15.5,41.7,5,0,Traditional,UAE,0,0,76.66
109854,12/04/2024 15:15,Giza-Zayed,Qishtouza Nutella,Medium,71.61,3,0,Lotus,70668,71,Male,Bronze,Credit Card,ElMenus,40,0.7,127,38.7,29.5,4,0,Modern,Greater Cairo,1,15,30.08
104785,19/02/2024 20:00,Mansoura-Mashaya,Super B.Laban,Medium,77.62,11,0.05,Nutella,64858,49,Male,Silver,Instapay,ElMenus,87,9.3,107,16.5,39.5,5,0,Signature,Delta,0,20,119.53
109457,08/04/2024 12:00,Tanta-Saeed,Super B.Laban,Small,63.4,11,0.1,None,73366,62,Female,Bronze,Cash,ElMenus,82,10.8,106,15.4,87.1,,0,Signature,Delta,0,12,97.64
106971,13/03/2024 14:30,Riyadh-Olaya,Om Ali Cream,Medium,146.72,6,0,None,67228,,Male,,Wallet,ElMenus,17,14.9,143,41.9,67,2,0,Traditional,KSA,0,14,123.24
103926,10/02/2024 21:15,Giza-Zayed,Om Ali Cream,Small,88.67,4,0,Lotus,80110,28,Female,Bronze,Credit Card,Talabat,93,14.8,129,35.4,51,4,0,Traditional,Greater Cairo,1,21,49.66
104159,13/02/2024 07:30,Cairo-Zamalek,Qishtouza Lotus,Large,170.93,4,0.15,Nutella,88997,54,Female,,Wallet,ElMenus,51,12.4,142,38.5,45.4,2,0,Modern,Greater Cairo,0,7,95.72
107450,18/03/2024 14:15,Cairo-Zamalek,Om Ali Cream,Medium,67.54,6,0.1,Lotus,78595,16,Female,Gold,Credit Card,Mobile App,79,2.6,114,42.5,54.1,2,0,Traditional,Greater Cairo,0,14,56.73
108416,28/03/2024 15:45,Cairo-Nasr City,Super B.Laban,Large,103.85,6,0,Pistachio,81415,74,Male,Bronze,Instapay,ElMenus,26,11,145,18.2,83.6,4,0,Signature,Greater Cairo,0,15,87.23
102194,23/01/2024 20:15,Cairo-Nasr City,Sweet Koshary Mix,Medium,76.9,8,0,,53467,61,,Gold,Credit Card,In-store,103,1.4,102,24.4,33.6,1,0,Signature,Greater Cairo,0,20,86.13
101016,11/01/2024 13:45,Tanta-Saeed,Qishtouza Nutella,Large,82,4,0.1,Nuts,64018,72,Male,None,Instapay,Mobile App,67,8.2,112,28.5,42.2,2,1,Modern,Delta,0,13,45.92
105125,23/02/2024 09:00,Giza-Zayed,Ice Cream Mango,Small,113.14,1,0,,52763,73,Female,,Cash,Talabat,24,9,142,39.9,32.2,4,0,Ice Cream,Greater Cairo,1,9,15.84
107419,18/03/2024 06:30,Cairo-Zamalek,Ice Cream Mango,Medium,91.87,10,0,Nutella,74063,,Male,Silver,Credit Card,In-store,64,8,129,18.5,32.3,2,0,Ice Cream,Greater Cairo,0,6,128.62
107410,18/03/2024 04:15,Mansoura-Mashaya,Om Ali Cream,Medium,87.08,8,0,Lotus,63029,30,Male,Bronze,Instapay,Talabat,25,9,138,22.7,74.3,5,0,Traditional,Delta,0,4,97.53
108990,03/04/2024 15:15,Riyadh-Olaya,Super B.Laban,Small,72.86,4,0.05,Nuts,80709,,Male,,Cash,ElMenus,36,11.4,139,17.6,73.5,5,0,Signature,KSA,0,15,40.8
102872,30/01/2024 21:45,Tanta-Saeed,Om Ali Cream,Large,125.32,6,0.15,None,54627,62,Female,Bronze,Instapay,ElMenus,79,8.2,125,29.9,78.8,5,0,Traditional,Delta,0,21,105.27
100010,01/01/2024 02:15,Cairo-Zamalek,Sweet Koshary Mix,Large,72.25,3,0,Lotus,85716,41,Male,,Wallet,Mobile App,37,12.2,106,34.6,56.8,1,0,Signature,Greater Cairo,0,2,30.35
101839,20/01/2024 03:30,Riyadh-Olaya,Qishtouza Lotus,Small,94.56,5,0.15,Pistachio,88260,54,,,Instapay,ElMenus,60,11.2,128,23.9,31.9,1,1,Modern,KSA,1,3,66.19
104805,20/02/2024 01:00,Tanta-Saeed,Rice Pudding Oven,Small,127.23,1,0,Pistachio,71955,57,Female,Silver,Wallet,Mobile App,58,0.8,141,18.7,73.6,1,0,Traditional,Delta,0,1,17.81
100256,03/01/2024 15:45,Alex-Stanly,Rice Pudding Nuts,Small,126.17,6,0.15,Lotus,50762,17,Male,,Credit Card,In-store,98,14.1,116,27.5,75.7,2,0,Traditional,Alexandria,0,15,105.98
107027,14/03/2024 04:30,Cairo-Nasr City,Qishtouza Nutella,Large,9999.99,11,0.15,None,81920,33,,None,Wallet,ElMenus,62,1.3,118,39.8,48.2,4,0,Modern,Greater Cairo,0,4,236.98
105714,29/02/2024 12:15,Cairo-Nasr City,Rice Pudding Oven,Large,62.66,4,0,Nutella,72431,50,Male,Silver,Instapay,Mobile App,56,7.3,148,21.8,65.1,1,0,Traditional,Greater Cairo,0,12,35.09
103325,04/02/2024 15:00,Alex-Stanly,Qishtouza Nutella,Medium,58.14,8,0,,70568,26,Female,Bronze,Credit Card,In-store,36,14.2,146,20.7,31.1,1,0,Modern,Alexandria,1,15,65.12
107715,21/03/2024 08:30,Giza-Zayed,Rice Pudding Nuts,Medium,122.03,7,0,,66708,62,Female,Silver,Credit Card,ElMenus,49,12.4,126,42.2,80.7,5,0,Traditional,Greater Cairo,0,8,119.59
101582,17/01/2024 11:15,Cairo-Zamalek,Rice Pudding Oven,Medium,127.59,5,0,,68851,13,Female,None,Wallet,ElMenus,58,9.5,116,41.1,34,4,0,Traditional,Greater Cairo,0,11,89.31
100925,10/01/2024 15:00,Cairo-Nasr City,Ice Cream Mango,Large,169.07,9,0,Lotus,60982,62,Female,Bronze,Cash,Talabat,25,7.8,142,39.5,68.6,4,0,Ice Cream,Greater Cairo,0,15,213.03
102780,29/01/2024 22:45,Dubai-Marina,Super B.Laban,Medium,139.12,2,0,Nuts,64490,13,,Gold,Credit Card,In-store,110,7.4,141,22.1,25.4,5,0,Signature,UAE,0,22,38.95
107892,23/03/2024 04:45,Cairo-Nasr City,Rice Pudding Nuts,Medium,145.17,11,0,,58360,39,Male,None,Cash,Mobile App,84,8.1,108,37.8,69.4,3,0,Traditional,Greater Cairo,1,4,223.56
106133,04/03/2024 21:00,Cairo-Zamalek,Rice Pudding Nuts,Large,154.27,10,0,Nutella,50120,23,Female,Bronze,Credit Card,In-store,84,11.4,125,38.6,48.5,3,0,Traditional,Greater Cairo,0,21,215.98
105321,25/02/2024 10:00,Alex-Stanly,Rice Pudding Oven,Large,49.76,5,0,Nuts,63676,15,Female,Bronze,Cash,In-store,32,9.2,116,28.9,71.6,5,0,Traditional,Alexandria,1,10,34.83
107313,17/03/2024 04:00,Dubai-Marina,Ice Cream Mango,Large,58.52,2,0,Nutella,54245,64,Male,Bronze,Wallet,Mobile App,11,4.8,141,32.3,29.9,,0,Ice Cream,UAE,1,4,16.39
107103,14/03/2024 23:30,Mansoura-Mashaya,Sweet Koshary Mix,Medium,72.01,6,0,Pistachio,79048,28,Male,Gold,Instapay,Mobile App,35,8.8,117,15.3,43.5,4,0,Signature,Delta,0,23,60.49
106043,03/03/2024 22:30,Riyadh-Olaya,Rice Pudding Nuts,Small,75.12,3,0.1,Lotus,52055,55,Female,Silver,Cash,Mobile App,40,9.6,101,20.4,55.9,5,0,Traditional,KSA,1,22,31.55
103776,09/02/2024 07:45,Giza-Zayed,Qishtouza Lotus,Large,73.17,1,0,Nuts,83959,68,Male,None,Cash,Talabat,96,1.7,125,34.1,35.4,4,0,Modern,Greater Cairo,1,7,10.24
104836,20/02/2024 08:45,Tanta-Saeed,Qishtouza Lotus,Medium,59.53,9,0,Nuts,81195,,Male,Gold,Credit Card,ElMenus,93,8.5,127,18.7,82.5,5,0,Modern,Delta,0,8,75.01
104965,21/02/2024 17:00,Giza-Zayed,Om Ali Cream,Medium,94.35,11,0,None,81464,74,Female,None,Cash,Talabat,92,11.2,138,17.8,81.5,1,0,Traditional,Greater Cairo,0,17,145.3
100540,06/01/2024 14:45,Cairo-Zamalek,Sweet Koshary Mix,Medium,144.93,1,0,None,84691,16,Female,,Instapay,Talabat,35,2.1,145,43.8,72.3,5,0,Signature,Greater Cairo,1,14,20.29
107484,18/03/2024 22:45,Alex-Stanly,Super B.Laban,Small,127.64,6,0,Nutella,59483,34,Male,Silver,Wallet,Talabat,65,11.9,135,37.8,55.7,2,0,Signature,Alexandria,0,22,107.22
102746,29/01/2024 14:15,Tanta-Saeed,Ice Cream Mango,Medium,98.7,9,0.15,Nutella,88415,39,Female,Gold,Wallet,Mobile App,115,2.3,138,38.5,81.9,1,0,Ice Cream,Delta,0,14,124.36
103720,08/02/2024 17:45,Tanta-Saeed,Rice Pudding Oven,Small,53.67,1,0,Nutella,85392,,Male,Bronze,Instapay,Talabat,99,13.7,103,16,32.7,1,0,Traditional,Delta,0,17,7.51
106820,12/03/2024 00:45,Riyadh-Olaya,Rice Pudding Nuts,Large,141.07,5,0,Nuts,82053,,Male,Silver,Credit Card,Mobile App,26,12.6,149,38.5,63.3,3,0,Traditional,KSA,0,0,98.75
109338,07/04/2024 06:15,Riyadh-Olaya,Super B.Laban,Medium,91.72,7,0,None,88554,53,Female,Silver,Wallet,Mobile App,89,3.5,145,42.3,47.3,2,0,Signature,KSA,1,6,89.89
104469,16/02/2024 13:00,Cairo-Nasr City,Rice Pudding Oven,Medium,130.03,9,0,None,89403,73,Female,Bronze,Credit Card,ElMenus,57,8.4,118,28.4,50.7,1,0,Traditional,Greater Cairo,1,13,163.84
100668,07/01/2024 22:45,Giza-Zayed,Ice Cream Mango,Medium,104.4,9,0.1,,73225,,Male,Silver,Credit Card,Mobile App,105,1.4,140,36.7,21.4,2,0,Ice Cream,Greater Cairo,1,22,131.54
107576,19/03/2024 21:45,Mansoura-Mashaya,Rice Pudding Oven,Large,70.77,5,0,Nuts,86979,,Female,None,Wallet,ElMenus,54,13,118,36.5,74.9,5,1,Traditional,Delta,0,21,49.54
108550,30/03/2024 01:15,Riyadh-Olaya,Ice Cream Mango,Small,153.23,3,0,Nutella,67322,12,,Bronze,Cash,Talabat,13,10.9,107,39.8,65.7,5,0,Ice Cream,KSA,1,1,64.36
105064,22/02/2024 17:45,Riyadh-Olaya,Qishtouza Lotus,Medium,77.71,3,0.1,Nuts,79513,59,Male,Bronze,Instapay,Talabat,66,12,117,17.2,34.4,5,0,Modern,KSA,0,17,32.64
101354,15/01/2024 02:15,Tanta-Saeed,Qishtouza Lotus,Medium,69.66,5,0,Lotus,69362,56,Female,Silver,Credit Card,Talabat,55,6.4,103,23.2,73.5,2,0,Modern,Delta,0,2,48.76
107115,15/03/2024 02:30,Tanta-Saeed,Rice Pudding Oven,Medium,170.57,2,0.05,None,60083,31,Female,,Instapay,In-store,44,11.3,146,35.5,37.2,3,0,Traditional,Delta,1,2,47.76
109774,11/04/2024 19:15,Cairo-Nasr City,Rice Pudding Oven,Large,109.72,3,0,Pistachio,51132,59,Female,Bronze,Credit Card,ElMenus,100,2.7,124,15.9,24.6,1,0,Traditional,Greater Cairo,0,19,46.08
108663,31/03/2024 05:30,Tanta-Saeed,Ice Cream Mango,Medium,158.96,11,0.1,Nutella,61275,40,Female,None,Instapay,Mobile App,101,8.6,144,42.8,54.9,3,0,Ice Cream,Delta,1,5,244.8
102704,29/01/2024 03:45,Cairo-Nasr City,Rice Pudding Oven,Large,179.57,11,0,Lotus,74836,42,Male,None,Wallet,Talabat,110,1.9,109,41,44.3,3,0,Traditional,Greater Cairo,0,3,276.54
103331,04/02/2024 16:30,Mansoura-Mashaya,Ice Cream Mango,Small,95.48,6,0,Lotus,69062,35,Female,Gold,Cash,ElMenus,116,13.5,140,27.1,31.6,4,0,Ice Cream,Delta,1,16,80.2
108054,24/03/2024 21:15,Mansoura-Mashaya,Ice Cream Mango,Large,121.23,11,0,None,63901,13,,Gold,Instapay,In-store,34,12,118,36,25.6,,0,Ice Cream,Delta,1,21,186.69
103585,07/02/2024 08:00,Cairo-Nasr City,Qishtouza Lotus,Medium,126.54,4,0,Nuts,70056,34,Male,None,Wallet,Talabat,113,6.5,132,41,85.7,,0,Modern,Greater Cairo,0,8,70.86
109442,08/04/2024 08:15,Alex-Stanly,Sweet Koshary Mix,Medium,101.62,6,0.1,,67121,54,Female,Gold,Instapay,Mobile App,77,4.1,141,43.2,73.2,4,0,Signature,Alexandria,0,8,85.36
105646,28/02/2024 19:15,Mansoura-Mashaya,Rice Pudding Oven,Large,166.45,2,0,Nutella,54146,39,Male,Silver,Cash,Mobile App,21,7.7,121,16.7,61.1,2,0,Traditional,Delta,0,19,46.61
103377,05/02/2024 04:00,Tanta-Saeed,Rice Pudding Nuts,Large,51.29,11,0,Nutella,89475,14,Male,None,Cash,Mobile App,59,6.7,122,20.6,48.3,2,0,Traditional,Delta,0,4,78.99
101257,14/01/2024 02:00,Tanta-Saeed,Ice Cream Mango,Small,90.38,5,0,None,83385,65,Male,Bronze,Instapay,Talabat,67,13.7,113,41.9,69.1,2,0,Ice Cream,Delta,1,2,63.27
106191,05/03/2024 11:30,Riyadh-Olaya,Sweet Koshary Mix,Medium,130.01,2,0,Lotus,74999,54,Female,Silver,Credit Card,Mobile App,67,14.2,138,28.2,20.3,1,0,Signature,KSA,0,11,36.4
105349,25/02/2024 17:00,Giza-Zayed,Ice Cream Mango,Medium,72.08,10,0.15,Nuts,75888,13,Male,Gold,Instapay,ElMenus,57,10.7,138,18.1,83.6,2,0,Ice Cream,Greater Cairo,1,17,100.91
104176,13/02/2024 11:45,Dubai-Marina,Super B.Laban,Large,170.61,4,0.15,Nutella,80537,,Male,Gold,Wallet,Talabat,51,4.6,113,35.5,76.1,4,0,Signature,UAE,0,11,95.54
104911,21/02/2024 03:30,Riyadh-Olaya,Rice Pudding Oven,Medium,127.19,10,0,Nuts,71577,69,Male,Gold,Instapay,Mobile App,113,7.3,127,29,52.7,1,0,Traditional,KSA,0,3,178.07
101853,20/01/2024 07:00,Tanta-Saeed,Sweet Koshary Mix,Large,125.81,4,0.1,,87098,43,Male,Silver,Instapay,Mobile App,25,7.9,148,16.2,30.5,1,0,Signature,Delta,1,7,70.45
106317,06/03/2024 19:00,Cairo-Zamalek,Rice Pudding Nuts,Medium,122.4,3,0,None,70410,24,Female,Silver,Cash,Mobile App,59,11,140,40.3,89.8,3,0,Traditional,Greater Cairo,0,19,51.41
109855,12/04/2024 15:30,Mansoura-Mashaya,Rice Pudding Oven,Medium,76.63,7,0,Nutella,55693,33,Male,Bronze,Instapay,Mobile App,69,2.1,143,20,20.3,4,0,Traditional,Delta,1,15,75.1
102106,22/01/2024 22:15,Riyadh-Olaya,Sweet Koshary Mix,Large,92.54,2,0,Lotus,56358,34,Male,Gold,Wallet,In-store,46,12.8,131,21.8,41.5,3,0,Signature,KSA,0,22,25.91
100134,02/01/2024 09:15,Mansoura-Mashaya,Super B.Laban,Medium,83.45,8,0,Pistachio,80553,44,Male,None,Cash,Talabat,19,1.9,138,29.6,74,1,0,Signature,Delta,0,9,93.46
105030,22/02/2024 09:15,Mansoura-Mashaya,Qishtouza Nutella,Medium,79.16,6,0,Nuts,56069,62,Male,Bronze,Cash,Mobile App,65,14,141,44,50.8,2,0,Modern,Delta,0,9,66.49
100929,10/01/2024 16:00,Tanta-Saeed,Rice Pudding Oven,Medium,46.79,2,0,None,80921,35,Male,Gold,Instapay,In-store,25,5.6,120,15.3,42.9,4,0,Traditional,Delta,0,16,13.1
100824,09/01/2024 13:45,Dubai-Marina,Ice Cream Mango,Small,111.59,4,0,Nutella,75684,,Female,Silver,Cash,In-store,43,10,117,22,80,,0,Ice Cream,UAE,0,13,62.49
107577,19/03/2024 22:00,Riyadh-Olaya,Sweet Koshary Mix,Small,176.68,6,0,Pistachio,77606,55,Male,Bronze,Wallet,ElMenus,83,11.4,140,18.6,77.3,1,0,Signature,KSA,0,22,148.41
101532,16/01/2024 22:45,Cairo-Zamalek,Qishtouza Lotus,Small,62.33,7,0,None,89283,47,Female,None,Cash,In-store,107,4.9,148,35.2,67.7,5,0,Modern,Greater Cairo,0,22,61.08
101215,13/01/2024 15:30,Cairo-Zamalek,Rice Pudding Oven,Large,125.48,10,0,,67433,35,Male,Gold,Instapay,Talabat,54,2.9,145,21,27.7,4,0,Traditional,Greater Cairo,1,15,175.67
100505,06/01/2024 06:00,Dubai-Marina,Super B.Laban,Large,99.68,1,0,Nutella,53097,31,Female,Gold,Cash,ElMenus,116,3.1,134,38.3,71.7,5,0,Signature,UAE,1,6,13.96
106531,09/03/2024 00:30,Cairo-Nasr City,Rice Pudding Oven,Large,46.05,9,0,Nutella,64795,52,Male,,Wallet,In-store,67,4,126,31.4,39.1,3,0,Traditional,Greater Cairo,1,0,58.02
103073,02/02/2024 00:00,Alex-Stanly,Super B.Laban,Small,95.97,10,0,None,86715,49,Male,Bronze,Wallet,ElMenus,45,10.9,115,21,21.8,2,0,Signature,Alexandria,1,0,134.36
109087,04/04/2024 15:30,Giza-Zayed,Om Ali Cream,Small,165.88,10,0,None,56337,,Male,Bronze,Instapay,ElMenus,100,0.7,127,17.9,58.4,1,0,Traditional,Greater Cairo,0,15,232.23
108648,31/03/2024 01:45,Cairo-Zamalek,Rice Pudding Nuts,Medium,114.31,8,0.05,Pistachio,87856,30,Male,,Wallet,Talabat,20,1.8,121,30.3,72.5,,0,Traditional,Greater Cairo,1,1,128.03
106620,09/03/2024 22:45,Giza-Zayed,Rice Pudding Oven,Large,120.7,6,0,Lotus,58391,62,Female,Gold,Instapay,ElMenus,87,3.7,130,31.1,87.6,2,0,Traditional,Greater Cairo,1,22,101.39
109274,06/04/2024 14:15,Tanta-Saeed,Super B.Laban,Medium,119.53,4,0,None,72745,54,Male,Bronze,Wallet,Talabat,15,3.6,115,33.7,69.8,3,0,Signature,Delta,1,14,66.94
103710,08/02/2024 15:15,Dubai-Marina,Super B.Laban,Large,70.6,9,0,None,82236,31,Male,None,Cash,ElMenus,119,2.7,105,29.3,22,1,0,Signature,UAE,0,15,88.96
104850,20/02/2024 12:15,Cairo-Zamalek,Sweet Koshary Mix,Medium,79.38,2,0.05,Pistachio,50990,62,Male,Bronze,Credit Card,Mobile App,13,9.7,117,19.3,80.6,,0,Signature,Greater Cairo,0,12,22.23
104749,19/02/2024 11:00,Alex-Stanly,Qishtouza Lotus,Small,129.86,10,0,Nuts,66470,280,Female,None,Credit Card,ElMenus,88,3.2,108,31.3,44.7,5,1,Modern,Alexandria,0,11,181.8
104269,14/02/2024 11:00,Cairo-Nasr City,Ice Cream Mango,Large,62.48,2,0,Pistachio,65448,41,Female,,Cash,In-store,108,3.3,133,20.2,36.9,1,0,Ice Cream,Greater Cairo,0,11,17.49
109879,12/04/2024 21:30,Cairo-Nasr City,Sweet Koshary Mix,Medium,89.78,5,0,Nutella,53135,13,Female,Gold,Instapay,In-store,114,7.1,107,37.8,33.3,2,0,Signature,Greater Cairo,1,21,62.85
108906,02/04/2024 18:15,Giza-Zayed,Ice Cream Mango,Medium,130.34,4,0,Pistachio,60420,,Male,Gold,Wallet,Talabat,100,13.3,101,34.1,69.7,2,1,Ice Cream,Greater Cairo,0,18,72.99
104187,13/02/2024 14:30,Cairo-Zamalek,Qishtouza Lotus,Medium,46.79,6,0,Pistachio,66418,,Female,Gold,Cash,Talabat,72,0.9,128,21.9,80.1,2,0,Modern,Greater Cairo,0,14,39.3
105302,25/02/2024 05:15,Riyadh-Olaya,Qishtouza Nutella,Medium,104.52,9,0,Lotus,80614,21,Female,Silver,Instapay,ElMenus,37,3.1,102,27.3,80.3,1,0,Modern,KSA,1,5,131.7
102924,31/01/2024 10:45,Cairo-Nasr City,Super B.Laban,Large,82.29,11,0,Pistachio,63362,72,Male,,Wallet,Talabat,10,11.4,135,41.2,89,2,0,Signature,Greater Cairo,0,10,126.73
106589,09/03/2024 15:00,Giza-Zayed,Sweet Koshary Mix,Small,166.2,11,0.15,Nuts,76604,,Male,Bronze,Credit Card,Talabat,37,4.5,119,38.2,41.1,1,0,Signature,Greater Cairo,1,15,255.95
101811,19/01/2024 20:30,Cairo-Zamalek,Sweet Koshary Mix,Large,41.57,3,0,None,61555,12,,None,Credit Card,In-store,105,11.6,134,39.3,79.6,1,1,Signature,Greater Cairo,1,20,17.46
103487,06/02/2024 07:30,Tanta-Saeed,Qishtouza Lotus,Medium,101.67,1,0.05,,83632,26,Male,Gold,Cash,In-store,102,7.7,142,40.7,26.5,1,0,Modern,Delta,0,7,14.23
107420,18/03/2024 06:45,Mansoura-Mashaya,Sweet Koshary Mix,Medium,175.15,2,0,Nuts,61456,46,Female,Silver,Wallet,Talabat,42,14.2,127,34.3,82.9,,0,Signature,Delta,0,6,49.04
103142,02/02/2024 17:15,Mansoura-Mashaya,Rice Pudding Oven,Medium,95.05,5,0,None,65446,27,Female,Silver,Credit Card,In-store,81,6.4,143,15.9,82.6,1,0,Traditional,Delta,1,17,66.54
109348,07/04/2024 08:45,Cairo-Zamalek,Super B.Laban,Medium,132.59,4,0,Nutella,64577,26,Female,Gold,Instapay,In-store,103,1.5,107,37.9,22.9,3,0,Signature,Greater Cairo,1,8,74.25
101325,14/01/2024 19:00,Mansoura-Mashaya,Rice Pudding Nuts,Large,137.71,4,0.15,Nutella,69813,,Male,Gold,Cash,In-store,40,7.1,146,42.9,23.6,,0,Traditional,Delta,1,19,77.12
104313,14/02/2024 22:00,Giza-Zayed,Rice Pudding Nuts,Medium,101.19,6,0.05,Pistachio,64265,73,Female,None,Instapay,Talabat,64,4.1,135,30.9,62,4,0,Traditional,Greater Cairo,0,22,85
107495,19/03/2024 01:30,Cairo-Zamalek,Rice Pudding Nuts,Medium,57.91,9,0.15,None,86389,36,Male,None,Cash,In-store,112,2.6,134,40.5,68.6,1,0,Traditional,Greater Cairo,0,1,72.97
108703,31/03/2024 15:30,Cairo-Nasr City,Qishtouza Nutella,Medium,156.7,11,0.1,None,54394,62,Male,None,Wallet,In-store,34,4.9,102,39.9,30.3,3,0,Modern,Greater Cairo,1,15,241.32
108692,31/03/2024 12:45,Cairo-Zamalek,Rice Pudding Nuts,Large,69.73,5,0.05,,53238,23,Female,,Wallet,ElMenus,28,12.5,136,31.8,51.5,4,0,Traditional,Greater Cairo,1,12,48.81
109504,08/04/2024 23:45,Alex-Stanly,Qishtouza Nutella,Medium,144.44,3,0.1,Nuts,57489,,Male,Silver,Wallet,Talabat,56,9.3,118,37.8,50.7,2,0,Modern,Alexandria,0,23,60.66
105542,27/02/2024 17:15,Tanta-Saeed,Super B.Laban,Medium,136.64,4,0,Pistachio,70046,68,Female,Silver,Credit Card,Talabat,20,9.4,116,32.4,47.7,4,0,Signature,Delta,0,17,76.52
106173,05/03/2024 07:00,Giza-Zayed,Qishtouza Lotus,Large,66.53,5,0,None,74457,33,Male,None,Credit Card,Mobile App,98,5.4,108,22.3,72.7,2,0,Modern,Greater Cairo,0,7,46.57
101541,17/01/2024 01:00,Dubai-Marina,Sweet Koshary Mix,Large,141.67,7,0.15,Nuts,57203,31,Male,Bronze,Wallet,Mobile App,69,12,134,31.4,85.3,5,1,Signature,UAE,0,1,138.84
109410,08/04/2024 00:15,Giza-Zayed,Super B.Laban,Medium,103.41,6,0,Nutella,72086,66,Male,Bronze,Wallet,Talabat,72,12.1,124,30.7,33.9,4,0,Signature,Greater Cairo,0,0,86.86
102682,28/01/2024 22:15,Dubai-Marina,Rice Pudding Nuts,Large,61.75,7,0.05,Nutella,84940,44,Male,Silver,Instapay,In-store,103,4.1,111,30.4,68.2,3,1,Traditional,UAE,1,22,60.52
109883,12/04/2024 22:30,Alex-Stanly,Sweet Koshary Mix,Large,96.82,11,0,None,51296,70,Female,Silver,Credit Card,ElMenus,103,8.7,110,15.2,60.4,3,0,Signature,Alexandria,1,22,149.1
106314,06/03/2024 18:15,Dubai-Marina,Qishtouza Nutella,Medium,80.86,11,0.1,None,78536,51,Male,None,Credit Card,ElMenus,34,1.5,101,18.4,71.1,4,0,Modern,UAE,0,18,124.52
101192,13/01/2024 09:45,Alex-Stanly,Sweet Koshary Mix,Small,90.46,11,0,None,80058,21,Male,Gold,Instapay,ElMenus,86,4.2,141,42.7,52.2,1,0,Signature,Alexandria,1,9,139.31
105294,25/02/2024 03:15,Dubai-Marina,Super B.Laban,Medium,124.84,2,0,Nutella,82128,17,Male,,Credit Card,Talabat,96,14.2,142,35,40.7,4,0,Signature,UAE,1,3,34.96
101543,17/01/2024 01:30,Giza-Zayed,Super B.Laban,Large,160.41,10,0,Pistachio,71457,,Female,Bronze,Wallet,ElMenus,82,8.7,135,25.3,35.6,1,0,Signature,Greater Cairo,0,1,224.57
107057,14/03/2024 12:00,Riyadh-Olaya,Rice Pudding Oven,Medium,66,7,0.05,Nuts,54457,62,Female,Silver,Cash,Mobile App,117,3,135,16.2,83.6,4,0,Traditional,KSA,0,12,64.68
102540,27/01/2024 10:45,Alex-Stanly,Rice Pudding Nuts,Small,41.53,9,0,,61359,43,Male,None,Cash,ElMenus,90,6.7,130,44.2,32,3,0,Traditional,Alexandria,1,10,52.33
100954,10/01/2024 22:15,Giza-Zayed,Om Ali Cream,Small,128.07,2,0,,62404,31,Male,Silver,Credit Card,In-store,117,13.7,117,15.4,83.9,1,0,Traditional,Greater Cairo,0,22,35.86
107242,16/03/2024 10:15,Dubai-Marina,Om Ali Cream,Medium,165.91,2,0,Pistachio,83403,53,,,Instapay,In-store,28,6.6,148,25.8,34,1,0,Traditional,UAE,1,10,46.45
106732,11/03/2024 02:45,Mansoura-Mashaya,Om Ali Cream,Small,105.24,6,0,Nuts,52471,73,Male,Silver,Cash,ElMenus,36,11,105,37.8,67.6,3,0,Traditional,Delta,0,2,88.4
104847,20/02/2024 11:30,Dubai-Marina,Sweet Koshary Mix,Medium,160.1,9,0.15,None,74557,59,Female,Silver,Cash,Mobile App,72,8.2,120,36.7,75.2,1,0,Signature,UAE,0,11,201.73
106802,11/03/2024 20:15,Tanta-Saeed,Super B.Laban,Medium,156.18,10,0,None,81304,31,Male,None,Instapay,ElMenus,25,0.9,149,23.4,78.5,5,0,Signature,Delta,0,20,218.65
108011,24/03/2024 10:30,Tanta-Saeed,Qishtouza Lotus,Medium,91.18,10,0,Nutella,73851,49,Male,Bronze,Cash,In-store,29,14.5,116,22.9,54.8,4,0,Modern,Delta,1,10,127.65
104331,15/02/2024 02:30,Dubai-Marina,Rice Pudding Nuts,Small,84.14,6,0,Nutella,54676,49,Female,None,Cash,ElMenus,101,2.3,130,40.9,52.2,1,0,Traditional,UAE,0,2,70.68
108925,02/04/2024 23:00,Tanta-Saeed,Qishtouza Lotus,Medium,145.14,1,0.15,None,80158,,Male,Silver,Cash,Talabat,92,13.1,149,29.9,72.2,2,0,Modern,Delta,0,23,20.32
105335,25/02/2024 13:30,Dubai-Marina,Qishtouza Nutella,Medium,108.1,8,0.15,Nuts,60655,55,Female,Gold,Cash,Mobile App,91,7.1,117,29.8,35.5,4,0,Modern,UAE,1,13,121.07
107331,17/03/2024 08:30,Giza-Zayed,Qishtouza Nutella,Large,49.83,7,0,Nutella,81313,34,Male,None,Cash,Talabat,17,3.3,113,19,68,3,0,Modern,Greater Cairo,1,8,48.83
109349,07/04/2024 09:00,Cairo-Zamalek,Sweet Koshary Mix,Medium,124.12,8,0.15,Lotus,53747,14,Female,Silver,Credit Card,In-store,18,1.5,130,37.4,51.1,1,0,Signature,Greater Cairo,1,9,139.01
104730,19/02/2024 06:15,Dubai-Marina,Ice Cream Mango,Large,64.87,5,0,Pistachio,67267,46,Female,Silver,Wallet,In-store,13,14.8,128,31.1,65.7,1,0,Ice Cream,UAE,0,6,45.41
106542,09/03/2024 03:15,Riyadh-Olaya,Qishtouza Nutella,Medium,142.7,2,0.15,None,85543,29,Female,None,Instapay,Mobile App,80,14.1,140,42.1,38.9,5,0,Modern,KSA,1,3,39.96
105306,25/02/2024 06:15,Cairo-Nasr City,Rice Pudding Nuts,Small,62.27,5,0,None,80470,62,Male,Bronze,Credit Card,In-store,69,1.3,133,24.6,20.5,2,1,Traditional,Greater Cairo,1,6,43.59
105162,23/02/2024 18:15,Dubai-Marina,Rice Pudding Nuts,Medium,135.23,7,0,Pistachio,65982,37,Female,Gold,Cash,ElMenus,41,8.4,148,36.6,42.4,2,0,Traditional,UAE,1,18,132.53
107861,22/03/2024 21:00,Cairo-Nasr City,Om Ali Cream,Large,63.18,11,0,Lotus,53147,24,Male,Gold,Credit Card,Mobile App,70,14.8,119,23.6,22.8,4,1,Traditional,Greater Cairo,1,21,97.3
102157,23/01/2024 11:00,Giza-Zayed,Ice Cream Mango,Small,141.25,7,0,,86120,18,Male,Gold,Instapay,Talabat,54,6.1,103,20.1,81,2,0,Ice Cream,Greater Cairo,0,11,138.43
101063,12/01/2024 01:30,Dubai-Marina,Qishtouza Nutella,Large,79.02,6,0,Nutella,59153,16,Female,,Cash,ElMenus,106,6.6,107,41.2,47.2,5,0,Modern,UAE,1,1,66.38
101168,13/01/2024 03:45,Tanta-Saeed,Sweet Koshary Mix,Medium,70.19,5,0,Nutella,65157,46,Male,Bronze,Credit Card,Mobile App,95,14.4,105,19.6,76.4,1,0,Signature,Delta,1,3,49.13
103637,07/02/2024 21:00,Cairo-Nasr City,Qishtouza Lotus,Large,177.21,10,0,Lotus,54873,33,Female,Silver,Wallet,ElMenus,51,5,101,37.7,76.9,2,0,Modern,Greater Cairo,0,21,248.09
107652,20/03/2024 16:45,Tanta-Saeed,Ice Cream Mango,Medium,50.07,9,0,Pistachio,80566,28,Female,None,Instapay,ElMenus,75,13.3,129,18.2,66.1,5,0,Ice Cream,Delta,0,16,63.09
105589,28/02/2024 05:00,Cairo-Nasr City,Om Ali Cream,Small,52.71,1,0,Nuts,62984,69,Female,None,Cash,ElMenus,117,0.8,103,25.5,38.1,3,0,Traditional,Greater Cairo,0,5,7.38
107193,15/03/2024 22:00,Giza-Zayed,Sweet Koshary Mix,Medium,172.6,6,0,Nuts,53689,57,Female,Bronze,Wallet,In-store,15,13.4,121,17.8,38.6,,0,Signature,Greater Cairo,1,22,144.98
104492,16/02/2024 18:45,Mansoura-Mashaya,Super B.Laban,Large,40.99,9,0.15,Lotus,57622,14,,Gold,Credit Card,Talabat,102,13.6,120,38.6,61.8,1,0,Signature,Delta,1,18,51.65
107267,16/03/2024 16:30,Dubai-Marina,Ice Cream Mango,Medium,123.08,5,0,Nuts,71385,64,Female,Gold,Wallet,Talabat,40,10.2,103,42.3,44.6,2,0,Ice Cream,UAE,1,16,86.16
104981,21/02/2024 21:00,Tanta-Saeed,Ice Cream Mango,Medium,120.43,6,0,Pistachio,62193,73,Female,None,Cash,In-store,77,4.9,133,16.7,60.7,,0,Ice Cream,Delta,0,21,101.16
108336,27/03/2024 19:45,Cairo-Nasr City,Ice Cream Mango,Large,122.34,2,0,Lotus,56243,31,,Silver,Wallet,Talabat,106,3,105,34.8,28,2,0,Ice Cream,Greater Cairo,0,19,34.26
109953,13/04/2024 16:00,Cairo-Zamalek,Rice Pudding Nuts,Medium,89.2,6,0,Pistachio,63431,72,Male,None,Wallet,In-store,62,1.9,113,20.8,38.4,5,0,Traditional,Greater Cairo,1,16,74.93
104947,21/02/2024 12:30,Alex-Stanly,Qishtouza Lotus,Small,45.35,10,0.05,Lotus,70379,42,Female,Bronze,Wallet,In-store,112,6.7,130,36.8,45.1,1,0,Modern,Alexandria,0,12,63.49
102783,29/01/2024 23:30,Alex-Stanly,Qishtouza Lotus,Small,77.08,6,0.05,None,53176,42,Female,Gold,Wallet,ElMenus,40,12.7,128,25.1,68.9,1,0,Modern,Alexandria,0,23,64.75
100718,08/01/2024 11:15,Giza-Zayed,Super B.Laban,Small,96.69,4,0,Pistachio,69077,29,Male,Silver,Wallet,Mobile App,103,11.2,105,25.4,59.1,4,0,Signature,Greater Cairo,0,11,54.15
102503,27/01/2024 01:30,Cairo-Nasr City,Rice Pudding Oven,Small,74.66,11,0,Pistachio,59847,43,Male,Bronze,Wallet,Talabat,45,12,146,23.6,89.2,3,0,Traditional,Greater Cairo,1,1,114.98
104361,15/02/2024 10:00,Tanta-Saeed,Qishtouza Lotus,Large,158.23,2,0,Nutella,59257,29,Female,Silver,Credit Card,Talabat,11,10.6,131,22.4,75.4,5,0,Modern,Delta,0,10,44.3
104172,13/02/2024 10:45,Alex-Stanly,Sweet Koshary Mix,Small,112.66,1,0,,53594,51,Female,Gold,Wallet,Mobile App,13,13.9,140,28.4,47.6,5,0,Signature,Alexandria,0,10,15.77
108083,25/03/2024 04:30,Alex-Stanly,Ice Cream Mango,Medium,79.81,7,0,None,65061,47,,,Wallet,Talabat,56,13.4,101,31.2,79.1,2,0,Ice Cream,Alexandria,0,4,78.21
109761,11/04/2024 16:00,Cairo-Nasr City,Qishtouza Lotus,Large,171.67,10,0,Lotus,67852,21,Female,Silver,Cash,ElMenus,10,4.8,148,28.6,87.7,5,0,Modern,Greater Cairo,0,16,240.34
100396,05/01/2024 02:45,Giza-Zayed,Sweet Koshary Mix,Large,101.06,6,0,None,87973,19,Male,Bronze,Cash,ElMenus,72,14.8,102,41.3,22.4,,0,Signature,Greater Cairo,1,2,84.89
107187,15/03/2024 20:30,Cairo-Nasr City,Rice Pudding Oven,Medium,78.85,8,0,Lotus,83226,20,,None,Wallet,ElMenus,68,11.7,111,36.8,46.3,2,0,Traditional,Greater Cairo,1,20,88.31
109823,12/04/2024 07:30,Riyadh-Olaya,Qishtouza Lotus,Large,79.19,10,0.05,Nuts,70904,30,Female,Silver,Cash,In-store,70,10.9,113,20.3,81.1,1,0,Modern,KSA,1,7,110.87
104493,16/02/2024 19:00,Mansoura-Mashaya,Rice Pudding Nuts,Medium,44.78,3,0,None,86177,39,Male,Silver,Credit Card,Talabat,97,8.5,112,40.5,89.2,3,0,Traditional,Delta,1,19,18.81
101366,15/01/2024 05:15,Tanta-Saeed,Sweet Koshary Mix,Large,87.19,10,0,Pistachio,51746,42,Male,Silver,Instapay,In-store,78,13.6,146,16.2,56.3,3,1,Signature,Delta,0,5,122.07
109527,09/04/2024 05:30,Tanta-Saeed,Qishtouza Lotus,Medium,177.24,10,0.15,Pistachio,66741,47,Female,Bronze,Cash,In-store,29,6.8,101,40.2,33.3,2,0,Modern,Delta,0,5,248.14
108788,01/04/2024 12:45,Cairo-Zamalek,Ice Cream Mango,Large,164.53,9,0,Nuts,88689,42,Female,Gold,Credit Card,In-store,116,6.5,109,29,80.1,5,0,Ice Cream,Greater Cairo,0,12,207.31
105918,02/03/2024 15:15,Cairo-Zamalek,Rice Pudding Nuts,Medium,115.4,11,0,,72585,54,Male,Silver,Instapay,ElMenus,25,4.4,111,20.7,54.1,2,0,Traditional,Greater Cairo,1,15,177.72
104969,21/02/2024 18:00,Alex-Stanly,Ice Cream Mango,Medium,92.66,2,0,Lotus,61319,31,Male,Bronze,Cash,Talabat,77,12.8,129,30.4,65.8,,0,Ice Cream,Alexandria,0,18,25.94
102915,31/01/2024 08:30,Cairo-Nasr City,Rice Pudding Nuts,Large,9999.99,3,0.15,None,79589,51,Female,Bronze,Cash,Talabat,46,14.4,144,29.3,51.1,2,0,Traditional,Greater Cairo,0,8,57.05
105645,28/02/2024 19:00,Alex-Stanly,Rice Pudding Oven,Medium,110.12,11,0,Pistachio,74388,,Male,,Credit Card,Mobile App,11,10.3,103,42.7,82.5,3,0,Traditional,Alexandria,0,19,169.58
103767,09/02/2024 05:30,Riyadh-Olaya,Rice Pudding Nuts,Small,160.31,9,0,Pistachio,71915,67,Female,Bronze,Credit Card,ElMenus,43,14.4,108,18,60.1,5,0,Traditional,KSA,1,5,201.99
103441,05/02/2024 20:00,Alex-Stanly,Qishtouza Lotus,Medium,175.92,11,0.1,Nuts,58145,29,Female,,Credit Card,ElMenus,51,1.8,148,17.4,52.3,1,0,Modern,Alexandria,0,20,270.92
107358,17/03/2024 15:15,Cairo-Zamalek,Rice Pudding Nuts,Medium,41.68,4,0.15,Nutella,64373,56,Male,Bronze,Cash,In-store,26,8.8,140,34.4,58.9,2,0,Traditional,Greater Cairo,1,15,23.34
106807,11/03/2024 21:30,Alex-Stanly,Qishtouza Nutella,Medium,64.21,7,0.05,Nuts,52210,51,Female,None,Wallet,Talabat,81,13,130,18.8,75,2,0,Modern,Alexandria,0,21,62.93
102144,23/01/2024 07:45,Mansoura-Mashaya,Ice Cream Mango,Small,156.22,3,0,Nuts,77775,37,Female,Bronze,Cash,Mobile App,17,3.6,103,37.5,72.8,,0,Ice Cream,Delta,0,7,65.61
105105,23/02/2024 04:00,Giza-Zayed,Om Ali Cream,Large,128.64,7,0,Lotus,52680,67,Male,Bronze,Cash,In-store,46,9.7,141,33.5,48,4,0,Traditional,Greater Cairo,1,4,126.07
105074,22/02/2024 20:15,Dubai-Marina,Ice Cream Mango,Small,68.38,10,0,Nuts,72785,66,Male,Silver,Credit Card,Talabat,110,4.4,123,35.7,45.3,4,0,Ice Cream,UAE,0,20,95.73
101572,17/01/2024 08:45,Riyadh-Olaya,Qishtouza Nutella,Medium,42.69,2,0,None,77037,24,Male,Silver,Instapay,In-store,105,7.3,125,30.6,23,1,0,Modern,KSA,0,8,11.95
104080,12/02/2024 11:45,Cairo-Nasr City,Qishtouza Lotus,Medium,62.95,7,0,Nuts,67614,36,Male,Silver,Credit Card,In-store,43,3.5,108,27.7,83.8,4,0,Modern,Greater Cairo,0,11,61.69
101123,12/01/2024 16:30,Alex-Stanly,Om Ali Cream,Medium,111.99,2,0,Pistachio,84556,26,Male,None,Credit Card,Mobile App,106,7.1,116,40,31.8,5,0,Traditional,Alexandria,1,16,31.36
102787,30/01/2024 00:30,Cairo-Zamalek,Super B.Laban,Small,129.28,6,0.15,,73792,41,Female,,Cash,In-store,86,11.2,122,39.5,89,,0,Signature,Greater Cairo,0,0,108.6
102968,31/01/2024 21:45,Mansoura-Mashaya,Rice Pudding Oven,Large,127.3,3,0,Pistachio,75473,24,Female,Gold,Wallet,Talabat,27,13.4,110,20.9,79.2,5,0,Traditional,Delta,0,21,53.47
102505,27/01/2024 02:00,Tanta-Saeed,Ice Cream Mango,Medium,90.52,10,0,Pistachio,66934,68,Female,Gold,Wallet,Mobile App,48,9.1,146,26.7,33.4,3,0,Ice Cream,Delta,1,2,126.73
105989,03/03/2024 09:00,Alex-Stanly,Qishtouza Lotus,Large,178.41,7,0,,67209,40,Female,Gold,Credit Card,In-store,107,9.7,119,34.6,24.5,2,0,Modern,Alexandria,1,9,174.84
108868,02/04/2024 08:45,Giza-Zayed,Super B.Laban,Large,172.27,10,0,Lotus,85165,,,Bronze,Wallet,ElMenus,73,11.4,117,32.6,49.8,3,0,Signature,Greater Cairo,0,8,241.18
107165,15/03/2024 15:00,Dubai-Marina,Qishtouza Lotus,Large,153.92,1,0.05,Nuts,82890,16,Male,Silver,Cash,ElMenus,41,2,111,15.2,49.3,3,0,Modern,UAE,1,15,21.55
100729,08/01/2024 14:00,Mansoura-Mashaya,Qishtouza Nutella,Small,177.86,10,0.15,Nutella,62973,72,Female,Silver,Wallet,Mobile App,50,6.7,113,29.2,67.1,2,0,Modern,Delta,0,14,249
107588,20/03/2024 00:45,Riyadh-Olaya,Ice Cream Mango,Medium,143.73,8,0.05,Nutella,66329,31,Male,Gold,Credit Card,Mobile App,66,3.1,109,32.8,48.6,5,0,Ice Cream,KSA,0,0,160.98
107544,19/03/2024 13:45,Alex-Stanly,Rice Pudding Nuts,Large,113.24,3,0,,57993,34,Female,,Cash,Talabat,36,10.8,124,25.4,86.8,2,0,Traditional,Alexandria,0,13,47.56
100413,05/01/2024 07:00,Tanta-Saeed,Om Ali Cream,Medium,125.1,9,0,Nutella,54582,,Female,Gold,Instapay,Mobile App,44,11.7,118,20.5,61,1,0,Traditional,Delta,1,7,157.63
105746,29/02/2024 20:15,Mansoura-Mashaya,Ice Cream Mango,Large,118.32,10,0,None,71487,66,Female,Bronze,Credit Card,In-store,96,5.1,118,42.9,32,2,0,Ice Cream,Delta,0,20,165.65
107669,20/03/2024 21:00,Cairo-Nasr City,Rice Pudding Oven,Medium,69.16,5,0,Nutella,63980,60,Female,Silver,Wallet,ElMenus,12,14.4,117,40.7,69.8,2,0,Traditional,Greater Cairo,0,21,48.41
100826,09/01/2024 14:15,Giza-Zayed,Sweet Koshary Mix,Medium,82.36,10,0,None,58755,71,Male,None,Wallet,Talabat,52,2.6,125,17.3,56.8,,0,Signature,Greater Cairo,0,14,115.3
103268,04/02/2024 00:45,Alex-Stanly,Qishtouza Lotus,Large,67.5,11,0.1,Pistachio,69255,73,Female,None,Credit Card,ElMenus,80,5.7,132,41.1,61.8,1,0,Modern,Alexandria,1,0,103.95
103975,11/02/2024 09:30,Cairo-Zamalek,Qishtouza Lotus,Large,78.53,4,0.1,Pistachio,74783,50,Male,Gold,Wallet,Mobile App,58,13.2,142,25.8,74.1,2,0,Modern,Greater Cairo,1,9,43.98
108809,01/04/2024 18:00,Alex-Stanly,Qishtouza Nutella,Small,179.14,7,0.05,Nutella,67741,,,Gold,Wallet,Mobile App,27,12.4,116,40.3,71.9,1,0,Modern,Alexandria,0,18,175.56
108307,27/03/2024 12:30,Cairo-Nasr City,Qishtouza Lotus,Medium,97.4,9,0,Nutella,71950,14,Female,Silver,Instapay,ElMenus,76,10.3,142,18.6,49.2,4,0,Modern,Greater Cairo,0,12,122.72
100418,05/01/2024 08:15,Cairo-Zamalek,Sweet Koshary Mix,Small,172.74,10,0,Pistachio,60973,53,Male,Bronze,Wallet,Mobile App,42,3.3,106,44.6,54,2,1,Signature,Greater Cairo,1,8,241.84
106749,11/03/2024 07:00,Dubai-Marina,Rice Pudding Nuts,Large,81,6,0,Lotus,71469,56,Female,Silver,Credit Card,Talabat,20,8.5,117,21.5,44.5,4,0,Traditional,UAE,0,7,68.04
108968,03/04/2024 09:45,Giza-Zayed,Ice Cream Mango,Medium,177.13,5,0,Nutella,75017,72,Female,Bronze,Cash,Mobile App,91,6.5,125,22.1,73.6,2,0,Ice Cream,Greater Cairo,0,9,123.99
102083,22/01/2024 16:30,Mansoura-Mashaya,Om Ali Cream,Small,113.82,11,0,,55036,55,Female,,Cash,In-store,90,14.1,127,23.7,68.2,1,0,Traditional,Delta,0,16,175.28
108946,03/04/2024 04:15,Tanta-Saeed,Qishtouza Lotus,Large,120.01,8,0,None,86312,64,Female,Silver,Cash,ElMenus,28,8.4,120,20.5,88.6,5,0,Modern,Delta,0,4,134.41
103374,05/02/2024 03:15,Dubai-Marina,Qishtouza Nutella,Medium,139.5,6,0,Nuts,65616,21,Male,None,Cash,ElMenus,117,4.4,126,39.4,71,4,0,Modern,UAE,0,3,117.18
105727,29/02/2024 15:30,Mansoura-Mashaya,Om Ali Cream,Medium,78.11,11,0,None,51898,57,Female,Bronze,Instapay,ElMenus,36,8.9,138,27.7,33.7,1,0,Traditional,Delta,0,15,120.29
104108,12/02/2024 18:45,Tanta-Saeed,Qishtouza Lotus,Medium,117.3,2,0,,74844,16,Female,Silver,Instapay,Talabat,84,10.1,147,27.3,22.9,,0,Modern,Delta,0,18,32.84
104381,15/02/2024 15:00,Cairo-Zamalek,Rice Pudding Nuts,Large,72.34,3,0.05,Nutella,63598,28,Male,Bronze,Cash,Mobile App,118,10.6,113,36.4,81.1,,0,Traditional,Greater Cairo,0,15,30.38
107724,21/03/2024 10:45,Mansoura-Mashaya,Qishtouza Nutella,Large,80.41,11,0,Lotus,60018,41,Female,Silver,Credit Card,Talabat,82,4.5,120,23.9,51.2,2,0,Modern,Delta,0,10,123.83
101067,12/01/2024 02:30,Mansoura-Mashaya,Qishtouza Nutella,Small,129.1,8,0,None,72806,22,Female,,Credit Card,ElMenus,46,10.8,146,29.5,54.6,4,0,Modern,Delta,1,2,144.59
103914,10/02/2024 18:15,Cairo-Nasr City,Rice Pudding Nuts,Large,87.39,6,0,Pistachio,78120,64,Male,None,Credit Card,ElMenus,26,3.1,112,43.3,25.9,4,0,Traditional,Greater Cairo,1,18,73.41
105537,27/02/2024 16:00,Mansoura-Mashaya,Qishtouza Lotus,Medium,135.24,8,0,Nutella,72743,,Male,Bronze,Instapay,Talabat,51,8.7,126,19.3,81.6,1,0,Modern,Delta,0,16,151.47
108003,24/03/2024 08:30,Riyadh-Olaya,Rice Pudding Oven,Medium,131.58,3,0.1,Nuts,73575,12,Male,,Cash,Mobile App,56,12.3,144,19.5,32.6,5,0,Traditional,KSA,1,8,55.26
105388,26/02/2024 02:45,Cairo-Nasr City,Rice Pudding Nuts,Medium,107.73,11,0,Nuts,75755,64,Female,Bronze,Instapay,Mobile App,22,1,116,31.4,39.6,,0,Traditional,Greater Cairo,0,2,165.9
105733,29/02/2024 17:00,Alex-Stanly,Qishtouza Nutella,Large,86.38,6,0,Nutella,65317,56,Female,Silver,Credit Card,Mobile App,40,11.8,143,25.5,50,1,0,Modern,Alexandria,0,17,72.56
102739,29/01/2024 12:30,Giza-Zayed,Om Ali Cream,Large,40.14,3,0,Nuts,65704,61,,None,Wallet,ElMenus,86,13.5,130,30.5,46.1,4,0,Traditional,Greater Cairo,0,12,16.86
105053,22/02/2024 15:00,Riyadh-Olaya,Qishtouza Lotus,Small,106.08,4,0.05,None,86275,32,Male,Silver,Credit Card,In-store,21,14.4,102,32.4,83.8,2,0,Modern,KSA,0,15,59.4
104001,11/02/2024 16:00,Giza-Zayed,Rice Pudding Nuts,Small,135.97,10,0,Lotus,72611,64,Female,Silver,Wallet,Mobile App,42,14.5,120,28.2,76.3,3,0,Traditional,Greater Cairo,1,16,190.36
102428,26/01/2024 06:45,Mansoura-Mashaya,Om Ali Cream,Medium,125.96,4,0,None,66941,39,Female,Gold,Instapay,Mobile App,97,5.9,146,29.9,71.2,1,0,Traditional,Delta,1,6,70.54
106834,12/03/2024 04:15,Giza-Zayed,Ice Cream Mango,Large,128.35,8,0,Pistachio,76455,38,,,Credit Card,In-store,44,4.5,141,33,60,5,0,Ice Cream,Greater Cairo,0,4,143.75
101688,18/01/2024 13:45,Cairo-Nasr City,Om Ali Cream,Large,174.77,4,0,Lotus,52026,47,Male,Silver,Wallet,In-store,38,11.9,101,38.4,72.9,5,0,Traditional,Greater Cairo,0,13,97.87
100852,09/01/2024 20:45,Cairo-Zamalek,Om Ali Cream,Medium,125.53,9,0.05,Lotus,70579,16,Female,None,Instapay,Mobile App,82,2.9,138,31.6,70.2,2,0,Traditional,Greater Cairo,0,20,158.17
106304,06/03/2024 15:45,Alex-Stanly,Om Ali Cream,Medium,75.18,1,0,,63789,72,Male,,Cash,ElMenus,58,14.7,128,30.6,81.8,5,0,Traditional,Alexandria,0,15,10.53
109088,04/04/2024 15:45,Riyadh-Olaya,Super B.Laban,Large,62.32,6,0,Nuts,78796,,Female,,Instapay,Talabat,110,11.6,122,42,87.3,3,0,Signature,KSA,0,15,52.35
105879,02/03/2024 05:30,Cairo-Zamalek,Ice Cream Mango,Small,114.28,5,0,Nuts,88448,64,Female,Gold,Credit Card,Mobile App,71,5.1,149,38.4,27.4,,0,Ice Cream,Greater Cairo,1,5,80
108528,29/03/2024 19:45,Alex-Stanly,Ice Cream Mango,Small,51.89,11,0,Nuts,60035,64,Female,Bronze,Instapay,Talabat,68,14,147,30.8,71.5,4,0,Ice Cream,Alexandria,1,19,79.91
102840,30/01/2024 13:45,Alex-Stanly,Super B.Laban,Medium,53.77,6,0,Pistachio,57170,31,Female,None,Cash,Talabat,101,9.5,138,29.7,55.5,5,0,Signature,Alexandria,0,13,45.17
104612,18/02/2024 00:45,Riyadh-Olaya,Qishtouza Nutella,Large,78.84,3,0,Lotus,84543,56,,,Cash,Mobile App,12,4,121,17,83.2,3,0,Modern,KSA,1,0,33.11
109541,09/04/2024 09:00,Alex-Stanly,Qishtouza Nutella,Large,85.26,11,0,Lotus,51227,40,Male,Bronze,Wallet,ElMenus,33,5.7,112,23.5,50.7,3,0,Modern,Alexandria,0,9,131.3
109208,05/04/2024 21:45,Dubai-Marina,Rice Pudding Oven,Large,136.45,5,0,Nutella,68281,49,Male,Silver,Wallet,ElMenus,104,8.3,115,23.1,28,3,0,Traditional,UAE,1,21,95.52
102490,26/01/2024 22:15,Dubai-Marina,Rice Pudding Nuts,Large,166.64,4,0.05,None,70639,64,Female,,Credit Card,ElMenus,47,12.1,101,23.2,74.7,,1,Traditional,UAE,1,22,93.32
106906,12/03/2024 22:15,Tanta-Saeed,Rice Pudding Nuts,Large,121.95,9,0.15,Nuts,83017,52,Female,Gold,Wallet,Talabat,111,6.2,139,27.1,81.9,4,0,Traditional,Delta,0,22,153.66
107391,17/03/2024 23:30,Cairo-Nasr City,Qishtouza Lotus,Large,100.3,5,0,Nutella,61418,48,Male,None,Credit Card,ElMenus,14,2.5,125,30.8,48.6,1,0,Modern,Greater Cairo,1,23,70.21
102850,30/01/2024 16:15,Cairo-Zamalek,Qishtouza Lotus,Medium,118.16,3,0.15,Nutella,83236,22,Female,,Credit Card,Mobile App,41,11.5,104,44.4,50.3,5,0,Modern,Greater Cairo,0,16,49.63
106666,10/03/2024 10:15,Giza-Zayed,Sweet Koshary Mix,Small,106.51,10,0,Pistachio,70288,43,Male,,Instapay,In-store,64,11.8,134,32.8,77.4,1,0,Signature,Greater Cairo,1,10,149.11
105882,02/03/2024 06:15,Cairo-Nasr City,Ice Cream Mango,Medium,141.71,3,0.15,Nuts,73846,280,Female,None,Cash,ElMenus,55,12.2,148,36.2,70.5,5,0,Ice Cream,Greater Cairo,1,6,59.52
104453,16/02/2024 09:00,Cairo-Nasr City,Qishtouza Lotus,Medium,62.39,8,0,None,50645,16,Female,Bronze,Credit Card,Mobile App,55,8.3,125,21.5,26.8,1,0,Modern,Greater Cairo,1,9,69.88
107422,18/03/2024 07:15,Cairo-Zamalek,Om Ali Cream,Small,115.79,11,0.15,Nuts,64214,54,Male,Bronze,Instapay,ElMenus,33,14.2,113,37.9,24.5,3,1,Traditional,Greater Cairo,0,7,178.32
106485,08/03/2024 13:00,Alex-Stanly,Ice Cream Mango,Medium,123.31,10,0,Lotus,84970,,Male,Silver,Cash,Talabat,89,6,130,31.5,25.2,1,0,Ice Cream,Alexandria,1,13,172.63
102480,26/01/2024 19:45,Cairo-Nasr City,Rice Pudding Oven,Small,66.21,1,0.05,Lotus,82682,,Male,None,Wallet,ElMenus,71,9.5,103,30.9,59.7,,0,Traditional,Greater Cairo,1,19,9.27
106618,09/03/2024 22:15,Giza-Zayed,Rice Pudding Nuts,Medium,47.45,7,0,,75302,41,,Gold,Credit Card,Talabat,96,5.3,134,26.9,67.5,3,0,Traditional,Greater Cairo,1,22,46.5
102142,23/01/2024 07:15,Cairo-Zamalek,Rice Pudding Nuts,Large,81.72,4,0,None,77005,26,Female,,Cash,In-store,92,14,114,19.8,30.1,,0,Traditional,Greater Cairo,0,7,45.76
105189,24/02/2024 01:00,Mansoura-Mashaya,Qishtouza Nutella,Medium,89.94,5,0.1,Nuts,82737,19,Male,Bronze,Credit Card,Talabat,93,8.3,110,43.8,27.9,4,0,Modern,Delta,1,1,62.96
109705,11/04/2024 02:00,Tanta-Saeed,Sweet Koshary Mix,Large,107.52,8,0.1,Nuts,57851,15,Male,None,Credit Card,Mobile App,100,1.2,106,35.5,44.4,3,0,Signature,Delta,0,2,120.42
102745,29/01/2024 14:00,Mansoura-Mashaya,Ice Cream Mango,Large,9999.99,7,0.05,Lotus,58458,59,Male,Gold,Instapay,Talabat,82,8.1,109,31.6,85.4,,0,Ice Cream,Delta,0,14,104.14
107254,16/03/2024 13:15,Mansoura-Mashaya,Qishtouza Lotus,Medium,73.11,1,0,Lotus,85387,,Female,Gold,Wallet,In-store,73,8.4,139,38.3,52.5,2,0,Modern,Delta,1,13,10.24
103507,06/02/2024 12:30,Cairo-Zamalek,Rice Pudding Oven,Medium,176.4,5,0.05,Nuts,81428,19,Female,None,Cash,In-store,64,3,126,39.9,45.9,5,0,Traditional,Greater Cairo,0,12,123.48
101680,18/01/2024 11:45,Cairo-Zamalek,Qishtouza Nutella,Medium,48.52,9,0.05,Pistachio,64357,,Male,None,Credit Card,Talabat,117,7.2,112,36.3,57.9,3,0,Modern,Greater Cairo,0,11,61.14
104250,14/02/2024 06:15,Mansoura-Mashaya,Qishtouza Nutella,Large,140.35,9,0,Lotus,80009,74,Female,None,Wallet,Talabat,73,7.1,111,43.7,30.1,5,0,Modern,Delta,0,6,176.84
103148,02/02/2024 18:45,Cairo-Nasr City,Qishtouza Lotus,Medium,9999.99,9,0,Nuts,87380,,Female,Gold,Wallet,ElMenus,85,12.8,148,24.8,56.4,4,0,Modern,Greater Cairo,1,18,121.55
108131,25/03/2024 16:30,Giza-Zayed,Rice Pudding Oven,Medium,87.07,7,0.15,Nutella,77642,43,Female,Silver,Instapay,Mobile App,85,7.2,110,24,63.6,2,0,Traditional,Greater Cairo,0,16,85.33
107005,13/03/2024 23:00,Alex-Stanly,Super B.Laban,Large,111.15,8,0,Nutella,65657,37,,None,Instapay,Mobile App,94,4.9,131,29,23.5,3,0,Signature,Alexandria,0,23,124.49
100581,07/01/2024 01:00,Tanta-Saeed,Rice Pudding Oven,Medium,155.37,5,0,,77938,24,Male,Bronze,Instapay,Mobile App,109,4.5,131,24,28.6,3,0,Traditional,Delta,1,1,108.76
104071,12/02/2024 09:30,Cairo-Nasr City,Om Ali Cream,Medium,175.44,9,0,Nuts,60479,43,Female,None,Cash,Talabat,60,14.7,117,21.4,22.3,5,0,Traditional,Greater Cairo,0,9,221.05
103344,04/02/2024 19:45,Cairo-Zamalek,Om Ali Cream,Medium,149.22,11,0,,87356,65,Female,Gold,Cash,Mobile App,103,3.8,111,27,52.8,4,0,Traditional,Greater Cairo,1,19,229.8
107405,18/03/2024 03:00,Tanta-Saeed,Ice Cream Mango,Large,109.81,9,0,Nutella,63230,,,Silver,Cash,ElMenus,112,7.2,125,17.6,56.9,5,0,Ice Cream,Delta,0,3,138.36
103673,08/02/2024 06:00,Alex-Stanly,Rice Pudding Oven,Small,137.26,7,0,Nuts,59100,28,Female,Gold,Wallet,Talabat,109,10.6,136,29.9,77.3,3,1,Traditional,Alexandria,0,6,134.51
100560,06/01/2024 19:45,Tanta-Saeed,Rice Pudding Oven,Large,58.61,8,0.1,Pistachio,80325,35,,Bronze,Cash,Talabat,17,14,125,24.9,58.2,,0,Traditional,Delta,1,19,65.64
105238,24/02/2024 13:15,Cairo-Zamalek,Rice Pudding Nuts,Medium,127.38,5,0,Lotus,66477,60,Female,Silver,Cash,In-store,17,2.9,130,41.5,41.7,3,0,Traditional,Greater Cairo,1,13,89.17
107806,22/03/2024 07:15,Tanta-Saeed,Om Ali Cream,Medium,84.04,6,0,Nutella,87765,20,Female,None,Cash,ElMenus,10,1.4,147,39.4,71.6,3,0,Traditional,Delta,1,7,70.59
100513,06/01/2024 08:00,Dubai-Marina,Qishtouza Lotus,Medium,179.22,10,0,Nuts,89562,47,Female,Gold,Credit Card,In-store,117,12.4,124,39,83.8,1,0,Modern,UAE,1,8,250.91
101082,12/01/2024 06:15,Mansoura-Mashaya,Sweet Koshary Mix,Medium,150.78,1,0.1,,53146,56,Male,Bronze,Wallet,In-store,69,0.9,125,18.6,34.8,1,0,Signature,Delta,1,6,21.11
101665,18/01/2024 08:00,Alex-Stanly,Super B.Laban,Large,48.25,1,0,Nuts,66519,19,Female,Bronze,Credit Card,Mobile App,90,10.2,138,42,82.7,3,0,Signature,Alexandria,0,8,6.76
109205,05/04/2024 21:00,Riyadh-Olaya,Sweet Koshary Mix,Medium,57.62,5,0,Lotus,51068,40,Female,Silver,Instapay,Talabat,83,3.2,104,43.1,48.9,3,1,Signature,KSA,1,21,40.33
101932,21/01/2024 02:45,Giza-Zayed,Qishtouza Lotus,Medium,9999.99,1,0,Nutella,84386,33,,None,Instapay,ElMenus,24,4.7,115,25.1,23.2,5,0,Modern,Greater Cairo,1,2,22.96
109667,10/04/2024 16:30,Tanta-Saeed,Qishtouza Nutella,Medium,113,4,0,Nutella,58129,50,Male,Gold,Instapay,Talabat,30,13.1,108,27.9,82.3,2,0,Modern,Delta,0,16,63.28
101151,12/01/2024 23:30,Mansoura-Mashaya,Rice Pudding Nuts,Small,138.42,7,0,None,78018,59,Male,Gold,Wallet,Mobile App,74,4.4,111,33.9,42.3,3,0,Traditional,Delta,1,23,135.65
102839,30/01/2024 13:30,Mansoura-Mashaya,Ice Cream Mango,Small,132.98,9,0.05,Nuts,75597,,,None,Wallet,ElMenus,113,9.4,126,27.2,78.3,,0,Ice Cream,Delta,0,13,167.55
105950,02/03/2024 23:15,Cairo-Nasr City,Rice Pudding Oven,Large,103.85,7,0.1,None,84512,280,,,Instapay,In-store,47,10.1,107,40.4,22.5,2,0,Traditional,Greater Cairo,1,23,101.77
108309,27/03/2024 13:00,Alex-Stanly,Sweet Koshary Mix,Medium,137.29,1,0,Nutella,76374,14,Male,,Cash,In-store,84,2.6,121,39.7,71,2,0,Signature,Alexandria,0,13,19.22
108933,03/04/2024 01:00,Tanta-Saeed,Rice Pudding Nuts,Medium,125.95,11,0,Nuts,80723,38,Female,None,Cash,Talabat,15,1.7,124,22.4,40.7,1,0,Traditional,Delta,0,1,193.96
109789,11/04/2024 23:00,Tanta-Saeed,Ice Cream Mango,Large,142.25,7,0,Pistachio,70699,23,Male,None,Wallet,ElMenus,50,5.8,139,17.8,70.9,1,1,Ice Cream,Delta,0,23,139.4
105178,23/02/2024 22:15,Cairo-Zamalek,Qishtouza Lotus,Medium,153.13,2,0,Nuts,86122,63,Female,Bronze,Credit Card,Talabat,106,12.9,115,16,58.6,2,0,Modern,Greater Cairo,1,22,42.88
100831,09/01/2024 15:30,Mansoura-Mashaya,Ice Cream Mango,Medium,163.35,7,0,Lotus,85944,,,Gold,Wallet,Talabat,81,12.1,146,16.9,71,5,0,Ice Cream,Delta,0,15,160.08
108312,27/03/2024 13:45,Tanta-Saeed,Sweet Koshary Mix,Large,123.3,9,0,Pistachio,75532,62,Female,Silver,Instapay,Talabat,30,9.8,122,37.4,47.7,4,0,Signature,Delta,0,13,155.36
104753,19/02/2024 12:00,Mansoura-Mashaya,Rice Pudding Nuts,Medium,93.41,3,0.1,,61940,56,Male,Bronze,Credit Card,ElMenus,18,1.4,122,37.3,27.7,2,0,Traditional,Delta,0,12,39.23
109851,12/04/2024 14:30,Dubai-Marina,Rice Pudding Nuts,Medium,91.39,4,0.1,Nuts,68927,66,Female,Gold,Cash,Talabat,13,10.3,137,24.7,56.5,2,0,Traditional,UAE,1,14,51.18
100636,07/01/2024 14:45,Cairo-Zamalek,Sweet Koshary Mix,Large,94.77,5,0,Lotus,69678,35,Male,None,Cash,Mobile App,50,6.4,114,36.8,78.4,4,0,Signature,Greater Cairo,1,14,66.34
104466,16/02/2024 12:15,Giza-Zayed,Qishtouza Nutella,Medium,138.09,1,0,None,54054,66,Female,Gold,Wallet,In-store,31,2.4,119,23.2,61.8,4,0,Modern,Greater Cairo,1,12,19.33
106800,11/03/2024 19:45,Mansoura-Mashaya,Sweet Koshary Mix,Large,63.15,6,0.05,,61432,23,Male,Bronze,Cash,In-store,85,7.7,105,15,75.6,4,0,Signature,Delta,0,19,53.05
107988,24/03/2024 04:45,Giza-Zayed,Om Ali Cream,Large,155.6,1,0,,52149,65,,Bronze,Cash,Talabat,37,8.9,115,41,65.3,1,0,Traditional,Greater Cairo,1,4,21.78
107080,14/03/2024 17:45,Giza-Zayed,Qishtouza Lotus,Large,123.84,5,0,Lotus,54169,45,,None,Instapay,In-store,57,9.2,113,15.4,33.3,1,1,Modern,Greater Cairo,0,17,86.69
106967,13/03/2024 13:30,Giza-Zayed,Rice Pudding Oven,Medium,170.68,8,0,Pistachio,78243,,Female,None,Wallet,Mobile App,19,7.5,148,17.7,84.6,4,0,Traditional,Greater Cairo,0,13,191.16
104143,13/02/2024 03:30,Tanta-Saeed,Om Ali Cream,Medium,103.3,7,0,Lotus,88884,58,Female,Silver,Wallet,In-store,82,4.5,123,23,40.3,2,0,Traditional,Delta,0,3,101.23
107028,14/03/2024 04:45,Cairo-Nasr City,Rice Pudding Oven,Large,53.15,11,0,,55201,38,Male,Bronze,Instapay,ElMenus,24,10.3,131,38.2,32.4,2,0,Traditional,Greater Cairo,0,4,81.85
109184,05/04/2024 15:45,Dubai-Marina,Super B.Laban,Large,58.85,6,0,,73254,59,Female,Gold,Wallet,Talabat,57,5.7,144,20.6,85.4,5,0,Signature,UAE,1,15,49.43
100877,10/01/2024 03:00,Cairo-Zamalek,Super B.Laban,Medium,170.52,3,0,Nuts,84689,58,Male,Silver,Wallet,ElMenus,93,11,108,44.2,30.4,2,1,Signature,Greater Cairo,0,3,71.62
104870,20/02/2024 17:15,Tanta-Saeed,Qishtouza Lotus,Medium,178.03,2,0.05,None,53927,55,Male,Silver,Cash,In-store,101,10.6,113,37,35.2,1,0,Modern,Delta,0,17,49.85
105316,25/02/2024 08:45,Cairo-Zamalek,Rice Pudding Oven,Large,66.06,3,0.05,,63163,42,,None,Instapay,Mobile App,105,8.4,132,19.2,45,1,0,Traditional,Greater Cairo,1,8,27.75
105223,24/02/2024 09:30,Cairo-Nasr City,Rice Pudding Oven,Large,83.05,1,0,Nutella,88238,53,Female,Bronze,Credit Card,In-store,82,5.8,140,17.9,22.8,4,0,Traditional,Greater Cairo,1,9,11.63
100005,01/01/2024 01:00,Alex-Stanly,Ice Cream Mango,Medium,107.49,4,0.05,Pistachio,83829,22,,Silver,Instapay,ElMenus,39,1.5,117,30.2,71.5,,0,Ice Cream,Alexandria,0,1,60.19
103052,01/02/2024 18:45,Mansoura-Mashaya,Sweet Koshary Mix,Medium,73.78,7,0.1,Pistachio,84545,45,Female,Bronze,Credit Card,ElMenus,40,4.8,126,33.7,31.1,3,0,Signature,Delta,0,18,72.3
105692,29/02/2024 06:45,Cairo-Nasr City,Ice Cream Mango,Medium,109.77,10,0.1,,85065,71,Female,Bronze,Credit Card,Mobile App,34,3.7,130,27.5,62.4,5,0,Ice Cream,Greater Cairo,0,6,153.68
103125,02/02/2024 13:00,Mansoura-Mashaya,Qishtouza Lotus,Small,41.68,1,0.15,Pistachio,51831,56,Male,Silver,Wallet,Talabat,101,6.9,144,42.4,25.4,4,0,Modern,Delta,1,13,5.84
102492,26/01/2024 22:45,Mansoura-Mashaya,Qishtouza Lotus,Medium,80.62,10,0,Lotus,56898,28,,None,Wallet,ElMenus,12,14.2,145,26.2,32.9,1,0,Modern,Delta,1,22,112.87
103855,10/02/2024 03:30,Giza-Zayed,Om Ali Cream,Medium,62.24,5,0,Pistachio,84352,65,Female,None,Wallet,ElMenus,83,6.2,142,20,82.7,,0,Traditional,Greater Cairo,1,3,43.57
104778,19/02/2024 18:15,Giza-Zayed,Super B.Laban,Small,104.5,10,0,Pistachio,60430,,Female,Gold,Wallet,In-store,49,10.7,122,19.5,49.2,4,0,Signature,Greater Cairo,0,18,146.3
107510,19/03/2024 05:15,Tanta-Saeed,Super B.Laban,Large,154.72,4,0,,76471,,Female,Silver,Credit Card,In-store,48,2.8,149,40.3,45.6,1,0,Signature,Delta,0,5,86.64
106458,08/03/2024 06:15,Alex-Stanly,Rice Pudding Nuts,Large,87.42,9,0,None,68287,12,Male,Silver,Cash,Talabat,19,1.5,121,28.4,60.7,2,0,Traditional,Alexandria,1,6,110.15
106294,06/03/2024 13:15,Mansoura-Mashaya,Rice Pudding Nuts,Large,138.54,11,0,Pistachio,66401,21,Male,Gold,Instapay,Talabat,117,7,131,16.6,30.5,,0,Traditional,Delta,0,13,213.35
101149,12/01/2024 23:00,Alex-Stanly,Qishtouza Lotus,Large,176.41,3,0,Lotus,54123,59,Male,Gold,Credit Card,ElMenus,40,11.4,129,40.8,31.5,1,0,Modern,Alexandria,1,23,74.09
100575,06/01/2024 23:30,Dubai-Marina,Rice Pudding Nuts,Large,171.93,2,0,None,85154,63,Female,Gold,Credit Card,Talabat,101,6.1,141,18,82.1,4,0,Traditional,UAE,1,23,48.14
103770,09/02/2024 06:15,Riyadh-Olaya,Rice Pudding Oven,Small,87.62,7,0,Pistachio,72529,48,,Bronze,Instapay,Talabat,113,8.6,111,28.4,54,5,0,Traditional,KSA,1,6,85.87
104147,13/02/2024 04:30,Mansoura-Mashaya,Rice Pudding Oven,Medium,139.79,9,0.05,Lotus,82249,57,Female,Gold,Cash,Talabat,55,6,146,27.5,82.2,1,0,Traditional,Delta,0,4,176.14
100854,09/01/2024 21:15,Alex-Stanly,Qishtouza Lotus,Large,175.72,3,0,Nuts,64504,,Female,None,Cash,ElMenus,97,3.7,112,16.1,41.7,1,0,Modern,Alexandria,0,21,73.8
105920,02/03/2024 15:45,Cairo-Nasr City,Super B.Laban,Large,116.64,5,0,Nuts,55261,,Female,Bronze,Credit Card,ElMenus,20,4.2,133,23.6,69.8,4,0,Signature,Greater Cairo,1,15,81.65
109359,07/04/2024 11:30,Giza-Zayed,Qishtouza Nutella,Medium,131.49,11,0,Nutella,77715,40,Male,Bronze,Instapay,In-store,89,9.7,115,41.3,41,3,0,Modern,Greater Cairo,1,11,202.49
106615,09/03/2024 21:30,Alex-Stanly,Rice Pudding Nuts,Medium,51.04,3,0,Nutella,89784,28,Male,None,Cash,ElMenus,95,7.7,133,34.9,40.8,2,0,Traditional,Alexandria,1,21,21.44
106003,03/03/2024 12:30,Mansoura-Mashaya,Qishtouza Nutella,Medium,108.78,4,0,None,86439,54,Male,None,Wallet,Mobile App,106,14.8,113,17.7,42.7,,0,Modern,Delta,1,12,60.92
109164,05/04/2024 10:45,Cairo-Zamalek,Rice Pudding Nuts,Small,122.51,9,0,Lotus,84151,64,Female,Silver,Cash,Talabat,102,5.4,118,16,48.7,5,0,Traditional,Greater Cairo,1,10,154.36
104496,16/02/2024 19:45,Mansoura-Mashaya,Rice Pudding Oven,Medium,147.47,4,0,Lotus,62374,21,Male,Gold,Wallet,Talabat,77,0.5,114,25.6,62,1,0,Traditional,Delta,1,19,82.58
108174,26/03/2024 03:15,Mansoura-Mashaya,Super B.Laban,Small,178.03,9,0,Pistachio,63304,16,Female,None,Wallet,Mobile App,76,4.1,114,20.6,76.9,5,0,Signature,Delta,0,3,224.32
106656,10/03/2024 07:45,Giza-Zayed,Sweet Koshary Mix,Medium,63.66,5,0,Lotus,52743,37,Male,Gold,Wallet,Mobile App,96,12,134,40,64.1,1,0,Signature,Greater Cairo,1,7,44.56
102369,25/01/2024 16:00,Mansoura-Mashaya,Om Ali Cream,Medium,163.75,1,0,Nuts,58899,,Male,Silver,Instapay,ElMenus,17,8.9,112,44.1,76,4,0,Traditional,Delta,0,16,22.92
104781,19/02/2024 19:00,Dubai-Marina,Ice Cream Mango,Large,128.17,8,0.1,,75557,42,Female,Gold,Cash,ElMenus,25,7.3,116,23.7,57.8,2,0,Ice Cream,UAE,0,19,143.55
107993,24/03/2024 06:00,Alex-Stanly,Sweet Koshary Mix,Small,69.19,11,0,,51804,35,Female,None,Cash,In-store,67,13.4,106,27.8,74.8,4,0,Signature,Alexandria,1,6,106.55
102951,31/01/2024 17:30,Tanta-Saeed,Qishtouza Nutella,Medium,94.11,6,0,Lotus,79736,47,Female,None,Instapay,ElMenus,22,5.6,128,19.7,62.4,1,0,Modern,Delta,0,17,79.05
105626,28/02/2024 14:15,Cairo-Nasr City,Qishtouza Nutella,Medium,60.52,3,0,Pistachio,71993,52,Female,Silver,Wallet,Talabat,42,5.3,134,29.1,24.1,3,0,Modern,Greater Cairo,0,14,25.42
106972,13/03/2024 14:45,Giza-Zayed,Sweet Koshary Mix,Large,69.19,10,0,Pistachio,86027,,Female,Silver,Instapay,Mobile App,91,11.5,141,29.8,44.3,5,0,Signature,Greater Cairo,0,14,96.87
108717,31/03/2024 19:00,Cairo-Nasr City,Ice Cream Mango,Medium,138.78,2,0,,58305,71,Female,None,Wallet,Mobile App,21,12.6,110,31.4,39.4,3,0,Ice Cream,Greater Cairo,1,19,38.86
101842,20/01/2024 04:15,Tanta-Saeed,Qishtouza Nutella,Medium,155.97,7,0.15,None,57015,45,Female,Silver,Instapay,In-store,38,14,146,43.4,54.9,4,0,Modern,Delta,1,4,152.85
105987,03/03/2024 08:30,Giza-Zayed,Qishtouza Nutella,Large,81.48,5,0,,55214,,Female,Bronze,Credit Card,In-store,33,9.5,145,18.9,66.7,5,0,Modern,Greater Cairo,1,8,57.04
100538,06/01/2024 14:15,Dubai-Marina,Rice Pudding Nuts,Small,86.68,4,0,Lotus,56799,73,Female,Bronze,Instapay,In-store,89,10.5,102,42.2,86.6,3,0,Traditional,UAE,1,14,48.54
102807,30/01/2024 05:30,Mansoura-Mashaya,Om Ali Cream,Medium,110.45,6,0,Pistachio,72411,12,Female,Gold,Cash,Mobile App,69,9.2,121,30.7,38.3,3,0,Traditional,Delta,0,5,92.78
105802,01/03/2024 10:15,Mansoura-Mashaya,Qishtouza Lotus,Medium,109.66,1,0,,70416,19,Male,Silver,Credit Card,Mobile App,47,8.1,111,30.9,25.2,4,0,Modern,Delta,1,10,15.35
105597,28/02/2024 07:00,Cairo-Zamalek,Om Ali Cream,Small,60.96,1,0,,70654,21,Male,Bronze,Instapay,Talabat,76,14.9,139,40.7,72.1,4,0,Traditional,Greater Cairo,0,7,8.53
107207,16/03/2024 01:30,Tanta-Saeed,Qishtouza Nutella,Medium,168.78,2,0.15,Pistachio,86472,68,Female,Bronze,Instapay,ElMenus,80,12.9,123,21.7,51.9,3,0,Modern,Delta,1,1,47.26
107344,17/03/2024 11:45,Giza-Zayed,Rice Pudding Oven,Medium,168.98,6,0,,83642,41,Male,Gold,Wallet,ElMenus,74,7.2,113,15.1,31,4,0,Traditional,Greater Cairo,1,11,141.94
107561,19/03/2024 18:00,Cairo-Zamalek,Qishtouza Nutella,Medium,45.09,5,0,Nuts,58524,66,Male,Bronze,Wallet,In-store,11,0.8,132,33.3,81.7,5,1,Modern,Greater Cairo,0,18,31.56
108097,25/03/2024 08:00,Riyadh-Olaya,Om Ali Cream,Small,78.38,7,0.1,None,62636,49,Female,None,Cash,In-store,31,6.4,144,42.4,37.4,1,0,Traditional,KSA,0,8,76.81
100785,09/01/2024 04:00,Cairo-Zamalek,Om Ali Cream,Large,136.45,6,0,Lotus,64140,50,Male,None,Credit Card,In-store,28,9,128,30.2,84.6,,0,Traditional,Greater Cairo,0,4,114.62
101410,15/01/2024 16:15,Cairo-Zamalek,Om Ali Cream,Medium,88.56,6,0,Lotus,66883,45,,Silver,Cash,ElMenus,29,4.7,135,42,66.2,4,0,Traditional,Greater Cairo,0,16,74.39
100155,02/01/2024 14:30,Mansoura-Mashaya,Super B.Laban,Large,76.38,4,0,Pistachio,75854,58,Male,Silver,Cash,In-store,64,11.3,118,36.3,25.1,4,0,Signature,Delta,0,14,42.77
107807,22/03/2024 07:30,Riyadh-Olaya,Om Ali Cream,Medium,85.03,11,0,Pistachio,85635,38,Female,Bronze,Cash,ElMenus,82,8.5,138,26.9,84,3,0,Traditional,KSA,1,7,130.95
103010,01/02/2024 08:15,Mansoura-Mashaya,Rice Pudding Nuts,Small,171.44,2,0.15,Pistachio,87248,17,Female,None,Credit Card,Talabat,23,9.8,122,15.1,77.2,2,0,Traditional,Delta,0,8,48
101687,18/01/2024 13:30,Giza-Zayed,Super B.Laban,Small,72.72,6,0,Nutella,55341,19,Male,,Cash,Talabat,22,10.5,137,41.8,86.3,1,0,Signature,Greater Cairo,0,13,61.08
104015,11/02/2024 19:30,Mansoura-Mashaya,Sweet Koshary Mix,Medium,163.31,5,0,Lotus,57356,38,Male,Bronze,Instapay,Talabat,14,8,123,24.4,46.1,4,0,Signature,Delta,1,19,114.32
107456,18/03/2024 15:45,Dubai-Marina,Ice Cream Mango,Medium,150.44,5,0,Lotus,87156,38,Female,Silver,Credit Card,Talabat,118,10,114,22.7,33.3,1,0,Ice Cream,UAE,0,15,105.31
103864,10/02/2024 05:45,Giza-Zayed,Rice Pudding Oven,Large,64.93,11,0,,62274,28,Female,Silver,Instapay,Mobile App,98,7.2,137,30.1,52.9,,0,Traditional,Greater Cairo,1,5,99.99
102734,29/01/2024 11:15,Giza-Zayed,Rice Pudding Oven,Small,70.94,4,0.05,Pistachio,73374,70,Male,None,Wallet,Mobile App,78,7.2,110,28.3,47.3,1,0,Traditional,Greater Cairo,0,11,39.73
101896,20/01/2024 17:45,Dubai-Marina,Qishtouza Nutella,Medium,142.9,7,0.05,None,65402,,Male,None,Credit Card,Mobile App,17,6.3,103,15.5,47.3,3,0,Modern,UAE,1,17,140.04
105443,26/02/2024 16:30,Cairo-Nasr City,Rice Pudding Nuts,Medium,92.4,11,0,None,62796,74,Female,Gold,Wallet,Talabat,53,2,135,43.3,60.6,,0,Traditional,Greater Cairo,0,16,142.3
100570,06/01/2024 22:15,Dubai-Marina,Qishtouza Nutella,Medium,84,10,0,Lotus,82726,37,Male,Gold,Credit Card,In-store,106,0.7,136,43.4,20.4,3,0,Modern,UAE,1,22,117.6
106710,10/03/2024 21:15,Riyadh-Olaya,Ice Cream Mango,Medium,133.65,7,0,,60753,24,Female,Gold,Cash,Talabat,25,1.8,143,20.6,81.7,,0,Ice Cream,KSA,1,21,130.98
105855,01/03/2024 23:30,Dubai-Marina,Rice Pudding Nuts,Medium,95.06,1,0.1,Nuts,74067,54,Male,Silver,Credit Card,Talabat,83,1.6,145,40.7,56.7,4,0,Traditional,UAE,1,23,13.31
101817,19/01/2024 22:00,Cairo-Zamalek,Rice Pudding Nuts,Medium,53.59,5,0.05,Lotus,87258,,Male,Silver,Cash,In-store,89,10.8,115,25.9,28.9,1,0,Traditional,Greater Cairo,1,22,37.51
108320,27/03/2024 15:45,Mansoura-Mashaya,Qishtouza Nutella,Small,124.91,11,0,Pistachio,85855,,Female,,Instapay,ElMenus,86,10.9,125,44.4,77.5,5,0,Modern,Delta,0,15,192.36
103395,05/02/2024 08:30,Cairo-Nasr City,Ice Cream Mango,Small,149.8,6,0,Nutella,66466,67,Female,Bronze,Instapay,ElMenus,89,13.8,141,24.9,47.6,3,0,Ice Cream,Greater Cairo,0,8,125.83
103328,04/02/2024 15:45,Dubai-Marina,Sweet Koshary Mix,Medium,132.42,7,0,Pistachio,72150,22,Male,None,Cash,Talabat,80,6.9,139,29.4,30.8,3,0,Signature,UAE,1,15,129.77
109983,13/04/2024 23:30,Riyadh-Olaya,Super B.Laban,Large,159.93,11,0.05,Nutella,60315,,Male,Bronze,Instapay,ElMenus,117,8.4,108,24.3,34.7,4,0,Signature,KSA,1,23,246.29
106103,04/03/2024 13:30,Cairo-Nasr City,Qishtouza Lotus,Medium,109.71,10,0,Nuts,69463,13,Male,Silver,Credit Card,Mobile App,92,6,111,18.3,38,4,0,Modern,Greater Cairo,0,13,153.59
102976,31/01/2024 23:45,Alex-Stanly,Rice Pudding Nuts,Large,176.9,6,0,Lotus,68589,44,Female,Silver,Credit Card,Mobile App,78,10.8,108,21,69.6,2,0,Traditional,Alexandria,0,23,148.6
100981,11/01/2024 05:00,Giza-Zayed,Qishtouza Lotus,Medium,168.84,1,0,,71528,20,Male,Silver,Credit Card,Talabat,94,5.4,148,16.4,79.8,1,0,Modern,Greater Cairo,0,5,23.64
100191,02/01/2024 23:30,Dubai-Marina,Ice Cream Mango,Medium,47.19,3,0,Nuts,85307,20,Male,Gold,Wallet,ElMenus,72,7.4,137,16.8,39.2,3,0,Ice Cream,UAE,0,23,19.82
109332,07/04/2024 04:45,Dubai-Marina,Qishtouza Nutella,Large,90.08,6,0,Pistachio,73088,37,Male,,Cash,Talabat,116,5.1,144,18.1,42.7,4,0,Modern,UAE,1,4,75.67
105089,23/02/2024 00:00,Riyadh-Olaya,Qishtouza Nutella,Medium,126.78,10,0,Nuts,78010,32,Male,,Wallet,Mobile App,58,14.3,129,28.3,59,5,1,Modern,KSA,1,0,177.49
100700,08/01/2024 06:45,Alex-Stanly,Rice Pudding Nuts,Medium,127.74,10,0,Nutella,79412,51,Male,Bronze,Cash,Talabat,67,3,149,25.5,70.1,,0,Traditional,Alexandria,0,6,178.84
109760,11/04/2024 15:45,Giza-Zayed,Super B.Laban,Medium,47.2,9,0,Lotus,77856,54,Male,Bronze,Cash,Talabat,22,10.4,133,41.5,30.9,,0,Signature,Greater Cairo,0,15,59.47
100607,07/01/2024 07:30,Dubai-Marina,Qishtouza Lotus,Medium,42.31,5,0.15,None,89827,55,Male,Bronze,Wallet,ElMenus,18,13.4,113,35.7,31.5,3,0,Modern,UAE,1,7,29.62
100302,04/01/2024 03:15,Cairo-Nasr City,Rice Pudding Oven,Large,81.06,8,0,Pistachio,73130,43,Female,Bronze,Wallet,Mobile App,81,3.7,142,16.9,42.7,,0,Traditional,Greater Cairo,0,3,90.79
103421,05/02/2024 15:00,Alex-Stanly,Om Ali Cream,Large,98.19,3,0,,72491,74,Female,None,Instapay,Mobile App,109,4.8,144,16.8,24.2,1,0,Traditional,Alexandria,0,15,41.24
109805,12/04/2024 03:00,Tanta-Saeed,Rice Pudding Nuts,Medium,85.26,8,0,Lotus,85502,17,,None,Wallet,Talabat,36,14.5,138,15.3,39.7,3,0,Traditional,Delta,1,3,95.49
101061,12/01/2024 01:00,Cairo-Nasr City,Qishtouza Nutella,Large,101.33,8,0,Lotus,83468,48,Female,Silver,Cash,Talabat,76,3,138,34.6,64.5,5,0,Modern,Greater Cairo,1,1,113.49
103445,05/02/2024 21:00,Tanta-Saeed,Rice Pudding Nuts,Medium,159.73,4,0.15,None,62028,,Male,None,Cash,In-store,88,9.6,131,39.8,66.6,1,0,Traditional,Delta,0,21,89.45
101070,12/01/2024 03:15,Mansoura-Mashaya,Ice Cream Mango,Medium,125.63,10,0,Nutella,84664,,Female,Gold,Instapay,ElMenus,11,6,148,24.8,25,,1,Ice Cream,Delta,1,3,175.88
102206,23/01/2024 23:15,Cairo-Nasr City,Rice Pudding Nuts,Small,49.03,11,0,,60895,66,Male,None,Credit Card,In-store,13,4.5,123,34.3,82.9,4,0,Traditional,Greater Cairo,0,23,75.51
109436,08/04/2024 06:45,Cairo-Nasr City,Rice Pudding Oven,Large,170.38,1,0.1,Pistachio,58159,24,Female,None,Cash,Mobile App,107,5.3,118,15.4,55.7,1,0,Traditional,Greater Cairo,0,6,23.85
107340,17/03/2024 10:45,Riyadh-Olaya,Rice Pudding Nuts,Small,151.49,5,0,Nuts,82698,,Female,None,Wallet,Mobile App,51,11,106,15.4,49,2,0,Traditional,KSA,1,10,106.04
108209,26/03/2024 12:00,Alex-Stanly,Super B.Laban,Medium,61.68,7,0,,64115,22,Male,Bronze,Instapay,Mobile App,105,8.2,139,18.5,61.6,3,0,Signature,Alexandria,0,12,60.45
107680,20/03/2024 23:45,Dubai-Marina,Qishtouza Lotus,Medium,98.53,9,0.15,Nuts,85505,,,Silver,Credit Card,In-store,115,10.8,134,34.2,42,,0,Modern,UAE,0,23,124.15
104643,18/02/2024 08:30,Mansoura-Mashaya,Qishtouza Lotus,Large,78.54,10,0,Nutella,79251,52,Male,Bronze,Wallet,Mobile App,115,12.1,105,38.1,23.6,1,0,Modern,Delta,1,8,109.96
107684,21/03/2024 00:45,Dubai-Marina,Om Ali Cream,Small,169.93,2,0,None,78026,39,Male,Silver,Cash,In-store,101,13.3,103,41.8,38.4,3,0,Traditional,UAE,0,0,47.58
109008,03/04/2024 19:45,Cairo-Nasr City,Qishtouza Lotus,Medium,132.49,5,0.15,Lotus,74229,48,Male,Bronze,Cash,ElMenus,101,10.5,139,29.2,84,1,0,Modern,Greater Cairo,0,19,92.74
107997,24/03/2024 07:00,Tanta-Saeed,Sweet Koshary Mix,Large,153.43,5,0,,70922,69,Male,Gold,Wallet,In-store,79,1.7,144,39.7,29.1,3,0,Signature,Delta,1,7,107.4
105601,28/02/2024 08:00,Alex-Stanly,Ice Cream Mango,Medium,57.65,11,0,Lotus,74017,57,,Silver,Credit Card,Talabat,71,12.1,104,34.6,72.6,5,0,Ice Cream,Alexandria,0,8,88.78
109152,05/04/2024 07:45,Tanta-Saeed,Qishtouza Nutella,Large,97.35,4,0.1,,64242,17,Female,Gold,Cash,ElMenus,118,4.1,127,40.3,54.2,3,1,Modern,Delta,1,7,54.52
107023,14/03/2024 03:30,Dubai-Marina,Qishtouza Nutella,Medium,81.1,11,0.15,Nutella,72302,61,Male,None,Instapay,Mobile App,40,9.2,128,44.6,81.5,5,0,Modern,UAE,0,3,124.89
104894,20/02/2024 23:15,Mansoura-Mashaya,Qishtouza Lotus,Large,123.29,9,0.05,Nutella,52582,32,Female,Silver,Credit Card,In-store,49,14.5,103,43.2,40.7,,0,Modern,Delta,0,23,155.35
100226,03/01/2024 08:15,Cairo-Zamalek,Sweet Koshary Mix,Medium,99.35,1,0,Lotus,50329,62,Female,Bronze,Wallet,In-store,36,11.4,121,25.8,41.1,,0,Signature,Greater Cairo,0,8,13.91
103355,04/02/2024 22:30,Mansoura-Mashaya,Ice Cream Mango,Small,53.36,10,0,,81967,12,Male,Gold,Wallet,ElMenus,20,12.1,124,24.9,89.1,2,0,Ice Cream,Delta,1,22,74.7
105896,02/03/2024 09:45,Alex-Stanly,Qishtouza Nutella,Medium,166.06,7,0.1,None,84962,18,Male,Gold,Cash,ElMenus,69,2.2,114,32.6,39.7,2,0,Modern,Alexandria,1,9,162.74
108755,01/04/2024 04:30,Dubai-Marina,Super B.Laban,Large,69.72,7,0,Nutella,65549,50,Female,Silver,Wallet,Talabat,28,3.3,148,38.4,54.3,3,0,Signature,UAE,0,4,68.33
103437,05/02/2024 19:00,Cairo-Nasr City,Rice Pudding Oven,Medium,58.68,2,0,None,89128,36,Male,Silver,Credit Card,Mobile App,79,1.6,130,36.9,85.9,1,0,Traditional,Greater Cairo,0,19,16.43
101694,18/01/2024 15:15,Dubai-Marina,Rice Pudding Nuts,Large,93.04,11,0,Pistachio,84414,16,Male,Bronze,Cash,Mobile App,102,6.5,132,37.7,77.2,3,0,Traditional,UAE,0,15,143.28
106894,12/03/2024 19:15,Cairo-Zamalek,Super B.Laban,Large,128.18,10,0,Pistachio,50277,12,Female,Bronze,Credit Card,ElMenus,45,5.1,141,31.7,42.7,,0,Signature,Greater Cairo,0,19,179.45
101046,11/01/2024 21:15,Alex-Stanly,Qishtouza Lotus,Large,146.4,8,0.1,Lotus,82596,36,,Silver,Instapay,ElMenus,90,3.1,137,24.6,66.9,3,0,Modern,Alexandria,0,21,163.97
103447,05/02/2024 21:30,Alex-Stanly,Sweet Koshary Mix,Medium,112.56,5,0.05,Nuts,68729,40,Female,Gold,Wallet,Mobile App,62,7,113,25.6,68.9,5,0,Signature,Alexandria,0,21,78.79
108051,24/03/2024 20:30,Giza-Zayed,Qishtouza Lotus,Small,73.54,4,0,Nuts,83785,,Male,Gold,Cash,ElMenus,74,8.3,132,40.5,34.8,4,0,Modern,Greater Cairo,1,20,41.18
109147,05/04/2024 06:30,Riyadh-Olaya,Rice Pudding Oven,Medium,61.49,4,0.05,,50839,34,,None,Credit Card,Mobile App,96,7,116,30.4,87.6,1,1,Traditional,KSA,1,6,34.43
109982,13/04/2024 23:15,Tanta-Saeed,Rice Pudding Nuts,Medium,94.3,4,0,Lotus,73012,58,Male,Silver,Credit Card,Mobile App,81,6.2,112,35.2,57.8,4,0,Traditional,Delta,1,23,52.81
104736,19/02/2024 07:45,Dubai-Marina,Rice Pudding Nuts,Small,55.94,6,0,Nutella,74206,56,Female,Bronze,Wallet,ElMenus,18,10.8,111,21.1,48.8,4,0,Traditional,UAE,0,7,46.99
104497,16/02/2024 20:00,Alex-Stanly,Qishtouza Nutella,Large,71.19,9,0,Pistachio,79022,55,Female,Gold,Instapay,In-store,96,13.3,122,26.1,23.2,5,0,Modern,Alexandria,1,20,89.7
101219,13/01/2024 16:30,Mansoura-Mashaya,Rice Pudding Oven,Medium,166.78,3,0,Nuts,51845,16,Female,,Wallet,Talabat,60,9.8,111,16.3,75.8,2,0,Traditional,Delta,1,16,70.05
106016,03/03/2024 15:45,Giza-Zayed,Qishtouza Nutella,Medium,72.13,4,0,Pistachio,52620,55,Male,Gold,Credit Card,ElMenus,66,7.1,134,42.2,51.7,5,0,Modern,Greater Cairo,1,15,40.39
109720,11/04/2024 05:45,Cairo-Zamalek,Sweet Koshary Mix,Medium,112.56,1,0,Nuts,67343,16,Female,,Wallet,ElMenus,63,8.4,128,29,57.9,2,0,Signature,Greater Cairo,0,5,15.76
103988,11/02/2024 12:45,Cairo-Nasr City,Super B.Laban,Medium,125.87,4,0,Pistachio,86749,15,Male,Gold,Wallet,ElMenus,12,9.7,142,37,65.9,2,0,Signature,Greater Cairo,1,12,70.49
104912,21/02/2024 03:45,Mansoura-Mashaya,Rice Pudding Oven,Medium,56.16,9,0.05,,78466,45,Male,,Credit Card,Mobile App,31,6.9,133,18.7,79.4,3,0,Traditional,Delta,0,3,70.76
109493,08/04/2024 21:00,Cairo-Zamalek,Super B.Laban,Large,121.14,2,0,Lotus,70770,,Male,Gold,Instapay,ElMenus,22,6.1,125,24.3,61.8,2,0,Signature,Greater Cairo,0,21,33.92
104494,16/02/2024 19:15,Riyadh-Olaya,Rice Pudding Oven,Small,60.65,11,0,Nutella,63747,37,Female,Bronze,Cash,In-store,32,12.1,135,35,65.1,4,0,Traditional,KSA,1,19,93.4
106945,13/03/2024 08:00,Dubai-Marina,Om Ali Cream,Small,72.01,3,0.05,Nutella,67820,38,Male,None,Wallet,ElMenus,10,7.3,137,15.9,79.2,5,0,Traditional,UAE,0,8,30.24
105700,29/02/2024 08:45,Cairo-Zamalek,Qishtouza Lotus,Medium,145.72,9,0,Pistachio,52043,31,Male,Bronze,Credit Card,In-store,101,1.4,147,24.3,89.5,3,0,Modern,Greater Cairo,0,8,183.61
108353,28/03/2024 00:00,Tanta-Saeed,Qishtouza Nutella,Large,114.58,11,0.15,None,65201,71,Female,Bronze,Cash,In-store,76,0.6,106,21.9,58.2,2,0,Modern,Delta,0,0,176.45
100957,10/01/2024 23:00,Giza-Zayed,Qishtouza Nutella,Medium,137.39,5,0.1,,62458,32,,Gold,Wallet,Talabat,19,12.4,135,36.8,21.8,3,0,Modern,Greater Cairo,0,23,96.17
102870,30/01/2024 21:15,Dubai-Marina,Super B.Laban,Medium,57.86,7,0.15,Lotus,72847,52,,Silver,Instapay,Talabat,64,0.8,132,34.4,22.8,2,0,Signature,UAE,0,21,56.7
104434,16/02/2024 04:15,Cairo-Nasr City,Sweet Koshary Mix,Large,114.46,8,0,None,66668,,Male,Silver,Credit Card,Talabat,30,7.2,129,43.9,51.2,2,0,Signature,Greater Cairo,1,4,128.2
104974,21/02/2024 19:15,Giza-Zayed,Ice Cream Mango,Small,49,2,0,Pistachio,54495,58,Male,Bronze,Wallet,ElMenus,92,0.5,148,35.3,64.7,5,1,Ice Cream,Greater Cairo,0,19,13.72
102962,31/01/2024 20:15,Cairo-Nasr City,Rice Pudding Nuts,Small,174.66,11,0.1,None,50430,23,Female,Gold,Cash,ElMenus,71,8.2,109,27.2,82,2,0,Traditional,Greater Cairo,0,20,268.98
102201,23/01/2024 22:00,Mansoura-Mashaya,Super B.Laban,Medium,49.14,4,0.15,Nuts,86807,34,Male,Silver,Cash,Mobile App,79,14,102,33.9,79.5,1,0,Signature,Delta,0,22,27.52
100099,02/01/2024 00:30,Tanta-Saeed,Sweet Koshary Mix,Medium,172.61,7,0,Nutella,75827,,,Gold,Credit Card,In-store,53,10.5,129,36.7,28.6,1,0,Signature,Delta,0,0,169.16
109850,12/04/2024 14:15,Mansoura-Mashaya,Rice Pudding Nuts,Medium,76.82,2,0,Pistachio,89680,,Male,Silver,Cash,In-store,76,8.3,132,16.7,31.4,,0,Traditional,Delta,1,14,21.51
102558,27/01/2024 15:15,Dubai-Marina,Super B.Laban,Medium,128.23,8,0,Lotus,50906,70,Female,Bronze,Instapay,ElMenus,116,1.2,125,16,33.4,3,0,Signature,UAE,1,15,143.62
108446,28/03/2024 23:15,Alex-Stanly,Sweet Koshary Mix,Small,93.72,3,0,Lotus,64404,35,,None,Credit Card,In-store,43,10.7,125,28.2,52.1,,0,Signature,Alexandria,0,23,39.36
104200,13/02/2024 17:45,Dubai-Marina,Super B.Laban,Medium,173.38,7,0,Lotus,57551,33,Female,None,Credit Card,ElMenus,65,4.5,108,31.3,65.3,1,0,Signature,UAE,0,17,169.91
109638,10/04/2024 09:15,Dubai-Marina,Qishtouza Nutella,Small,61.58,5,0,Lotus,52870,32,Male,Bronze,Cash,ElMenus,27,14.7,141,26.3,81.4,5,0,Modern,UAE,0,9,43.11
105540,27/02/2024 16:45,Tanta-Saeed,Rice Pudding Oven,Medium,112.73,6,0,None,62917,30,Female,None,Instapay,Talabat,13,14.4,106,15.4,53.2,5,0,Traditional,Delta,0,16,94.69
101649,18/01/2024 04:00,Cairo-Nasr City,Rice Pudding Nuts,Small,172.69,5,0,Nutella,76286,13,Male,None,Instapay,ElMenus,77,6.6,145,30.4,71.4,4,0,Traditional,Greater Cairo,0,4,120.88
106198,05/03/2024 13:15,Alex-Stanly,Rice Pudding Oven,Small,125.32,10,0,Pistachio,81045,64,Female,Gold,Instapay,ElMenus,42,0.8,125,38.4,24.5,1,0,Traditional,Alexandria,0,13,175.45
106296,06/03/2024 13:45,Cairo-Zamalek,Rice Pudding Nuts,Medium,124.08,4,0,Nuts,85675,46,Male,None,Wallet,Mobile App,99,7.1,109,18,54,1,0,Traditional,Greater Cairo,0,13,69.48
104500,16/02/2024 20:45,Mansoura-Mashaya,Om Ali Cream,Medium,136.95,8,0.05,Pistachio,76408,34,Male,None,Instapay,Mobile App,36,3.8,126,20.6,65.9,2,0,Traditional,Delta,1,20,153.38
101155,13/01/2024 00:30,Riyadh-Olaya,Rice Pudding Oven,Large,71.33,6,0,Nuts,69303,27,,None,Credit Card,ElMenus,67,9,126,40.5,39.6,1,0,Traditional,KSA,1,0,59.92
102256,24/01/2024 11:45,Giza-Zayed,Rice Pudding Nuts,Medium,46.72,9,0,,87225,56,,Silver,Cash,In-store,103,9.9,142,41.5,68.6,,0,Traditional,Greater Cairo,0,11,58.87
103171,03/02/2024 00:30,Alex-Stanly,Super B.Laban,Medium,148.12,5,0,Lotus,83730,17,Male,None,Cash,Mobile App,39,3.6,124,20,56.2,2,0,Signature,Alexandria,1,0,103.68
107401,18/03/2024 02:00,Cairo-Nasr City,Om Ali Cream,Large,167.09,11,0,,76434,31,Female,None,Instapay,ElMenus,35,1.7,136,44.1,89.5,3,0,Traditional,Greater Cairo,0,2,257.32
107159,15/03/2024 13:30,Dubai-Marina,Om Ali Cream,Medium,176.13,11,0,Nutella,72209,15,,Bronze,Instapay,Talabat,117,9.8,144,38.8,85.4,5,0,Traditional,UAE,1,13,271.24
103109,02/02/2024 09:00,Cairo-Nasr City,Qishtouza Nutella,Large,141.04,3,0.15,Nutella,77764,52,Female,Silver,Cash,Talabat,17,10.8,130,42,26.1,1,0,Modern,Greater Cairo,1,9,59.24
104549,17/02/2024 09:00,Cairo-Zamalek,Ice Cream Mango,Medium,170.8,1,0,Nutella,75598,71,Male,Silver,Cash,ElMenus,90,8.5,120,22,45.8,,0,Ice Cream,Greater Cairo,1,9,23.91
105424,26/02/2024 11:45,Dubai-Marina,Rice Pudding Oven,Large,40.46,8,0,Lotus,78997,,Male,None,Credit Card,ElMenus,84,5.1,137,33.8,49.1,4,0,Traditional,UAE,0,11,45.32
102050,22/01/2024 08:15,Mansoura-Mashaya,Super B.Laban,Small,50.64,5,0,Pistachio,53895,47,Female,Silver,Wallet,ElMenus,44,12.8,108,42,74.1,3,0,Signature,Delta,0,8,35.45
109209,05/04/2024 22:00,Cairo-Nasr City,Sweet Koshary Mix,Medium,40.05,1,0.05,Pistachio,59708,24,Male,Gold,Instapay,In-store,100,8.3,129,34.7,32.5,3,0,Signature,Greater Cairo,1,22,5.61
108816,01/04/2024 19:45,Tanta-Saeed,Om Ali Cream,Small,144.49,4,0.15,Nuts,85762,70,,Bronze,Cash,ElMenus,115,7.1,143,44.1,44.3,5,0,Traditional,Delta,0,19,80.91
109798,12/04/2024 01:15,Riyadh-Olaya,Qishtouza Lotus,Medium,69.99,9,0,Pistachio,58206,27,Female,,Wallet,Mobile App,83,6.1,138,15.2,26.4,2,1,Modern,KSA,1,1,88.19
100263,03/01/2024 17:30,Mansoura-Mashaya,Qishtouza Nutella,Medium,113.12,5,0,,52626,51,Male,None,Credit Card,ElMenus,93,9.6,116,25.1,76,1,0,Modern,Delta,0,17,79.18
104062,12/02/2024 07:15,Mansoura-Mashaya,Qishtouza Lotus,Large,144.99,4,0,Lotus,72178,,Male,None,Wallet,Talabat,87,13.3,111,29.4,61.4,,0,Modern,Delta,0,7,81.19
105535,27/02/2024 15:30,Dubai-Marina,Rice Pudding Oven,Medium,121.55,4,0,Nutella,78110,12,Female,Gold,Cash,In-store,23,5.8,149,29.2,22.7,3,0,Traditional,UAE,0,15,68.07
106617,09/03/2024 22:00,Tanta-Saeed,Rice Pudding Oven,Small,139.94,10,0,Nutella,52224,66,,None,Credit Card,Mobile App,79,8.9,113,31.5,54.2,1,0,Traditional,Delta,1,22,195.92
108121,25/03/2024 14:00,Cairo-Nasr City,Rice Pudding Oven,Large,99.66,9,0,None,55337,24,,None,Wallet,In-store,28,14.1,122,39,21.5,3,0,Traditional,Greater Cairo,0,14,125.57
108156,25/03/2024 22:45,Giza-Zayed,Rice Pudding Oven,Medium,58.53,10,0,Pistachio,89424,67,Female,Bronze,Cash,Talabat,52,11,140,38.4,58,2,0,Traditional,Greater Cairo,0,22,81.94
101803,19/01/2024 18:30,Alex-Stanly,Super B.Laban,Medium,105.15,11,0,Nutella,60989,,Male,Silver,Wallet,In-store,64,11.9,128,37,59.6,3,0,Signature,Alexandria,1,18,161.93
104737,19/02/2024 08:00,Dubai-Marina,Sweet Koshary Mix,Small,111.86,10,0,None,71930,13,,None,Wallet,ElMenus,30,11.4,140,28.5,72.4,4,0,Signature,UAE,0,8,156.6
102386,25/01/2024 20:15,Tanta-Saeed,Ice Cream Mango,Medium,66.73,5,0,Lotus,89013,66,Female,None,Credit Card,In-store,57,14.4,147,17.1,77.7,,1,Ice Cream,Delta,0,20,46.71
106695,10/03/2024 17:30,Riyadh-Olaya,Om Ali Cream,Large,63.91,3,0,Pistachio,83086,37,Female,,Cash,ElMenus,53,2.7,139,30.1,61.3,5,0,Traditional,KSA,1,17,26.84
105760,29/02/2024 23:45,Riyadh-Olaya,Super B.Laban,Small,66.67,1,0.1,Pistachio,84533,38,Male,Silver,Wallet,ElMenus,28,6.5,119,29.7,78.7,5,0,Signature,KSA,0,23,9.33
101960,21/01/2024 09:45,Alex-Stanly,Rice Pudding Oven,Large,177.97,6,0.15,Nutella,72425,26,Female,None,Wallet,Talabat,65,9,132,36.4,34.7,5,1,Traditional,Alexandria,1,9,149.49
102977,01/02/2024 00:00,Giza-Zayed,Rice Pudding Oven,Small,153,1,0,Nuts,82570,32,Male,Bronze,Wallet,Talabat,40,5.5,115,39.5,62.2,1,0,Traditional,Greater Cairo,0,0,21.42
108681,31/03/2024 10:00,Cairo-Nasr City,Om Ali Cream,Small,115.37,9,0,Nutella,53530,12,Female,Silver,Wallet,ElMenus,99,6.2,113,17.3,87.4,3,0,Traditional,Greater Cairo,1,10,145.37
101844,20/01/2024 04:45,Alex-Stanly,Qishtouza Lotus,Medium,81.39,4,0,None,88540,73,Male,None,Wallet,Talabat,36,8.3,128,25.3,21.4,1,0,Modern,Alexandria,1,4,45.58
101735,19/01/2024 01:30,Cairo-Nasr City,Rice Pudding Oven,Medium,116.63,1,0,Nuts,79665,56,Female,Gold,Cash,Talabat,99,10.5,129,40.1,39.9,2,0,Traditional,Greater Cairo,1,1,16.33
102912,31/01/2024 07:45,Cairo-Nasr City,Super B.Laban,Large,87.22,7,0,Nuts,82653,19,Male,Gold,Instapay,In-store,77,3.2,132,39.7,50.1,2,0,Signature,Greater Cairo,0,7,85.48
108339,27/03/2024 20:30,Dubai-Marina,Sweet Koshary Mix,Medium,82.73,8,0,Lotus,67773,36,Male,Bronze,Cash,ElMenus,96,12.6,112,32.1,32.7,2,0,Signature,UAE,0,20,92.66
101987,21/01/2024 16:30,Cairo-Zamalek,Rice Pudding Oven,Medium,168.11,5,0,Pistachio,68325,46,Male,None,Wallet,ElMenus,116,9.1,138,19.5,20.1,1,0,Traditional,Greater Cairo,1,16,117.68
109562,09/04/2024 14:15,Dubai-Marina,Sweet Koshary Mix,Small,77.22,7,0,Lotus,65268,51,Male,None,Wallet,Talabat,83,0.8,144,32.4,74.2,2,0,Signature,UAE,0,14,75.68
106547,09/03/2024 04:30,Riyadh-Olaya,Qishtouza Nutella,Large,169.89,7,0.15,Nuts,56690,46,Female,Gold,Instapay,ElMenus,70,8.9,107,27.6,59.2,3,0,Modern,KSA,1,4,166.49
107099,14/03/2024 22:30,Giza-Zayed,Om Ali Cream,Medium,156.77,4,0,Nuts,87655,44,Male,Bronze,Cash,Mobile App,62,5.1,112,24.3,23.3,3,0,Traditional,Greater Cairo,0,22,87.79
102812,30/01/2024 06:45,Cairo-Nasr City,Ice Cream Mango,Medium,62.89,5,0,Nutella,80709,68,Female,,Wallet,Talabat,47,8.3,108,30,68.3,1,0,Ice Cream,Greater Cairo,0,6,44.02
100660,07/01/2024 20:45,Cairo-Zamalek,Sweet Koshary Mix,Medium,63.53,11,0,Pistachio,62666,,Female,Bronze,Credit Card,Talabat,86,8.9,108,36.9,71.3,1,0,Signature,Greater Cairo,1,20,97.84
102512,27/01/2024 03:45,Cairo-Nasr City,Rice Pudding Nuts,Large,91.08,9,0,Nutella,64946,,Male,Gold,Cash,Talabat,65,10.6,146,21.9,74.9,1,0,Traditional,Greater Cairo,1,3,114.76
104283,14/02/2024 14:30,Cairo-Zamalek,Qishtouza Lotus,Medium,125.05,6,0.15,None,80892,36,Male,Bronze,Cash,ElMenus,77,12.7,110,35.9,71.5,5,0,Modern,Greater Cairo,0,14,105.04
109340,07/04/2024 06:45,Mansoura-Mashaya,Rice Pudding Nuts,Medium,143.36,7,0,,77326,64,Female,Bronze,Cash,Talabat,22,13.7,138,31.3,85.5,5,0,Traditional,Delta,1,6,140.49
108801,01/04/2024 16:00,Cairo-Zamalek,Qishtouza Nutella,Medium,99.51,8,0,Lotus,89452,74,Male,Bronze,Wallet,ElMenus,29,9.1,105,36,72.4,3,0,Modern,Greater Cairo,0,16,111.45
106288,06/03/2024 11:45,Dubai-Marina,Super B.Laban,Medium,121,2,0,Nuts,77637,67,Female,Silver,Wallet,In-store,94,1.6,116,17.6,68.3,2,0,Signature,UAE,0,11,33.88
101931,21/01/2024 02:30,Riyadh-Olaya,Sweet Koshary Mix,Medium,140.29,2,0,,76150,52,Male,,Credit Card,In-store,54,4.2,107,26.8,58.9,3,0,Signature,KSA,1,2,39.28
107126,15/03/2024 05:15,Mansoura-Mashaya,Qishtouza Lotus,Medium,106.96,-5,0,Pistachio,67972,14,Male,Gold,Instapay,Mobile App,63,10.7,125,25,65.5,,0,Modern,Delta,1,5,104.82
100198,03/01/2024 01:15,Giza-Zayed,Sweet Koshary Mix,Large,54.77,6,0,Nutella,84379,52,Male,Silver,Wallet,In-store,52,12.4,139,21,45.4,1,0,Signature,Greater Cairo,0,1,46.01
107778,22/03/2024 00:15,Riyadh-Olaya,Om Ali Cream,Small,154.9,9,0.05,None,58194,45,Male,None,Instapay,ElMenus,76,3.6,106,35.2,48.8,5,0,Traditional,KSA,1,0,195.17
102932,31/01/2024 12:45,Dubai-Marina,Sweet Koshary Mix,Large,49.3,2,0.15,Nutella,50832,51,Female,Bronze,Instapay,ElMenus,61,15,144,29.1,31.6,4,0,Signature,UAE,0,12,13.8
108005,24/03/2024 09:00,Alex-Stanly,Sweet Koshary Mix,Large,88.32,6,0,None,68209,70,Female,Bronze,Credit Card,In-store,84,10.6,121,26.4,78.1,4,0,Signature,Alexandria,1,9,74.19
102328,25/01/2024 05:45,Dubai-Marina,Sweet Koshary Mix,Small,110.31,9,0.1,None,78191,65,Female,Bronze,Credit Card,ElMenus,21,8.3,108,25,36.8,1,0,Signature,UAE,0,5,138.99
104390,15/02/2024 17:15,Cairo-Zamalek,Rice Pudding Nuts,Medium,172.56,11,0,Pistachio,51696,52,Male,None,Credit Card,Mobile App,92,8,108,23.1,61.9,4,0,Traditional,Greater Cairo,0,17,265.74
108959,03/04/2024 07:30,Dubai-Marina,Sweet Koshary Mix,Medium,59.3,2,0,None,62337,17,Male,,Instapay,In-store,12,3.9,131,35.1,55.9,3,0,Signature,UAE,0,7,16.6
104219,13/02/2024 22:30,Riyadh-Olaya,Rice Pudding Oven,Medium,160.09,10,0,Nutella,63568,31,Male,None,Cash,ElMenus,23,11.7,112,42.5,31.8,2,0,Traditional,KSA,0,22,224.13
100203,03/01/2024 02:30,Dubai-Marina,Qishtouza Nutella,Medium,108.25,10,0,,59592,31,Female,Gold,Wallet,Mobile App,16,14.5,120,21.1,83,3,0,Modern,UAE,0,2,151.55
103511,06/02/2024 13:30,Cairo-Zamalek,Qishtouza Lotus,Medium,46.21,10,0,,75247,67,Female,None,Instapay,In-store,106,9.8,138,17.3,62.5,1,0,Modern,Greater Cairo,0,13,64.69
104932,21/02/2024 08:45,Dubai-Marina,Super B.Laban,Medium,145.85,1,0,Lotus,73701,49,Male,Gold,Credit Card,Mobile App,114,8.4,148,31.2,36.4,2,1,Signature,UAE,0,8,20.42
105536,27/02/2024 15:45,Riyadh-Olaya,Rice Pudding Nuts,Large,135.63,3,0,None,60241,34,,,Instapay,Talabat,46,4.2,128,34.4,36,,0,Traditional,KSA,0,15,56.96
105792,01/03/2024 07:45,Cairo-Nasr City,Rice Pudding Oven,Medium,109.69,7,0,Lotus,66253,,Female,None,Credit Card,Talabat,87,12.1,110,41.4,42.9,,0,Traditional,Greater Cairo,1,7,107.5
101708,18/01/2024 18:45,Tanta-Saeed,Rice Pudding Nuts,Large,83.02,3,0,Pistachio,60319,280,Female,Silver,Credit Card,In-store,40,6.7,146,15.8,85,1,0,Traditional,Delta,0,18,34.87
105173,23/02/2024 21:00,Giza-Zayed,Ice Cream Mango,Large,46.74,2,0,Pistachio,50719,27,Male,Bronze,Wallet,ElMenus,21,8,116,44.9,70.8,4,0,Ice Cream,Greater Cairo,1,21,13.09
105250,24/02/2024 16:15,Riyadh-Olaya,Super B.Laban,Medium,71.86,3,0,Pistachio,75096,31,Female,Silver,Credit Card,Talabat,77,6.5,133,28.2,21.7,1,0,Signature,KSA,1,16,30.18
106529,09/03/2024 00:00,Cairo-Nasr City,Om Ali Cream,Small,61.21,5,0.1,Nutella,88685,53,Female,Gold,Cash,ElMenus,24,10.8,125,42.4,85.7,1,0,Traditional,Greater Cairo,1,0,42.85
109849,12/04/2024 14:00,Cairo-Nasr City,Qishtouza Nutella,Small,52.35,9,0.05,Nutella,66038,67,Male,None,Wallet,Talabat,18,5.6,122,39.7,64.8,4,0,Modern,Greater Cairo,1,14,65.96
105856,01/03/2024 23:45,Riyadh-Olaya,Sweet Koshary Mix,Medium,101.59,3,0,Nutella,71416,72,Female,Bronze,Cash,Mobile App,96,3.8,115,21.4,61.6,,0,Signature,KSA,1,23,42.67
108165,26/03/2024 01:00,Mansoura-Mashaya,Qishtouza Nutella,Medium,156.74,8,0,Pistachio,63969,,Male,Gold,Instapay,In-store,14,1,126,15.4,87.7,4,1,Modern,Delta,0,1,175.55
100855,09/01/2024 21:30,Dubai-Marina,Om Ali Cream,Medium,168.61,7,0,Nutella,67640,,Male,,Credit Card,ElMenus,85,5.8,109,35.6,38.1,3,0,Traditional,UAE,0,21,165.24
104738,19/02/2024 08:15,Cairo-Nasr City,Ice Cream Mango,Large,112.95,10,0,Nuts,59894,69,Female,,Instapay,In-store,94,12.1,147,39.5,68.1,,0,Ice Cream,Greater Cairo,0,8,158.13
100699,08/01/2024 06:30,Cairo-Zamalek,Om Ali Cream,Large,177.31,6,0,Nuts,56353,51,Female,Bronze,Wallet,In-store,97,7.1,145,26.7,72.1,5,0,Traditional,Greater Cairo,0,6,148.94
103697,08/02/2024 12:00,Tanta-Saeed,Sweet Koshary Mix,Large,148.77,9,0,Lotus,86451,45,Male,,Instapay,ElMenus,101,11.8,145,37.3,38.2,3,0,Signature,Delta,0,12,187.45
101637,18/01/2024 01:00,Cairo-Nasr City,Qishtouza Nutella,Medium,41.22,6,0,Lotus,63388,20,Male,Silver,Wallet,Mobile App,32,9.4,111,38.7,74.1,5,0,Modern,Greater Cairo,0,1,34.62
107281,16/03/2024 20:00,Cairo-Zamalek,Rice Pudding Nuts,Medium,148.8,9,0.1,,65897,58,Male,None,Wallet,ElMenus,81,5.9,141,30.2,40.3,1,0,Traditional,Greater Cairo,1,20,187.49
107555,19/03/2024 16:30,Tanta-Saeed,Qishtouza Lotus,Large,140.26,5,0.1,Nuts,54999,18,,Bronze,Instapay,Talabat,118,10.5,117,18.7,65,3,0,Modern,Delta,0,16,98.18
103582,07/02/2024 07:15,Mansoura-Mashaya,Qishtouza Nutella,Small,179.12,9,0,Pistachio,55142,37,,Bronze,Credit Card,ElMenus,111,5.7,132,37.1,39.6,3,0,Modern,Delta,0,7,225.69
101292,14/01/2024 10:45,Mansoura-Mashaya,Sweet Koshary Mix,Medium,83.45,10,0.1,None,64032,,Female,Gold,Wallet,Talabat,106,0.5,112,37.1,64.1,1,0,Signature,Delta,1,10,116.83
106586,09/03/2024 14:15,Dubai-Marina,Ice Cream Mango,Large,81.48,6,0,Nuts,80050,49,Male,Gold,Credit Card,Mobile App,43,9.9,132,41.6,28.4,3,0,Ice Cream,UAE,1,14,68.44
101854,20/01/2024 07:15,Cairo-Nasr City,Qishtouza Lotus,Large,82.47,6,0.1,Nuts,63730,61,,Silver,Credit Card,Mobile App,53,3.7,146,24.1,21.8,3,0,Modern,Greater Cairo,1,7,69.27
105233,24/02/2024 12:00,Cairo-Nasr City,Ice Cream Mango,Large,57.12,8,0,Pistachio,65396,35,Male,None,Credit Card,In-store,11,7.6,136,21.1,76.6,2,0,Ice Cream,Greater Cairo,1,12,63.97
103764,09/02/2024 04:45,Giza-Zayed,Qishtouza Nutella,Large,72.98,8,0,Pistachio,78604,,Female,Silver,Wallet,Talabat,21,4.7,137,42,53,5,0,Modern,Greater Cairo,1,4,81.74
103305,04/02/2024 10:00,Cairo-Zamalek,Om Ali Cream,Medium,133.6,1,0,Nutella,51265,74,,Gold,Wallet,In-store,74,8.2,140,28.7,64.4,,0,Traditional,Greater Cairo,1,10,18.7
101496,16/01/2024 13:45,Mansoura-Mashaya,Qishtouza Lotus,Medium,137.05,11,0,Nutella,87891,55,Female,Silver,Wallet,In-store,89,5.6,123,40.3,56.8,5,0,Modern,Delta,0,13,211.06
107995,24/03/2024 06:30,Giza-Zayed,Qishtouza Lotus,Large,160.06,11,0,Nutella,63785,62,Male,,Credit Card,Talabat,74,10.4,116,35.2,44,5,0,Modern,Greater Cairo,1,6,246.49
101999,21/01/2024 19:30,Dubai-Marina,Qishtouza Lotus,Large,149.04,6,0.1,Lotus,73561,53,Female,None,Instapay,ElMenus,111,10.5,103,40.8,24.3,3,0,Modern,UAE,1,19,125.19
100664,07/01/2024 21:45,Tanta-Saeed,Om Ali Cream,Medium,83.4,1,0.1,None,51242,22,Male,None,Credit Card,Talabat,110,1.5,140,16.6,33.3,,0,Traditional,Delta,1,21,11.68
103749,09/02/2024 01:00,Mansoura-Mashaya,Ice Cream Mango,Large,170.34,2,0.15,Pistachio,82555,62,Male,,Wallet,Mobile App,41,6.4,124,29.9,60.2,3,0,Ice Cream,Delta,1,1,47.7
104414,15/02/2024 23:15,Tanta-Saeed,Rice Pudding Oven,Medium,114.75,1,0.05,None,75117,21,Male,None,Wallet,ElMenus,13,14.3,118,42.8,86.5,4,0,Traditional,Delta,0,23,16.07
105531,27/02/2024 14:30,Cairo-Zamalek,Qishtouza Lotus,Small,69.89,7,0,Lotus,89201,37,,Bronze,Cash,Talabat,38,8.7,116,20.9,85.9,4,0,Modern,Greater Cairo,0,14,68.49
105576,28/02/2024 01:45,Giza-Zayed,Sweet Koshary Mix,Medium,55.17,3,0,Pistachio,89396,18,Male,Gold,Wallet,ElMenus,98,5.3,137,35,55.3,,0,Signature,Greater Cairo,0,1,23.17
108902,02/04/2024 17:15,Giza-Zayed,Ice Cream Mango,Medium,116.83,9,0,,76597,38,Female,Bronze,Cash,Mobile App,44,10.5,149,20.6,46.7,4,0,Ice Cream,Greater Cairo,0,17,147.21
107527,19/03/2024 09:30,Tanta-Saeed,Qishtouza Lotus,Large,123.02,4,0,None,50214,40,Male,None,Wallet,In-store,87,8.6,144,29.4,45.8,2,0,Modern,Delta,0,9,68.89
109475,08/04/2024 16:30,Cairo-Zamalek,Sweet Koshary Mix,Medium,109.24,1,0.05,None,82242,61,Female,Gold,Instapay,ElMenus,18,9.2,101,22.4,51.9,5,0,Signature,Greater Cairo,0,16,15.29
105865,02/03/2024 02:00,Alex-Stanly,Sweet Koshary Mix,Medium,74.23,9,0,Nutella,72047,55,,Silver,Instapay,ElMenus,41,10.3,104,15.4,59.5,5,0,Signature,Alexandria,1,2,93.53
106777,11/03/2024 14:00,Riyadh-Olaya,Qishtouza Lotus,Medium,115.87,8,0,None,71543,23,Female,,Wallet,Talabat,27,13.9,145,26,38.1,3,0,Modern,KSA,0,14,129.77
101307,14/01/2024 14:30,Riyadh-Olaya,Om Ali Cream,Large,56.84,1,0,Nuts,86112,64,Female,None,Instapay,In-store,16,9.5,146,38.5,38.5,4,0,Traditional,KSA,1,14,7.96
107393,18/03/2024 00:00,Alex-Stanly,Rice Pudding Nuts,Large,157.15,4,0,Nutella,82725,35,Female,,Instapay,Mobile App,39,5.7,146,34.4,89,4,0,Traditional,Alexandria,0,0,88
105593,28/02/2024 06:00,Dubai-Marina,Super B.Laban,Large,141.21,1,0.15,Lotus,68229,43,Male,Silver,Cash,ElMenus,59,5.3,147,32.4,52.5,1,0,Signature,UAE,0,6,19.77
109722,11/04/2024 06:15,Dubai-Marina,Qishtouza Lotus,Medium,58.11,10,0,None,65656,24,Male,Gold,Credit Card,In-store,64,9,113,32.5,27.2,2,0,Modern,UAE,0,6,81.35
101664,18/01/2024 07:45,Alex-Stanly,Qishtouza Lotus,Large,147.33,9,0.15,Nuts,85226,35,Male,None,Credit Card,In-store,99,7.4,103,24.1,80.3,4,0,Modern,Alexandria,0,7,185.64
105451,26/02/2024 18:30,Giza-Zayed,Ice Cream Mango,Medium,145.9,5,0.1,Nuts,79179,44,Female,None,Credit Card,Mobile App,114,8.1,117,42.4,78.9,1,0,Ice Cream,Greater Cairo,0,18,102.13
109955,13/04/2024 16:30,Giza-Zayed,Sweet Koshary Mix,Small,142.97,11,0,Nutella,62849,68,Male,,Credit Card,Talabat,49,5.4,115,29,51.5,1,0,Signature,Greater Cairo,1,16,220.17
103628,07/02/2024 18:45,Dubai-Marina,Ice Cream Mango,Small,175.1,8,0,Lotus,79797,19,,Bronze,Credit Card,In-store,70,9.9,126,17.9,22.9,1,0,Ice Cream,UAE,0,18,196.11
102694,29/01/2024 01:15,Giza-Zayed,Sweet Koshary Mix,Large,162.78,4,0,Lotus,88133,24,Female,None,Instapay,Talabat,110,7.6,101,20.5,26,3,0,Signature,Greater Cairo,0,1,91.16
109790,11/04/2024 23:15,Cairo-Nasr City,Om Ali Cream,Medium,104.8,11,0.1,Lotus,85785,19,Male,Silver,Wallet,ElMenus,93,15,133,17.4,48,5,0,Traditional,Greater Cairo,0,23,161.39
105916,02/03/2024 14:45,Cairo-Nasr City,Rice Pudding Oven,Medium,164.75,10,0.15,Nuts,56963,41,Female,Silver,Cash,ElMenus,59,10.3,112,22.3,46.6,2,0,Traditional,Greater Cairo,1,14,230.65
103158,02/02/2024 21:15,Dubai-Marina,Ice Cream Mango,Small,107.32,9,0,None,81391,31,Female,Silver,Wallet,ElMenus,101,9.6,130,32.5,68.2,2,0,Ice Cream,UAE,1,21,135.22
106669,10/03/2024 11:00,Giza-Zayed,Qishtouza Nutella,Large,109.58,2,0,,63981,36,Male,None,Credit Card,Mobile App,92,0.9,134,24.4,52.2,,0,Modern,Greater Cairo,1,11,30.68
101060,12/01/2024 00:45,Giza-Zayed,Ice Cream Mango,Large,84.77,4,0.1,Lotus,64458,55,,None,Instapay,ElMenus,53,2.6,141,42.3,38.7,2,0,Ice Cream,Greater Cairo,1,0,47.47
104637,18/02/2024 07:00,Giza-Zayed,Qishtouza Lotus,Medium,65.92,5,0.05,None,70968,70,Male,Bronze,Wallet,ElMenus,13,11.3,117,18.5,51.1,1,0,Modern,Greater Cairo,1,7,46.14
103243,03/02/2024 18:30,Riyadh-Olaya,Sweet Koshary Mix,Small,110.56,1,0,Lotus,73064,37,Male,Silver,Cash,ElMenus,117,8.6,117,42.2,35.1,4,0,Signature,KSA,1,18,15.48
101679,18/01/2024 11:30,Tanta-Saeed,Rice Pudding Oven,Medium,148.58,4,0.1,,65887,42,Female,Silver,Cash,ElMenus,62,11.5,136,15.9,23.7,1,0,Traditional,Delta,0,11,83.2
106893,12/03/2024 19:00,Cairo-Nasr City,Super B.Laban,Small,99.72,5,0.15,None,69223,61,Male,None,Wallet,Mobile App,62,7.4,111,26.5,82.2,,0,Signature,Greater Cairo,0,19,69.8
106375,07/03/2024 09:30,Dubai-Marina,Sweet Koshary Mix,Small,65.19,8,0.05,Lotus,60281,63,Female,None,Credit Card,Talabat,89,10.9,110,43.3,89,4,0,Signature,UAE,0,9,73.01
107575,19/03/2024 21:30,Dubai-Marina,Rice Pudding Nuts,Medium,137.68,8,0,Nuts,70823,38,Female,,Credit Card,ElMenus,10,1.9,112,43.1,66.9,5,0,Traditional,UAE,0,21,154.2
101758,19/01/2024 07:15,Cairo-Nasr City,Qishtouza Lotus,Large,149.19,4,0,Nutella,55121,35,Female,Bronze,Instapay,Talabat,32,3.4,120,35.1,36.2,,0,Modern,Greater Cairo,1,7,83.55
106020,03/03/2024 16:45,Cairo-Nasr City,Qishtouza Nutella,Large,62.03,7,0,Pistachio,68732,56,Female,None,Wallet,Talabat,26,8.1,113,28.3,38,3,0,Modern,Greater Cairo,1,16,60.79
105117,23/02/2024 07:00,Riyadh-Olaya,Super B.Laban,Medium,40.63,10,0,Nuts,71075,33,Male,None,Credit Card,ElMenus,54,12.5,115,44.6,29.8,1,0,Signature,KSA,1,7,56.88
108756,01/04/2024 04:45,Cairo-Zamalek,Rice Pudding Nuts,Medium,128.04,4,0,Lotus,87115,,Male,Bronze,Cash,Talabat,56,5.8,106,18.6,64.6,4,0,Traditional,Greater Cairo,0,4,71.7
107409,18/03/2024 04:00,Dubai-Marina,Super B.Laban,Small,44.37,6,0.05,Nuts,80638,50,Male,Silver,Instapay,Mobile App,90,8.5,121,16.2,85.6,3,0,Signature,UAE,0,4,37.27
102791,30/01/2024 01:30,Tanta-Saeed,Ice Cream Mango,Medium,149.78,7,0,,62406,32,,,Credit Card,Mobile App,37,5.9,148,43.3,45.2,4,0,Ice Cream,Delta,0,1,146.78
100864,09/01/2024 23:45,Cairo-Zamalek,Rice Pudding Oven,Medium,174.31,2,0,Lotus,62043,13,Female,None,Wallet,Talabat,40,7.6,139,36.2,80.3,4,0,Traditional,Greater Cairo,0,23,48.81
107859,22/03/2024 20:30,Cairo-Nasr City,Om Ali Cream,Medium,120.38,11,0,Lotus,74592,,Female,None,Wallet,ElMenus,77,5.9,103,31.8,84.4,4,0,Traditional,Greater Cairo,1,20,185.39
101485,16/01/2024 11:00,Dubai-Marina,Qishtouza Lotus,Small,165.25,7,0,None,50191,44,Male,Silver,Wallet,Mobile App,55,10.4,107,43.8,53,5,1,Modern,UAE,0,11,161.95
107036,14/03/2024 06:45,Cairo-Zamalek,Rice Pudding Nuts,Large,108.45,7,0,Pistachio,77606,28,Female,Silver,Credit Card,In-store,16,0.6,120,38.8,83.4,5,0,Traditional,Greater Cairo,0,6,106.28
107722,21/03/2024 10:15,Riyadh-Olaya,Rice Pudding Nuts,Medium,126.82,6,0.15,None,77385,38,Male,None,Wallet,In-store,29,2.4,126,39.1,38.8,3,0,Traditional,KSA,0,10,106.53
105978,03/03/2024 06:15,Riyadh-Olaya,Ice Cream Mango,Large,171.08,8,0,Nutella,54398,,Male,Gold,Instapay,Talabat,48,0.7,131,42.5,35.6,3,0,Ice Cream,KSA,1,6,191.61
105135,23/02/2024 11:30,Dubai-Marina,Ice Cream Mango,Large,55.8,2,0,None,67742,,Male,Bronze,Cash,ElMenus,55,11.6,112,31.3,74.7,1,0,Ice Cream,UAE,1,11,15.62
100207,03/01/2024 03:30,Riyadh-Olaya,Super B.Laban,Large,149.62,7,0,,63913,38,Female,Gold,Credit Card,Talabat,50,2,132,16.6,55.1,5,0,Signature,KSA,0,3,146.63
104489,16/02/2024 18:00,Cairo-Zamalek,Rice Pudding Nuts,Medium,76.15,1,0,None,87786,,Female,Gold,Wallet,In-store,107,8.3,129,29.2,35,4,0,Traditional,Greater Cairo,1,18,10.66
106939,13/03/2024 06:30,Tanta-Saeed,Super B.Laban,Large,106.39,11,0,None,74024,68,Male,Gold,Cash,Mobile App,27,11.8,130,41.1,89,,0,Signature,Delta,0,6,163.84
109063,04/04/2024 09:30,Giza-Zayed,Super B.Laban,Large,101.4,8,0,Lotus,57296,73,Female,Gold,Wallet,ElMenus,60,0.9,145,27.6,48.9,1,0,Signature,Greater Cairo,0,9,113.57
106911,12/03/2024 23:30,Mansoura-Mashaya,Ice Cream Mango,Large,155.88,6,0,Nutella,54076,,,Gold,Instapay,Talabat,84,6.3,143,25.8,79.7,2,0,Ice Cream,Delta,0,23,130.94
100503,06/01/2024 05:30,Mansoura-Mashaya,Om Ali Cream,Large,49.03,6,0,None,80733,19,Female,Gold,Instapay,Mobile App,93,5.6,138,42.5,37.3,2,0,Traditional,Delta,1,5,41.19
107386,17/03/2024 22:15,Cairo-Nasr City,Qishtouza Nutella,Large,47.59,8,0,Nuts,83215,58,Male,None,Credit Card,In-store,42,8.4,135,21.9,81.1,2,0,Modern,Greater Cairo,1,22,53.3
101029,11/01/2024 17:00,Mansoura-Mashaya,Rice Pudding Nuts,Large,76.1,2,0,,78203,26,Male,None,Cash,ElMenus,90,4,140,21.6,73.1,,0,Traditional,Delta,0,17,21.31
103841,10/02/2024 00:00,Riyadh-Olaya,Om Ali Cream,Small,166.02,5,0,Nutella,63574,20,Female,None,Instapay,In-store,16,9.2,119,34.8,61.9,1,0,Traditional,KSA,1,0,116.21
108111,25/03/2024 11:30,Cairo-Zamalek,Qishtouza Lotus,Medium,158.68,5,0,Nutella,53445,31,Female,None,Instapay,Mobile App,19,10.7,119,38.1,50.2,4,0,Modern,Greater Cairo,0,11,111.08
105057,22/02/2024 16:00,Dubai-Marina,Sweet Koshary Mix,Small,171.44,4,0,Nuts,55256,26,Female,,Cash,Mobile App,36,13.8,147,21.9,67.3,1,0,Signature,UAE,0,16,96.01
109763,11/04/2024 16:30,Tanta-Saeed,Qishtouza Nutella,Large,134.48,4,0.05,None,84683,52,Male,None,Wallet,Talabat,106,6.5,123,21.2,31.9,,0,Modern,Delta,0,16,75.31
108155,25/03/2024 22:30,Tanta-Saeed,Rice Pudding Oven,Medium,108,10,0,Pistachio,55253,57,Male,None,Credit Card,Mobile App,40,6.6,139,23,40.7,1,0,Traditional,Delta,0,22,151.2
102732,29/01/2024 10:45,Cairo-Zamalek,Om Ali Cream,Medium,61.83,1,0.1,None,83915,39,Female,Bronze,Cash,ElMenus,44,6.7,120,18.6,65.8,3,0,Traditional,Greater Cairo,0,10,8.66
108997,03/04/2024 17:00,Mansoura-Mashaya,Rice Pudding Oven,Medium,75.07,4,0.1,None,73431,53,Male,None,Credit Card,Talabat,20,6,118,44.5,69.1,5,0,Traditional,Delta,0,17,42.04
102455,26/01/2024 13:30,Cairo-Nasr City,Om Ali Cream,Medium,147.99,5,0,Nuts,55954,14,Male,,Credit Card,Mobile App,93,10,135,29,30.6,3,0,Traditional,Greater Cairo,1,13,103.59
107216,16/03/2024 03:45,Riyadh-Olaya,Ice Cream Mango,Medium,157.13,9,0.05,None,73022,25,Female,Silver,Wallet,In-store,62,11.6,109,43.3,33,2,0,Ice Cream,KSA,1,3,197.98
103105,02/02/2024 08:00,Tanta-Saeed,Om Ali Cream,Large,95.41,11,0,Lotus,82056,41,Female,Silver,Credit Card,Mobile App,63,5.3,145,23.5,36,1,0,Traditional,Delta,1,8,146.93
108393,28/03/2024 10:00,Giza-Zayed,Om Ali Cream,Medium,163.3,10,0.05,None,50934,45,Female,Silver,Credit Card,ElMenus,77,1.5,144,39.3,54.1,2,0,Traditional,Greater Cairo,0,10,228.62
106279,06/03/2024 09:30,Alex-Stanly,Qishtouza Nutella,Small,145.5,3,0.05,Lotus,80808,52,Male,Bronze,Cash,ElMenus,118,3.6,139,18.6,70.5,2,0,Modern,Alexandria,0,9,61.11
103100,02/02/2024 06:45,Dubai-Marina,Rice Pudding Nuts,Medium,104.4,5,0,Pistachio,71518,62,Male,Bronze,Instapay,Talabat,28,4.8,148,37,72.6,2,0,Traditional,UAE,1,6,73.08
106185,05/03/2024 10:00,Giza-Zayed,Super B.Laban,Small,142.4,2,0,,62408,,Female,Gold,Credit Card,In-store,32,0.6,116,16.5,20.6,1,0,Signature,Greater Cairo,0,10,39.87
103562,07/02/2024 02:15,Riyadh-Olaya,Qishtouza Lotus,Medium,159.5,3,0,Nuts,52959,35,Male,Silver,Instapay,Talabat,15,2.7,141,24.5,73.1,4,0,Modern,KSA,0,2,66.99
105893,02/03/2024 09:00,Cairo-Nasr City,Super B.Laban,Large,114.4,6,0,Nuts,55777,53,Female,Bronze,Instapay,ElMenus,92,1.1,118,43.3,62.2,5,0,Signature,Greater Cairo,1,9,96.1
100392,05/01/2024 01:45,Alex-Stanly,Rice Pudding Oven,Medium,43.19,11,0.1,Nuts,78192,45,Female,,Cash,ElMenus,66,11.9,131,36.1,66.2,,0,Traditional,Alexandria,1,1,66.51
106737,11/03/2024 04:00,Giza-Zayed,Super B.Laban,Medium,176,2,0,,80201,46,Female,Bronze,Cash,ElMenus,93,13.5,134,24.6,60,5,0,Signature,Greater Cairo,0,4,49.28
105619,28/02/2024 12:30,Riyadh-Olaya,Rice Pudding Nuts,Large,104.85,6,0,None,55229,57,Female,Gold,Wallet,ElMenus,48,1.8,110,30.3,90,5,0,Traditional,KSA,0,12,88.07
105259,24/02/2024 18:30,Cairo-Nasr City,Rice Pudding Oven,Large,46.91,9,0,Lotus,63345,31,Female,None,Credit Card,ElMenus,24,4.6,109,21.7,44,2,0,Traditional,Greater Cairo,1,18,59.11
109688,10/04/2024 21:45,Giza-Zayed,Rice Pudding Oven,Medium,167.32,5,0,Lotus,86449,16,Male,Gold,Instapay,ElMenus,78,1.8,107,25.3,53.3,3,0,Traditional,Greater Cairo,0,21,117.12
102696,29/01/2024 01:45,Tanta-Saeed,Ice Cream Mango,Medium,165.36,5,0,Nutella,56627,63,,None,Credit Card,In-store,105,9.4,147,41.1,57.4,2,0,Ice Cream,Delta,0,1,115.75
102028,22/01/2024 02:45,Riyadh-Olaya,Sweet Koshary Mix,Medium,114.03,3,0,,85547,35,Male,,Wallet,Talabat,72,7.4,112,26.8,65.1,3,0,Signature,KSA,0,2,47.89
105464,26/02/2024 21:45,Giza-Zayed,Rice Pudding Nuts,Medium,99.19,6,0,,73681,49,Female,Gold,Instapay,ElMenus,25,8.9,123,20.5,64.6,3,0,Traditional,Greater Cairo,0,21,83.32
102569,27/01/2024 18:00,Giza-Zayed,Qishtouza Lotus,Medium,51.67,4,0,,84644,14,Male,Gold,Cash,ElMenus,110,3.3,112,40.1,21.2,3,0,Modern,Greater Cairo,1,18,28.94
108007,24/03/2024 09:30,Giza-Zayed,Qishtouza Lotus,Medium,96.53,6,0.15,Nuts,50561,44,Female,Gold,Wallet,ElMenus,37,3.4,115,17.8,66.4,5,0,Modern,Greater Cairo,1,9,81.09
100065,01/01/2024 16:00,Dubai-Marina,Om Ali Cream,Small,168.79,10,0,Nutella,57370,44,Female,Gold,Cash,In-store,48,14.8,128,21.9,51.3,5,0,Traditional,UAE,0,16,236.31
102063,22/01/2024 11:30,Dubai-Marina,Rice Pudding Nuts,Medium,71.26,6,0,Lotus,55172,49,,Gold,Credit Card,Talabat,76,9.4,122,25.4,44.1,5,0,Traditional,UAE,0,11,59.86
105277,24/02/2024 23:00,Cairo-Nasr City,Rice Pudding Oven,Medium,89.33,11,0,Pistachio,81474,20,Female,None,Instapay,ElMenus,67,3.3,123,17.9,88.1,5,0,Traditional,Greater Cairo,1,23,137.57
107209,16/03/2024 02:00,Giza-Zayed,Om Ali Cream,Large,122.69,6,0,Lotus,79195,36,Female,Gold,Cash,In-store,37,5.2,129,18,47.1,1,0,Traditional,Greater Cairo,1,2,103.06
108685,31/03/2024 11:00,Cairo-Zamalek,Qishtouza Lotus,Small,132.69,9,0,,88608,58,Female,Bronze,Wallet,In-store,91,5.5,146,36,25.1,4,0,Modern,Greater Cairo,1,11,167.19
108572,30/03/2024 06:45,Cairo-Zamalek,Sweet Koshary Mix,Medium,142.74,2,0.05,,88852,27,Female,Silver,Cash,Talabat,42,9.3,124,17.4,28,4,0,Signature,Greater Cairo,1,6,39.97
106332,06/03/2024 22:45,Riyadh-Olaya,Super B.Laban,Medium,97.3,8,0,Nutella,81648,63,,None,Instapay,ElMenus,102,12.1,127,16,64.5,4,0,Signature,KSA,0,22,108.98
104860,20/02/2024 14:45,Tanta-Saeed,Rice Pudding Oven,Large,128.82,5,0,Lotus,76064,38,Male,,Credit Card,In-store,38,5.6,102,17.8,22.6,2,0,Traditional,Delta,0,14,90.17
104888,20/02/2024 21:45,Dubai-Marina,Qishtouza Lotus,Small,41.19,1,0.1,Lotus,50601,58,Male,,Wallet,In-store,91,11.9,114,37.9,53.7,5,0,Modern,UAE,0,21,5.77
109269,06/04/2024 13:00,Tanta-Saeed,Rice Pudding Oven,Medium,109.05,6,0,Lotus,56990,22,Female,Bronze,Cash,In-store,103,4.3,143,29,20.1,,0,Traditional,Delta,1,13,91.6
100879,10/01/2024 03:30,Mansoura-Mashaya,Qishtouza Nutella,Small,171.58,1,0,Nuts,60334,23,Male,None,Credit Card,ElMenus,68,7.8,123,41.1,77.9,5,0,Modern,Delta,0,3,24.02
108530,29/03/2024 20:15,Mansoura-Mashaya,Qishtouza Lotus,Medium,85.75,5,0,Lotus,79053,,Male,Bronze,Instapay,Mobile App,84,3.6,121,44,82.6,3,0,Modern,Delta,1,20,60.03
107917,23/03/2024 11:00,Tanta-Saeed,Qishtouza Nutella,Medium,119.7,11,0,Pistachio,65665,54,Male,Gold,Instapay,In-store,68,2.6,108,30.1,21.9,1,0,Modern,Delta,1,11,184.34
106864,12/03/2024 11:45,Mansoura-Mashaya,Sweet Koshary Mix,Medium,40.03,1,0,Pistachio,75569,20,Male,,Wallet,ElMenus,31,13.4,120,38.4,59.3,5,0,Signature,Delta,0,11,5.6
107893,23/03/2024 05:00,Tanta-Saeed,Super B.Laban,Large,48.33,3,0,Pistachio,75037,37,Female,Silver,Credit Card,Mobile App,54,1.5,132,24.6,79.4,4,0,Signature,Delta,1,5,20.3
106440,08/03/2024 01:45,Giza-Zayed,Sweet Koshary Mix,Medium,138.12,7,0,None,58031,55,Male,Bronze,Instapay,Talabat,117,2,138,17.2,79.2,4,0,Signature,Greater Cairo,1,1,135.36
107870,22/03/2024 23:15,Giza-Zayed,Qishtouza Nutella,Medium,170.11,4,0.15,Nutella,70373,64,Female,,Credit Card,In-store,32,0.6,137,30.6,45.3,5,0,Modern,Greater Cairo,1,23,95.26
101017,11/01/2024 14:00,Cairo-Zamalek,Qishtouza Nutella,Medium,127.74,2,0,Nuts,79074,65,Male,Silver,Cash,ElMenus,99,5.2,146,26.3,68.3,4,0,Modern,Greater Cairo,0,14,35.77
109468,08/04/2024 14:45,Dubai-Marina,Sweet Koshary Mix,Medium,128.69,9,0,Nuts,85607,64,Female,Bronze,Wallet,Mobile App,32,11.6,123,31.6,59.8,1,0,Signature,UAE,0,14,162.15
107630,20/03/2024 11:15,Cairo-Nasr City,Qishtouza Lotus,Large,78.7,11,0,,78663,34,Male,None,Credit Card,ElMenus,105,12.4,108,22.8,42.7,4,0,Modern,Greater Cairo,0,11,121.2
100996,11/01/2024 08:45,Mansoura-Mashaya,Sweet Koshary Mix,Medium,61.14,8,0.05,None,53307,37,Male,,Credit Card,In-store,96,5.7,144,37.7,58.9,1,0,Signature,Delta,0,8,68.48
104298,14/02/2024 18:15,Tanta-Saeed,Sweet Koshary Mix,Small,106.83,2,0,,74461,63,Female,,Cash,Mobile App,70,1.9,120,35.2,39.7,5,0,Signature,Delta,0,18,29.91
100162,02/01/2024 16:15,Cairo-Nasr City,Om Ali Cream,Medium,172.4,1,0.15,Lotus,57086,13,Female,None,Cash,In-store,86,4.6,110,20.4,78.1,4,0,Traditional,Greater Cairo,0,16,24.14
105676,29/02/2024 02:45,Cairo-Nasr City,Ice Cream Mango,Large,154.15,10,0.05,Nutella,60351,46,Male,Silver,Wallet,ElMenus,85,5.7,131,21.6,39.6,,0,Ice Cream,Greater Cairo,0,2,215.81
106874,12/03/2024 14:15,Riyadh-Olaya,Om Ali Cream,Large,155.68,8,0,,65115,,Female,Gold,Wallet,In-store,57,11.8,102,44,21.2,3,0,Traditional,KSA,0,14,174.36
109693,10/04/2024 23:00,Cairo-Nasr City,Qishtouza Lotus,Small,134.41,6,0,Pistachio,63010,62,Male,Bronze,Instapay,In-store,11,2.8,143,17.2,42.2,,0,Modern,Greater Cairo,0,23,112.9
107990,24/03/2024 05:15,Mansoura-Mashaya,Rice Pudding Oven,Small,154.04,11,0,Lotus,78396,31,Male,Gold,Credit Card,Talabat,48,6.3,114,31.3,83.9,4,0,Traditional,Delta,1,5,237.22
103844,10/02/2024 00:45,Cairo-Zamalek,Rice Pudding Nuts,Small,156,1,0,,54611,,Male,Bronze,Credit Card,ElMenus,80,1,115,33.6,52.8,3,0,Traditional,Greater Cairo,1,0,21.84
101022,11/01/2024 15:15,Cairo-Nasr City,Rice Pudding Oven,Small,139.84,2,0.1,,63555,40,,,Instapay,In-store,90,1.2,112,17.9,20.2,1,0,Traditional,Greater Cairo,0,15,39.16
103074,02/02/2024 00:15,Dubai-Marina,Rice Pudding Nuts,Medium,147.08,4,0.1,Pistachio,74317,,Male,Silver,Instapay,ElMenus,61,13.3,129,16.5,28.5,4,0,Traditional,UAE,1,0,82.36
107556,19/03/2024 16:45,Riyadh-Olaya,Super B.Laban,Medium,54.29,10,0,Pistachio,74989,17,Female,Silver,Instapay,Mobile App,117,11.6,130,28.7,83.1,,0,Signature,KSA,0,16,76.01
103944,11/02/2024 01:45,Tanta-Saeed,Ice Cream Mango,Medium,45.48,2,0,Nuts,62295,60,Male,Bronze,Wallet,Mobile App,88,11.9,146,27.9,35.6,3,0,Ice Cream,Delta,1,1,12.73
101586,17/01/2024 12:15,Cairo-Zamalek,Om Ali Cream,Medium,42.46,7,0,Lotus,85475,24,Male,Gold,Instapay,Talabat,58,11.2,128,33,48.8,1,0,Traditional,Greater Cairo,0,12,41.61
103153,02/02/2024 20:00,Riyadh-Olaya,Ice Cream Mango,Small,114.48,1,0,Pistachio,55171,20,Male,None,Credit Card,In-store,99,4.2,129,22.7,70.1,2,0,Ice Cream,KSA,1,20,16.03
108227,26/03/2024 16:30,Tanta-Saeed,Rice Pudding Nuts,Large,122.4,10,0,Lotus,75917,43,Female,Silver,Instapay,ElMenus,95,4.5,101,40.9,28.5,2,0,Traditional,Delta,0,16,171.36
100776,09/01/2024 01:45,Mansoura-Mashaya,Ice Cream Mango,Small,179.02,4,0,Nuts,80690,27,Male,,Credit Card,In-store,93,1.1,117,27.1,51.6,1,0,Ice Cream,Delta,0,1,100.25
109671,10/04/2024 17:30,Tanta-Saeed,Super B.Laban,Large,149.18,2,0,Pistachio,75403,53,Female,Bronze,Cash,Mobile App,19,7.7,143,24.4,51.4,2,0,Signature,Delta,0,17,41.77
107100,14/03/2024 22:45,Tanta-Saeed,Ice Cream Mango,Small,104.98,3,0,None,60552,16,Female,,Wallet,Talabat,28,9,110,43.7,44.8,3,0,Ice Cream,Delta,0,22,44.09
105487,27/02/2024 03:30,Cairo-Zamalek,Ice Cream Mango,Large,112.3,4,0,Nuts,70554,45,Male,Silver,Instapay,ElMenus,99,5.5,115,31.2,43.5,2,0,Ice Cream,Greater Cairo,0,3,62.89
106236,05/03/2024 22:45,Riyadh-Olaya,Rice Pudding Nuts,Medium,159.85,2,0,Pistachio,82426,,Female,Silver,Credit Card,ElMenus,91,6.7,120,15.1,35.4,,0,Traditional,KSA,0,22,44.76
109556,09/04/2024 12:45,Tanta-Saeed,Om Ali Cream,Medium,155.1,4,0,Lotus,62592,48,Female,None,Credit Card,In-store,88,10.4,122,25.1,46.3,1,0,Traditional,Delta,0,12,86.86
107042,14/03/2024 08:15,Alex-Stanly,Om Ali Cream,Medium,69.88,1,0.15,,62659,,Male,,Instapay,In-store,113,5.8,133,30.1,88.9,1,0,Traditional,Alexandria,0,8,9.78
102613,28/01/2024 05:00,Cairo-Zamalek,Rice Pudding Nuts,Medium,148.41,6,0.1,Lotus,88383,55,Male,None,Credit Card,Mobile App,56,12.2,145,30.5,87.4,,0,Traditional,Greater Cairo,1,5,124.66
107514,19/03/2024 06:15,Alex-Stanly,Super B.Laban,Medium,169.23,3,0,Nuts,51203,,Male,Bronze,Cash,In-store,94,13.8,129,20.4,74.4,2,0,Signature,Alexandria,0,6,71.08
108434,28/03/2024 20:15,Cairo-Zamalek,Rice Pudding Nuts,Large,164.52,4,0.15,Nuts,79124,46,Female,Bronze,Wallet,In-store,99,2.9,141,22.2,77.6,4,0,Traditional,Greater Cairo,0,20,92.13
108793,01/04/2024 14:00,Riyadh-Olaya,Rice Pudding Nuts,Large,130.81,4,0.05,None,72919,37,,None,Wallet,In-store,66,12.6,146,31.8,30.1,3,0,Traditional,KSA,0,14,73.25
105394,26/02/2024 04:15,Cairo-Nasr City,Sweet Koshary Mix,Large,174.69,9,0.15,Nuts,85592,,Female,Bronze,Credit Card,In-store,67,8.5,108,24.5,62.1,3,0,Signature,Greater Cairo,0,4,220.11
108839,02/04/2024 01:30,Tanta-Saeed,Sweet Koshary Mix,Large,112.83,7,0,Pistachio,54722,49,Female,Gold,Wallet,In-store,94,4.8,101,24.5,73.3,1,0,Signature,Delta,0,1,110.57
103891,10/02/2024 12:30,Riyadh-Olaya,Qishtouza Lotus,Large,154.17,7,0,Lotus,50851,51,Female,None,Wallet,Mobile App,110,0.5,148,31.6,83.4,2,0,Modern,KSA,1,12,151.09
103557,07/02/2024 01:00,Mansoura-Mashaya,Qishtouza Nutella,Small,111.51,1,0,Nuts,53692,66,,None,Wallet,Mobile App,103,14.5,121,24.3,78.4,1,0,Modern,Delta,0,1,15.61
101529,16/01/2024 22:00,Tanta-Saeed,Sweet Koshary Mix,Medium,46.71,5,0,None,78770,42,Female,Gold,Credit Card,Talabat,59,11.4,112,20.7,37,,0,Signature,Delta,0,22,32.7
101268,14/01/2024 04:45,Giza-Zayed,Sweet Koshary Mix,Medium,139.76,3,0.1,None,74903,15,Male,Gold,Instapay,Talabat,32,10.6,134,33.9,87.1,2,1,Signature,Greater Cairo,1,4,58.7
107735,21/03/2024 13:30,Cairo-Zamalek,Rice Pudding Nuts,Medium,149.23,9,0,Nutella,66385,33,Female,Gold,Instapay,Talabat,77,1.3,106,31.2,20.1,3,0,Traditional,Greater Cairo,0,13,188.03
101900,20/01/2024 18:45,Cairo-Zamalek,Ice Cream Mango,Small,52.23,10,0,Pistachio,70478,68,Female,Bronze,Instapay,Talabat,38,1.8,135,31.9,50.2,5,0,Ice Cream,Greater Cairo,1,18,73.12
104659,18/02/2024 12:30,Dubai-Marina,Super B.Laban,Medium,53.59,1,0,None,82486,40,,Gold,Credit Card,Mobile App,42,5.5,104,20.6,70.9,5,0,Signature,UAE,1,12,7.5
103006,01/02/2024 07:15,Mansoura-Mashaya,Ice Cream Mango,Medium,53.25,9,0.15,,87471,49,Female,Bronze,Instapay,In-store,10,9,134,30.3,67.3,1,0,Ice Cream,Delta,0,7,67.1
102735,29/01/2024 11:30,Riyadh-Olaya,Rice Pudding Oven,Medium,143.42,11,0,Nuts,53758,55,Female,Gold,Wallet,Mobile App,108,3.2,142,16,88.6,1,0,Traditional,KSA,0,11,220.87
100190,02/01/2024 23:15,Tanta-Saeed,Rice Pudding Oven,Small,45.66,10,0,Pistachio,85029,22,Male,Silver,Instapay,In-store,99,10.4,144,43.7,84.9,4,0,Traditional,Delta,0,23,63.92
109168,05/04/2024 11:45,Dubai-Marina,Sweet Koshary Mix,Medium,150.06,7,0.05,Nutella,84417,27,Male,Bronze,Credit Card,In-store,82,13.7,108,15.2,35.4,5,0,Signature,UAE,1,11,147.06
102748,29/01/2024 14:45,Cairo-Nasr City,Super B.Laban,Large,74.32,7,0,Lotus,76448,49,Female,,Cash,Mobile App,58,11,106,43.9,90,1,0,Signature,Greater Cairo,0,14,72.83
102048,22/01/2024 07:45,Alex-Stanly,Ice Cream Mango,Large,62.8,9,0,Pistachio,65539,48,Male,None,Credit Card,Mobile App,94,11,118,27.3,84.3,5,1,Ice Cream,Alexandria,0,7,79.13
107850,22/03/2024 18:15,Cairo-Zamalek,Rice Pudding Nuts,Large,139.66,9,0,Pistachio,83777,23,Male,Bronze,Credit Card,ElMenus,100,1.5,115,31.9,36.9,5,0,Traditional,Greater Cairo,1,18,175.97
102559,27/01/2024 15:30,Riyadh-Olaya,Om Ali Cream,Large,101.12,9,0,Nuts,89156,33,,Bronze,Wallet,In-store,94,8.4,125,23.9,54,1,1,Traditional,KSA,1,15,127.41
109275,06/04/2024 14:30,Riyadh-Olaya,Sweet Koshary Mix,Medium,57.46,8,0.15,Nutella,78033,36,Male,,Wallet,In-store,91,3.2,113,16.2,64.5,1,0,Signature,KSA,1,14,64.36
108667,31/03/2024 06:30,Giza-Zayed,Sweet Koshary Mix,Medium,96.76,11,0,Nuts,69689,280,Male,Bronze,Credit Card,Mobile App,14,9.2,108,44.2,45.9,1,0,Signature,Greater Cairo,1,6,149.01
106397,07/03/2024 15:00,Mansoura-Mashaya,Ice Cream Mango,Medium,87.47,4,0.1,Lotus,76820,58,Male,None,Credit Card,Mobile App,42,10.4,109,44.7,42.8,,0,Ice Cream,Delta,0,15,48.98
103386,05/02/2024 06:15,Tanta-Saeed,Qishtouza Nutella,Medium,50.89,11,0.1,Pistachio,69677,71,Female,,Wallet,In-store,98,7.4,116,23.6,81,1,0,Modern,Delta,0,6,78.37
104556,17/02/2024 10:45,Riyadh-Olaya,Sweet Koshary Mix,Medium,45.87,10,0,Nuts,84748,,Female,Gold,Credit Card,In-store,42,1.1,107,24.9,54,2,0,Signature,KSA,1,10,64.22
101185,13/01/2024 08:00,Riyadh-Olaya,Qishtouza Lotus,Medium,82.89,1,0.15,Lotus,56883,33,Female,Silver,Cash,Mobile App,29,9.6,143,39.5,79.5,4,0,Modern,KSA,1,8,11.6
106421,07/03/2024 21:00,Mansoura-Mashaya,Om Ali Cream,Medium,78.19,5,0,Nuts,59339,39,Male,Bronze,Cash,Talabat,93,8,117,38.9,87,2,0,Traditional,Delta,0,21,54.73
105052,22/02/2024 14:45,Alex-Stanly,Qishtouza Nutella,Large,123.44,7,0,Pistachio,86623,23,Male,Bronze,Credit Card,ElMenus,114,11.5,149,31.9,51.4,5,0,Modern,Alexandria,0,14,120.97
105312,25/02/2024 07:45,Mansoura-Mashaya,Om Ali Cream,Medium,59.04,6,0.15,None,69733,46,Female,None,Credit Card,In-store,53,6,139,31.6,45.9,3,0,Traditional,Delta,1,7,49.59
102434,26/01/2024 08:15,Dubai-Marina,Ice Cream Mango,Medium,79.55,2,0,None,66673,41,Male,,Instapay,Mobile App,30,13.8,140,39.9,51.2,3,1,Ice Cream,UAE,1,8,22.27
106950,13/03/2024 09:15,Riyadh-Olaya,Rice Pudding Nuts,Medium,54.94,8,0,None,75555,72,,Silver,Credit Card,In-store,81,12.9,101,26.3,79.4,4,0,Traditional,KSA,0,9,61.53
100770,09/01/2024 00:15,Cairo-Nasr City,Rice Pudding Oven,Medium,59.15,10,0.05,Nuts,89974,13,Male,None,Instapay,Talabat,98,11.5,118,33.2,36.7,4,0,Traditional,Greater Cairo,0,0,82.81
101686,18/01/2024 13:15,Cairo-Nasr City,Om Ali Cream,Medium,87.9,6,0,,62301,69,Male,Bronze,Credit Card,Mobile App,83,4.9,108,23.1,34.8,3,0,Traditional,Greater Cairo,0,13,73.84
108323,27/03/2024 16:30,Tanta-Saeed,Qishtouza Nutella,Large,93.22,8,0,Pistachio,55560,29,Male,None,Instapay,Talabat,75,3.7,111,29.6,88.6,1,0,Modern,Delta,0,16,104.41
105579,28/02/2024 02:30,Riyadh-Olaya,Qishtouza Lotus,Large,124.37,7,0,Nuts,68536,,Male,None,Wallet,In-store,117,14.3,103,41.4,42.3,3,0,Modern,KSA,0,2,121.88
104427,16/02/2024 02:30,Dubai-Marina,Ice Cream Mango,Large,66.53,9,0,None,67217,65,Female,Gold,Credit Card,Talabat,106,4.1,129,24.4,35.4,,0,Ice Cream,UAE,1,2,83.83
100467,05/01/2024 20:30,Riyadh-Olaya,Qishtouza Lotus,Medium,76.19,7,0,Nutella,58577,21,Male,None,Credit Card,Mobile App,80,3.4,118,29,41.1,2,0,Modern,KSA,1,20,74.67
106266,06/03/2024 06:15,Dubai-Marina,Super B.Laban,Large,78.98,2,0,Nuts,86229,38,Male,None,Instapay,Mobile App,70,5.5,119,17.5,77.2,3,0,Signature,UAE,0,6,22.11
105735,29/02/2024 17:30,Cairo-Zamalek,Qishtouza Nutella,Medium,76.06,10,0,Lotus,89202,48,Male,Silver,Cash,Talabat,81,10.4,132,43,34.4,,0,Modern,Greater Cairo,0,17,106.48
105192,24/02/2024 01:45,Riyadh-Olaya,Super B.Laban,Small,176.68,8,0.1,Pistachio,85620,35,Male,Silver,Cash,Talabat,54,8.5,120,28.1,55.6,2,0,Signature,KSA,1,1,197.88
105391,26/02/2024 03:30,Giza-Zayed,Qishtouza Lotus,Small,67.38,11,0.05,Nutella,63862,65,Male,Gold,Cash,Mobile App,76,1.6,133,39.6,51.1,4,0,Modern,Greater Cairo,0,3,103.77
100861,09/01/2024 23:00,Giza-Zayed,Om Ali Cream,Large,78.94,8,0,Nutella,70359,25,Male,Gold,Wallet,Mobile App,26,1,120,38,26.3,5,0,Traditional,Greater Cairo,0,23,88.41
107271,16/03/2024 17:30,Cairo-Zamalek,Rice Pudding Nuts,Medium,70.01,8,0,None,65290,48,Female,None,Wallet,Talabat,64,8.2,136,26.3,30,4,0,Traditional,Greater Cairo,1,17,78.41
