Transaction_ID,Date_Time,Branch,Product_Name,Size,Unit_Price,Quantity,Discount_Rate,Topping_Type,Customer_ID,Customer_Age,Customer_Gender,Membership_Status,Payment_Method,Order_Source,Delivery_Time_Min,Delivery_Distance_KM,Staff_ID,Temperature_Celsius,Humidity_Percent,Store_Rating,Is_Public_Holiday,Category,Region,Is_Weekend,Hour_of_Day,Tax_Amount,Total_Revenue,Year,month,day,Shift,Discount_Group,Temperature_Group
105526,2024-02-27 13:15:00,Cairo-Nasr City,Rice Pudding Nuts,Small,48.6,9,0.15,none,64440,67.0,Female,Bronze,Credit Card,In-store,32,12.5,146,21.8,84.2,3.0,0,Traditional,Greater Cairo,0,13,61.24,498.64000000000004,2024,2,27,Afternoon,Medium Discount,Moderate
100772,2024-01-09 00:45:00,Mansoura-Mashaya,Super B.Laban,Medium,54.45,2,0.05,Lotus,52080,32.0,Male,Bronze,Instapay,Talabat,96,3.4,143,27.7,37.3,1.0,0,Signature,Delta,0,0,15.25,124.15,2024,1,9,Late Night,Low Discount,Hot
107840,2024-03-22 15:45:00,Alex-Stanly,Om Ali Cream,Large,58.06,7,0.0,Nuts,73849,53.0,Female,Unknown,Instapay,In-store,67,13.4,107,33.8,27.7,1.0,1,Traditional,Alexandria,1,15,56.9,463.32,2024,3,22,Afternoon,No Discount,Hot
102396,2024-01-25 22:45:00,Giza-Zayed,Om Ali Cream,Medium,97.63,6,0.0,none,77779,33.0,Female,Unknown,Instapay,Talabat,43,11.5,117,28.9,61.4,1.0,0,Traditional,Greater Cairo,0,22,82.01,667.79,2024,1,25,Late Night,No Discount,Hot
101479,2024-01-16 09:30:00,Tanta-Saeed,Sweet Koshary Mix,Medium,42.94,11,0.15,Lotus,56622,43.5,Female,Bronze,Cash,In-store,79,12.0,128,22.4,37.6,4.0,0,Signature,Delta,0,9,66.13,538.47,2024,1,16,Morning,Medium Discount,Moderate
101847,2024-01-20 05:30:00,Riyadh-Olaya,Sweet Koshary Mix,Large,98.86,11,0.15,Nutella,61798,44.0,Male,Unknown,Wallet,Mobile App,53,12.4,114,36.7,83.7,1.0,0,Signature,KSA,1,5,152.24,1239.7,2024,1,20,Morning,Medium Discount,Hot
109109,2024-04-04 21:00:00,Dubai-Marina,Qishtouza Nutella,Large,99.56,6,0.0,Nuts,60747,41.0,Female,Unknown,Wallet,ElMenus,112,2.3,133,42.0,62.9,3.0,0,Modern,UAE,0,21,83.63,680.99,2024,4,4,Evening,No Discount,Hot
104275,2024-02-14 12:30:00,Mansoura-Mashaya,Qishtouza Lotus,Small,100.65,7,0.0,Nutella,69213,72.0,Female,Unknown,Credit Card,Talabat,39,12.5,113,28.6,64.0,3.0,0,Modern,Delta,0,12,98.64,803.19,2024,2,14,Afternoon,No Discount,Hot
103741,2024-02-08 23:00:00,Alex-Stanly,Rice Pudding Nuts,Medium,111.21,2,0.0,Pistachio,81348,14.0,Male,Unknown,Cash,Mobile App,114,9.1,123,34.5,40.5,3.0,0,Traditional,Alexandria,0,23,31.14,253.56,2024,2,8,Late Night,No Discount,Hot
104601,2024-02-17 22:00:00,Mansoura-Mashaya,Ice Cream Mango,Small,119.79,4,0.0,Nuts,75278,43.5,Female,Bronze,Wallet,In-store,21,13.2,143,43.2,32.3,1.0,0,Ice Cream,Delta,1,22,67.08,546.24,2024,2,17,Late Night,No Discount,Hot
108088,2024-03-25 05:45:00,Alex-Stanly,Ice Cream Mango,Medium,165.32,10,0.1,none,66896,60.0,Female,Bronze,Instapay,Talabat,110,5.7,132,19.5,61.5,2.0,0,Ice Cream,Alexandria,0,5,231.45,1884.6499999999999,2024,3,25,Morning,Medium Discount,Cold
108711,2024-03-31 17:30:00,Giza-Zayed,Qishtouza Nutella,Large,154.26,4,0.0,none,77164,14.0,Male,Unknown,Credit Card,Talabat,68,10.5,141,16.4,64.6,5.0,0,Modern,Greater Cairo,1,17,86.39,703.43,2024,3,31,Evening,No Discount,Cold
106677,2024-03-10 13:00:00,Alex-Stanly,Qishtouza Nutella,Medium,135.23,10,0.1,Nutella,78761,43.5,Male,Gold,Instapay,Mobile App,64,6.9,108,42.0,21.9,2.0,0,Modern,Alexandria,1,13,189.32,1541.62,2024,3,10,Afternoon,Medium Discount,Hot
106376,2024-03-07 09:45:00,Cairo-Zamalek,Sweet Koshary Mix,Medium,99.48,9,0.0,none,84260,59.0,Female,Unknown,Wallet,Mobile App,33,2.9,141,44.3,42.6,5.0,0,Signature,Greater Cairo,0,9,125.34,1020.6600000000001,2024,3,7,Morning,No Discount,Hot
108125,2024-03-25 15:00:00,Cairo-Zamalek,Ice Cream Mango,Medium,123.94,8,0.0,Pistachio,62146,43.5,Female,Bronze,Cash,In-store,92,5.0,134,34.7,51.3,3.0,0,Ice Cream,Greater Cairo,0,15,138.81,1130.33,2024,3,25,Afternoon,No Discount,Hot
109539,2024-04-09 08:30:00,Tanta-Saeed,Rice Pudding Nuts,Medium,138.38,11,0.05,Pistachio,85623,21.0,Female,Gold,Credit Card,In-store,29,9.1,106,31.9,60.4,5.0,0,Traditional,Delta,0,8,213.11,1735.29,2024,4,9,Morning,Low Discount,Hot
104916,2024-02-21 04:45:00,Cairo-Zamalek,Om Ali Cream,Small,109.17,10,0.15,Nuts,80469,72.0,Male,Silver,Cash,Talabat,90,12.3,126,27.5,55.6,2.0,0,Traditional,Greater Cairo,0,4,152.84,1244.54,2024,2,21,Late Night,Medium Discount,Hot
102074,2024-01-22 14:15:00,Cairo-Zamalek,Qishtouza Nutella,Large,40.49,7,0.05,Pistachio,62644,60.0,Female,Unknown,Wallet,ElMenus,113,14.4,148,29.8,63.5,2.0,0,Modern,Greater Cairo,0,14,39.68,323.11,2024,1,22,Afternoon,Low Discount,Hot
104755,2024-02-19 12:30:00,Cairo-Zamalek,Om Ali Cream,Medium,141.21,6,0.0,Lotus,72999,33.0,Female,Bronze,Wallet,In-store,21,11.8,116,16.3,42.1,2.0,0,Traditional,Greater Cairo,0,12,118.62,965.88,2024,2,19,Afternoon,No Discount,Cold
101897,2024-01-20 18:00:00,Tanta-Saeed,Super B.Laban,Small,50.18,4,0.0,Lotus,58647,66.0,Male,Gold,Credit Card,ElMenus,46,12.8,107,44.7,69.4,3.0,0,Signature,Delta,1,18,28.1,228.82,2024,1,20,Evening,No Discount,Hot
108553,2024-03-30 02:00:00,Tanta-Saeed,Om Ali Cream,Medium,64.8,6,0.05,Pistachio,66204,49.0,Male,Bronze,Instapay,Talabat,79,9.8,145,16.1,76.6,3.0,0,Traditional,Delta,1,2,54.43,443.22999999999996,2024,3,30,Late Night,Low Discount,Cold
106703,2024-03-10 19:30:00,Tanta-Saeed,Rice Pudding Nuts,Small,132.22,7,0.0,Pistachio,74073,50.0,Female,Silver,Wallet,Mobile App,34,2.9,129,39.9,35.2,2.0,0,Traditional,Delta,1,19,129.58,1055.12,2024,3,10,Evening,No Discount,Hot
106318,2024-03-06 19:15:00,Dubai-Marina,Super B.Laban,Large,83.32,6,0.0,none,85183,26.0,Female,Gold,Wallet,Talabat,21,6.2,117,31.5,44.6,3.0,0,Signature,UAE,0,19,69.99,569.91,2024,3,6,Evening,No Discount,Hot
103660,2024-02-08 02:45:00,Alex-Stanly,Ice Cream Mango,Small,113.93,1,0.0,Nutella,50638,41.0,Female,Gold,Credit Card,Talabat,100,1.4,142,22.7,42.0,2.0,0,Ice Cream,Alexandria,0,2,15.95,129.88,2024,2,8,Late Night,No Discount,Moderate
106582,2024-03-09 13:15:00,Riyadh-Olaya,Om Ali Cream,Medium,61.81,10,0.05,none,69343,43.5,Female,Silver,Cash,ElMenus,105,1.5,131,38.1,71.7,2.0,0,Traditional,KSA,1,13,86.53,704.63,2024,3,9,Afternoon,Low Discount,Hot
102380,2024-01-25 18:45:00,Giza-Zayed,Ice Cream Mango,Large,165.86,3,0.0,Pistachio,73627,61.0,Female,Gold,Credit Card,Talabat,78,2.8,137,36.4,88.7,2.0,0,Ice Cream,Greater Cairo,0,18,69.66,567.24,2024,1,25,Evening,No Discount,Hot
101448,2024-01-16 01:45:00,Riyadh-Olaya,Rice Pudding Nuts,Medium,52.67,11,0.0,Lotus,65924,74.0,Female,Bronze,Instapay,ElMenus,59,9.8,132,15.5,89.4,4.0,0,Traditional,KSA,0,1,81.11,660.48,2024,1,16,Late Night,No Discount,Cold
100343,2024-01-04 13:30:00,Alex-Stanly,Ice Cream Mango,Small,101.8,7,0.15,none,89731,22.0,Female,Bronze,Wallet,ElMenus,111,8.2,105,41.7,41.0,1.0,0,Ice Cream,Alexandria,0,13,99.76,812.36,2024,1,4,Afternoon,Medium Discount,Hot
105128,2024-02-23 09:45:00,Cairo-Zamalek,Rice Pudding Oven,Medium,97.29,11,0.05,Lotus,72593,45.0,Female,Gold,Wallet,ElMenus,89,1.3,138,39.3,72.7,3.0,0,Traditional,Greater Cairo,1,9,149.83,1220.02,2024,2,23,Morning,Low Discount,Hot
103137,2024-02-02 16:00:00,Giza-Zayed,Sweet Koshary Mix,Large,65.55,11,0.0,Pistachio,75624,33.0,Male,Gold,Instapay,ElMenus,81,4.0,124,39.1,61.2,2.0,0,Signature,Greater Cairo,1,16,100.95,822.0,2024,2,2,Afternoon,No Discount,Hot
102528,2024-01-27 07:45:00,Cairo-Nasr City,Qishtouza Nutella,Small,140.24,9,0.0,Pistachio,71762,24.0,Male,Bronze,Credit Card,ElMenus,75,7.7,107,44.8,54.1,2.0,0,Modern,Greater Cairo,1,7,176.7,1438.8600000000001,2024,1,27,Morning,No Discount,Hot
100728,2024-01-08 13:45:00,Alex-Stanly,Sweet Koshary Mix,Medium,72.48,4,0.0,Lotus,67631,43.5,Female,Gold,Wallet,Mobile App,35,2.1,143,30.6,65.1,3.0,0,Signature,Alexandria,0,13,40.59,330.51,2024,1,8,Afternoon,No Discount,Hot
104578,2024-02-17 16:15:00,Alex-Stanly,Ice Cream Mango,Medium,159.0,6,0.0,Pistachio,71172,34.0,Male,Bronze,Credit Card,In-store,53,3.9,136,44.1,42.1,3.0,0,Ice Cream,Alexandria,1,16,133.56,1087.56,2024,2,17,Afternoon,No Discount,Hot
100977,2024-01-11 04:00:00,Riyadh-Olaya,Om Ali Cream,Large,54.3,8,0.0,Lotus,86585,42.0,Female,Silver,Wallet,Talabat,14,1.4,119,23.7,31.5,4.0,0,Traditional,KSA,0,4,60.82,495.21999999999997,2024,1,11,Late Night,No Discount,Moderate
108392,2024-03-28 09:45:00,Mansoura-Mashaya,Ice Cream Mango,Large,40.65,10,0.0,Nutella,84061,43.5,Female,Bronze,Wallet,ElMenus,32,3.4,116,39.1,27.6,4.0,0,Ice Cream,Delta,0,9,56.91,463.40999999999997,2024,3,28,Morning,No Discount,Hot
105444,2024-02-26 16:45:00,Dubai-Marina,Qishtouza Lotus,Medium,91.93,1,0.0,none,58553,65.0,Male,Unknown,Cash,In-store,46,9.3,133,38.7,25.9,5.0,0,Modern,UAE,0,16,12.87,104.80000000000001,2024,2,26,Afternoon,No Discount,Hot
109035,2024-04-04 02:30:00,Tanta-Saeed,Ice Cream Mango,Medium,115.53,5,0.0,Lotus,68153,44.0,Male,Silver,Wallet,In-store,112,10.9,121,33.4,66.7,4.0,0,Ice Cream,Delta,0,2,80.87,658.52,2024,4,4,Late Night,No Discount,Hot
103517,2024-02-06 15:00:00,Alex-Stanly,Rice Pudding Oven,Medium,122.03,11,0.0,none,69544,43.5,Female,Gold,Wallet,In-store,117,13.3,117,26.0,34.1,3.0,0,Traditional,Alexandria,0,15,187.93,1530.26,2024,2,6,Afternoon,No Discount,Hot
107976,2024-03-24 01:45:00,Tanta-Saeed,Ice Cream Mango,Small,155.83,11,0.0,Nutella,75415,41.0,Male,Silver,Cash,ElMenus,50,14.0,130,29.6,66.9,1.0,0,Ice Cream,Delta,1,1,239.98,1954.1100000000001,2024,3,24,Late Night,No Discount,Hot
109788,2024-04-11 22:45:00,Mansoura-Mashaya,Qishtouza Nutella,Small,157.75,3,0.0,Lotus,57415,43.5,Male,Gold,Cash,Talabat,78,13.4,120,17.0,83.2,1.0,0,Modern,Delta,0,22,66.26,539.51,2024,4,11,Late Night,No Discount,Cold
103941,2024-02-11 01:00:00,Cairo-Nasr City,Om Ali Cream,Small,151.69,8,0.0,Lotus,54693,39.0,Female,Bronze,Credit Card,Mobile App,96,6.8,128,37.4,55.9,5.0,0,Traditional,Greater Cairo,1,1,169.89,1383.4099999999999,2024,2,11,Late Night,No Discount,Hot
101300,2024-01-14 12:45:00,Cairo-Zamalek,Ice Cream Mango,Medium,97.59,4,0.0,none,83669,32.0,Male,Bronze,Credit Card,Mobile App,99,14.4,105,43.9,25.3,2.0,0,Ice Cream,Greater Cairo,1,12,54.65,445.01,2024,1,14,Afternoon,No Discount,Hot
109765,2024-04-11 17:00:00,Cairo-Zamalek,Rice Pudding Oven,Medium,162.43,5,0.0,Nuts,58831,28.0,Female,Unknown,Instapay,Talabat,59,12.8,108,35.0,83.1,3.0,0,Traditional,Greater Cairo,0,17,113.7,925.8500000000001,2024,4,11,Evening,No Discount,Hot
101349,2024-01-15 01:00:00,Riyadh-Olaya,Qishtouza Lotus,Small,157.38,6,0.0,none,85730,67.0,Male,Gold,Wallet,ElMenus,58,13.1,140,38.6,29.9,3.0,0,Modern,KSA,0,1,132.2,1076.48,2024,1,15,Late Night,No Discount,Hot
100661,2024-01-07 21:00:00,Riyadh-Olaya,Rice Pudding Oven,Medium,142.81,8,0.0,Nuts,65225,73.0,Male,Unknown,Cash,Mobile App,105,11.4,133,39.7,36.8,5.0,0,Traditional,KSA,1,21,159.95,1302.43,2024,1,7,Evening,No Discount,Hot
105887,2024-03-02 07:30:00,Cairo-Nasr City,Qishtouza Lotus,Medium,81.44,4,0.0,Nuts,84564,54.0,Female,Gold,Wallet,Mobile App,21,14.3,147,21.1,75.9,3.0,0,Modern,Greater Cairo,1,7,45.61,371.37,2024,3,2,Morning,No Discount,Moderate
101493,2024-01-16 13:00:00,Dubai-Marina,Super B.Laban,Medium,141.62,5,0.15,none,68393,12.0,Male,Unknown,Instapay,Talabat,84,13.9,111,39.9,87.5,3.0,0,Signature,UAE,0,13,99.13,807.23,2024,1,16,Afternoon,Medium Discount,Hot
109947,2024-04-13 14:30:00,Mansoura-Mashaya,Rice Pudding Oven,Medium,60.33,6,0.0,none,82421,29.0,Female,Silver,Wallet,Talabat,81,10.5,103,15.9,69.8,1.0,0,Traditional,Delta,1,14,50.68,412.66,2024,4,13,Afternoon,No Discount,Cold
104590,2024-02-17 19:15:00,Cairo-Nasr City,Qishtouza Nutella,Small,156.88,1,0.0,Nutella,50623,44.0,Female,Gold,Instapay,Talabat,37,4.8,110,21.3,31.1,2.0,0,Modern,Greater Cairo,1,19,21.96,178.84,2024,2,17,Evening,No Discount,Moderate
108531,2024-03-29 20:30:00,Riyadh-Olaya,Ice Cream Mango,Small,145.86,2,0.0,Nuts,81771,43.5,Male,Unknown,Wallet,Talabat,21,6.1,118,40.4,87.6,4.0,0,Ice Cream,KSA,1,20,40.84,332.56000000000006,2024,3,29,Evening,No Discount,Hot
105155,2024-02-23 16:30:00,Mansoura-Mashaya,Sweet Koshary Mix,Medium,115.4,10,0.1,none,71639,22.0,Male,Silver,Wallet,ElMenus,78,2.7,132,34.8,57.9,2.0,0,Signature,Delta,1,16,161.56,1315.56,2024,2,23,Afternoon,Medium Discount,Hot
102316,2024-01-25 02:45:00,Mansoura-Mashaya,Rice Pudding Oven,Medium,72.94,9,0.15,none,74457,41.0,Female,Gold,Wallet,Mobile App,26,10.4,120,25.5,80.5,3.0,1,Traditional,Delta,0,2,91.9,748.36,2024,1,25,Late Night,Medium Discount,Hot
109615,2024-04-10 03:30:00,Alex-Stanly,Qishtouza Nutella,Large,88.54,5,0.0,Nuts,62235,24.0,Male,Silver,Credit Card,In-store,90,5.7,140,16.9,84.8,1.0,0,Modern,Alexandria,0,3,61.98,504.68000000000006,2024,4,10,Late Night,No Discount,Cold
109578,2024-04-09 18:15:00,Alex-Stanly,Qishtouza Lotus,Small,122.42,6,0.0,Nuts,87246,23.0,Female,Gold,Credit Card,Talabat,78,2.2,115,35.9,29.9,2.0,0,Modern,Alexandria,0,18,102.83,837.35,2024,4,9,Evening,No Discount,Hot
107025,2024-03-14 04:00:00,Dubai-Marina,Ice Cream Mango,Large,43.8,6,0.15,Nutella,88034,61.0,Male,Unknown,Credit Card,Mobile App,17,13.4,140,28.4,63.4,5.0,0,Ice Cream,UAE,0,4,36.79,299.59,2024,3,14,Late Night,Medium Discount,Hot
101086,2024-01-12 07:15:00,Cairo-Nasr City,Rice Pudding Oven,Medium,50.15,10,0.1,none,56281,54.0,Female,Gold,Instapay,In-store,75,12.3,131,35.6,48.1,4.0,0,Traditional,Greater Cairo,1,7,70.21,571.71,2024,1,12,Morning,Medium Discount,Hot
102525,2024-01-27 07:00:00,Alex-Stanly,Rice Pudding Nuts,Small,144.9,5,0.0,Nutella,58165,16.0,Male,Gold,Cash,In-store,21,14.2,104,20.1,65.9,4.0,0,Traditional,Alexandria,1,7,101.43,825.9300000000001,2024,1,27,Morning,No Discount,Moderate
108969,2024-04-03 10:00:00,Cairo-Zamalek,Rice Pudding Nuts,Medium,83.73,4,0.0,Pistachio,62047,73.0,Male,Bronze,Wallet,ElMenus,17,5.2,138,35.5,56.0,3.0,0,Traditional,Greater Cairo,0,10,46.89,381.81,2024,4,3,Morning,No Discount,Hot
105375,2024-02-25 23:30:00,Cairo-Zamalek,Qishtouza Lotus,Small,47.79,4,0.15,Nuts,67259,66.0,Male,Unknown,Instapay,Talabat,112,14.4,103,22.8,28.1,1.0,0,Modern,Greater Cairo,1,23,26.76,217.92,2024,2,25,Late Night,Medium Discount,Moderate
103199,2024-02-03 07:30:00,Cairo-Nasr City,Qishtouza Lotus,Medium,125.54,6,0.0,Nutella,79622,19.0,Female,Silver,Wallet,ElMenus,90,5.7,102,27.2,70.9,5.0,0,Modern,Greater Cairo,1,7,105.45,858.69,2024,2,3,Morning,No Discount,Hot
105752,2024-02-29 21:45:00,Giza-Zayed,Sweet Koshary Mix,Large,117.95,9,0.05,none,79660,60.0,Male,Unknown,Cash,ElMenus,102,12.5,106,24.2,28.6,3.0,0,Signature,Greater Cairo,0,21,148.62,1210.17,2024,2,29,Evening,Low Discount,Moderate
104009,2024-02-11 18:00:00,Riyadh-Olaya,Qishtouza Lotus,Medium,85.06,5,0.0,Nuts,82949,74.0,Female,Unknown,Wallet,In-store,103,0.6,147,31.1,22.3,5.0,0,Modern,KSA,1,18,59.54,484.84000000000003,2024,2,11,Evening,No Discount,Hot
105718,2024-02-29 13:15:00,Cairo-Nasr City,Rice Pudding Nuts,Large,98.27,9,0.0,Nuts,65398,43.5,Male,Unknown,Wallet,Mobile App,48,7.6,112,31.8,57.6,4.0,0,Traditional,Greater Cairo,0,13,123.82,1008.25,2024,2,29,Afternoon,No Discount,Hot
106658,2024-03-10 08:15:00,Alex-Stanly,Ice Cream Mango,Small,143.8,7,0.0,Nuts,65046,30.0,Female,Silver,Cash,Mobile App,74,11.0,102,18.3,78.7,5.0,0,Ice Cream,Alexandria,1,8,140.92,1147.5200000000002,2024,3,10,Morning,No Discount,Cold
109358,2024-04-07 11:15:00,Cairo-Zamalek,Om Ali Cream,Large,48.22,1,0.15,Nuts,79532,64.0,Male,Silver,Instapay,Talabat,112,11.1,139,17.0,57.6,1.0,0,Traditional,Greater Cairo,1,11,6.75,54.97,2024,4,7,Morning,Medium Discount,Cold
108791,2024-04-01 13:30:00,Tanta-Saeed,Qishtouza Lotus,Medium,89.97,2,0.05,Nuts,78581,19.0,Male,Silver,Credit Card,Talabat,22,2.4,136,24.2,41.9,3.0,1,Modern,Delta,0,13,25.19,205.13,2024,4,1,Afternoon,Low Discount,Moderate
100068,2024-01-01 16:45:00,Cairo-Nasr City,Qishtouza Nutella,Large,129.55,3,0.0,Nutella,71626,33.0,Female,Bronze,Credit Card,ElMenus,48,1.1,129,39.9,74.2,1.0,0,Modern,Greater Cairo,0,16,54.41,443.06000000000006,2024,1,1,Afternoon,No Discount,Hot
107924,2024-03-23 12:45:00,Alex-Stanly,Rice Pudding Nuts,Medium,97.3,5,0.0,Pistachio,73486,51.0,Male,Silver,Instapay,ElMenus,68,4.6,130,41.3,37.1,1.0,0,Traditional,Alexandria,1,12,68.11,554.61,2024,3,23,Afternoon,No Discount,Hot
100041,2024-01-01 10:00:00,Alex-Stanly,Ice Cream Mango,Large,68.25,5,0.05,none,79280,46.0,Male,Unknown,Instapay,ElMenus,100,12.9,129,42.5,65.9,1.0,0,Ice Cream,Alexandria,0,10,47.78,389.03,2024,1,1,Morning,Low Discount,Hot
102270,2024-01-24 15:15:00,Giza-Zayed,Om Ali Cream,Small,57.43,1,0.0,none,74769,43.5,Male,Unknown,Cash,In-store,89,4.4,123,27.6,35.7,5.0,0,Traditional,Greater Cairo,0,15,8.04,65.47,2024,1,24,Afternoon,No Discount,Hot
102382,2024-01-25 19:15:00,Cairo-Nasr City,Ice Cream Mango,Medium,101.61,4,0.15,Lotus,58522,37.0,Male,Bronze,Wallet,ElMenus,43,11.3,116,23.0,61.4,2.0,0,Ice Cream,Greater Cairo,0,19,56.9,463.34,2024,1,25,Evening,Medium Discount,Moderate
107342,2024-03-17 11:15:00,Riyadh-Olaya,Qishtouza Nutella,Medium,66.32,4,0.0,Lotus,53061,68.0,Male,Silver,Wallet,In-store,78,0.7,149,36.2,32.8,1.0,0,Modern,KSA,1,11,37.14,302.41999999999996,2024,3,17,Morning,No Discount,Hot
109962,2024-04-13 18:15:00,Dubai-Marina,Ice Cream Mango,Small,51.41,1,0.0,Pistachio,50266,43.5,Male,Gold,Wallet,Mobile App,100,13.7,136,18.2,89.7,5.0,0,Ice Cream,UAE,1,18,7.2,58.61,2024,4,13,Evening,No Discount,Cold
104917,2024-02-21 05:00:00,Alex-Stanly,Sweet Koshary Mix,Large,126.48,5,0.0,Nuts,65374,57.0,Male,Unknown,Wallet,ElMenus,55,3.9,146,42.5,43.1,2.0,0,Signature,Alexandria,0,5,88.54,720.9399999999999,2024,2,21,Morning,No Discount,Hot
105323,2024-02-25 10:30:00,Riyadh-Olaya,Ice Cream Mango,Small,101.59,2,0.0,Nuts,88446,28.0,Male,Gold,Cash,Mobile App,59,13.5,126,25.4,21.2,1.0,0,Ice Cream,KSA,1,10,28.45,231.63,2024,2,25,Morning,No Discount,Hot
105774,2024-03-01 03:15:00,Cairo-Nasr City,Rice Pudding Oven,Large,129.13,5,0.05,Nuts,66007,45.0,Female,Unknown,Cash,Mobile App,30,3.4,117,15.8,38.5,3.0,0,Traditional,Greater Cairo,1,3,90.39,736.04,2024,3,1,Late Night,Low Discount,Cold
106233,2024-03-05 22:00:00,Riyadh-Olaya,Rice Pudding Oven,Large,158.7,4,0.1,none,62801,57.0,Female,Gold,Wallet,Talabat,53,10.5,113,38.3,25.9,2.0,0,Traditional,KSA,0,22,88.87,723.67,2024,3,5,Late Night,Medium Discount,Hot
106964,2024-03-13 12:45:00,Cairo-Nasr City,Om Ali Cream,Medium,96.85,6,0.0,none,67445,43.5,Female,Silver,Wallet,In-store,57,7.3,124,32.7,75.9,4.0,0,Traditional,Greater Cairo,0,12,81.35,662.4499999999999,2024,3,13,Afternoon,No Discount,Hot
103448,2024-02-05 21:45:00,Dubai-Marina,Sweet Koshary Mix,Medium,96.88,11,0.15,Nutella,64523,57.0,Female,Gold,Cash,In-store,96,5.9,118,36.3,27.2,2.0,0,Signature,UAE,0,21,149.2,1214.8799999999999,2024,2,5,Evening,Medium Discount,Hot
106817,2024-03-12 00:00:00,Alex-Stanly,Rice Pudding Oven,Medium,131.96,3,0.0,Nutella,82921,28.0,Female,Gold,Instapay,Mobile App,30,13.7,106,42.2,28.4,4.0,0,Traditional,Alexandria,0,0,55.42,451.3,2024,3,12,Late Night,No Discount,Hot
102368,2024-01-25 15:45:00,Mansoura-Mashaya,Super B.Laban,Medium,53.18,1,0.05,none,77981,69.0,Female,Bronze,Instapay,In-store,31,8.3,102,41.3,41.9,3.0,0,Signature,Delta,0,15,7.45,60.63,2024,1,25,Afternoon,Low Discount,Hot
107982,2024-03-24 03:15:00,Dubai-Marina,Sweet Koshary Mix,Small,93.29,3,0.05,none,55303,67.0,Female,Bronze,Cash,Talabat,32,12.9,127,32.7,70.1,4.0,0,Signature,UAE,1,3,39.18,319.05,2024,3,24,Late Night,Low Discount,Hot
108167,2024-03-26 01:30:00,Cairo-Nasr City,Qishtouza Lotus,Large,126.34,8,0.0,none,62532,49.0,Female,Gold,Credit Card,ElMenus,106,13.3,102,28.8,77.7,1.0,0,Modern,Greater Cairo,0,1,141.5,1152.22,2024,3,26,Late Night,No Discount,Hot
102513,2024-01-27 04:00:00,Tanta-Saeed,Rice Pudding Oven,Small,177.61,9,0.0,Lotus,74997,23.0,Male,Gold,Cash,In-store,50,12.9,118,44.7,27.4,2.0,0,Traditional,Delta,1,4,223.79,1822.2800000000002,2024,1,27,Late Night,No Discount,Hot
109620,2024-04-10 04:45:00,Riyadh-Olaya,Qishtouza Lotus,Large,115.64,4,0.05,Pistachio,63552,58.0,Male,Gold,Cash,In-store,35,12.1,128,16.5,60.2,3.0,0,Modern,KSA,0,4,64.76,527.32,2024,4,10,Late Night,Low Discount,Cold
102724,2024-01-29 08:45:00,Alex-Stanly,Om Ali Cream,Large,87.41,9,0.0,none,67662,36.0,Female,Silver,Credit Card,Talabat,116,3.9,123,27.1,24.1,1.0,0,Traditional,Alexandria,0,8,110.14,896.8299999999999,2024,1,29,Morning,No Discount,Hot
105949,2024-03-02 23:00:00,Cairo-Zamalek,Rice Pudding Nuts,Medium,47.64,10,0.0,Lotus,81581,40.0,Male,Bronze,Cash,In-store,70,11.2,103,16.3,76.4,3.0,0,Traditional,Greater Cairo,1,23,66.7,543.1,2024,3,2,Late Night,No Discount,Cold
109186,2024-04-05 16:15:00,Alex-Stanly,Qishtouza Nutella,Large,56.78,3,0.1,Lotus,75935,18.0,Female,Bronze,Wallet,ElMenus,49,2.6,144,26.0,50.8,1.0,0,Modern,Alexandria,1,16,23.85,194.19,2024,4,5,Afternoon,Medium Discount,Hot
109005,2024-04-03 19:00:00,Cairo-Nasr City,Ice Cream Mango,Large,113.77,6,0.05,Pistachio,78794,43.5,Female,Unknown,Wallet,ElMenus,76,10.1,125,38.4,38.6,2.0,1,Ice Cream,Greater Cairo,0,19,95.57,778.19,2024,4,3,Evening,Low Discount,Hot
101144,2024-01-12 21:45:00,Dubai-Marina,Om Ali Cream,Large,120.48,1,0.0,Nutella,84924,63.0,Male,Bronze,Credit Card,Talabat,109,9.7,138,15.5,64.5,4.0,0,Traditional,UAE,1,21,16.87,137.35,2024,1,12,Evening,No Discount,Cold
109737,2024-04-11 10:00:00,Cairo-Zamalek,Sweet Koshary Mix,Medium,54.19,2,0.0,Nuts,53385,27.0,Male,Silver,Cash,Talabat,89,3.2,127,39.0,34.0,3.0,1,Signature,Greater Cairo,0,10,15.17,123.55,2024,4,11,Morning,No Discount,Hot
107223,2024-03-16 05:30:00,Cairo-Nasr City,Sweet Koshary Mix,Large,127.43,3,0.0,Nuts,61658,17.0,Female,Silver,Credit Card,Mobile App,75,10.5,105,17.0,31.5,4.0,0,Signature,Greater Cairo,1,5,53.52,435.81,2024,3,16,Morning,No Discount,Cold
108293,2024-03-27 09:00:00,Mansoura-Mashaya,Rice Pudding Oven,Medium,142.68,5,0.1,Lotus,85389,12.0,Male,Silver,Instapay,Talabat,97,5.1,128,37.5,38.3,1.0,0,Traditional,Delta,0,9,99.88,813.2800000000001,2024,3,27,Morning,Medium Discount,Hot
109221,2024-04-06 01:00:00,Alex-Stanly,Qishtouza Lotus,Medium,47.86,10,0.15,Lotus,71724,19.0,Male,Gold,Instapay,ElMenus,69,13.9,147,43.8,34.1,3.0,0,Modern,Alexandria,1,1,67.0,545.6,2024,4,6,Late Night,Medium Discount,Hot
104729,2024-02-19 06:00:00,Mansoura-Mashaya,Qishtouza Lotus,Large,174.29,2,0.0,Pistachio,74050,42.0,Female,Bronze,Cash,Talabat,73,2.2,136,21.7,54.8,3.0,0,Modern,Delta,0,6,48.8,397.38,2024,2,19,Morning,No Discount,Moderate
105495,2024-02-27 05:30:00,Alex-Stanly,Om Ali Cream,Medium,50.36,4,0.0,none,65846,56.0,Male,Silver,Cash,Mobile App,97,11.6,130,36.4,68.9,3.0,0,Traditional,Alexandria,0,5,28.2,229.64,2024,2,27,Morning,No Discount,Hot
105756,2024-02-29 22:45:00,Mansoura-Mashaya,Super B.Laban,Large,48.37,7,0.0,Nutella,69759,57.0,Female,Silver,Wallet,Talabat,80,13.9,135,30.0,67.6,5.0,0,Signature,Delta,0,22,47.4,385.98999999999995,2024,2,29,Late Night,No Discount,Hot
107563,2024-03-19 18:30:00,Cairo-Nasr City,Om Ali Cream,Medium,126.3,8,0.0,Nuts,75016,12.0,Female,Silver,Instapay,Talabat,10,2.8,129,43.3,59.0,4.0,0,Traditional,Greater Cairo,0,18,141.46,1151.86,2024,3,19,Evening,No Discount,Hot
103790,2024-02-09 11:15:00,Mansoura-Mashaya,Qishtouza Lotus,Medium,114.65,5,0.15,none,66236,46.0,Female,Gold,Instapay,Mobile App,56,11.7,111,44.4,56.4,1.0,0,Modern,Delta,1,11,80.26,653.51,2024,2,9,Morning,Medium Discount,Hot
102221,2024-01-24 03:00:00,Riyadh-Olaya,Super B.Laban,Small,75.41,8,0.0,Pistachio,75133,43.5,Male,Unknown,Cash,ElMenus,68,14.3,109,36.9,70.5,2.0,0,Signature,KSA,0,3,84.46,687.74,2024,1,24,Late Night,No Discount,Hot
105076,2024-02-22 20:45:00,Mansoura-Mashaya,Ice Cream Mango,Medium,91.66,7,0.1,Nuts,85219,26.0,Female,Silver,Credit Card,ElMenus,114,13.4,111,42.3,54.8,3.0,0,Ice Cream,Delta,0,20,89.83,731.45,2024,2,22,Evening,Medium Discount,Hot
102332,2024-01-25 06:45:00,Cairo-Zamalek,Ice Cream Mango,Large,64.38,2,0.0,none,72039,73.0,Male,Unknown,Cash,ElMenus,84,4.1,142,44.7,50.2,3.0,0,Ice Cream,Greater Cairo,0,6,18.03,146.79,2024,1,25,Morning,No Discount,Hot
105395,2024-02-26 04:30:00,Giza-Zayed,Qishtouza Nutella,Large,91.15,10,0.0,none,87971,43.5,Male,Bronze,Credit Card,ElMenus,51,3.8,106,34.0,48.8,2.0,0,Modern,Greater Cairo,0,4,127.61,1039.11,2024,2,26,Late Night,No Discount,Hot
107440,2024-03-18 11:45:00,Cairo-Zamalek,Om Ali Cream,Large,161.86,9,0.0,Nutella,65500,27.0,Female,Gold,Instapay,Mobile App,83,12.2,147,39.5,69.9,4.0,0,Traditional,Greater Cairo,0,11,203.94,1660.6800000000003,2024,3,18,Morning,No Discount,Hot
108068,2024-03-25 00:45:00,Cairo-Nasr City,Sweet Koshary Mix,Medium,112.94,1,0.15,none,83927,73.0,Male,Bronze,Credit Card,ElMenus,101,8.3,105,42.2,52.4,4.0,0,Signature,Greater Cairo,0,0,15.81,128.75,2024,3,25,Late Night,Medium Discount,Hot
107091,2024-03-14 20:30:00,Dubai-Marina,Super B.Laban,Small,155.34,1,0.0,Nutella,64464,45.0,Male,Gold,Instapay,ElMenus,117,1.9,101,33.0,62.9,4.0,0,Signature,UAE,0,20,21.75,177.09,2024,3,14,Evening,No Discount,Hot
109337,2024-04-07 06:00:00,Dubai-Marina,Om Ali Cream,Medium,66.7,2,0.0,Lotus,81483,32.0,Male,Silver,Wallet,In-store,40,14.6,146,40.0,41.3,3.0,0,Traditional,UAE,1,6,18.68,152.08,2024,4,7,Morning,No Discount,Hot
104089,2024-02-12 14:00:00,Cairo-Zamalek,Super B.Laban,Small,83.7,-5,0.05,Lotus,64938,64.0,Female,Gold,Cash,Talabat,64,3.6,126,30.4,23.6,3.0,0,Signature,Greater Cairo,0,14,105.46,-313.04,2024,2,12,Afternoon,Low Discount,Hot
101968,2024-01-21 11:45:00,Riyadh-Olaya,Rice Pudding Nuts,Small,150.07,9,0.05,Pistachio,71623,64.0,Female,Gold,Credit Card,Talabat,111,10.9,144,27.7,56.7,4.0,1,Traditional,KSA,1,11,189.09,1539.7199999999998,2024,1,21,Morning,Low Discount,Hot
109364,2024-04-07 12:45:00,Tanta-Saeed,Om Ali Cream,Medium,174.41,10,0.0,none,57179,20.0,Female,Silver,Cash,In-store,102,12.4,121,32.3,23.8,4.0,0,Traditional,Delta,1,12,244.17,1988.27,2024,4,7,Afternoon,No Discount,Hot
109797,2024-04-12 01:00:00,Cairo-Nasr City,Om Ali Cream,Large,166.21,10,0.0,Pistachio,70600,55.0,Male,Gold,Cash,ElMenus,19,9.0,121,28.3,44.1,2.0,0,Traditional,Greater Cairo,1,1,232.69,1894.7900000000002,2024,4,12,Late Night,No Discount,Hot
106758,2024-03-11 09:15:00,Cairo-Zamalek,Rice Pudding Oven,Large,149.07,7,0.0,Nutella,61483,39.0,Male,Gold,Instapay,Mobile App,68,4.5,128,28.4,61.4,2.0,0,Traditional,Greater Cairo,0,9,146.09,1189.58,2024,3,11,Morning,No Discount,Hot
109587,2024-04-09 20:30:00,Dubai-Marina,Sweet Koshary Mix,Large,82.05,11,0.0,none,60854,40.0,Male,Gold,Cash,ElMenus,32,7.3,137,16.0,31.7,2.0,0,Signature,UAE,0,20,126.36,1028.9099999999999,2024,4,9,Evening,No Discount,Cold
104366,2024-02-15 11:15:00,Cairo-Nasr City,Rice Pudding Nuts,Medium,45.63,6,0.15,none,73000,20.0,Female,Gold,Wallet,Talabat,112,9.0,113,30.6,48.9,5.0,0,Traditional,Greater Cairo,0,11,38.33,312.11,2024,2,15,Morning,Medium Discount,Hot
107000,2024-03-13 21:45:00,Dubai-Marina,Rice Pudding Nuts,Small,54.13,3,0.0,none,71318,32.0,Female,Gold,Instapay,Talabat,62,2.2,125,42.7,79.3,3.0,0,Traditional,UAE,0,21,22.73,185.12,2024,3,13,Evening,No Discount,Hot
100424,2024-01-05 09:45:00,Alex-Stanly,Qishtouza Lotus,Medium,116.71,10,0.0,Nuts,85951,34.0,Male,Gold,Cash,Mobile App,106,4.4,141,26.4,77.6,2.0,0,Modern,Alexandria,1,9,163.39,1330.4899999999998,2024,1,5,Morning,No Discount,Hot
100281,2024-01-03 22:00:00,Giza-Zayed,Ice Cream Mango,Medium,72.23,6,0.05,none,60460,61.0,Male,Silver,Credit Card,Talabat,20,1.1,139,21.1,66.0,4.0,0,Ice Cream,Greater Cairo,0,22,60.67,494.05,2024,1,3,Late Night,Low Discount,Moderate
101905,2024-01-20 20:00:00,Dubai-Marina,Super B.Laban,Large,137.37,10,0.0,Nutella,85577,48.0,Male,Gold,Wallet,Mobile App,95,9.8,122,26.5,56.6,4.0,0,Signature,UAE,1,20,192.32,1566.02,2024,1,20,Evening,No Discount,Hot
100596,2024-01-07 04:45:00,Giza-Zayed,Ice Cream Mango,Large,65.01,5,0.0,Lotus,72243,13.0,Male,Silver,Cash,Mobile App,50,5.2,149,18.6,52.5,2.0,0,Ice Cream,Greater Cairo,1,4,45.51,370.56,2024,1,7,Late Night,No Discount,Cold
108580,2024-03-30 08:45:00,Giza-Zayed,Qishtouza Nutella,Medium,92.18,3,0.0,none,59693,60.0,Male,Bronze,Wallet,ElMenus,33,14.1,122,34.7,60.5,2.0,0,Modern,Greater Cairo,1,8,38.72,315.26,2024,3,30,Morning,No Discount,Hot
103918,2024-02-10 19:15:00,Giza-Zayed,Super B.Laban,Large,117.46,3,0.0,Pistachio,83012,43.5,Male,Gold,Credit Card,In-store,20,4.6,102,24.8,40.8,1.0,0,Signature,Greater Cairo,1,19,49.33,401.71,2024,2,10,Evening,No Discount,Moderate
106143,2024-03-04 23:30:00,Riyadh-Olaya,Qishtouza Nutella,Large,146.28,2,0.0,Pistachio,66354,50.0,Male,Gold,Credit Card,ElMenus,99,5.7,121,22.9,54.3,1.0,0,Modern,KSA,0,23,40.96,333.52,2024,3,4,Late Night,No Discount,Moderate
105662,2024-02-28 23:15:00,Giza-Zayed,Om Ali Cream,Small,54.5,4,0.05,none,76695,74.0,Female,Silver,Instapay,Talabat,33,2.7,125,32.8,80.4,2.0,0,Traditional,Greater Cairo,0,23,30.52,248.52,2024,2,28,Late Night,Low Discount,Hot
105779,2024-03-01 04:30:00,Riyadh-Olaya,Ice Cream Mango,Small,132.12,3,0.0,Lotus,55092,43.5,Male,Unknown,Cash,Mobile App,117,9.3,131,18.1,44.5,3.0,0,Ice Cream,KSA,1,4,55.49,451.85,2024,3,1,Late Night,No Discount,Cold
103619,2024-02-07 16:30:00,Mansoura-Mashaya,Rice Pudding Nuts,Small,104.55,8,0.1,Pistachio,76346,30.0,Female,Gold,Cash,Mobile App,16,11.9,129,37.5,81.8,3.0,0,Traditional,Delta,0,16,117.1,953.5,2024,2,7,Afternoon,Medium Discount,Hot
106846,2024-03-12 07:15:00,Giza-Zayed,Qishtouza Nutella,Medium,46.5,9,0.0,Lotus,74117,16.0,Male,Bronze,Cash,ElMenus,30,9.8,137,41.8,83.1,3.0,0,Modern,Greater Cairo,0,7,58.59,477.09000000000003,2024,3,12,Morning,No Discount,Hot
100840,2024-01-09 17:45:00,Mansoura-Mashaya,Om Ali Cream,Medium,121.8,9,0.0,Nuts,61849,37.0,Female,Silver,Wallet,Mobile App,105,2.4,113,43.4,51.1,3.0,0,Traditional,Delta,0,17,153.47,1249.67,2024,1,9,Evening,No Discount,Hot
104597,2024-02-17 21:00:00,Giza-Zayed,Sweet Koshary Mix,Large,110.27,11,0.0,Nutella,67544,43.5,Male,Gold,Cash,ElMenus,61,7.3,131,33.7,28.5,2.0,0,Signature,Greater Cairo,1,21,169.82,1382.79,2024,2,17,Evening,No Discount,Hot
107497,2024-03-19 02:00:00,Cairo-Zamalek,Rice Pudding Nuts,Medium,97.65,9,0.0,Pistachio,74553,43.5,Female,Unknown,Credit Card,Talabat,104,6.1,110,44.7,48.0,3.0,0,Traditional,Greater Cairo,0,2,123.04,1001.89,2024,3,19,Late Night,No Discount,Hot
100142,2024-01-02 11:15:00,Cairo-Nasr City,Rice Pudding Nuts,Medium,64.34,8,0.15,Lotus,85941,20.0,Male,Unknown,Credit Card,ElMenus,15,1.8,119,33.2,75.6,4.0,0,Traditional,Greater Cairo,0,11,72.06,586.78,2024,1,2,Morning,Medium Discount,Hot
102598,2024-01-28 01:15:00,Mansoura-Mashaya,Qishtouza Nutella,Medium,154.6,5,0.0,Pistachio,88700,33.0,Male,Bronze,Credit Card,Mobile App,54,8.6,147,25.2,73.7,3.0,0,Modern,Delta,1,1,108.22,881.22,2024,1,28,Late Night,No Discount,Hot
106702,2024-03-10 19:15:00,Cairo-Zamalek,Ice Cream Mango,Small,57.72,8,0.0,Nuts,62392,23.0,Male,Bronze,Cash,Talabat,61,1.8,121,18.3,66.6,3.0,0,Ice Cream,Greater Cairo,1,19,64.65,526.41,2024,3,10,Evening,No Discount,Cold
107757,2024-03-21 19:00:00,Dubai-Marina,Rice Pudding Oven,Large,86.33,6,0.1,Nutella,83595,49.0,Female,Bronze,Instapay,ElMenus,30,3.2,131,31.9,58.6,2.0,0,Traditional,UAE,0,19,72.52,590.5,2024,3,21,Evening,Medium Discount,Hot
101378,2024-01-15 08:15:00,Mansoura-Mashaya,Rice Pudding Nuts,Medium,144.33,7,0.0,Lotus,79444,36.0,Female,Gold,Credit Card,Mobile App,82,5.5,131,29.0,89.4,4.0,0,Traditional,Delta,0,8,141.44,1151.75,2024,1,15,Morning,No Discount,Hot
103675,2024-02-08 06:30:00,Dubai-Marina,Rice Pudding Nuts,Large,111.44,11,0.0,none,83044,14.0,Female,Silver,Cash,ElMenus,87,8.0,127,39.6,78.8,5.0,0,Traditional,UAE,0,6,171.62,1397.46,2024,2,8,Morning,No Discount,Hot
108771,2024-04-01 08:30:00,Giza-Zayed,Om Ali Cream,Medium,168.01,10,0.0,Nuts,67870,46.0,Male,Silver,Wallet,ElMenus,98,4.8,123,38.6,50.5,3.0,0,Traditional,Greater Cairo,0,8,235.21,1915.31,2024,4,1,Morning,No Discount,Hot
109896,2024-04-13 01:45:00,Giza-Zayed,Qishtouza Nutella,Large,148.33,2,0.05,Pistachio,74911,60.0,Male,Bronze,Wallet,Mobile App,97,13.9,111,18.1,75.5,5.0,0,Modern,Greater Cairo,1,1,41.53,338.19000000000005,2024,4,13,Late Night,Low Discount,Cold
106363,2024-03-07 06:30:00,Mansoura-Mashaya,Qishtouza Lotus,Large,146.1,6,0.1,Nuts,72956,51.0,Female,Silver,Instapay,In-store,60,12.0,115,17.2,22.1,1.0,0,Modern,Delta,0,6,122.72,999.3199999999999,2024,3,7,Morning,Medium Discount,Cold
104742,2024-02-19 09:15:00,Tanta-Saeed,Qishtouza Nutella,Medium,73.71,10,0.0,Nutella,53211,67.0,Female,Gold,Instapay,Mobile App,95,8.2,117,36.8,61.6,3.0,0,Modern,Delta,0,9,103.19,840.29,2024,2,19,Morning,No Discount,Hot
103809,2024-02-09 16:00:00,Cairo-Nasr City,Rice Pudding Nuts,Medium,83.44,1,0.0,none,83000,48.0,Female,Bronze,Wallet,Mobile App,119,14.3,125,25.4,33.5,2.0,0,Traditional,Greater Cairo,1,16,11.68,95.12,2024,2,9,Afternoon,No Discount,Hot
101139,2024-01-12 20:30:00,Giza-Zayed,Rice Pudding Oven,Medium,63.01,5,0.15,none,51033,30.0,Male,Unknown,Wallet,ElMenus,119,11.9,119,32.9,77.9,3.0,0,Traditional,Greater Cairo,1,20,44.11,359.16,2024,1,12,Evening,Medium Discount,Hot
102258,2024-01-24 12:15:00,Tanta-Saeed,Rice Pudding Oven,Medium,93.85,10,0.0,none,59264,43.5,Female,Bronze,Cash,ElMenus,15,13.8,129,37.2,50.2,2.0,0,Traditional,Delta,0,12,131.39,1069.8899999999999,2024,1,24,Afternoon,No Discount,Hot
107866,2024-03-22 22:15:00,Mansoura-Mashaya,Super B.Laban,Small,43.64,3,0.0,Lotus,82863,12.0,Female,Bronze,Instapay,Mobile App,26,10.7,147,38.5,53.8,4.0,0,Signature,Delta,1,22,18.33,149.25,2024,3,22,Late Night,No Discount,Hot
101788,2024-01-19 14:45:00,Giza-Zayed,Qishtouza Lotus,Medium,115.46,10,0.0,none,73916,33.0,Female,Silver,Wallet,In-store,92,13.9,134,27.6,55.4,5.0,0,Modern,Greater Cairo,1,14,161.64,1316.2399999999998,2024,1,19,Afternoon,No Discount,Hot
103939,2024-02-11 00:30:00,Mansoura-Mashaya,Rice Pudding Oven,Medium,79.52,7,0.1,Nutella,85919,43.5,Female,Unknown,Instapay,Mobile App,86,9.2,121,36.3,35.4,5.0,0,Traditional,Delta,1,0,77.93,634.5699999999999,2024,2,11,Late Night,Medium Discount,Hot
109317,2024-04-07 01:00:00,Cairo-Zamalek,Qishtouza Nutella,Small,91.79,11,0.0,Nutella,57256,68.0,Male,Gold,Credit Card,Talabat,47,13.9,118,33.2,36.8,2.0,1,Modern,Greater Cairo,1,1,141.36,1151.0500000000002,2024,4,7,Late Night,No Discount,Hot
104647,2024-02-18 09:30:00,Riyadh-Olaya,Sweet Koshary Mix,Large,140.33,3,0.1,none,66817,20.0,Female,Unknown,Wallet,ElMenus,14,1.7,103,27.7,23.1,3.0,0,Signature,KSA,1,9,58.94,479.93,2024,2,18,Morning,Medium Discount,Hot
100460,2024-01-05 18:45:00,Alex-Stanly,Super B.Laban,Medium,101.96,5,0.0,none,78734,16.0,Female,Unknown,Instapay,Talabat,102,1.9,103,16.1,41.2,4.0,0,Signature,Alexandria,1,18,71.37,581.17,2024,1,5,Evening,No Discount,Cold
106116,2024-03-04 16:45:00,Alex-Stanly,Sweet Koshary Mix,Large,48.05,2,0.1,none,76551,28.0,Female,Unknown,Cash,In-store,11,8.5,141,43.5,52.4,3.0,0,Signature,Alexandria,0,16,13.45,109.55,2024,3,4,Afternoon,Medium Discount,Hot
109543,2024-04-09 09:30:00,Giza-Zayed,Rice Pudding Nuts,Small,165.35,9,0.0,none,54819,27.0,Male,Unknown,Credit Card,ElMenus,94,13.9,118,36.9,80.5,3.0,1,Traditional,Greater Cairo,0,9,208.34,1696.4899999999998,2024,4,9,Morning,No Discount,Hot
100949,2024-01-10 21:00:00,Tanta-Saeed,Qishtouza Lotus,Medium,70.03,1,0.0,Nutella,66663,62.0,Female,Gold,Wallet,Talabat,57,9.7,141,28.0,66.9,3.0,0,Modern,Delta,0,21,9.8,79.83,2024,1,10,Evening,No Discount,Hot
103701,2024-02-08 13:00:00,Alex-Stanly,Qishtouza Nutella,Large,160.24,3,0.0,Nuts,79366,43.5,Male,Unknown,Cash,ElMenus,37,10.4,112,37.2,34.7,2.0,0,Modern,Alexandria,0,13,67.3,548.02,2024,2,8,Afternoon,No Discount,Hot
101337,2024-01-14 22:00:00,Alex-Stanly,Om Ali Cream,Medium,136.05,7,0.0,Lotus,77564,74.0,Male,Unknown,Credit Card,ElMenus,46,1.4,143,40.2,83.2,3.0,0,Traditional,Alexandria,1,22,133.33,1085.68,2024,1,14,Late Night,No Discount,Hot
106371,2024-03-07 08:30:00,Dubai-Marina,Qishtouza Lotus,Medium,51.12,5,0.0,Lotus,51897,67.0,Female,Silver,Wallet,ElMenus,10,12.4,122,34.5,52.7,4.0,0,Modern,UAE,0,8,35.78,291.38,2024,3,7,Morning,No Discount,Hot
104629,2024-02-18 05:00:00,Alex-Stanly,Super B.Laban,Medium,171.24,8,0.15,Lotus,73378,26.0,Male,Silver,Wallet,Mobile App,115,14.7,117,36.4,54.2,3.0,0,Signature,Alexandria,1,5,191.79,1561.71,2024,2,18,Morning,Medium Discount,Hot
106287,2024-03-06 11:30:00,Cairo-Nasr City,Super B.Laban,Large,86.51,4,0.15,Lotus,74086,55.0,Male,Gold,Credit Card,In-store,84,11.0,104,29.1,62.5,2.0,0,Signature,Greater Cairo,0,11,48.45,394.49,2024,3,6,Morning,Medium Discount,Hot
105926,2024-03-02 17:15:00,Giza-Zayed,Rice Pudding Oven,Large,53.42,10,0.15,Lotus,87489,55.0,Female,Gold,Cash,ElMenus,58,9.5,146,31.1,61.6,2.0,0,Traditional,Greater Cairo,1,17,74.79,608.99,2024,3,2,Evening,Medium Discount,Hot
105935,2024-03-02 19:30:00,Dubai-Marina,Super B.Laban,Medium,141.87,8,0.0,none,61609,37.0,Male,Silver,Credit Card,In-store,18,1.2,149,17.6,49.9,1.0,0,Signature,UAE,1,19,158.89,1293.85,2024,3,2,Evening,No Discount,Cold
106041,2024-03-03 22:00:00,Tanta-Saeed,Qishtouza Nutella,Small,82.88,10,0.0,Nuts,56403,13.0,Female,Unknown,Wallet,Talabat,96,7.0,106,29.4,58.7,4.0,0,Modern,Delta,1,22,116.03,944.8299999999999,2024,3,3,Late Night,No Discount,Hot
100442,2024-01-05 14:15:00,Riyadh-Olaya,Qishtouza Nutella,Large,77.48,2,0.0,none,83958,55.0,Female,Bronze,Credit Card,ElMenus,107,1.2,146,19.0,77.4,3.0,0,Modern,KSA,1,14,21.69,176.65,2024,1,5,Afternoon,No Discount,Cold
106660,2024-03-10 08:45:00,Alex-Stanly,Rice Pudding Oven,Small,71.2,1,0.0,none,82360,24.0,Male,Gold,Credit Card,Mobile App,27,8.9,142,36.8,46.3,2.0,0,Traditional,Alexandria,1,8,9.97,81.17,2024,3,10,Morning,No Discount,Hot
101603,2024-01-17 16:30:00,Cairo-Zamalek,Super B.Laban,Large,141.86,9,0.0,Pistachio,79287,34.0,Female,Silver,Cash,Mobile App,59,1.5,115,31.2,62.6,3.0,0,Signature,Greater Cairo,0,16,178.74,1455.4800000000002,2024,1,17,Afternoon,No Discount,Hot
102239,2024-01-24 07:30:00,Giza-Zayed,Qishtouza Nutella,Medium,151.05,8,0.0,none,54944,43.5,Female,Bronze,Credit Card,ElMenus,10,5.3,146,43.8,63.6,4.0,0,Modern,Greater Cairo,0,7,169.18,1377.5800000000002,2024,1,24,Morning,No Discount,Hot
100640,2024-01-07 15:45:00,Riyadh-Olaya,Rice Pudding Oven,Medium,53.05,3,0.1,none,71060,30.0,Female,Gold,Instapay,In-store,42,13.1,149,29.1,63.6,2.0,0,Traditional,KSA,1,15,22.28,181.42999999999998,2024,1,7,Afternoon,Medium Discount,Hot
109821,2024-04-12 07:00:00,Dubai-Marina,Ice Cream Mango,Medium,162.68,-5,0.0,none,67564,58.0,Male,Unknown,Wallet,Mobile App,27,0.7,106,33.8,80.1,5.0,0,Ice Cream,UAE,1,7,159.43,-653.97,2024,4,12,Morning,No Discount,Hot
103831,2024-02-09 21:30:00,Giza-Zayed,Rice Pudding Nuts,Medium,100.36,2,0.15,Pistachio,76460,35.0,Female,Unknown,Cash,Mobile App,69,14.6,127,26.3,83.2,1.0,0,Traditional,Greater Cairo,1,21,28.1,228.82,2024,2,9,Evening,Medium Discount,Hot
109396,2024-04-07 20:45:00,Cairo-Nasr City,Rice Pudding Nuts,Medium,103.79,8,0.0,none,82775,26.0,Male,Bronze,Credit Card,Mobile App,85,9.0,104,29.2,79.4,3.0,0,Traditional,Greater Cairo,1,20,116.24,946.5600000000001,2024,4,7,Evening,No Discount,Hot
106145,2024-03-05 00:00:00,Cairo-Nasr City,Qishtouza Nutella,Medium,79.39,8,0.0,none,79304,14.0,Female,Silver,Instapay,ElMenus,24,2.1,140,37.2,75.5,1.0,0,Modern,Greater Cairo,0,0,88.92,724.04,2024,3,5,Late Night,No Discount,Hot
107986,2024-03-24 04:15:00,Dubai-Marina,Om Ali Cream,Medium,116.16,11,0.0,none,52055,40.0,Female,Gold,Credit Card,ElMenus,113,5.4,127,42.7,51.8,1.0,0,Traditional,UAE,1,4,178.89,1456.65,2024,3,24,Late Night,No Discount,Hot
109053,2024-04-04 07:00:00,Riyadh-Olaya,Om Ali Cream,Large,135.67,11,0.0,none,84021,17.0,Female,Silver,Credit Card,ElMenus,40,3.0,144,20.5,45.1,5.0,0,Traditional,KSA,0,7,208.93,1701.3,2024,4,4,Morning,No Discount,Moderate
106345,2024-03-07 02:00:00,Tanta-Saeed,Ice Cream Mango,Medium,76.26,4,0.05,none,76756,46.0,Male,Bronze,Credit Card,In-store,96,10.2,143,37.4,80.3,5.0,0,Ice Cream,Delta,0,2,42.71,347.75,2024,3,7,Late Night,Low Discount,Hot
102502,2024-01-27 01:15:00,Dubai-Marina,Rice Pudding Oven,Small,55.34,9,0.1,Nuts,83974,12.0,Female,Unknown,Wallet,Mobile App,76,11.3,129,41.9,80.9,3.0,0,Traditional,UAE,1,1,69.73,567.7900000000001,2024,1,27,Late Night,Medium Discount,Hot
101959,2024-01-21 09:30:00,Mansoura-Mashaya,Qishtouza Lotus,Medium,137.89,3,0.0,none,76932,33.0,Female,Unknown,Cash,In-store,53,9.1,146,33.8,72.1,2.0,0,Modern,Delta,1,9,57.91,471.5799999999999,2024,1,21,Morning,No Discount,Hot
101071,2024-01-12 03:30:00,Mansoura-Mashaya,Super B.Laban,Medium,58.6,11,0.15,Nutella,78192,38.0,Female,Bronze,Instapay,ElMenus,15,1.0,133,25.4,78.7,1.0,0,Signature,Delta,1,3,90.24,734.84,2024,1,12,Late Night,Medium Discount,Hot
100156,2024-01-02 14:45:00,Cairo-Zamalek,Rice Pudding Oven,Medium,66.63,11,0.0,Lotus,57665,61.0,Female,Silver,Cash,ElMenus,69,14.6,144,28.7,80.8,5.0,0,Traditional,Greater Cairo,0,14,102.61,835.54,2024,1,2,Afternoon,No Discount,Hot
102296,2024-01-24 21:45:00,Giza-Zayed,Qishtouza Nutella,Large,62.29,6,0.0,Lotus,58271,70.0,Male,Gold,Instapay,ElMenus,51,14.3,127,40.5,75.8,1.0,1,Modern,Greater Cairo,0,21,52.32,426.06,2024,1,24,Evening,No Discount,Hot
109802,2024-04-12 02:15:00,Riyadh-Olaya,Qishtouza Lotus,Small,110.56,8,0.0,Nutella,70951,57.0,Male,Gold,Credit Card,ElMenus,114,12.3,101,18.4,23.2,1.0,0,Modern,KSA,1,2,123.83,1008.3100000000001,2024,4,12,Late Night,No Discount,Cold
104579,2024-02-17 16:30:00,Riyadh-Olaya,Qishtouza Lotus,Small,53.09,4,0.15,none,69389,25.0,Female,Gold,Wallet,ElMenus,71,8.1,143,43.8,71.6,1.0,0,Modern,KSA,1,16,29.73,242.09,2024,2,17,Afternoon,Medium Discount,Hot
101090,2024-01-12 08:15:00,Cairo-Zamalek,Sweet Koshary Mix,Medium,133.29,11,0.0,Pistachio,52149,51.0,Female,Silver,Cash,In-store,42,14.9,145,33.1,33.1,1.0,0,Signature,Greater Cairo,1,8,205.27,1671.4599999999998,2024,1,12,Morning,No Discount,Hot
106050,2024-03-04 00:15:00,Tanta-Saeed,Rice Pudding Nuts,Large,113.02,9,0.0,none,56239,29.0,Female,Gold,Instapay,Mobile App,85,10.9,122,34.3,48.4,4.0,0,Traditional,Delta,0,0,142.41,1159.59,2024,3,4,Late Night,No Discount,Hot
106416,2024-03-07 19:45:00,Tanta-Saeed,Qishtouza Lotus,Medium,54.72,10,0.0,Nuts,54796,23.0,Male,Unknown,Credit Card,Mobile App,115,3.7,122,41.6,30.3,3.0,0,Modern,Delta,0,19,76.61,623.8100000000001,2024,3,7,Evening,No Discount,Hot
102941,2024-01-31 15:00:00,Mansoura-Mashaya,Rice Pudding Oven,Medium,85.33,11,0.0,Nuts,58366,59.0,Female,Bronze,Wallet,Talabat,62,1.7,117,19.5,25.7,5.0,0,Traditional,Delta,0,15,131.41,1070.04,2024,1,31,Afternoon,No Discount,Cold
100724,2024-01-08 12:45:00,Cairo-Nasr City,Om Ali Cream,Large,69.33,4,0.0,none,60711,31.0,Male,Unknown,Cash,Mobile App,27,10.6,126,25.6,45.3,3.0,0,Traditional,Greater Cairo,0,12,38.82,316.14,2024,1,8,Afternoon,No Discount,Hot
104385,2024-02-15 16:00:00,Alex-Stanly,Super B.Laban,Large,145.55,10,0.0,Pistachio,89041,26.0,Female,Gold,Wallet,Mobile App,105,14.4,148,40.7,32.6,2.0,0,Signature,Alexandria,0,16,203.77,1659.27,2024,2,15,Afternoon,No Discount,Hot
100931,2024-01-10 16:30:00,Dubai-Marina,Om Ali Cream,Large,128.08,10,0.0,Nutella,74638,14.0,Male,Gold,Instapay,In-store,77,5.3,133,41.4,42.0,3.0,1,Traditional,UAE,0,16,179.31,1460.1100000000001,2024,1,10,Afternoon,No Discount,Hot
102910,2024-01-31 07:15:00,Alex-Stanly,Ice Cream Mango,Large,50.35,4,0.0,Nutella,52499,40.0,Female,Gold,Credit Card,In-store,22,12.3,146,19.0,82.0,3.0,0,Ice Cream,Alexandria,0,7,28.2,229.6,2024,1,31,Morning,No Discount,Cold
107846,2024-03-22 17:15:00,Dubai-Marina,Qishtouza Lotus,Medium,136.71,1,0.0,Lotus,51944,20.0,Male,Gold,Credit Card,In-store,31,9.0,124,23.1,88.4,3.0,0,Modern,UAE,1,17,19.14,155.85000000000002,2024,3,22,Evening,No Discount,Moderate
106764,2024-03-11 10:45:00,Riyadh-Olaya,Ice Cream Mango,Medium,163.03,1,0.0,none,75764,44.0,Female,Unknown,Cash,In-store,95,3.8,107,27.2,74.8,4.0,0,Ice Cream,KSA,0,10,22.82,185.85,2024,3,11,Morning,No Discount,Hot
108389,2024-03-28 09:00:00,Mansoura-Mashaya,Super B.Laban,Large,87.51,10,0.0,Nuts,78013,33.0,Male,Silver,Credit Card,Mobile App,76,10.3,148,19.9,31.3,3.0,0,Signature,Delta,0,9,122.51,997.61,2024,3,28,Morning,No Discount,Cold
106417,2024-03-07 20:00:00,Cairo-Nasr City,Qishtouza Nutella,Large,53.57,6,0.0,Nutella,50722,43.5,Female,Bronze,Credit Card,Mobile App,86,2.6,116,36.0,45.1,4.0,0,Modern,Greater Cairo,0,20,45.0,366.42,2024,3,7,Evening,No Discount,Hot
100896,2024-01-10 07:45:00,Giza-Zayed,Sweet Koshary Mix,Small,74.18,2,0.05,Lotus,77135,69.0,Female,Unknown,Credit Card,Talabat,47,7.3,102,39.8,33.9,3.0,0,Signature,Greater Cairo,0,7,20.77,169.13000000000002,2024,1,10,Morning,Low Discount,Hot
103248,2024-02-03 19:45:00,Mansoura-Mashaya,Qishtouza Lotus,Small,107.65,7,0.0,Lotus,54294,27.0,Female,Silver,Wallet,Mobile App,98,6.6,105,36.5,65.6,3.0,0,Modern,Delta,1,19,105.5,859.0500000000001,2024,2,3,Evening,No Discount,Hot
102327,2024-01-25 05:30:00,Tanta-Saeed,Sweet Koshary Mix,Large,126.12,5,0.0,Lotus,54424,70.0,Male,Bronze,Wallet,ElMenus,78,0.5,106,29.9,85.4,4.0,0,Signature,Delta,0,5,88.28,718.88,2024,1,25,Morning,No Discount,Hot
107097,2024-03-14 22:00:00,Dubai-Marina,Om Ali Cream,Large,102.19,11,0.0,none,59772,27.0,Male,Silver,Credit Card,In-store,110,4.6,105,42.0,74.4,3.0,0,Traditional,UAE,0,22,157.37,1281.46,2024,3,14,Late Night,No Discount,Hot
109506,2024-04-09 00:15:00,Mansoura-Mashaya,Qishtouza Nutella,Small,90.54,10,0.0,Pistachio,54185,13.0,Female,Gold,Instapay,Talabat,70,2.2,106,36.4,89.1,1.0,0,Modern,Delta,0,0,126.76,1032.16,2024,4,9,Late Night,No Discount,Hot
107582,2024-03-19 23:15:00,Mansoura-Mashaya,Ice Cream Mango,Medium,150.44,11,0.05,Pistachio,59178,27.0,Male,Bronze,Wallet,ElMenus,110,4.8,124,38.2,62.1,3.0,0,Ice Cream,Delta,0,23,231.68,1886.52,2024,3,19,Late Night,Low Discount,Hot
109743,2024-04-11 11:30:00,Cairo-Nasr City,Qishtouza Nutella,Medium,136.01,1,0.0,Pistachio,87020,67.0,Female,Silver,Credit Card,Talabat,91,12.7,114,35.0,34.7,2.0,0,Modern,Greater Cairo,0,11,19.04,155.04999999999998,2024,4,11,Morning,No Discount,Hot
105039,2024-02-22 11:30:00,Alex-Stanly,Rice Pudding Nuts,Large,137.07,3,0.0,Nuts,69440,46.0,Male,Gold,Instapay,In-store,62,8.6,125,31.4,47.6,5.0,0,Traditional,Alexandria,0,11,57.57,468.78,2024,2,22,Morning,No Discount,Hot
106451,2024-03-08 04:30:00,Cairo-Zamalek,Rice Pudding Nuts,Large,100.75,6,0.15,Lotus,69151,56.0,Female,Unknown,Credit Card,Mobile App,44,7.2,130,42.9,65.4,1.0,0,Traditional,Greater Cairo,1,4,84.63,689.13,2024,3,8,Late Night,Medium Discount,Hot
104137,2024-02-13 02:00:00,Giza-Zayed,Rice Pudding Nuts,Medium,119.92,8,0.0,Pistachio,60113,70.0,Female,Unknown,Wallet,In-store,91,3.1,117,31.6,73.1,2.0,0,Traditional,Greater Cairo,0,2,134.31,1093.67,2024,2,13,Late Night,No Discount,Hot
109249,2024-04-06 08:00:00,Dubai-Marina,Rice Pudding Nuts,Large,46.39,8,0.0,Lotus,83899,43.5,Female,Unknown,Credit Card,ElMenus,44,9.8,123,41.8,77.2,5.0,0,Traditional,UAE,1,8,51.96,423.08,2024,4,6,Morning,No Discount,Hot
101716,2024-01-18 20:45:00,Riyadh-Olaya,Rice Pudding Nuts,Medium,68.95,4,0.0,Nuts,71613,44.0,Male,Unknown,Credit Card,Mobile App,93,2.2,132,44.7,61.1,2.0,0,Traditional,KSA,0,20,38.61,314.41,2024,1,18,Evening,No Discount,Hot
101699,2024-01-18 16:30:00,Cairo-Nasr City,Ice Cream Mango,Large,88.51,2,0.0,Nuts,85470,34.0,Male,Gold,Instapay,ElMenus,115,13.9,113,29.6,75.9,3.0,0,Ice Cream,Greater Cairo,0,16,24.78,201.8,2024,1,18,Afternoon,No Discount,Hot
109691,2024-04-10 22:30:00,Riyadh-Olaya,Qishtouza Lotus,Small,167.96,4,0.0,Pistachio,52043,42.0,Female,Gold,Instapay,Talabat,110,8.0,104,33.9,70.6,1.0,0,Modern,KSA,0,22,94.06,765.9000000000001,2024,4,10,Late Night,No Discount,Hot
109550,2024-04-09 11:15:00,Giza-Zayed,Rice Pudding Oven,Large,154.44,10,0.0,Lotus,69691,39.0,Female,Silver,Credit Card,Talabat,22,12.8,105,29.1,43.7,5.0,0,Traditional,Greater Cairo,0,11,216.22,1760.6200000000001,2024,4,9,Morning,No Discount,Hot
109972,2024-04-13 20:45:00,Giza-Zayed,Rice Pudding Nuts,Large,157.92,9,0.0,none,67386,26.0,Female,Unknown,Instapay,In-store,10,7.9,115,24.7,61.0,5.0,0,Traditional,Greater Cairo,1,20,198.98,1620.26,2024,4,13,Evening,No Discount,Moderate
108225,2024-03-26 16:00:00,Cairo-Zamalek,Rice Pudding Oven,Small,73.65,9,0.0,none,50570,56.0,Female,Gold,Credit Card,Mobile App,107,4.4,108,20.2,76.0,2.0,0,Traditional,Greater Cairo,0,16,92.8,755.65,2024,3,26,Afternoon,No Discount,Moderate
103832,2024-02-09 21:45:00,Cairo-Zamalek,Om Ali Cream,Small,49.41,6,0.0,Lotus,80286,64.0,Female,Silver,Wallet,Talabat,23,9.0,123,25.9,25.9,1.0,0,Traditional,Greater Cairo,1,21,41.5,337.96,2024,2,9,Evening,No Discount,Hot
106300,2024-03-06 14:45:00,Cairo-Zamalek,Rice Pudding Nuts,Medium,105.77,3,0.0,Nuts,64407,73.0,Male,Unknown,Wallet,In-store,95,1.1,134,39.4,57.2,4.0,0,Traditional,Greater Cairo,0,14,44.42,361.73,2024,3,6,Afternoon,No Discount,Hot
103349,2024-02-04 21:00:00,Riyadh-Olaya,Rice Pudding Oven,Medium,84.23,3,0.0,none,66583,45.0,Male,Silver,Wallet,Talabat,95,13.2,139,39.9,72.1,4.0,0,Traditional,KSA,1,21,35.38,288.07,2024,2,4,Evening,No Discount,Hot
109519,2024-04-09 03:30:00,Alex-Stanly,Qishtouza Lotus,Medium,159.31,11,0.0,Nuts,78250,52.0,Female,Gold,Cash,Talabat,55,0.8,130,25.3,83.4,1.0,0,Modern,Alexandria,0,3,245.34,1997.75,2024,4,9,Late Night,No Discount,Hot
100986,2024-01-11 06:15:00,Cairo-Zamalek,Ice Cream Mango,Medium,50.99,2,0.15,Lotus,69808,43.5,Male,Bronze,Cash,In-store,100,7.6,101,42.6,89.0,3.0,0,Ice Cream,Greater Cairo,0,6,14.28,116.26,2024,1,11,Morning,Medium Discount,Hot
101822,2024-01-19 23:15:00,Dubai-Marina,Qishtouza Lotus,Medium,151.35,4,0.0,none,70693,43.5,Female,Unknown,Instapay,Talabat,19,13.3,118,31.0,31.7,2.0,0,Modern,UAE,1,23,84.76,690.16,2024,1,19,Late Night,No Discount,Hot
104572,2024-02-17 14:45:00,Cairo-Zamalek,Qishtouza Lotus,Large,77.93,6,0.0,Pistachio,84889,16.0,Male,Silver,Wallet,ElMenus,119,10.1,121,21.1,24.6,4.0,0,Modern,Greater Cairo,1,14,65.46,533.0400000000001,2024,2,17,Afternoon,No Discount,Moderate
100588,2024-01-07 02:45:00,Alex-Stanly,Qishtouza Lotus,Large,92.43,10,0.05,Nutella,88238,38.0,Female,Silver,Cash,Mobile App,93,3.2,123,39.4,28.7,1.0,0,Modern,Alexandria,1,2,129.4,1053.7,2024,1,7,Late Night,Low Discount,Hot
109758,2024-04-11 15:15:00,Tanta-Saeed,Ice Cream Mango,Medium,71.86,4,0.0,none,55506,50.0,Female,Unknown,Instapay,Talabat,30,6.7,105,21.6,52.6,1.0,0,Ice Cream,Delta,0,15,40.24,327.68,2024,4,11,Afternoon,No Discount,Moderate
105078,2024-02-22 21:15:00,Riyadh-Olaya,Sweet Koshary Mix,Medium,91.54,9,0.05,none,68979,43.5,Male,Bronze,Instapay,ElMenus,89,13.7,120,33.8,43.8,1.0,0,Signature,KSA,0,21,115.34,939.2,2024,2,22,Evening,Low Discount,Hot
107783,2024-03-22 01:30:00,Cairo-Zamalek,Qishtouza Nutella,Medium,153.59,2,0.0,Pistachio,56820,43.5,Female,Unknown,Instapay,Mobile App,62,8.3,102,17.5,56.2,2.0,0,Modern,Greater Cairo,1,1,43.01,350.19,2024,3,22,Late Night,No Discount,Cold
108324,2024-03-27 16:45:00,Dubai-Marina,Super B.Laban,Medium,49.03,5,0.0,Nuts,69425,51.0,Female,Bronze,Credit Card,Mobile App,105,1.5,144,19.3,51.9,3.0,0,Signature,UAE,0,16,34.32,279.47,2024,3,27,Afternoon,No Discount,Cold
109523,2024-04-09 04:30:00,Cairo-Zamalek,Rice Pudding Oven,Medium,159.84,6,0.0,none,84869,53.0,Male,Unknown,Cash,In-store,59,4.9,115,25.4,32.5,3.0,0,Traditional,Greater Cairo,0,4,134.27,1093.31,2024,4,9,Late Night,No Discount,Hot
109968,2024-04-13 19:45:00,Riyadh-Olaya,Qishtouza Lotus,Medium,159.2,9,0.0,Nutella,58534,59.0,Male,Gold,Instapay,Talabat,111,9.2,128,44.0,68.1,2.0,0,Modern,KSA,1,19,200.59,1633.3899999999999,2024,4,13,Evening,No Discount,Hot
105484,2024-02-27 02:45:00,Cairo-Zamalek,Ice Cream Mango,Large,137.0,9,0.0,none,61478,36.0,Male,Gold,Cash,Mobile App,114,13.0,140,22.1,75.3,2.0,0,Ice Cream,Greater Cairo,0,2,172.62,1405.62,2024,2,27,Late Night,No Discount,Moderate
107747,2024-03-21 16:30:00,Giza-Zayed,Sweet Koshary Mix,Large,60.34,11,0.0,Nuts,52171,65.0,Female,Unknown,Wallet,Talabat,38,5.3,126,36.4,41.6,4.0,0,Signature,Greater Cairo,0,16,92.92,756.66,2024,3,21,Afternoon,No Discount,Hot
109281,2024-04-06 16:00:00,Giza-Zayed,Ice Cream Mango,Medium,77.37,1,0.0,none,65550,72.0,Female,Unknown,Wallet,Talabat,40,12.6,127,26.9,38.3,4.0,0,Ice Cream,Greater Cairo,1,16,10.83,88.2,2024,4,6,Afternoon,No Discount,Hot
105515,2024-02-27 10:30:00,Dubai-Marina,Sweet Koshary Mix,Medium,68.17,11,0.0,Lotus,83117,65.0,Female,Bronze,Credit Card,In-store,81,3.6,141,33.8,44.7,3.0,0,Signature,UAE,0,10,104.98,854.85,2024,2,27,Morning,No Discount,Hot
109528,2024-04-09 05:45:00,Cairo-Zamalek,Rice Pudding Oven,Medium,117.64,6,0.05,Nuts,56571,43.5,Male,Bronze,Cash,ElMenus,38,4.4,111,17.3,64.5,5.0,0,Traditional,Greater Cairo,0,5,98.82,804.6600000000001,2024,4,9,Morning,Low Discount,Cold
108872,2024-04-02 09:45:00,Dubai-Marina,Super B.Laban,Medium,126.34,3,0.05,Lotus,77043,29.0,Male,Bronze,Credit Card,Mobile App,50,11.7,114,30.1,40.1,4.0,0,Signature,UAE,0,9,53.06,432.08,2024,4,2,Morning,Low Discount,Hot
105554,2024-02-27 20:15:00,Alex-Stanly,Sweet Koshary Mix,Small,164.97,3,0.1,none,60037,72.0,Male,Bronze,Instapay,ElMenus,80,6.9,115,31.5,34.2,5.0,0,Signature,Alexandria,0,20,69.29,564.1999999999999,2024,2,27,Evening,Medium Discount,Hot
103558,2024-02-07 01:15:00,Cairo-Nasr City,Qishtouza Nutella,Large,72.36,6,0.0,none,78040,43.5,Female,Gold,Wallet,Mobile App,10,12.0,139,25.9,47.6,1.0,0,Modern,Greater Cairo,0,1,60.78,494.93999999999994,2024,2,7,Late Night,No Discount,Hot
101396,2024-01-15 12:45:00,Tanta-Saeed,Sweet Koshary Mix,Medium,61.36,8,0.15,Nutella,58598,61.0,Female,Silver,Credit Card,Talabat,51,8.9,112,18.1,51.4,1.0,0,Signature,Delta,0,12,68.72,559.6,2024,1,15,Afternoon,Medium Discount,Cold
100265,2024-01-03 18:00:00,Alex-Stanly,Om Ali Cream,Large,49.06,4,0.0,none,80851,72.0,Female,Bronze,Credit Card,ElMenus,16,2.6,131,16.2,33.1,2.0,0,Traditional,Alexandria,0,18,27.47,223.71,2024,1,3,Evening,No Discount,Cold
103548,2024-02-06 22:45:00,Riyadh-Olaya,Om Ali Cream,Medium,175.45,4,0.0,Pistachio,51184,20.0,Female,Bronze,Instapay,Mobile App,23,14.0,117,24.9,79.8,5.0,0,Traditional,KSA,0,22,98.25,800.05,2024,2,6,Late Night,No Discount,Moderate
106845,2024-03-12 07:00:00,Riyadh-Olaya,Ice Cream Mango,Medium,142.86,10,0.0,Nuts,86868,13.0,Female,Bronze,Wallet,Talabat,54,4.0,109,40.0,66.7,4.0,0,Ice Cream,KSA,0,7,200.0,1628.6000000000001,2024,3,12,Morning,No Discount,Hot
107629,2024-03-20 11:00:00,Cairo-Nasr City,Qishtouza Lotus,Medium,41.3,8,0.0,Nutella,66029,28.0,Female,Unknown,Credit Card,In-store,20,10.5,148,24.0,74.7,2.0,0,Modern,Greater Cairo,0,11,46.26,376.65999999999997,2024,3,20,Morning,No Discount,Moderate
106789,2024-03-11 17:00:00,Mansoura-Mashaya,Qishtouza Lotus,Large,62.04,10,0.0,Lotus,61843,46.0,Female,Gold,Cash,ElMenus,118,8.9,136,22.6,42.0,3.0,0,Modern,Delta,0,17,86.86,707.26,2024,3,11,Evening,No Discount,Moderate
103070,2024-02-01 23:15:00,Cairo-Zamalek,Qishtouza Lotus,Medium,59.9,1,0.0,Nutella,61688,14.0,Male,Gold,Credit Card,Talabat,37,12.8,120,19.7,88.1,3.0,0,Modern,Greater Cairo,0,23,8.39,68.28999999999999,2024,2,1,Late Night,No Discount,Cold
105026,2024-02-22 08:15:00,Mansoura-Mashaya,Ice Cream Mango,Large,98.61,4,0.15,Nutella,87742,53.0,Male,Gold,Instapay,In-store,75,11.5,128,40.9,64.7,1.0,0,Ice Cream,Delta,0,8,55.22,449.65999999999997,2024,2,22,Morning,Medium Discount,Hot
108397,2024-03-28 11:00:00,Giza-Zayed,Rice Pudding Nuts,Medium,117.84,11,0.05,Lotus,66882,46.0,Female,Silver,Wallet,ElMenus,45,12.6,134,26.0,64.6,2.0,0,Traditional,Greater Cairo,0,11,181.47,1477.71,2024,3,28,Morning,Low Discount,Hot
103865,2024-02-10 06:00:00,Giza-Zayed,Om Ali Cream,Large,150.76,11,0.05,Nutella,68514,43.5,Female,Bronze,Wallet,ElMenus,23,7.7,140,31.1,87.0,5.0,1,Traditional,Greater Cairo,1,6,232.17,1890.53,2024,2,10,Morning,Low Discount,Hot
109073,2024-04-04 12:00:00,Cairo-Zamalek,Qishtouza Lotus,Medium,109.56,7,0.0,none,65640,56.0,Female,Bronze,Wallet,Talabat,54,14.2,110,28.9,53.9,4.0,0,Modern,Greater Cairo,0,12,107.37,874.2900000000001,2024,4,4,Afternoon,No Discount,Hot
102401,2024-01-26 00:00:00,Mansoura-Mashaya,Om Ali Cream,Large,61.26,7,0.0,Nuts,59425,50.0,Female,Unknown,Cash,ElMenus,23,10.8,104,34.0,47.8,1.0,0,Traditional,Delta,1,0,60.03,488.85,2024,1,26,Late Night,No Discount,Hot
106275,2024-03-06 08:30:00,Riyadh-Olaya,Qishtouza Lotus,Large,106.6,6,0.0,Nuts,55117,17.0,Female,Gold,Wallet,ElMenus,97,7.6,119,32.1,86.2,3.0,0,Modern,KSA,0,8,89.54,729.1399999999999,2024,3,6,Morning,No Discount,Hot
108485,2024-03-29 09:00:00,Cairo-Nasr City,Rice Pudding Nuts,Medium,147.47,11,0.0,none,67540,37.0,Male,Gold,Wallet,Talabat,108,4.7,146,35.7,68.4,5.0,0,Traditional,Greater Cairo,1,9,227.1,1849.27,2024,3,29,Morning,No Discount,Hot
103712,2024-02-08 15:45:00,Mansoura-Mashaya,Sweet Koshary Mix,Small,179.1,1,0.0,Pistachio,79876,26.0,Female,Unknown,Wallet,In-store,53,8.7,134,43.1,69.6,2.0,0,Signature,Delta,0,15,25.07,204.17,2024,2,8,Afternoon,No Discount,Hot
100247,2024-01-03 13:30:00,Cairo-Nasr City,Ice Cream Mango,Small,113.6,8,0.0,Lotus,66955,72.0,Female,Bronze,Instapay,Mobile App,67,7.6,106,38.8,73.2,2.0,0,Ice Cream,Greater Cairo,0,13,127.23,1036.03,2024,1,3,Afternoon,No Discount,Hot
101595,2024-01-17 14:30:00,Giza-Zayed,Rice Pudding Oven,Large,131.74,6,0.05,none,53554,53.0,Male,Silver,Instapay,ElMenus,63,11.8,108,43.5,41.4,1.0,0,Traditional,Greater Cairo,0,14,110.66,901.1,2024,1,17,Afternoon,Low Discount,Hot
109683,2024-04-10 20:30:00,Giza-Zayed,Qishtouza Nutella,Medium,118.8,10,0.0,Lotus,70729,40.0,Female,Silver,Cash,In-store,26,13.8,139,43.5,67.9,3.0,0,Modern,Greater Cairo,0,20,166.32,1354.32,2024,4,10,Evening,No Discount,Hot
101530,2024-01-16 22:15:00,Giza-Zayed,Qishtouza Nutella,Medium,151.98,9,0.15,none,73410,23.0,Female,Unknown,Cash,Talabat,96,10.4,106,20.2,30.3,1.0,0,Modern,Greater Cairo,0,22,191.49,1559.31,2024,1,16,Late Night,Medium Discount,Moderate
108224,2024-03-26 15:45:00,Mansoura-Mashaya,Om Ali Cream,Large,82.35,2,0.0,none,88732,54.0,Female,Unknown,Instapay,In-store,24,8.4,141,22.2,89.2,3.0,0,Traditional,Delta,0,15,23.06,187.76,2024,3,26,Afternoon,No Discount,Moderate
100924,2024-01-10 14:45:00,Dubai-Marina,Sweet Koshary Mix,Small,85.13,6,0.0,Pistachio,66913,70.0,Male,Gold,Cash,Talabat,90,11.7,120,19.6,66.8,4.0,0,Signature,UAE,0,14,71.51,582.29,2024,1,10,Afternoon,No Discount,Cold
107554,2024-03-19 16:15:00,Alex-Stanly,Sweet Koshary Mix,Large,42.74,9,0.0,none,64376,46.0,Female,Bronze,Cash,Mobile App,57,7.9,120,29.5,50.2,4.0,0,Signature,Alexandria,0,16,53.85,438.51000000000005,2024,3,19,Afternoon,No Discount,Hot
104365,2024-02-15 11:00:00,Alex-Stanly,Sweet Koshary Mix,Small,129.63,10,0.05,Nutella,85813,34.0,Female,Bronze,Credit Card,Mobile App,34,7.9,113,18.2,78.4,5.0,0,Signature,Alexandria,0,11,181.48,1477.78,2024,2,15,Morning,Low Discount,Cold
100670,2024-01-07 23:15:00,Dubai-Marina,Ice Cream Mango,Small,92.75,11,0.0,Pistachio,80765,29.0,Female,Silver,Cash,In-store,33,11.3,148,26.6,68.4,4.0,0,Ice Cream,UAE,1,23,142.84,1163.09,2024,1,7,Late Night,No Discount,Hot
103605,2024-02-07 13:00:00,Cairo-Zamalek,Qishtouza Nutella,Small,60.31,1,0.0,Nuts,53181,63.0,Male,Unknown,Cash,In-store,61,6.8,116,29.2,64.9,4.0,0,Modern,Greater Cairo,0,13,8.44,68.75,2024,2,7,Afternoon,No Discount,Hot
105109,2024-02-23 05:00:00,Cairo-Zamalek,Rice Pudding Oven,Medium,168.17,9,0.0,Nutella,80631,69.0,Female,Unknown,Instapay,Talabat,107,6.7,121,26.6,89.6,4.0,0,Traditional,Greater Cairo,1,5,211.89,1725.42,2024,2,23,Morning,No Discount,Hot
101911,2024-01-20 21:30:00,Giza-Zayed,Rice Pudding Nuts,Large,122.08,6,0.0,none,87980,58.0,Female,Silver,Credit Card,In-store,65,6.3,116,24.2,71.9,3.0,0,Traditional,Greater Cairo,1,21,102.55,835.03,2024,1,20,Evening,No Discount,Moderate
108345,2024-03-27 22:00:00,Riyadh-Olaya,Om Ali Cream,Medium,129.85,2,0.15,Pistachio,73488,58.0,Female,Unknown,Cash,Mobile App,84,9.5,130,39.2,84.0,4.0,0,Traditional,KSA,0,22,36.36,296.06,2024,3,27,Late Night,Medium Discount,Hot
105249,2024-02-24 16:00:00,Riyadh-Olaya,Qishtouza Lotus,Large,72.28,3,0.15,Nutella,68556,43.0,Female,Unknown,Wallet,Talabat,104,4.1,121,31.3,59.4,3.0,0,Modern,KSA,1,16,30.36,247.2,2024,2,24,Afternoon,Medium Discount,Hot
107184,2024-03-15 19:45:00,Tanta-Saeed,Super B.Laban,Medium,149.27,7,0.0,Lotus,60175,26.0,Male,Unknown,Cash,Mobile App,35,9.0,129,16.6,77.7,3.0,0,Signature,Delta,1,19,146.28,1191.17,2024,3,15,Evening,No Discount,Cold
103959,2024-02-11 05:30:00,Mansoura-Mashaya,Qishtouza Lotus,Medium,131.79,7,0.0,Nuts,76841,68.0,Female,Bronze,Wallet,Talabat,52,5.5,141,42.3,32.9,5.0,0,Modern,Delta,1,5,129.15,1051.68,2024,2,11,Morning,No Discount,Hot
106958,2024-03-13 11:15:00,Cairo-Zamalek,Rice Pudding Oven,Medium,137.79,6,0.05,Lotus,60077,40.0,Female,Unknown,Cash,In-store,68,4.8,117,25.0,71.7,4.0,0,Traditional,Greater Cairo,0,11,115.74,942.48,2024,3,13,Morning,Low Discount,Hot
106027,2024-03-03 18:30:00,Alex-Stanly,Rice Pudding Nuts,Large,76.33,9,0.0,Lotus,76264,43.5,Female,Unknown,Credit Card,Mobile App,56,2.9,133,18.1,86.6,1.0,0,Traditional,Alexandria,1,18,96.18,783.1500000000001,2024,3,3,Evening,No Discount,Cold
105644,2024-02-28 18:45:00,Dubai-Marina,Qishtouza Nutella,Medium,129.89,11,0.05,Nutella,56039,45.0,Female,Bronze,Credit Card,ElMenus,106,11.8,118,29.4,86.2,3.0,0,Modern,UAE,0,18,200.03,1628.82,2024,2,28,Evening,Low Discount,Hot
102697,2024-01-29 02:00:00,Giza-Zayed,Qishtouza Lotus,Small,50.68,4,0.15,Nuts,50414,74.0,Female,Unknown,Wallet,Mobile App,82,11.7,113,42.8,23.2,4.0,0,Modern,Greater Cairo,0,2,28.38,231.1,2024,1,29,Late Night,Medium Discount,Hot
102592,2024-01-27 23:45:00,Cairo-Zamalek,Rice Pudding Nuts,Medium,179.45,9,0.0,Lotus,86225,42.0,Male,Unknown,Credit Card,Mobile App,70,2.2,104,26.0,67.6,3.0,0,Traditional,Greater Cairo,1,23,226.11,1841.1599999999999,2024,1,27,Late Night,No Discount,Hot
105907,2024-03-02 12:30:00,Alex-Stanly,Ice Cream Mango,Large,155.25,1,0.1,Pistachio,64756,13.0,Female,Bronze,Cash,In-store,51,13.4,144,33.3,38.3,3.0,0,Ice Cream,Alexandria,1,12,21.74,176.99,2024,3,2,Afternoon,Medium Discount,Hot
101782,2024-01-19 13:15:00,Riyadh-Olaya,Qishtouza Nutella,Medium,168.55,8,0.0,Pistachio,69153,49.0,Male,Bronze,Instapay,Mobile App,11,7.6,126,23.6,51.9,3.0,0,Modern,KSA,1,13,188.78,1537.18,2024,1,19,Afternoon,No Discount,Moderate
106510,2024-03-08 19:15:00,Dubai-Marina,Ice Cream Mango,Small,130.22,5,0.0,Nutella,56064,48.0,Female,Silver,Instapay,In-store,29,4.8,111,40.5,55.2,1.0,0,Ice Cream,UAE,1,19,91.15,742.25,2024,3,8,Evening,No Discount,Hot
103014,2024-02-01 09:15:00,Dubai-Marina,Om Ali Cream,Small,150.71,8,0.0,Lotus,85566,29.0,Male,Unknown,Instapay,Mobile App,69,15.0,139,25.0,53.6,3.0,0,Traditional,UAE,0,9,168.8,1374.48,2024,2,1,Morning,No Discount,Hot
107134,2024-03-15 07:15:00,Cairo-Zamalek,Om Ali Cream,Medium,76.91,3,0.0,Lotus,54746,63.0,Male,Unknown,Cash,Mobile App,112,12.9,141,30.7,87.9,1.0,0,Traditional,Greater Cairo,1,7,32.3,263.03,2024,3,15,Morning,No Discount,Hot
102308,2024-01-25 00:45:00,Giza-Zayed,Ice Cream Mango,Large,44.94,4,0.0,Nutella,56511,43.5,Female,Bronze,Cash,In-store,10,7.6,146,27.4,38.6,1.0,0,Ice Cream,Greater Cairo,0,0,25.17,204.93,2024,1,25,Late Night,No Discount,Hot
107277,2024-03-16 19:00:00,Tanta-Saeed,Rice Pudding Oven,Medium,84.29,4,0.0,Lotus,58349,68.0,Male,Gold,Credit Card,Mobile App,116,5.1,138,21.2,89.5,1.0,0,Traditional,Delta,1,19,47.2,384.36,2024,3,16,Evening,No Discount,Moderate
103691,2024-02-08 10:30:00,Tanta-Saeed,Rice Pudding Nuts,Medium,92.07,4,0.0,none,64688,62.0,Female,Gold,Instapay,Talabat,17,5.8,119,17.9,79.1,2.0,0,Traditional,Delta,0,10,51.56,419.84,2024,2,8,Morning,No Discount,Cold
100688,2024-01-08 03:45:00,Mansoura-Mashaya,Qishtouza Nutella,Small,84.26,4,0.0,Nutella,60679,16.0,Male,Gold,Instapay,Mobile App,20,4.5,141,39.7,61.1,5.0,0,Modern,Delta,0,3,47.19,384.23,2024,1,8,Late Night,No Discount,Hot
106012,2024-03-03 14:45:00,Dubai-Marina,Om Ali Cream,Medium,157.73,8,0.0,Nutella,77310,56.0,Female,Unknown,Instapay,ElMenus,92,10.7,103,38.9,49.3,2.0,0,Traditional,UAE,1,14,176.66,1438.5,2024,3,3,Afternoon,No Discount,Hot
107072,2024-03-14 15:45:00,Cairo-Zamalek,Om Ali Cream,Medium,102.08,8,0.0,Nuts,88936,73.0,Female,Unknown,Credit Card,Mobile App,83,2.5,112,31.4,88.0,5.0,0,Traditional,Greater Cairo,0,15,114.33,930.97,2024,3,14,Afternoon,No Discount,Hot
100613,2024-01-07 09:00:00,Giza-Zayed,Qishtouza Nutella,Small,166.72,3,0.0,Pistachio,55648,38.0,Female,Unknown,Wallet,Talabat,107,13.8,147,27.8,67.6,5.0,1,Modern,Greater Cairo,1,9,70.02,570.18,2024,1,7,Morning,No Discount,Hot
107168,2024-03-15 15:45:00,Riyadh-Olaya,Rice Pudding Oven,Large,113.31,11,0.0,Pistachio,73988,60.0,Female,Unknown,Instapay,Mobile App,117,11.7,121,26.4,57.2,4.0,0,Traditional,KSA,1,15,174.5,1420.91,2024,3,15,Afternoon,No Discount,Hot
109206,2024-04-05 21:15:00,Cairo-Nasr City,Super B.Laban,Large,115.75,5,0.0,none,72441,65.0,Female,Silver,Instapay,Talabat,12,2.8,129,30.2,85.7,1.0,0,Signature,Greater Cairo,1,21,81.03,659.78,2024,4,5,Evening,No Discount,Hot
103201,2024-02-03 08:00:00,Alex-Stanly,Qishtouza Lotus,Small,129.28,2,0.1,Nuts,86152,40.0,Female,Bronze,Instapay,In-store,17,4.6,121,22.5,30.8,3.0,0,Modern,Alexandria,1,8,36.2,294.76,2024,2,3,Morning,Medium Discount,Moderate
102268,2024-01-24 14:45:00,Riyadh-Olaya,Om Ali Cream,Medium,153.85,6,0.0,Lotus,73924,37.0,Female,Silver,Credit Card,In-store,36,6.6,116,23.4,47.7,1.0,0,Traditional,KSA,0,14,129.23,1052.33,2024,1,24,Afternoon,No Discount,Moderate
109782,2024-04-11 21:15:00,Alex-Stanly,Om Ali Cream,Medium,175.4,1,0.1,none,63916,49.0,Female,Gold,Instapay,Mobile App,58,3.6,114,28.3,70.8,3.0,0,Traditional,Alexandria,0,21,24.56,199.96,2024,4,11,Evening,Medium Discount,Hot
106630,2024-03-10 01:15:00,Cairo-Zamalek,Om Ali Cream,Medium,41.33,1,0.0,Nuts,81727,60.0,Male,Unknown,Instapay,In-store,87,2.5,146,26.4,38.1,3.0,0,Traditional,Greater Cairo,1,1,5.79,47.12,2024,3,10,Late Night,No Discount,Hot
104136,2024-02-13 01:45:00,Mansoura-Mashaya,Qishtouza Nutella,Medium,78.3,6,0.1,none,85259,52.0,Female,Bronze,Instapay,ElMenus,104,13.3,133,20.4,54.9,3.0,0,Modern,Delta,0,1,65.77,535.5699999999999,2024,2,13,Late Night,Medium Discount,Moderate
101899,2024-01-20 18:30:00,Riyadh-Olaya,Rice Pudding Nuts,Medium,54.25,11,0.1,Nuts,65228,68.0,Female,Gold,Cash,Mobile App,53,7.5,139,42.3,39.4,2.0,0,Traditional,KSA,1,18,83.54,680.29,2024,1,20,Evening,Medium Discount,Hot
109531,2024-04-09 06:30:00,Tanta-Saeed,Rice Pudding Nuts,Large,133.24,7,0.0,Pistachio,86607,72.0,Female,Bronze,Wallet,In-store,109,15.0,134,37.9,52.5,3.0,0,Traditional,Delta,0,6,130.58,1063.26,2024,4,9,Morning,No Discount,Hot
108154,2024-03-25 22:15:00,Giza-Zayed,Om Ali Cream,Small,141.98,6,0.0,Nuts,51857,47.0,Female,Bronze,Instapay,Talabat,23,3.6,135,35.6,51.3,5.0,0,Traditional,Greater Cairo,0,22,119.26,971.1399999999999,2024,3,25,Late Night,No Discount,Hot
100259,2024-01-03 16:30:00,Riyadh-Olaya,Qishtouza Nutella,Large,120.3,3,0.0,Nutella,81204,74.0,Female,Bronze,Instapay,Talabat,83,13.1,144,22.0,58.4,5.0,0,Modern,KSA,0,16,50.53,411.42999999999995,2024,1,3,Afternoon,No Discount,Moderate
102925,2024-01-31 11:00:00,Cairo-Zamalek,Qishtouza Lotus,Medium,84.83,9,0.0,Pistachio,64488,74.0,Male,Gold,Wallet,Mobile App,112,9.6,140,26.1,65.1,1.0,0,Modern,Greater Cairo,0,11,106.89,870.36,2024,1,31,Morning,No Discount,Hot
109425,2024-04-08 04:00:00,Cairo-Zamalek,Super B.Laban,Medium,115.32,7,0.15,Pistachio,52980,54.0,Male,Gold,Credit Card,Talabat,28,7.0,105,15.8,52.4,4.0,0,Signature,Greater Cairo,0,4,113.01,920.25,2024,4,8,Late Night,Medium Discount,Cold
104944,2024-02-21 11:45:00,Alex-Stanly,Rice Pudding Oven,Medium,175.93,4,0.0,Lotus,53837,45.0,Female,Unknown,Wallet,Mobile App,70,3.9,106,29.4,64.7,5.0,0,Traditional,Alexandria,0,11,98.52,802.24,2024,2,21,Morning,No Discount,Hot
102823,2024-01-30 09:30:00,Mansoura-Mashaya,Om Ali Cream,Small,123.14,4,0.0,none,87338,56.0,Male,Bronze,Wallet,Talabat,17,5.4,108,37.0,39.5,1.0,0,Traditional,Delta,0,9,68.96,561.52,2024,1,30,Morning,No Discount,Hot
106530,2024-03-09 00:15:00,Alex-Stanly,Rice Pudding Nuts,Large,93.84,11,0.0,Nutella,89879,48.0,Male,Bronze,Credit Card,ElMenus,71,5.0,105,33.9,84.5,4.0,0,Traditional,Alexandria,1,0,144.51,1176.75,2024,3,9,Late Night,No Discount,Hot
103340,2024-02-04 18:45:00,Mansoura-Mashaya,Super B.Laban,Medium,111.65,1,0.0,none,64287,19.0,Female,Silver,Credit Card,In-store,59,0.5,132,25.9,51.3,4.0,0,Signature,Delta,1,18,15.63,127.28,2024,2,4,Evening,No Discount,Hot
103526,2024-02-06 17:15:00,Mansoura-Mashaya,Sweet Koshary Mix,Large,106.65,3,0.0,Lotus,55452,55.0,Male,Bronze,Instapay,Talabat,87,6.2,105,32.2,38.9,3.0,0,Signature,Delta,0,17,44.79,364.74000000000007,2024,2,6,Evening,No Discount,Hot
104564,2024-02-17 12:45:00,Mansoura-Mashaya,Sweet Koshary Mix,Large,138.1,4,0.0,Pistachio,88770,42.0,Female,Unknown,Credit Card,Talabat,71,2.2,112,39.2,75.7,3.0,0,Signature,Delta,1,12,77.34,629.74,2024,2,17,Afternoon,No Discount,Hot
109657,2024-04-10 14:00:00,Mansoura-Mashaya,Ice Cream Mango,Medium,163.72,1,0.15,Nuts,74430,15.0,Male,Silver,Cash,ElMenus,44,11.7,111,43.4,52.6,4.0,0,Ice Cream,Delta,0,14,22.92,186.64,2024,4,10,Afternoon,Medium Discount,Hot
107909,2024-03-23 09:00:00,Riyadh-Olaya,Sweet Koshary Mix,Medium,117.34,5,0.0,Pistachio,55453,43.5,Female,Unknown,Credit Card,Talabat,90,5.4,137,44.6,36.3,3.0,0,Signature,KSA,1,9,82.14,668.84,2024,3,23,Morning,No Discount,Hot
105330,2024-02-25 12:15:00,Mansoura-Mashaya,Super B.Laban,Medium,99.24,5,0.15,none,62582,42.0,Female,Unknown,Cash,Talabat,106,6.1,132,41.5,84.9,3.0,1,Signature,Delta,1,12,69.47,565.67,2024,2,25,Afternoon,Medium Discount,Hot
105224,2024-02-24 09:45:00,Tanta-Saeed,Ice Cream Mango,Large,153.4,10,0.0,Lotus,56919,63.0,Male,Silver,Credit Card,In-store,115,1.7,137,22.3,27.5,2.0,0,Ice Cream,Delta,1,9,214.76,1748.76,2024,2,24,Morning,No Discount,Moderate
102286,2024-01-24 19:15:00,Riyadh-Olaya,Ice Cream Mango,Large,157.62,8,0.05,Nuts,51023,47.0,Female,Gold,Instapay,Talabat,24,6.9,120,25.0,82.3,4.0,0,Ice Cream,KSA,0,19,176.53,1437.49,2024,1,24,Evening,Low Discount,Hot
106064,2024-03-04 03:45:00,Riyadh-Olaya,Rice Pudding Nuts,Medium,172.99,9,0.0,Pistachio,83371,35.0,Male,Unknown,Credit Card,In-store,26,4.9,121,34.0,61.3,5.0,0,Traditional,KSA,0,3,217.97,1774.88,2024,3,4,Late Night,No Discount,Hot
104655,2024-02-18 11:30:00,Riyadh-Olaya,Qishtouza Nutella,Medium,118.9,6,0.0,Nuts,87019,53.0,Male,Bronze,Wallet,Talabat,30,2.5,134,23.8,38.6,2.0,0,Modern,KSA,1,11,99.88,813.2800000000001,2024,2,18,Morning,No Discount,Moderate
105001,2024-02-22 02:00:00,Alex-Stanly,Om Ali Cream,Medium,52.93,4,0.0,Pistachio,51818,43.5,Male,Gold,Wallet,ElMenus,96,4.7,117,23.3,89.6,3.0,0,Traditional,Alexandria,0,2,29.64,241.36,2024,2,22,Late Night,No Discount,Moderate
106711,2024-03-10 21:30:00,Cairo-Nasr City,Super B.Laban,Large,126.31,11,0.0,none,66758,42.0,Male,Gold,Instapay,ElMenus,86,1.3,101,17.7,23.2,4.0,0,Signature,Greater Cairo,1,21,194.52,1583.93,2024,3,10,Evening,No Discount,Cold
109325,2024-04-07 03:00:00,Alex-Stanly,Rice Pudding Nuts,Medium,124.86,1,0.1,none,83406,50.0,Male,Unknown,Cash,Mobile App,13,9.5,145,42.0,72.8,1.0,0,Traditional,Alexandria,1,3,17.48,142.34,2024,4,7,Late Night,Medium Discount,Hot
100485,2024-01-06 01:00:00,Mansoura-Mashaya,Qishtouza Nutella,Small,157.2,7,0.0,Nuts,72403,38.0,Female,Silver,Credit Card,ElMenus,102,11.5,101,44.5,80.4,2.0,0,Modern,Delta,1,1,154.06,1254.4599999999998,2024,1,6,Late Night,No Discount,Hot
102212,2024-01-24 00:45:00,Alex-Stanly,Super B.Laban,Medium,84.03,11,0.0,Nutella,66955,14.0,Female,Bronze,Instapay,ElMenus,34,7.0,147,38.8,58.7,5.0,0,Signature,Alexandria,0,0,129.41,1053.74,2024,1,24,Late Night,No Discount,Hot
105417,2024-02-26 10:00:00,Riyadh-Olaya,Rice Pudding Nuts,Small,98.31,6,0.0,Lotus,70736,62.0,Female,Bronze,Instapay,In-store,35,11.6,108,30.8,80.6,1.0,0,Traditional,KSA,0,10,82.58,672.44,2024,2,26,Morning,No Discount,Hot
107564,2024-03-19 18:45:00,Giza-Zayed,Om Ali Cream,Small,158.61,11,0.0,Nutella,73306,53.0,Female,Unknown,Wallet,In-store,96,8.8,107,34.7,54.1,5.0,0,Traditional,Greater Cairo,0,18,244.26,1988.97,2024,3,19,Evening,No Discount,Hot
102556,2024-01-27 14:45:00,Tanta-Saeed,Qishtouza Lotus,Medium,144.33,4,0.0,Pistachio,74460,55.0,Female,Unknown,Credit Card,ElMenus,114,1.1,131,39.1,39.6,4.0,0,Modern,Delta,1,14,80.82,658.1400000000001,2024,1,27,Afternoon,No Discount,Hot
100008,2024-01-01 01:45:00,Mansoura-Mashaya,Om Ali Cream,Medium,56.32,9,0.15,Pistachio,81975,27.0,Male,Unknown,Instapay,Mobile App,20,3.5,146,30.2,61.0,4.0,0,Traditional,Delta,0,1,70.96,577.84,2024,1,1,Late Night,Medium Discount,Hot
103658,2024-02-08 02:15:00,Giza-Zayed,Qishtouza Lotus,Medium,92.83,8,0.0,none,60580,39.0,Male,Bronze,Cash,ElMenus,80,14.6,123,35.9,36.7,3.0,0,Modern,Greater Cairo,0,2,103.97,846.61,2024,2,8,Late Night,No Discount,Hot
106412,2024-03-07 18:45:00,Giza-Zayed,Qishtouza Lotus,Medium,43.76,11,0.0,none,74772,57.0,Female,Unknown,Instapay,In-store,23,7.9,102,28.3,45.9,3.0,0,Modern,Greater Cairo,0,18,67.39,548.75,2024,3,7,Evening,No Discount,Hot
109165,2024-04-05 11:00:00,Alex-Stanly,Qishtouza Lotus,Large,79.3,1,0.1,Pistachio,81111,43.0,Male,Bronze,Cash,Talabat,108,0.9,143,23.8,36.8,1.0,0,Modern,Alexandria,1,11,11.1,90.39999999999999,2024,4,5,Morning,Medium Discount,Moderate
104875,2024-02-20 18:30:00,Riyadh-Olaya,Sweet Koshary Mix,Large,48.08,11,0.0,none,78057,38.0,Female,Gold,Instapay,Talabat,65,5.5,120,43.0,27.9,3.0,0,Signature,KSA,0,18,74.04,602.92,2024,2,20,Evening,No Discount,Hot
104403,2024-02-15 20:30:00,Tanta-Saeed,Qishtouza Nutella,Small,74.85,8,0.05,Pistachio,86032,21.0,Female,Silver,Cash,In-store,84,8.2,104,33.1,59.6,3.0,0,Modern,Delta,0,20,83.83,682.63,2024,2,15,Evening,Low Discount,Hot
108917,2024-04-02 21:00:00,Alex-Stanly,Qishtouza Lotus,Medium,78.06,3,0.0,Lotus,66372,34.0,Female,Bronze,Credit Card,In-store,36,7.9,128,15.5,68.5,2.0,1,Modern,Alexandria,0,21,32.79,266.97,2024,4,2,Evening,No Discount,Cold
105547,2024-02-27 18:30:00,Cairo-Zamalek,Ice Cream Mango,Medium,76.43,3,0.0,none,52030,23.0,Male,Bronze,Cash,ElMenus,10,4.4,102,43.6,25.7,4.0,0,Ice Cream,Greater Cairo,0,18,32.1,261.39000000000004,2024,2,27,Evening,No Discount,Hot
105298,2024-02-25 04:15:00,Alex-Stanly,Om Ali Cream,Medium,69.27,8,0.0,Nuts,81213,19.0,Female,Silver,Wallet,In-store,32,10.6,122,18.8,43.8,5.0,0,Traditional,Alexandria,1,4,77.58,631.74,2024,2,25,Late Night,No Discount,Cold
102427,2024-01-26 06:30:00,Dubai-Marina,Rice Pudding Nuts,Medium,125.32,4,0.0,none,51262,43.5,Male,Unknown,Credit Card,ElMenus,42,8.4,103,34.8,22.6,1.0,1,Traditional,UAE,1,6,70.18,571.46,2024,1,26,Morning,No Discount,Hot
106745,2024-03-11 06:00:00,Tanta-Saeed,Super B.Laban,Medium,109.87,1,0.0,Lotus,69421,49.0,Female,Bronze,Cash,Mobile App,51,7.9,121,27.9,71.1,4.0,0,Signature,Delta,0,6,15.38,125.25,2024,3,11,Morning,No Discount,Hot
101815,2024-01-19 21:30:00,Giza-Zayed,Sweet Koshary Mix,Medium,125.11,7,0.15,none,87737,280.0,Female,Silver,Wallet,ElMenus,68,3.3,147,17.7,49.9,4.0,0,Signature,Greater Cairo,1,21,122.61,998.38,2024,1,19,Evening,Medium Discount,Cold
106823,2024-03-12 01:30:00,Cairo-Nasr City,Rice Pudding Nuts,Medium,168.13,9,0.15,Lotus,60646,58.0,Male,Gold,Credit Card,ElMenus,28,6.5,136,27.2,56.3,1.0,0,Traditional,Greater Cairo,0,1,211.84,1725.01,2024,3,12,Late Night,Medium Discount,Hot
109626,2024-04-10 06:15:00,Cairo-Zamalek,Ice Cream Mango,Medium,93.72,1,0.0,Nuts,74172,42.0,Female,Bronze,Instapay,Mobile App,100,9.2,149,37.8,74.6,2.0,0,Ice Cream,Greater Cairo,0,6,13.12,106.84,2024,4,10,Morning,No Discount,Hot
102275,2024-01-24 16:30:00,Riyadh-Olaya,Qishtouza Nutella,Medium,170.42,8,0.0,Nuts,57615,30.0,Male,Unknown,Instapay,ElMenus,94,7.9,107,21.1,58.3,5.0,0,Modern,KSA,0,16,190.87,1554.23,2024,1,24,Afternoon,No Discount,Moderate
101012,2024-01-11 12:45:00,Mansoura-Mashaya,Rice Pudding Oven,Medium,95.86,11,0.0,Lotus,68126,29.0,Male,Unknown,Credit Card,In-store,19,12.6,117,30.8,69.6,5.0,0,Traditional,Delta,0,12,147.62,1202.08,2024,1,11,Afternoon,No Discount,Hot
101578,2024-01-17 10:15:00,Cairo-Zamalek,Qishtouza Lotus,Large,100.2,7,0.0,Nuts,63447,14.0,Male,Unknown,Credit Card,ElMenus,24,7.0,110,23.1,36.8,5.0,0,Modern,Greater Cairo,0,10,98.2,799.6,2024,1,17,Morning,No Discount,Moderate
107265,2024-03-16 16:00:00,Cairo-Nasr City,Qishtouza Lotus,Large,90.99,11,0.05,Pistachio,80873,43.5,Female,Unknown,Instapay,Mobile App,109,8.6,118,38.8,38.7,4.0,0,Modern,Greater Cairo,1,16,140.12,1141.01,2024,3,16,Afternoon,Low Discount,Hot
101068,2024-01-12 02:45:00,Dubai-Marina,Rice Pudding Oven,Medium,89.25,11,0.15,Lotus,79540,48.0,Male,Unknown,Wallet,Mobile App,17,1.9,148,31.0,81.5,3.0,0,Traditional,UAE,1,2,137.45,1119.2,2024,1,12,Late Night,Medium Discount,Hot
101992,2024-01-21 17:45:00,Alex-Stanly,Qishtouza Lotus,Small,93.52,5,0.0,none,89195,26.0,Female,Gold,Instapay,Mobile App,67,7.1,148,33.1,82.3,1.0,0,Modern,Alexandria,1,17,65.46,533.06,2024,1,21,Evening,No Discount,Hot
103971,2024-02-11 08:30:00,Giza-Zayed,Rice Pudding Oven,Medium,178.54,9,0.0,none,77730,49.0,Female,Unknown,Wallet,In-store,60,12.2,109,25.8,68.0,2.0,0,Traditional,Greater Cairo,1,8,224.96,1831.82,2024,2,11,Morning,No Discount,Hot
109074,2024-04-04 12:15:00,Tanta-Saeed,Super B.Laban,Medium,40.3,6,0.05,none,52162,65.0,Female,Unknown,Credit Card,Mobile App,12,1.3,122,32.7,51.6,5.0,0,Signature,Delta,0,12,33.85,275.65,2024,4,4,Afternoon,Low Discount,Hot
105880,2024-03-02 05:45:00,Tanta-Saeed,Ice Cream Mango,Medium,125.28,6,0.0,Lotus,79125,38.0,Female,Silver,Wallet,Mobile App,59,6.0,120,24.9,29.9,3.0,0,Ice Cream,Delta,1,5,105.24,856.9200000000001,2024,3,2,Morning,No Discount,Moderate
108431,2024-03-28 19:30:00,Alex-Stanly,Ice Cream Mango,Large,63.05,9,0.0,none,74896,43.5,Female,Gold,Wallet,In-store,35,7.1,134,31.3,85.3,5.0,0,Ice Cream,Alexandria,0,19,79.44,646.8899999999999,2024,3,28,Evening,No Discount,Hot
104543,2024-02-17 07:30:00,Tanta-Saeed,Om Ali Cream,Small,53.72,11,0.0,none,73447,35.0,Male,Silver,Credit Card,Mobile App,98,7.9,130,16.3,26.8,3.0,0,Traditional,Delta,1,7,82.73,673.65,2024,2,17,Morning,No Discount,Cold
109327,2024-04-07 03:30:00,Mansoura-Mashaya,Qishtouza Lotus,Small,74.87,1,0.0,Lotus,83124,40.0,Male,Silver,Credit Card,Talabat,11,5.6,110,18.1,32.7,4.0,0,Modern,Delta,1,3,10.48,85.35000000000001,2024,4,7,Late Night,No Discount,Cold
107194,2024-03-15 22:15:00,Giza-Zayed,Qishtouza Lotus,Medium,68.18,10,0.15,Nutella,81438,17.0,Male,Unknown,Credit Card,Mobile App,107,1.5,140,17.5,31.5,1.0,0,Modern,Greater Cairo,1,22,95.45,777.2500000000001,2024,3,15,Late Night,Medium Discount,Cold
103868,2024-02-10 06:45:00,Riyadh-Olaya,Ice Cream Mango,Medium,99.16,10,0.15,Nuts,85900,73.0,Female,Bronze,Wallet,Mobile App,45,9.5,141,19.5,57.8,4.0,0,Ice Cream,KSA,1,6,138.82,1130.4199999999998,2024,2,10,Morning,Medium Discount,Cold
109416,2024-04-08 01:45:00,Mansoura-Mashaya,Super B.Laban,Medium,120.1,8,0.0,Nutella,64449,18.0,Female,Silver,Instapay,Talabat,81,4.5,140,23.9,77.5,5.0,0,Signature,Delta,0,1,134.51,1095.31,2024,4,8,Late Night,No Discount,Moderate
106824,2024-03-12 01:45:00,Alex-Stanly,Om Ali Cream,Small,46.95,2,0.0,Pistachio,70605,73.0,Male,Gold,Cash,ElMenus,103,6.2,117,26.7,24.8,5.0,0,Traditional,Alexandria,0,1,13.15,107.05000000000001,2024,3,12,Late Night,No Discount,Hot
103049,2024-02-01 18:00:00,Mansoura-Mashaya,Sweet Koshary Mix,Large,96.09,8,0.0,none,86843,41.0,Female,Gold,Cash,Talabat,21,8.1,123,22.6,80.9,4.0,0,Signature,Delta,0,18,107.62,876.34,2024,2,1,Evening,No Discount,Moderate
100782,2024-01-09 03:15:00,Alex-Stanly,Qishtouza Lotus,Medium,48.06,4,0.0,none,66954,43.5,Female,Silver,Cash,Mobile App,102,9.9,104,23.6,50.0,2.0,0,Modern,Alexandria,0,3,26.91,219.15,2024,1,9,Late Night,No Discount,Moderate
106748,2024-03-11 06:45:00,Mansoura-Mashaya,Qishtouza Nutella,Small,177.67,6,0.15,Nutella,86047,13.0,Male,Bronze,Cash,In-store,93,12.0,146,40.2,32.6,2.0,0,Modern,Delta,0,6,149.24,1215.26,2024,3,11,Morning,Medium Discount,Hot
102676,2024-01-28 20:45:00,Mansoura-Mashaya,Super B.Laban,Large,108.6,9,0.1,Lotus,66948,16.0,Female,Unknown,Credit Card,ElMenus,13,9.6,145,34.6,44.9,2.0,0,Signature,Delta,1,20,136.84,1114.24,2024,1,28,Evening,Medium Discount,Hot
101750,2024-01-19 05:15:00,Dubai-Marina,Sweet Koshary Mix,Small,76.49,5,0.1,none,68026,43.5,Female,Silver,Cash,In-store,98,13.4,110,38.0,34.7,1.0,0,Signature,UAE,1,5,53.54,435.99,2024,1,19,Morning,Medium Discount,Hot
106223,2024-03-05 19:30:00,Cairo-Zamalek,Ice Cream Mango,Medium,132.83,7,0.0,Nuts,57165,43.5,Female,Unknown,Wallet,Talabat,33,2.5,119,24.3,69.4,5.0,0,Ice Cream,Greater Cairo,0,19,130.17,1059.98,2024,3,5,Evening,No Discount,Moderate
107947,2024-03-23 18:30:00,Alex-Stanly,Super B.Laban,Medium,142.3,2,0.15,Nuts,54473,74.0,Female,Silver,Credit Card,ElMenus,62,7.4,137,43.5,38.0,4.0,0,Signature,Alexandria,1,18,39.84,324.44000000000005,2024,3,23,Evening,Medium Discount,Hot
102792,2024-01-30 01:45:00,Cairo-Nasr City,Super B.Laban,Small,141.9,5,0.15,Pistachio,61290,61.0,Female,Bronze,Instapay,In-store,45,7.2,124,36.0,64.4,2.0,0,Signature,Greater Cairo,0,1,99.33,808.83,2024,1,30,Late Night,Medium Discount,Hot
106520,2024-03-08 21:45:00,Alex-Stanly,Sweet Koshary Mix,Small,79.66,4,0.0,Lotus,73345,43.5,Male,Gold,Credit Card,In-store,93,6.4,135,22.7,30.7,3.0,0,Signature,Alexandria,1,21,44.61,363.25,2024,3,8,Evening,No Discount,Moderate
105775,2024-03-01 03:30:00,Alex-Stanly,Rice Pudding Nuts,Large,163.31,11,0.0,Nuts,88095,43.5,Female,Unknown,Wallet,In-store,41,6.5,106,15.9,64.1,4.0,0,Traditional,Alexandria,1,3,251.5,2047.91,2024,3,1,Late Night,No Discount,Cold
106358,2024-03-07 05:15:00,Dubai-Marina,Ice Cream Mango,Medium,44.67,2,0.0,Nutella,77287,51.0,Female,Bronze,Wallet,In-store,92,8.8,115,31.8,25.7,5.0,0,Ice Cream,UAE,0,5,12.51,101.85000000000001,2024,3,7,Morning,No Discount,Hot
104980,2024-02-21 20:45:00,Giza-Zayed,Rice Pudding Oven,Large,108.77,11,0.0,Lotus,55290,52.0,Male,Gold,Cash,ElMenus,38,13.6,140,40.8,23.7,2.0,0,Traditional,Greater Cairo,0,20,167.51,1363.98,2024,2,21,Evening,No Discount,Hot
107589,2024-03-20 01:00:00,Giza-Zayed,Om Ali Cream,Medium,168.46,4,0.0,none,61288,20.0,Female,Silver,Cash,In-store,89,12.8,137,20.6,47.3,2.0,0,Traditional,Greater Cairo,0,1,94.34,768.1800000000001,2024,3,20,Late Night,No Discount,Moderate
101092,2024-01-12 08:45:00,Dubai-Marina,Super B.Laban,Large,9999.99,7,0.0,none,64354,60.0,Female,Gold,Instapay,ElMenus,49,6.9,135,23.5,81.4,2.0,0,Signature,UAE,1,8,65.89,70065.81999999999,2024,1,12,Morning,No Discount,Moderate
106527,2024-03-08 23:30:00,Cairo-Nasr City,Ice Cream Mango,Medium,167.66,1,0.0,none,72523,56.0,Female,Bronze,Cash,In-store,117,9.4,107,30.6,89.8,2.0,0,Ice Cream,Greater Cairo,1,23,23.47,191.13,2024,3,8,Late Night,No Discount,Hot
109608,2024-04-10 01:45:00,Cairo-Nasr City,Qishtouza Lotus,Medium,125.69,6,0.0,Nuts,89241,47.0,Female,Unknown,Cash,ElMenus,93,11.2,109,23.5,35.5,1.0,0,Modern,Greater Cairo,0,1,105.58,859.72,2024,4,10,Late Night,No Discount,Moderate
104628,2024-02-18 04:45:00,Tanta-Saeed,Om Ali Cream,Medium,66.48,2,0.1,Nutella,86971,43.5,Male,Silver,Cash,Mobile App,93,3.2,131,30.2,89.0,1.0,0,Traditional,Delta,1,4,18.61,151.57,2024,2,18,Late Night,Medium Discount,Hot
102325,2024-01-25 05:00:00,Alex-Stanly,Qishtouza Nutella,Medium,120.58,5,0.0,none,80839,47.0,Female,Gold,Credit Card,Talabat,79,14.9,127,36.8,82.1,2.0,0,Modern,Alexandria,0,5,84.41,687.31,2024,1,25,Morning,No Discount,Hot
106535,2024-03-09 01:30:00,Dubai-Marina,Om Ali Cream,Medium,109.86,4,0.0,Lotus,69780,12.0,Female,Bronze,Credit Card,Mobile App,113,0.8,139,22.1,42.0,3.0,0,Traditional,UAE,1,1,61.52,500.96,2024,3,9,Late Night,No Discount,Moderate
108972,2024-04-03 10:45:00,Dubai-Marina,Rice Pudding Oven,Medium,146.96,8,0.05,Nutella,68184,60.0,Male,Bronze,Wallet,Mobile App,59,14.3,129,31.6,67.0,4.0,0,Traditional,UAE,0,10,164.6,1340.28,2024,4,3,Morning,Low Discount,Hot
105056,2024-02-22 15:45:00,Tanta-Saeed,Qishtouza Lotus,Large,52.1,5,0.05,Nutella,61701,52.0,Male,Silver,Credit Card,Talabat,67,2.2,127,32.4,24.1,1.0,1,Modern,Delta,0,15,36.47,296.97,2024,2,22,Afternoon,Low Discount,Hot
102609,2024-01-28 04:00:00,Cairo-Zamalek,Super B.Laban,Large,122.37,4,0.15,none,67066,42.0,Male,Bronze,Wallet,Talabat,44,1.7,118,32.2,77.5,5.0,0,Signature,Greater Cairo,1,4,68.53,558.01,2024,1,28,Late Night,Medium Discount,Hot
109021,2024-04-03 23:00:00,Dubai-Marina,Rice Pudding Oven,Small,146.25,10,0.0,Nutella,73993,60.0,Male,Gold,Instapay,Talabat,44,12.0,127,39.1,32.4,3.0,0,Traditional,UAE,0,23,204.75,1667.25,2024,4,3,Late Night,No Discount,Hot
102291,2024-01-24 20:30:00,Tanta-Saeed,Rice Pudding Oven,Medium,56.05,10,0.1,Nutella,81456,36.0,Female,Silver,Credit Card,Mobile App,69,10.1,115,44.7,64.9,3.0,0,Traditional,Delta,0,20,78.47,638.97,2024,1,24,Evening,Medium Discount,Hot
101728,2024-01-18 23:45:00,Cairo-Nasr City,Om Ali Cream,Large,167.35,9,0.15,Pistachio,52242,70.0,Female,Gold,Instapay,Talabat,38,10.5,114,24.9,75.7,3.0,0,Traditional,Greater Cairo,0,23,210.86,1717.0099999999998,2024,1,18,Late Night,Medium Discount,Moderate
100611,2024-01-07 08:30:00,Mansoura-Mashaya,Qishtouza Lotus,Medium,90.99,9,0.0,Nutella,53140,34.0,Female,Gold,Cash,Mobile App,92,10.8,107,39.9,64.7,5.0,0,Modern,Delta,1,8,114.65,933.56,2024,1,7,Morning,No Discount,Hot
104667,2024-02-18 14:30:00,Cairo-Zamalek,Sweet Koshary Mix,Small,110.0,11,0.0,Nutella,75252,49.0,Male,Gold,Wallet,In-store,59,8.8,106,29.0,36.0,4.0,0,Signature,Greater Cairo,1,14,169.4,1379.4,2024,2,18,Afternoon,No Discount,Hot
108052,2024-03-24 20:45:00,Cairo-Zamalek,Qishtouza Nutella,Large,106.46,5,0.05,Nutella,73064,25.0,Female,Bronze,Wallet,In-store,86,1.3,118,18.1,78.9,5.0,0,Modern,Greater Cairo,1,20,74.52,606.8199999999999,2024,3,24,Evening,Low Discount,Cold
105414,2024-02-26 09:15:00,Mansoura-Mashaya,Super B.Laban,Medium,94.26,2,0.0,Lotus,75229,21.0,Female,Unknown,Wallet,In-store,26,12.0,149,44.5,28.3,2.0,0,Signature,Delta,0,9,26.39,214.91000000000003,2024,2,26,Morning,No Discount,Hot
100344,2024-01-04 13:45:00,Cairo-Zamalek,Rice Pudding Oven,Large,48.82,5,0.0,none,68193,50.0,Female,Unknown,Wallet,Talabat,48,2.3,106,36.3,87.6,3.0,1,Traditional,Greater Cairo,0,13,34.17,278.27,2024,1,4,Afternoon,No Discount,Hot
104684,2024-02-18 18:45:00,Giza-Zayed,Super B.Laban,Small,76.4,4,0.0,Nutella,86999,28.0,Male,Bronze,Credit Card,Mobile App,105,14.2,117,23.7,33.8,2.0,0,Signature,Greater Cairo,1,18,42.78,348.38,2024,2,18,Evening,No Discount,Moderate
108785,2024-04-01 12:00:00,Mansoura-Mashaya,Rice Pudding Oven,Large,92.35,1,0.15,Pistachio,69416,51.0,Male,Silver,Wallet,Mobile App,74,4.2,117,16.2,39.2,1.0,0,Traditional,Delta,0,12,12.93,105.28,2024,4,1,Afternoon,Medium Discount,Cold
103751,2024-02-09 01:30:00,Alex-Stanly,Qishtouza Lotus,Small,157.67,9,0.0,Nuts,72007,63.0,Male,Gold,Wallet,ElMenus,72,13.1,110,18.5,63.4,5.0,0,Modern,Alexandria,1,1,198.66,1617.69,2024,2,9,Late Night,No Discount,Cold
108454,2024-03-29 01:15:00,Dubai-Marina,Rice Pudding Nuts,Small,67.51,5,0.05,none,57159,64.0,Female,Bronze,Cash,In-store,94,14.5,144,42.2,64.1,1.0,0,Traditional,UAE,1,1,47.26,384.81,2024,3,29,Late Night,Low Discount,Hot
109308,2024-04-06 22:45:00,Dubai-Marina,Rice Pudding Oven,Small,128.95,8,0.0,none,64525,44.0,Male,Silver,Instapay,Talabat,12,1.7,141,19.1,88.3,1.0,0,Traditional,UAE,1,22,144.42,1176.02,2024,4,6,Late Night,No Discount,Cold
106000,2024-03-03 11:45:00,Tanta-Saeed,Qishtouza Lotus,Large,146.05,2,0.0,Nuts,51755,18.0,Female,Gold,Credit Card,ElMenus,18,13.3,122,21.5,63.7,1.0,0,Modern,Delta,1,11,40.89,332.99,2024,3,3,Morning,No Discount,Moderate
103216,2024-02-03 11:45:00,Giza-Zayed,Om Ali Cream,Medium,92.36,7,0.0,Lotus,67111,43.5,Female,Unknown,Wallet,Mobile App,57,3.8,128,19.1,49.2,2.0,0,Traditional,Greater Cairo,1,11,90.51,737.03,2024,2,3,Morning,No Discount,Cold
100098,2024-01-02 00:15:00,Giza-Zayed,Om Ali Cream,Large,123.61,3,0.0,none,79386,27.0,Female,Unknown,Instapay,Talabat,98,5.4,108,26.0,71.5,5.0,0,Traditional,Greater Cairo,0,0,51.92,422.75,2024,1,2,Late Night,No Discount,Hot
107388,2024-03-17 22:45:00,Alex-Stanly,Om Ali Cream,Medium,126.97,9,0.0,Nutella,71691,33.0,Female,Unknown,Cash,In-store,115,8.6,131,18.4,69.3,5.0,0,Traditional,Alexandria,1,22,159.98,1302.71,2024,3,17,Late Night,No Discount,Cold
107666,2024-03-20 20:15:00,Mansoura-Mashaya,Super B.Laban,Small,129.98,10,0.0,Nutella,60601,43.5,Female,Unknown,Wallet,ElMenus,110,8.2,103,43.8,64.0,3.0,0,Signature,Delta,0,20,181.97,1481.77,2024,3,20,Evening,No Discount,Hot
105177,2024-02-23 22:00:00,Tanta-Saeed,Rice Pudding Nuts,Medium,178.56,10,0.0,none,89532,73.0,Male,Gold,Cash,Talabat,76,12.3,117,19.6,61.9,2.0,0,Traditional,Delta,1,22,249.98,2035.58,2024,2,23,Late Night,No Discount,Cold
107280,2024-03-16 19:45:00,Alex-Stanly,Qishtouza Nutella,Medium,51.28,1,0.0,Nutella,58081,68.0,Male,Silver,Credit Card,Mobile App,41,14.1,124,38.0,43.1,3.0,0,Modern,Alexandria,1,19,7.18,58.46,2024,3,16,Evening,No Discount,Hot
106166,2024-03-05 05:15:00,Riyadh-Olaya,Qishtouza Nutella,Large,77.12,8,0.1,Pistachio,70491,43.5,Female,Bronze,Instapay,ElMenus,57,6.4,143,23.7,76.6,2.0,0,Modern,KSA,0,5,86.37,703.33,2024,3,5,Morning,Medium Discount,Moderate
101538,2024-01-17 00:15:00,Tanta-Saeed,Super B.Laban,Medium,45.47,7,0.15,none,89639,70.0,Male,Gold,Credit Card,Mobile App,69,6.1,134,34.5,65.9,3.0,0,Signature,Delta,0,0,44.56,362.84999999999997,2024,1,17,Late Night,Medium Discount,Hot
103589,2024-02-07 09:00:00,Mansoura-Mashaya,Ice Cream Mango,Small,165.52,8,0.0,Lotus,76096,15.0,Female,Unknown,Instapay,In-store,68,1.2,116,39.8,61.4,1.0,0,Ice Cream,Delta,0,9,185.38,1509.54,2024,2,7,Morning,No Discount,Hot
109443,2024-04-08 08:30:00,Cairo-Nasr City,Sweet Koshary Mix,Small,99.18,6,0.0,Lotus,75876,28.0,Female,Silver,Cash,Talabat,19,3.1,134,34.6,84.5,2.0,0,Signature,Greater Cairo,0,8,83.31,678.3900000000001,2024,4,8,Morning,No Discount,Hot
106986,2024-03-13 18:15:00,Dubai-Marina,Sweet Koshary Mix,Small,158.4,7,0.0,Nutella,56830,21.0,Male,Gold,Instapay,Mobile App,72,5.5,114,32.7,46.3,2.0,0,Signature,UAE,0,18,155.23,1264.03,2024,3,13,Evening,No Discount,Hot
103649,2024-02-08 00:00:00,Cairo-Nasr City,Super B.Laban,Medium,106.23,2,0.0,none,79674,63.0,Female,Unknown,Cash,Talabat,16,2.3,118,33.7,84.8,2.0,0,Signature,Greater Cairo,0,0,29.74,242.20000000000002,2024,2,8,Late Night,No Discount,Hot
102658,2024-01-28 16:15:00,Riyadh-Olaya,Qishtouza Nutella,Small,83.66,7,0.0,none,73705,29.0,Female,Unknown,Wallet,Talabat,74,2.0,112,25.9,25.1,3.0,0,Modern,KSA,1,16,81.99,667.61,2024,1,28,Afternoon,No Discount,Hot
109827,2024-04-12 08:30:00,Cairo-Zamalek,Rice Pudding Nuts,Medium,113.75,5,0.15,none,58204,40.0,Female,Unknown,Cash,In-store,73,10.7,119,26.5,52.4,3.0,0,Traditional,Greater Cairo,1,8,79.63,648.38,2024,4,12,Morning,Medium Discount,Hot
101518,2024-01-16 19:15:00,Alex-Stanly,Om Ali Cream,Small,59.69,6,0.05,Pistachio,87095,30.0,Male,Bronze,Cash,ElMenus,71,6.1,139,31.8,82.7,1.0,0,Traditional,Alexandria,0,19,50.14,408.28,2024,1,16,Evening,Low Discount,Hot
105062,2024-02-22 17:15:00,Cairo-Zamalek,Sweet Koshary Mix,Small,100.14,2,0.0,Nutella,71521,39.0,Female,Unknown,Instapay,In-store,60,6.8,112,22.5,40.5,4.0,0,Signature,Greater Cairo,0,17,28.04,228.32,2024,2,22,Evening,No Discount,Moderate
109350,2024-04-07 09:15:00,Tanta-Saeed,Om Ali Cream,Large,130.66,8,0.0,Nuts,70281,43.5,Male,Gold,Cash,ElMenus,48,2.6,133,29.2,32.4,5.0,0,Traditional,Delta,1,9,146.34,1191.62,2024,4,7,Morning,No Discount,Hot
104625,2024-02-18 04:00:00,Mansoura-Mashaya,Ice Cream Mango,Medium,61.62,2,0.05,Nutella,74630,32.0,Female,Unknown,Wallet,Mobile App,21,9.4,130,32.4,73.7,5.0,0,Ice Cream,Delta,1,4,17.25,140.49,2024,2,18,Late Night,Low Discount,Hot
104273,2024-02-14 12:00:00,Tanta-Saeed,Qishtouza Lotus,Small,107.25,10,0.0,Nuts,54071,31.0,Female,Bronze,Wallet,Talabat,31,10.4,110,20.9,54.0,4.0,0,Modern,Delta,0,12,150.15,1222.65,2024,2,14,Afternoon,No Discount,Moderate
103670,2024-02-08 05:15:00,Riyadh-Olaya,Sweet Koshary Mix,Large,131.48,7,0.1,Lotus,71447,37.0,Female,Bronze,Credit Card,Talabat,41,8.8,113,33.2,31.6,2.0,0,Signature,KSA,0,5,128.85,1049.2099999999998,2024,2,8,Morning,Medium Discount,Hot
106567,2024-03-09 09:30:00,Mansoura-Mashaya,Rice Pudding Oven,Medium,149.62,11,0.0,Nuts,53321,56.0,Female,Unknown,Cash,Talabat,67,13.7,145,24.6,51.8,2.0,0,Traditional,Delta,1,9,230.41,1876.2300000000002,2024,3,9,Morning,No Discount,Moderate
105801,2024-03-01 10:00:00,Tanta-Saeed,Qishtouza Nutella,Medium,152.75,5,0.1,Pistachio,71204,34.0,Male,Unknown,Credit Card,In-store,115,7.7,119,33.1,36.5,1.0,0,Modern,Delta,1,10,106.93,870.6800000000001,2024,3,1,Morning,Medium Discount,Hot
102091,2024-01-22 18:30:00,Cairo-Zamalek,Rice Pudding Oven,Medium,98.34,7,0.0,Nuts,56901,72.0,Female,Unknown,Credit Card,ElMenus,88,4.1,110,40.1,58.1,3.0,0,Traditional,Greater Cairo,0,18,96.37,784.75,2024,1,22,Evening,No Discount,Hot
107098,2024-03-14 22:15:00,Alex-Stanly,Sweet Koshary Mix,Medium,83.56,3,0.0,Pistachio,78413,50.0,Female,Silver,Credit Card,Talabat,57,7.6,103,27.5,82.6,2.0,0,Signature,Alexandria,0,22,35.1,285.78000000000003,2024,3,14,Late Night,No Discount,Hot
106172,2024-03-05 06:45:00,Mansoura-Mashaya,Rice Pudding Nuts,Medium,66.03,7,0.0,Lotus,59707,33.0,Female,Silver,Wallet,In-store,22,7.9,139,27.1,61.7,4.0,0,Traditional,Delta,0,6,64.71,526.9200000000001,2024,3,5,Morning,No Discount,Hot
100573,2024-01-06 23:00:00,Cairo-Nasr City,Om Ali Cream,Medium,41.82,9,0.15,Lotus,78537,36.0,Female,Gold,Wallet,Talabat,115,9.6,120,40.7,23.9,1.0,0,Traditional,Greater Cairo,1,23,52.69,429.07,2024,1,6,Late Night,Medium Discount,Hot
109559,2024-04-09 13:30:00,Riyadh-Olaya,Rice Pudding Nuts,Large,155.83,2,0.0,Nuts,76906,29.0,Male,Unknown,Credit Card,In-store,72,0.9,109,23.2,78.2,4.0,0,Traditional,KSA,0,13,43.63,355.29,2024,4,9,Afternoon,No Discount,Moderate
104689,2024-02-18 20:00:00,Dubai-Marina,Sweet Koshary Mix,Large,148.97,10,0.0,Nuts,53639,33.0,Female,Gold,Credit Card,Talabat,54,11.0,134,42.7,50.4,1.0,0,Signature,UAE,1,20,208.56,1698.26,2024,2,18,Evening,No Discount,Hot
109075,2024-04-04 12:30:00,Riyadh-Olaya,Rice Pudding Oven,Medium,125.89,6,0.0,Nutella,61054,43.5,Male,Bronze,Cash,In-store,88,7.0,148,23.7,70.8,1.0,0,Traditional,KSA,0,12,105.75,861.09,2024,4,4,Afternoon,No Discount,Moderate
103063,2024-02-01 21:30:00,Giza-Zayed,Super B.Laban,Small,86.82,7,0.0,none,68593,45.0,Male,Unknown,Credit Card,ElMenus,56,13.3,141,43.2,29.7,3.0,0,Signature,Greater Cairo,0,21,85.08,692.82,2024,2,1,Evening,No Discount,Hot
109294,2024-04-06 19:15:00,Tanta-Saeed,Rice Pudding Nuts,Large,178.94,1,0.05,Nuts,73437,43.5,Male,Bronze,Cash,ElMenus,58,8.1,147,20.3,59.8,3.0,0,Traditional,Delta,1,19,25.05,203.99,2024,4,6,Evening,Low Discount,Moderate
106471,2024-03-08 09:30:00,Alex-Stanly,Ice Cream Mango,Medium,161.99,6,0.1,Lotus,84249,42.0,Female,Silver,Credit Card,Talabat,53,8.8,115,25.0,81.3,2.0,1,Ice Cream,Alexandria,1,9,136.07,1108.01,2024,3,8,Morning,Medium Discount,Hot
107161,2024-03-15 14:00:00,Giza-Zayed,Qishtouza Nutella,Medium,95.28,6,0.0,none,53375,19.0,Female,Unknown,Instapay,In-store,44,4.6,115,38.3,83.6,2.0,0,Modern,Greater Cairo,1,14,80.04,651.72,2024,3,15,Afternoon,No Discount,Hot
106634,2024-03-10 02:15:00,Cairo-Nasr City,Qishtouza Lotus,Small,132.93,1,0.15,none,55483,41.0,Female,Unknown,Wallet,ElMenus,47,2.7,122,34.8,55.4,5.0,0,Modern,Greater Cairo,1,2,18.61,151.54000000000002,2024,3,10,Late Night,Medium Discount,Hot
108492,2024-03-29 10:45:00,Cairo-Nasr City,Rice Pudding Oven,Small,79.86,1,0.0,Lotus,86691,48.0,Female,Unknown,Credit Card,ElMenus,91,7.1,133,37.3,49.6,4.0,0,Traditional,Greater Cairo,1,10,11.18,91.03999999999999,2024,3,29,Morning,No Discount,Hot
107926,2024-03-23 13:15:00,Alex-Stanly,Rice Pudding Nuts,Large,70.25,3,0.05,Pistachio,89867,33.0,Male,Gold,Instapay,Talabat,74,5.4,137,32.8,58.5,1.0,0,Traditional,Alexandria,1,13,29.51,240.26,2024,3,23,Afternoon,Low Discount,Hot
107346,2024-03-17 12:15:00,Mansoura-Mashaya,Rice Pudding Oven,Medium,141.01,6,0.0,none,87476,43.5,Female,Gold,Instapay,ElMenus,59,6.7,126,25.6,85.5,5.0,0,Traditional,Delta,1,12,118.45,964.51,2024,3,17,Afternoon,No Discount,Hot
106305,2024-03-06 16:00:00,Giza-Zayed,Ice Cream Mango,Medium,57.0,11,0.0,Pistachio,77079,40.0,Female,Unknown,Credit Card,Mobile App,76,6.1,128,44.3,62.7,1.0,0,Ice Cream,Greater Cairo,0,16,87.78,714.78,2024,3,6,Afternoon,No Discount,Hot
107901,2024-03-23 07:00:00,Alex-Stanly,Ice Cream Mango,Small,103.68,6,0.1,Pistachio,75401,21.0,Female,Silver,Cash,In-store,50,7.9,142,21.4,21.4,2.0,0,Ice Cream,Alexandria,1,7,87.09,709.1700000000001,2024,3,23,Morning,Medium Discount,Moderate
109440,2024-04-08 07:45:00,Riyadh-Olaya,Om Ali Cream,Large,84.59,10,0.0,Nuts,89399,14.0,Male,Gold,Instapay,In-store,62,5.3,121,20.7,49.4,4.0,0,Traditional,KSA,0,7,118.43,964.3300000000002,2024,4,8,Morning,No Discount,Moderate
108186,2024-03-26 06:15:00,Cairo-Nasr City,Qishtouza Nutella,Small,97.13,4,0.0,none,73216,65.0,Female,Silver,Wallet,Mobile App,30,3.6,115,24.9,74.1,4.0,0,Modern,Greater Cairo,0,6,54.39,442.90999999999997,2024,3,26,Morning,No Discount,Moderate
104480,2024-02-16 15:45:00,Tanta-Saeed,Qishtouza Nutella,Medium,95.87,4,0.0,Lotus,88034,39.0,Female,Silver,Cash,ElMenus,106,13.8,137,26.7,76.2,4.0,0,Modern,Delta,1,15,53.69,437.17,2024,2,16,Afternoon,No Discount,Hot
104949,2024-02-21 13:00:00,Mansoura-Mashaya,Super B.Laban,Medium,65.36,10,0.0,Lotus,54511,69.0,Male,Gold,Credit Card,Talabat,110,7.4,138,35.6,27.4,2.0,0,Signature,Delta,0,13,91.5,745.1,2024,2,21,Afternoon,No Discount,Hot
105977,2024-03-03 06:00:00,Alex-Stanly,Super B.Laban,Medium,112.46,8,0.05,Lotus,89711,63.0,Male,Bronze,Credit Card,ElMenus,28,3.0,106,31.7,80.4,3.0,0,Signature,Alexandria,1,6,125.96,1025.6399999999999,2024,3,3,Morning,Low Discount,Hot
100371,2024-01-04 20:30:00,Giza-Zayed,Qishtouza Nutella,Medium,55.62,11,0.0,none,51931,39.0,Female,Silver,Instapay,ElMenus,73,7.5,109,21.1,40.4,1.0,0,Modern,Greater Cairo,0,20,85.65,697.4699999999999,2024,1,4,Evening,No Discount,Moderate
101939,2024-01-21 04:30:00,Cairo-Zamalek,Om Ali Cream,Small,144.54,1,0.0,Nuts,54152,26.0,Female,Gold,Instapay,In-store,108,13.2,134,34.9,75.0,1.0,0,Traditional,Greater Cairo,1,4,20.24,164.78,2024,1,21,Late Night,No Discount,Hot
102353,2024-01-25 12:00:00,Alex-Stanly,Rice Pudding Nuts,Medium,165.35,3,0.0,none,67803,47.0,Female,Unknown,Wallet,Mobile App,68,12.2,108,33.7,60.5,4.0,0,Traditional,Alexandria,0,12,69.45,565.5,2024,1,25,Afternoon,No Discount,Hot
107128,2024-03-15 05:45:00,Cairo-Zamalek,Om Ali Cream,Medium,124.54,6,0.0,Nuts,74649,43.5,Male,Gold,Instapay,ElMenus,50,13.2,149,37.9,41.5,4.0,0,Traditional,Greater Cairo,1,5,104.61,851.85,2024,3,15,Morning,No Discount,Hot
101754,2024-01-19 06:15:00,Dubai-Marina,Om Ali Cream,Medium,67.4,8,0.0,none,53100,41.0,Female,Unknown,Instapay,Talabat,11,4.7,112,19.5,59.0,2.0,0,Traditional,UAE,1,6,75.49,614.69,2024,1,19,Morning,No Discount,Cold
103671,2024-02-08 05:30:00,Giza-Zayed,Qishtouza Nutella,Small,109.04,7,0.0,Pistachio,75134,53.0,Male,Gold,Cash,ElMenus,96,6.5,103,22.9,46.6,4.0,0,Modern,Greater Cairo,0,5,106.86,870.1400000000001,2024,2,8,Morning,No Discount,Moderate
107299,2024-03-17 00:30:00,Dubai-Marina,Om Ali Cream,Medium,159.6,9,0.0,Pistachio,68552,62.0,Female,Unknown,Instapay,Talabat,54,14.2,108,41.5,79.2,2.0,0,Traditional,UAE,1,0,201.1,1637.4999999999998,2024,3,17,Late Night,No Discount,Hot
103653,2024-02-08 01:00:00,Tanta-Saeed,Qishtouza Nutella,Small,104.22,2,0.1,none,76197,69.0,Female,Unknown,Credit Card,Mobile App,76,2.4,144,22.4,64.3,5.0,0,Modern,Delta,0,1,29.18,237.62,2024,2,8,Late Night,Medium Discount,Moderate
105202,2024-02-24 04:15:00,Dubai-Marina,Rice Pudding Nuts,Medium,106.16,5,0.05,Nuts,50606,12.0,Male,Gold,Instapay,Talabat,17,0.9,124,36.9,72.6,5.0,0,Traditional,UAE,1,4,74.31,605.1099999999999,2024,2,24,Late Night,Low Discount,Hot
107910,2024-03-23 09:15:00,Tanta-Saeed,Sweet Koshary Mix,Medium,178.32,8,0.0,Pistachio,71613,48.0,Female,Bronze,Wallet,Talabat,70,10.6,115,15.7,50.1,1.0,0,Signature,Delta,1,9,199.72,1626.28,2024,3,23,Morning,No Discount,Cold
102362,2024-01-25 14:15:00,Cairo-Zamalek,Sweet Koshary Mix,Medium,149.12,2,0.0,Nutella,65987,43.5,Male,Silver,Cash,Mobile App,106,12.2,133,19.8,30.4,3.0,0,Signature,Greater Cairo,0,14,41.75,339.99,2024,1,25,Afternoon,No Discount,Cold
104261,2024-02-14 09:00:00,Dubai-Marina,Rice Pudding Oven,Medium,118.85,6,0.0,Pistachio,78489,48.0,Female,Silver,Instapay,ElMenus,15,8.6,110,17.1,24.7,2.0,0,Traditional,UAE,0,9,99.83,812.93,2024,2,14,Morning,No Discount,Cold
105433,2024-02-26 14:00:00,Giza-Zayed,Rice Pudding Nuts,Medium,106.71,7,0.15,none,71937,35.0,Female,Bronze,Credit Card,In-store,19,5.8,110,17.2,62.1,4.0,0,Traditional,Greater Cairo,0,14,104.58,851.55,2024,2,26,Afternoon,Medium Discount,Cold
106286,2024-03-06 11:15:00,Alex-Stanly,Qishtouza Nutella,Medium,165.31,7,0.0,Lotus,70779,43.5,Female,Unknown,Instapay,Mobile App,63,14.5,138,19.7,26.2,3.0,0,Modern,Alexandria,0,11,162.0,1319.17,2024,3,6,Morning,No Discount,Cold
104992,2024-02-21 23:45:00,Alex-Stanly,Sweet Koshary Mix,Medium,70.09,3,0.0,Nuts,70913,48.0,Female,Gold,Wallet,In-store,40,11.4,137,34.2,24.9,3.0,0,Signature,Alexandria,0,23,29.44,239.71,2024,2,21,Late Night,No Discount,Hot
107601,2024-03-20 04:00:00,Dubai-Marina,Rice Pudding Nuts,Medium,71.47,7,0.0,none,69275,24.0,Female,Gold,Wallet,ElMenus,36,6.5,105,38.8,34.6,4.0,0,Traditional,UAE,0,4,70.04,570.3299999999999,2024,3,20,Late Night,No Discount,Hot
109463,2024-04-08 13:30:00,Tanta-Saeed,Rice Pudding Nuts,Large,105.56,10,0.0,Lotus,71019,43.5,Male,Unknown,Wallet,Mobile App,18,7.2,119,39.3,59.0,1.0,0,Traditional,Delta,0,13,147.78,1203.3799999999999,2024,4,8,Afternoon,No Discount,Hot
103738,2024-02-08 22:15:00,Mansoura-Mashaya,Qishtouza Lotus,Large,151.38,5,0.0,Lotus,87085,28.0,Female,Unknown,Cash,ElMenus,17,12.8,111,18.8,46.4,5.0,0,Modern,Delta,0,22,105.97,862.87,2024,2,8,Late Night,No Discount,Cold
107521,2024-03-19 08:00:00,Tanta-Saeed,Rice Pudding Oven,Medium,96.95,10,0.0,Nuts,56745,43.5,Female,Unknown,Cash,ElMenus,64,12.1,137,38.7,72.3,3.0,0,Traditional,Delta,0,8,135.73,1105.23,2024,3,19,Morning,No Discount,Hot
108560,2024-03-30 03:45:00,Giza-Zayed,Ice Cream Mango,Large,44.5,11,0.0,Nutella,73618,34.0,Male,Bronze,Cash,In-store,106,11.1,146,20.8,26.2,5.0,0,Ice Cream,Greater Cairo,1,3,68.53,558.03,2024,3,30,Late Night,No Discount,Moderate
108927,2024-04-02 23:30:00,Riyadh-Olaya,Om Ali Cream,Large,109.89,10,0.0,Nuts,58208,64.0,Male,Gold,Cash,Mobile App,34,5.7,124,31.8,50.9,1.0,0,Traditional,KSA,0,23,153.85,1252.75,2024,4,2,Late Night,No Discount,Hot
109991,2024-04-14 01:30:00,Riyadh-Olaya,Qishtouza Lotus,Medium,105.4,11,0.05,Lotus,63010,17.0,Female,Gold,Wallet,ElMenus,46,7.9,148,29.8,79.4,3.0,0,Modern,KSA,1,1,162.32,1321.72,2024,4,14,Late Night,Low Discount,Hot
105592,2024-02-28 05:45:00,Dubai-Marina,Om Ali Cream,Medium,149.41,9,0.0,Nutella,69748,45.0,Male,Bronze,Wallet,ElMenus,46,7.3,124,37.1,43.2,5.0,0,Traditional,UAE,0,5,188.26,1532.95,2024,2,28,Morning,No Discount,Hot
101172,2024-01-13 04:45:00,Alex-Stanly,Qishtouza Lotus,Large,120.44,6,0.0,none,84969,65.0,Female,Silver,Instapay,ElMenus,98,12.2,111,27.4,63.4,2.0,0,Modern,Alexandria,1,4,101.17,823.81,2024,1,13,Late Night,No Discount,Hot
107371,2024-03-17 18:30:00,Mansoura-Mashaya,Om Ali Cream,Medium,9999.99,2,0.1,Lotus,59148,35.0,Female,Bronze,Instapay,Talabat,90,7.7,117,30.0,65.3,3.0,0,Traditional,Delta,1,18,22.28,20022.26,2024,3,17,Evening,Medium Discount,Hot
107938,2024-03-23 16:15:00,Giza-Zayed,Super B.Laban,Medium,50.21,7,0.0,Nutella,54252,18.0,Male,Silver,Credit Card,Talabat,100,5.2,121,40.9,68.2,3.0,0,Signature,Greater Cairo,1,16,49.21,400.68,2024,3,23,Afternoon,No Discount,Hot
108087,2024-03-25 05:30:00,Cairo-Zamalek,Qishtouza Nutella,Medium,55.51,9,0.1,Pistachio,83420,47.0,Female,Unknown,Credit Card,ElMenus,97,9.2,117,42.3,33.5,2.0,0,Modern,Greater Cairo,0,5,69.94,569.53,2024,3,25,Morning,Medium Discount,Hot
101423,2024-01-15 19:30:00,Alex-Stanly,Om Ali Cream,Large,107.91,9,0.05,Pistachio,58765,53.0,Female,Unknown,Wallet,Mobile App,54,12.7,109,17.2,44.7,4.0,0,Traditional,Alexandria,0,19,135.97,1107.1599999999999,2024,1,15,Evening,Low Discount,Cold
106783,2024-03-11 15:30:00,Riyadh-Olaya,Super B.Laban,Small,140.66,6,0.0,Nuts,82941,57.0,Male,Unknown,Wallet,Talabat,41,1.4,132,43.0,72.3,1.0,0,Signature,KSA,0,15,118.15,962.11,2024,3,11,Afternoon,No Discount,Hot
109444,2024-04-08 08:45:00,Mansoura-Mashaya,Qishtouza Nutella,Medium,132.98,8,0.0,Nutella,70504,70.0,Female,Gold,Wallet,ElMenus,118,12.2,107,22.7,70.6,1.0,0,Modern,Delta,0,8,148.94,1212.78,2024,4,8,Morning,No Discount,Moderate
108140,2024-03-25 18:45:00,Alex-Stanly,Rice Pudding Oven,Large,47.02,1,0.0,Nutella,80281,41.0,Female,Unknown,Cash,Mobile App,99,10.5,111,35.2,51.0,5.0,0,Traditional,Alexandria,0,18,6.58,53.6,2024,3,25,Evening,No Discount,Hot
109351,2024-04-07 09:30:00,Tanta-Saeed,Ice Cream Mango,Small,136.37,7,0.0,none,72480,30.0,Male,Unknown,Wallet,In-store,100,14.7,104,27.1,54.4,3.0,0,Ice Cream,Delta,1,9,133.64,1088.23,2024,4,7,Morning,No Discount,Hot
108019,2024-03-24 12:30:00,Mansoura-Mashaya,Rice Pudding Oven,Medium,168.32,6,0.15,Nutella,58262,55.0,Female,Silver,Cash,Mobile App,73,1.4,116,31.9,88.0,4.0,0,Traditional,Delta,1,12,141.39,1151.31,2024,3,24,Afternoon,Medium Discount,Hot
106340,2024-03-07 00:45:00,Tanta-Saeed,Qishtouza Lotus,Medium,159.82,2,0.1,Lotus,63440,62.0,Female,Unknown,Credit Card,ElMenus,53,5.4,118,31.5,70.3,4.0,0,Modern,Delta,0,0,44.75,364.39,2024,3,7,Late Night,Medium Discount,Hot
109648,2024-04-10 11:45:00,Tanta-Saeed,Rice Pudding Oven,Large,76.09,1,0.05,Pistachio,69539,62.0,Female,Unknown,Cash,Mobile App,15,13.3,118,17.0,41.2,4.0,0,Traditional,Delta,0,11,10.65,86.74000000000001,2024,4,10,Morning,Low Discount,Cold
100875,2024-01-10 02:30:00,Cairo-Zamalek,Om Ali Cream,Large,41.91,11,0.0,Pistachio,89388,38.0,Female,Bronze,Instapay,Talabat,45,5.1,124,20.6,72.4,2.0,0,Traditional,Greater Cairo,0,2,64.54,525.55,2024,1,10,Late Night,No Discount,Moderate
102298,2024-01-24 22:15:00,Alex-Stanly,Qishtouza Lotus,Medium,139.52,11,0.0,Nuts,83434,23.0,Female,Silver,Wallet,Mobile App,20,12.7,109,44.3,22.9,4.0,0,Modern,Alexandria,0,22,214.86,1749.58,2024,1,24,Late Night,No Discount,Hot
102644,2024-01-28 12:45:00,Cairo-Nasr City,Sweet Koshary Mix,Large,43.73,2,0.0,Nutella,67047,28.0,Female,Gold,Wallet,In-store,17,1.8,117,22.0,28.7,1.0,0,Signature,Greater Cairo,1,12,12.24,99.69999999999999,2024,1,28,Afternoon,No Discount,Moderate
107532,2024-03-19 10:45:00,Tanta-Saeed,Sweet Koshary Mix,Medium,124.56,10,0.0,Nutella,63875,64.0,Male,Silver,Wallet,ElMenus,13,9.2,146,18.2,67.1,3.0,0,Signature,Delta,0,10,174.38,1419.98,2024,3,19,Morning,No Discount,Cold
101720,2024-01-18 21:45:00,Cairo-Nasr City,Rice Pudding Nuts,Medium,112.88,5,0.0,Lotus,50341,61.0,Male,Bronze,Wallet,Talabat,43,11.1,142,25.7,83.8,2.0,0,Traditional,Greater Cairo,0,21,79.02,643.42,2024,1,18,Evening,No Discount,Hot
105348,2024-02-25 16:45:00,Cairo-Nasr City,Qishtouza Nutella,Medium,69.78,6,0.0,Lotus,52775,31.0,Female,Unknown,Instapay,Mobile App,87,9.9,145,35.0,80.8,5.0,0,Modern,Greater Cairo,1,16,58.62,477.3,2024,2,25,Afternoon,No Discount,Hot
105933,2024-03-02 19:00:00,Giza-Zayed,Sweet Koshary Mix,Large,58.51,6,0.0,Lotus,89633,46.0,Female,Bronze,Cash,ElMenus,110,1.2,138,32.2,27.7,5.0,0,Signature,Greater Cairo,1,19,49.15,400.21,2024,3,2,Evening,No Discount,Hot
100841,2024-01-09 18:00:00,Dubai-Marina,Qishtouza Nutella,Large,45.33,8,0.0,none,88794,30.0,Male,Bronze,Instapay,In-store,12,3.3,106,43.8,85.8,3.0,0,Modern,UAE,0,18,50.77,413.40999999999997,2024,1,9,Evening,No Discount,Hot
109938,2024-04-13 12:15:00,Cairo-Zamalek,Super B.Laban,Large,163.92,8,0.0,Nuts,76900,27.0,Female,Unknown,Instapay,In-store,90,13.1,111,35.4,27.4,2.0,0,Signature,Greater Cairo,1,12,183.59,1494.9499999999998,2024,4,13,Afternoon,No Discount,Hot
100582,2024-01-07 01:15:00,Cairo-Nasr City,Super B.Laban,Large,71.46,-5,0.0,none,62046,34.0,Female,Bronze,Instapay,In-store,103,3.8,114,34.8,23.8,3.0,0,Signature,Greater Cairo,1,1,20.01,-337.28999999999996,2024,1,7,Late Night,No Discount,Hot
100205,2024-01-03 03:00:00,Giza-Zayed,Super B.Laban,Small,161.48,-5,0.05,Nuts,78788,21.0,Male,Bronze,Credit Card,In-store,116,5.5,103,41.5,72.9,3.0,0,Signature,Greater Cairo,0,3,203.46,-603.9399999999999,2024,1,3,Late Night,Low Discount,Hot
101642,2024-01-18 02:15:00,Cairo-Nasr City,Sweet Koshary Mix,Large,123.62,7,0.0,none,58206,41.0,Male,Gold,Cash,Talabat,81,8.9,134,27.5,58.1,5.0,1,Signature,Greater Cairo,0,2,121.15,986.49,2024,1,18,Late Night,No Discount,Hot
102015,2024-01-21 23:30:00,Tanta-Saeed,Sweet Koshary Mix,Medium,92.43,1,0.0,Lotus,54456,32.0,Female,Silver,Cash,ElMenus,96,7.4,116,26.2,20.5,3.0,0,Signature,Delta,1,23,12.94,105.37,2024,1,21,Late Night,No Discount,Hot
103254,2024-02-03 21:15:00,Dubai-Marina,Super B.Laban,Medium,102.33,9,0.05,Nuts,52840,71.0,Female,Gold,Wallet,ElMenus,108,12.1,101,15.6,48.1,5.0,0,Signature,UAE,1,21,128.94,1049.91,2024,2,3,Evening,Low Discount,Cold
107541,2024-03-19 13:00:00,Mansoura-Mashaya,Sweet Koshary Mix,Medium,140.55,11,0.1,Nutella,55607,18.0,Female,Bronze,Credit Card,ElMenus,112,11.4,123,23.5,54.0,3.0,0,Signature,Delta,0,13,216.45,1762.5000000000002,2024,3,19,Afternoon,Medium Discount,Moderate
100906,2024-01-10 10:15:00,Cairo-Zamalek,Rice Pudding Nuts,Medium,170.98,3,0.0,none,72995,60.0,Female,Unknown,Instapay,Talabat,22,6.6,148,28.1,21.2,5.0,0,Traditional,Greater Cairo,0,10,71.81,584.75,2024,1,10,Morning,No Discount,Hot
100632,2024-01-07 13:45:00,Giza-Zayed,Super B.Laban,Large,135.84,7,0.15,Lotus,75427,55.0,Male,Unknown,Wallet,Talabat,85,2.3,135,18.5,89.7,4.0,0,Signature,Greater Cairo,1,13,133.12,1084.0,2024,1,7,Afternoon,Medium Discount,Cold
108421,2024-03-28 17:00:00,Dubai-Marina,Sweet Koshary Mix,Medium,155.64,7,0.1,none,84831,67.0,Female,Unknown,Credit Card,In-store,82,3.2,137,41.3,65.8,4.0,0,Signature,UAE,0,17,152.53,1242.01,2024,3,28,Evening,Medium Discount,Hot
107824,2024-03-22 11:45:00,Cairo-Zamalek,Ice Cream Mango,Medium,159.44,11,0.0,Pistachio,69224,68.0,Male,Silver,Cash,Talabat,69,2.9,124,20.1,38.2,4.0,0,Ice Cream,Greater Cairo,1,11,245.54,1999.3799999999999,2024,3,22,Morning,No Discount,Moderate
101975,2024-01-21 13:30:00,Cairo-Zamalek,Rice Pudding Nuts,Small,129.93,1,0.0,Lotus,59785,43.5,Female,Gold,Credit Card,In-store,118,2.3,121,19.7,64.9,3.0,0,Traditional,Greater Cairo,1,13,18.19,148.12,2024,1,21,Afternoon,No Discount,Cold
100163,2024-01-02 16:30:00,Riyadh-Olaya,Qishtouza Lotus,Medium,134.46,11,0.0,none,57735,58.0,Male,Silver,Credit Card,ElMenus,41,0.6,132,43.4,35.6,1.0,0,Modern,KSA,0,16,207.07,1686.13,2024,1,2,Afternoon,No Discount,Hot
104999,2024-02-22 01:30:00,Cairo-Zamalek,Ice Cream Mango,Medium,129.22,3,0.05,Nuts,69190,28.0,Female,Unknown,Credit Card,In-store,46,14.4,143,22.5,21.3,3.0,0,Ice Cream,Greater Cairo,0,1,54.27,441.92999999999995,2024,2,22,Late Night,Low Discount,Moderate
101244,2024-01-13 22:45:00,Dubai-Marina,Super B.Laban,Medium,89.33,1,0.0,Pistachio,55262,26.0,Female,Gold,Credit Card,ElMenus,50,7.3,113,36.4,43.9,2.0,0,Signature,UAE,1,22,12.51,101.84,2024,1,13,Late Night,No Discount,Hot
109451,2024-04-08 10:30:00,Cairo-Nasr City,Qishtouza Nutella,Medium,99.51,11,0.05,Lotus,79249,52.0,Female,Bronze,Instapay,In-store,56,2.3,110,44.2,80.8,2.0,0,Modern,Greater Cairo,0,10,153.25,1247.8600000000001,2024,4,8,Morning,Low Discount,Hot
107765,2024-03-21 21:00:00,Cairo-Nasr City,Qishtouza Lotus,Small,147.87,4,0.0,Nuts,85522,46.0,Male,Silver,Wallet,In-store,10,11.1,117,17.5,77.7,2.0,0,Modern,Greater Cairo,0,21,82.81,674.29,2024,3,21,Evening,No Discount,Cold
104714,2024-02-19 02:15:00,Mansoura-Mashaya,Qishtouza Lotus,Medium,77.11,4,0.1,Nuts,66387,43.5,Female,Unknown,Instapay,Mobile App,93,12.0,142,33.8,75.2,2.0,0,Modern,Delta,0,2,43.18,351.62,2024,2,19,Late Night,Medium Discount,Hot
100876,2024-01-10 02:45:00,Alex-Stanly,Rice Pudding Oven,Medium,85.5,11,0.0,Pistachio,55877,13.0,Male,Gold,Credit Card,In-store,99,2.0,113,21.2,38.3,3.0,0,Traditional,Alexandria,0,2,131.67,1072.17,2024,1,10,Late Night,No Discount,Moderate
101432,2024-01-15 21:45:00,Mansoura-Mashaya,Om Ali Cream,Medium,163.21,10,0.1,none,89235,56.0,Female,Gold,Credit Card,ElMenus,22,10.5,129,16.8,82.7,5.0,0,Traditional,Delta,0,21,228.49,1860.5900000000001,2024,1,15,Evening,Medium Discount,Cold
108739,2024-04-01 00:30:00,Alex-Stanly,Ice Cream Mango,Large,66.89,8,0.1,Nuts,86754,62.0,Female,Unknown,Wallet,ElMenus,67,13.5,102,19.1,38.9,3.0,0,Ice Cream,Alexandria,0,0,74.92,610.04,2024,4,1,Late Night,Medium Discount,Cold
106869,2024-03-12 13:00:00,Cairo-Zamalek,Ice Cream Mango,Medium,121.93,10,0.0,none,76567,28.0,Male,Gold,Credit Card,In-store,104,14.6,105,23.1,59.5,5.0,0,Ice Cream,Greater Cairo,0,13,170.7,1390.0000000000002,2024,3,12,Afternoon,No Discount,Moderate
104644,2024-02-18 08:45:00,Mansoura-Mashaya,Super B.Laban,Medium,123.28,11,0.0,Pistachio,77871,46.0,Female,Silver,Instapay,Talabat,35,1.7,106,34.5,47.1,4.0,0,Signature,Delta,1,8,189.85,1545.9299999999998,2024,2,18,Morning,No Discount,Hot
105081,2024-02-22 22:00:00,Riyadh-Olaya,Qishtouza Lotus,Medium,174.61,1,0.0,none,86195,41.0,Female,Gold,Wallet,Mobile App,56,7.4,123,28.5,56.6,1.0,0,Modern,KSA,0,22,24.45,199.06,2024,2,22,Late Night,No Discount,Hot
105784,2024-03-01 05:45:00,Mansoura-Mashaya,Rice Pudding Nuts,Medium,172.69,6,0.1,Lotus,70055,71.0,Male,Silver,Credit Card,Mobile App,52,5.7,138,43.6,59.8,4.0,0,Traditional,Delta,1,5,145.06,1181.1999999999998,2024,3,1,Morning,Medium Discount,Hot
109139,2024-04-05 04:30:00,Mansoura-Mashaya,Rice Pudding Nuts,Large,94.31,6,0.0,Lotus,58380,37.0,Female,Silver,Cash,ElMenus,109,1.0,123,41.5,82.6,1.0,0,Traditional,Delta,1,4,79.22,645.08,2024,4,5,Late Night,No Discount,Hot
107617,2024-03-20 08:00:00,Dubai-Marina,Ice Cream Mango,Medium,66.22,2,0.0,Lotus,50146,60.0,Male,Silver,Wallet,Talabat,93,5.0,143,16.1,75.5,3.0,0,Ice Cream,UAE,0,8,18.54,150.98,2024,3,20,Morning,No Discount,Cold
108040,2024-03-24 17:45:00,Alex-Stanly,Qishtouza Nutella,Medium,172.21,8,0.0,none,87940,66.0,Male,Unknown,Cash,Talabat,36,12.9,130,41.8,53.9,3.0,0,Modern,Alexandria,1,17,192.88,1570.56,2024,3,24,Evening,No Discount,Hot
107956,2024-03-23 20:45:00,Dubai-Marina,Sweet Koshary Mix,Large,81.84,6,0.0,Pistachio,77803,44.0,Female,Unknown,Instapay,In-store,42,6.0,109,30.1,20.8,1.0,0,Signature,UAE,1,20,68.75,559.79,2024,3,23,Evening,No Discount,Hot
109438,2024-04-08 07:15:00,Mansoura-Mashaya,Qishtouza Lotus,Small,55.85,11,0.0,Lotus,59715,71.0,Female,Bronze,Cash,In-store,13,6.2,113,42.5,44.7,2.0,0,Modern,Delta,0,7,86.01,700.36,2024,4,8,Morning,No Discount,Hot
102857,2024-01-30 18:00:00,Cairo-Zamalek,Ice Cream Mango,Large,131.23,9,0.0,Pistachio,69379,64.0,Female,Bronze,Wallet,Mobile App,15,11.9,106,36.7,52.5,1.0,0,Ice Cream,Greater Cairo,0,18,165.35,1346.4199999999998,2024,1,30,Evening,No Discount,Hot
101862,2024-01-20 09:15:00,Tanta-Saeed,Qishtouza Lotus,Small,125.33,7,0.0,none,68208,38.0,Female,Gold,Credit Card,In-store,27,4.3,104,26.1,73.4,3.0,1,Modern,Delta,1,9,122.82,1000.1299999999999,2024,1,20,Morning,No Discount,Hot
102660,2024-01-28 16:45:00,Giza-Zayed,Qishtouza Lotus,Large,103.97,8,0.05,Nutella,66141,54.0,Female,Gold,Cash,Mobile App,28,12.4,126,21.1,62.3,1.0,1,Modern,Greater Cairo,1,16,116.45,948.21,2024,1,28,Afternoon,Low Discount,Moderate
103385,2024-02-05 06:00:00,Cairo-Nasr City,Rice Pudding Oven,Medium,168.87,4,0.0,none,61764,34.0,Female,Bronze,Instapay,Mobile App,11,2.6,145,37.8,66.8,1.0,0,Traditional,Greater Cairo,0,6,94.57,770.05,2024,2,5,Morning,No Discount,Hot
109565,2024-04-09 15:00:00,Dubai-Marina,Qishtouza Nutella,Medium,166.21,9,0.1,Pistachio,69868,31.0,Female,Bronze,Cash,Talabat,41,11.3,126,18.2,72.2,1.0,0,Modern,UAE,0,15,209.42,1705.3100000000002,2024,4,9,Afternoon,Medium Discount,Cold
109777,2024-04-11 20:00:00,Tanta-Saeed,Rice Pudding Oven,Medium,86.31,2,0.0,none,80156,18.0,Female,Unknown,Cash,ElMenus,76,2.0,136,42.2,85.8,4.0,0,Traditional,Delta,0,20,24.17,196.79000000000002,2024,4,11,Evening,No Discount,Hot
108091,2024-03-25 06:30:00,Cairo-Zamalek,Rice Pudding Nuts,Large,9999.99,3,0.0,Pistachio,59001,12.0,Male,Silver,Wallet,ElMenus,47,14.0,139,33.5,66.5,1.0,0,Traditional,Greater Cairo,0,6,20.76,30020.73,2024,3,25,Morning,No Discount,Hot
108348,2024-03-27 22:45:00,Tanta-Saeed,Qishtouza Lotus,Large,166.74,8,0.0,Lotus,75982,57.0,Male,Bronze,Cash,Talabat,20,8.1,139,44.4,89.2,3.0,0,Modern,Delta,0,22,186.75,1520.67,2024,3,27,Late Night,No Discount,Hot
107463,2024-03-18 17:30:00,Tanta-Saeed,Ice Cream Mango,Medium,82.38,3,0.0,Nutella,72031,32.0,Female,Unknown,Credit Card,Talabat,22,9.1,148,32.4,68.4,3.0,1,Ice Cream,Delta,0,17,34.6,281.74,2024,3,18,Evening,No Discount,Hot
106887,2024-03-12 17:30:00,Alex-Stanly,Qishtouza Lotus,Large,73.48,5,0.0,Nutella,80796,43.5,Female,Silver,Instapay,Talabat,68,13.0,112,35.2,25.3,4.0,0,Modern,Alexandria,0,17,51.44,418.84000000000003,2024,3,12,Evening,No Discount,Hot
104734,2024-02-19 07:15:00,Tanta-Saeed,Qishtouza Lotus,Medium,57.56,3,0.1,Lotus,78786,59.0,Female,Silver,Wallet,Mobile App,12,9.0,120,39.4,34.6,2.0,0,Modern,Delta,0,7,24.18,196.86,2024,2,19,Morning,Medium Discount,Hot
103332,2024-02-04 16:45:00,Giza-Zayed,Om Ali Cream,Medium,136.64,2,0.0,none,67725,17.0,Female,Unknown,Instapay,Talabat,104,4.8,104,27.7,65.0,4.0,0,Traditional,Greater Cairo,1,16,38.26,311.53999999999996,2024,2,4,Afternoon,No Discount,Hot
109007,2024-04-03 19:30:00,Cairo-Zamalek,Om Ali Cream,Large,108.73,6,0.0,none,78284,13.0,Male,Unknown,Credit Card,In-store,90,12.8,105,31.3,70.3,4.0,0,Traditional,Greater Cairo,0,19,91.33,743.71,2024,4,3,Evening,No Discount,Hot
108636,2024-03-30 22:45:00,Riyadh-Olaya,Ice Cream Mango,Medium,157.18,2,0.1,Pistachio,86483,49.0,Female,Unknown,Instapay,ElMenus,88,7.2,128,44.7,26.2,2.0,1,Ice Cream,KSA,1,22,44.01,358.37,2024,3,30,Late Night,Medium Discount,Hot
106405,2024-03-07 17:00:00,Tanta-Saeed,Qishtouza Nutella,Large,115.79,3,0.0,Lotus,82904,43.5,Male,Unknown,Wallet,In-store,48,5.6,116,40.3,62.1,3.0,0,Modern,Delta,0,17,48.63,396.0,2024,3,7,Evening,No Discount,Hot
108347,2024-03-27 22:30:00,Mansoura-Mashaya,Rice Pudding Nuts,Large,76.9,6,0.0,Nuts,50807,17.0,Male,Bronze,Wallet,Mobile App,52,11.7,118,17.6,55.0,2.0,1,Traditional,Delta,0,22,64.6,526.0,2024,3,27,Late Night,No Discount,Cold
109465,2024-04-08 14:00:00,Cairo-Zamalek,Om Ali Cream,Large,45.8,2,0.0,Nutella,62219,24.0,Male,Unknown,Instapay,ElMenus,38,4.8,126,28.0,88.7,3.0,0,Traditional,Greater Cairo,0,14,12.82,104.41999999999999,2024,4,8,Afternoon,No Discount,Hot
107061,2024-03-14 13:00:00,Riyadh-Olaya,Rice Pudding Oven,Medium,104.88,8,0.0,Pistachio,60988,29.0,Female,Silver,Wallet,Talabat,96,11.9,118,42.9,70.1,5.0,0,Traditional,KSA,0,13,117.47,956.51,2024,3,14,Afternoon,No Discount,Hot
102097,2024-01-22 20:00:00,Cairo-Zamalek,Qishtouza Lotus,Small,122.81,4,0.0,Nuts,55584,43.5,Female,Unknown,Credit Card,ElMenus,99,12.3,143,29.6,48.8,4.0,0,Modern,Greater Cairo,0,20,68.77,560.01,2024,1,22,Evening,No Discount,Hot
102004,2024-01-21 20:45:00,Riyadh-Olaya,Sweet Koshary Mix,Large,151.15,11,0.0,none,55372,14.0,Female,Silver,Wallet,ElMenus,19,12.7,116,30.5,25.4,4.0,0,Signature,KSA,1,20,232.77,1895.42,2024,1,21,Evening,No Discount,Hot
108805,2024-04-01 17:00:00,Cairo-Nasr City,Om Ali Cream,Medium,166.73,11,0.1,none,52017,65.0,Female,Unknown,Cash,ElMenus,23,13.4,128,26.7,24.1,5.0,0,Traditional,Greater Cairo,0,17,256.76,2090.79,2024,4,1,Evening,Medium Discount,Hot
109733,2024-04-11 09:00:00,Dubai-Marina,Super B.Laban,Medium,88.21,8,0.0,Nutella,61972,43.5,Male,Silver,Credit Card,Talabat,64,10.7,130,27.5,29.2,4.0,0,Signature,UAE,0,9,98.8,804.4799999999999,2024,4,11,Morning,No Discount,Hot
104677,2024-02-18 17:00:00,Alex-Stanly,Rice Pudding Oven,Small,107.84,10,0.0,Lotus,82453,29.0,Female,Silver,Credit Card,Mobile App,13,9.8,146,19.1,72.7,5.0,0,Traditional,Alexandria,1,17,150.98,1229.38,2024,2,18,Evening,No Discount,Cold
105018,2024-02-22 06:15:00,Cairo-Nasr City,Qishtouza Lotus,Large,113.99,8,0.0,none,73975,72.0,Male,Gold,Instapay,ElMenus,116,14.3,122,21.0,69.2,3.0,0,Modern,Greater Cairo,0,6,127.67,1039.59,2024,2,22,Morning,No Discount,Moderate
107470,2024-03-18 19:15:00,Riyadh-Olaya,Qishtouza Lotus,Medium,91.26,2,0.0,Nutella,52944,40.0,Female,Gold,Wallet,ElMenus,23,11.9,145,20.6,80.3,4.0,0,Modern,KSA,0,19,25.55,208.07000000000002,2024,3,18,Evening,No Discount,Moderate
100547,2024-01-06 16:30:00,Mansoura-Mashaya,Om Ali Cream,Large,150.31,4,0.0,Lotus,56156,25.0,Female,Bronze,Credit Card,Talabat,111,8.3,108,42.9,88.9,4.0,0,Traditional,Delta,1,16,84.17,685.41,2024,1,6,Afternoon,No Discount,Hot
101450,2024-01-16 02:15:00,Giza-Zayed,Ice Cream Mango,Large,92.74,5,0.0,none,73839,55.0,Male,Silver,Instapay,In-store,29,3.2,143,30.4,22.9,4.0,0,Ice Cream,Greater Cairo,0,2,64.92,528.62,2024,1,16,Late Night,No Discount,Hot
103987,2024-02-11 12:30:00,Giza-Zayed,Super B.Laban,Small,76.88,4,0.05,Nuts,81448,53.0,Male,Unknown,Instapay,Talabat,114,14.0,113,22.8,85.5,4.0,0,Signature,Greater Cairo,1,12,43.05,350.57,2024,2,11,Afternoon,Low Discount,Moderate
106901,2024-03-12 21:00:00,Alex-Stanly,Rice Pudding Oven,Medium,144.63,10,0.0,none,65433,31.0,Male,Unknown,Credit Card,Talabat,30,6.7,124,43.7,70.8,1.0,0,Traditional,Alexandria,0,21,202.48,1648.78,2024,3,12,Evening,No Discount,Hot
102611,2024-01-28 04:30:00,Riyadh-Olaya,Super B.Laban,Medium,110.52,9,0.0,Lotus,60487,43.5,Male,Bronze,Wallet,In-store,116,13.4,126,40.0,22.6,5.0,0,Signature,KSA,1,4,139.26,1133.94,2024,1,28,Late Night,No Discount,Hot
101901,2024-01-20 19:00:00,Giza-Zayed,Qishtouza Nutella,Small,116.63,6,0.0,none,84534,50.0,Female,Gold,Cash,Mobile App,62,11.2,101,23.9,39.1,1.0,0,Modern,Greater Cairo,1,19,97.97,797.75,2024,1,20,Evening,No Discount,Moderate
103921,2024-02-10 20:00:00,Alex-Stanly,Rice Pudding Nuts,Small,142.61,10,0.0,Nuts,74711,38.0,Female,Silver,Credit Card,ElMenus,106,7.4,101,38.6,69.7,3.0,0,Traditional,Alexandria,1,20,199.65,1625.7500000000002,2024,2,10,Evening,No Discount,Hot
102758,2024-01-29 17:15:00,Giza-Zayed,Qishtouza Nutella,Large,177.59,10,0.0,none,55461,43.5,Male,Unknown,Instapay,Talabat,68,10.4,123,34.0,82.8,3.0,0,Modern,Greater Cairo,0,17,248.63,2024.5300000000002,2024,1,29,Evening,No Discount,Hot
106125,2024-03-04 19:00:00,Giza-Zayed,Super B.Laban,Medium,63.66,6,0.0,Lotus,82332,25.0,Male,Gold,Cash,In-store,14,1.4,112,24.6,32.3,1.0,0,Signature,Greater Cairo,0,19,53.47,435.42999999999995,2024,3,4,Evening,No Discount,Moderate
106398,2024-03-07 15:15:00,Mansoura-Mashaya,Ice Cream Mango,Large,111.84,10,0.1,Lotus,58135,48.0,Female,Bronze,Wallet,In-store,114,0.7,108,32.1,70.7,1.0,0,Ice Cream,Delta,0,15,156.58,1274.98,2024,3,7,Afternoon,Medium Discount,Hot
101886,2024-01-20 15:15:00,Tanta-Saeed,Ice Cream Mango,Small,101.09,7,0.0,Pistachio,85041,49.0,Female,Silver,Cash,In-store,82,5.2,107,22.3,20.0,5.0,0,Ice Cream,Delta,1,15,99.07,806.7,2024,1,20,Afternoon,No Discount,Moderate
109824,2024-04-12 07:45:00,Cairo-Zamalek,Ice Cream Mango,Medium,73.9,6,0.0,none,68214,67.0,Female,Bronze,Cash,In-store,51,10.9,103,17.2,35.5,1.0,0,Ice Cream,Greater Cairo,1,7,62.08,505.48,2024,4,12,Morning,No Discount,Cold
105739,2024-02-29 18:30:00,Giza-Zayed,Rice Pudding Oven,Medium,126.41,10,0.0,none,81891,51.0,Female,Bronze,Credit Card,ElMenus,47,14.9,129,36.2,72.4,3.0,0,Traditional,Greater Cairo,0,18,176.97,1441.07,2024,2,29,Evening,No Discount,Hot
108668,2024-03-31 06:45:00,Dubai-Marina,Ice Cream Mango,Large,175.61,9,0.0,Pistachio,81695,49.0,Male,Bronze,Cash,Mobile App,30,2.5,107,20.0,65.3,5.0,0,Ice Cream,UAE,1,6,221.27,1801.7600000000002,2024,3,31,Morning,No Discount,Moderate
105891,2024-03-02 08:30:00,Tanta-Saeed,Om Ali Cream,Small,178.16,11,0.0,none,82054,50.0,Female,Gold,Credit Card,ElMenus,35,0.6,130,25.0,67.6,5.0,0,Traditional,Delta,1,8,274.37,2234.13,2024,3,2,Morning,No Discount,Hot
102098,2024-01-22 20:15:00,Cairo-Zamalek,Sweet Koshary Mix,Large,125.52,6,0.0,Nuts,67885,29.0,Female,Unknown,Cash,Talabat,79,0.9,114,16.5,43.2,3.0,0,Signature,Greater Cairo,0,20,105.44,858.56,2024,1,22,Evening,No Discount,Cold
109290,2024-04-06 18:15:00,Mansoura-Mashaya,Qishtouza Nutella,Large,118.0,11,0.05,Nutella,86439,12.0,Male,Unknown,Cash,ElMenus,37,10.8,119,41.6,44.3,3.0,0,Modern,Delta,1,18,181.72,1479.72,2024,4,6,Evening,Low Discount,Hot
105693,2024-02-29 07:00:00,Cairo-Zamalek,Rice Pudding Nuts,Medium,175.07,1,0.0,Nutella,76849,36.0,Female,Unknown,Instapay,Mobile App,110,6.1,121,42.1,80.4,5.0,0,Traditional,Greater Cairo,0,7,24.51,199.57999999999998,2024,2,29,Morning,No Discount,Hot
100500,2024-01-06 04:45:00,Giza-Zayed,Super B.Laban,Small,80.56,6,0.05,none,67050,43.5,Female,Unknown,Cash,Mobile App,106,1.6,132,16.8,38.3,3.0,0,Signature,Greater Cairo,1,4,67.67,551.03,2024,1,6,Late Night,Low Discount,Cold
105625,2024-02-28 14:00:00,Dubai-Marina,Om Ali Cream,Medium,67.01,2,0.0,Pistachio,75290,42.0,Male,Unknown,Credit Card,ElMenus,25,5.9,113,28.3,31.0,3.0,0,Traditional,UAE,0,14,18.76,152.78,2024,2,28,Afternoon,No Discount,Hot
100837,2024-01-09 17:00:00,Alex-Stanly,Om Ali Cream,Medium,86.83,5,0.1,Pistachio,79350,54.0,Female,Unknown,Cash,Talabat,14,4.0,130,32.2,48.8,3.0,0,Traditional,Alexandria,0,17,60.78,494.92999999999995,2024,1,9,Evening,Medium Discount,Hot
103472,2024-02-06 03:45:00,Dubai-Marina,Sweet Koshary Mix,Medium,129.46,8,0.0,none,89476,23.0,Male,Gold,Wallet,Talabat,114,5.0,101,26.6,50.9,1.0,0,Signature,UAE,0,3,145.0,1180.68,2024,2,6,Late Night,No Discount,Hot
104698,2024-02-18 22:15:00,Mansoura-Mashaya,Ice Cream Mango,Medium,130.72,5,0.1,Lotus,75850,43.5,Female,Unknown,Instapay,ElMenus,59,11.5,102,37.6,34.7,2.0,0,Ice Cream,Delta,1,22,91.5,745.1,2024,2,18,Late Night,Medium Discount,Hot
106281,2024-03-06 10:00:00,Cairo-Zamalek,Qishtouza Nutella,Medium,170.97,9,0.0,Nutella,69892,43.5,Male,Unknown,Credit Card,Mobile App,37,11.5,134,42.0,27.4,5.0,0,Modern,Greater Cairo,0,10,215.42,1754.15,2024,3,6,Morning,No Discount,Hot
108884,2024-04-02 12:45:00,Mansoura-Mashaya,Rice Pudding Oven,Medium,157.72,1,0.0,Nuts,74776,43.5,Female,Unknown,Wallet,In-store,88,1.8,124,23.8,90.0,3.0,0,Traditional,Delta,0,12,22.08,179.8,2024,4,2,Afternoon,No Discount,Moderate
102172,2024-01-23 14:45:00,Tanta-Saeed,Rice Pudding Nuts,Large,108.5,5,0.0,none,78131,20.0,Female,Unknown,Instapay,ElMenus,49,4.4,115,26.5,71.0,4.0,0,Traditional,Delta,0,14,75.95,618.45,2024,1,23,Afternoon,No Discount,Hot
109232,2024-04-06 03:45:00,Riyadh-Olaya,Sweet Koshary Mix,Small,102.03,6,0.15,none,71226,30.0,Female,Gold,Instapay,Talabat,70,14.4,113,26.8,78.0,3.0,0,Signature,KSA,1,3,85.71,697.8900000000001,2024,4,6,Late Night,Medium Discount,Hot
105679,2024-02-29 03:30:00,Cairo-Nasr City,Super B.Laban,Large,138.45,4,0.0,Nutella,64204,41.0,Female,Bronze,Credit Card,ElMenus,91,8.4,107,36.0,75.5,4.0,0,Signature,Greater Cairo,0,3,77.53,631.3299999999999,2024,2,29,Late Night,No Discount,Hot
109185,2024-04-05 16:00:00,Tanta-Saeed,Ice Cream Mango,Large,47.48,11,0.0,Nuts,51998,27.0,Female,Silver,Instapay,ElMenus,32,4.7,101,20.2,80.3,4.0,0,Ice Cream,Delta,1,16,73.12,595.4,2024,4,5,Afternoon,No Discount,Moderate
100399,2024-01-05 03:30:00,Riyadh-Olaya,Rice Pudding Nuts,Medium,157.44,3,0.1,Pistachio,84964,43.5,Male,Bronze,Instapay,Mobile App,35,10.6,142,15.4,60.2,3.0,0,Traditional,KSA,1,3,66.12,538.44,2024,1,5,Late Night,Medium Discount,Cold
102011,2024-01-21 22:30:00,Dubai-Marina,Rice Pudding Nuts,Large,177.3,7,0.0,Pistachio,62582,65.0,Male,Unknown,Cash,Mobile App,60,4.4,137,17.8,65.2,3.0,0,Traditional,UAE,1,22,173.75,1414.8500000000001,2024,1,21,Late Night,No Discount,Cold
105167,2024-02-23 19:30:00,Tanta-Saeed,Qishtouza Lotus,Small,142.03,2,0.0,Lotus,72085,66.0,Female,Unknown,Instapay,In-store,100,5.2,103,26.3,60.1,2.0,1,Modern,Delta,1,19,39.77,323.83,2024,2,23,Evening,No Discount,Hot
105872,2024-03-02 03:45:00,Cairo-Zamalek,Rice Pudding Nuts,Small,107.99,5,0.0,Pistachio,58155,12.0,Female,Unknown,Wallet,ElMenus,13,6.9,106,33.4,70.6,1.0,0,Traditional,Greater Cairo,1,3,75.59,615.54,2024,3,2,Late Night,No Discount,Hot
109793,2024-04-12 00:00:00,Riyadh-Olaya,Qishtouza Nutella,Medium,145.56,8,0.1,Nuts,55565,33.0,Female,Bronze,Wallet,Mobile App,100,12.5,127,18.3,33.6,3.0,0,Modern,KSA,1,0,163.03,1327.51,2024,4,12,Late Night,Medium Discount,Cold
101284,2024-01-14 08:45:00,Cairo-Nasr City,Sweet Koshary Mix,Small,158.41,2,0.0,none,87965,15.0,Female,Unknown,Wallet,Talabat,117,3.1,116,22.2,25.8,2.0,0,Signature,Greater Cairo,1,8,44.35,361.17,2024,1,14,Morning,No Discount,Moderate
108391,2024-03-28 09:30:00,Mansoura-Mashaya,Rice Pudding Nuts,Small,74.3,7,0.0,none,84550,61.0,Male,Gold,Cash,Talabat,69,14.0,120,40.2,69.1,1.0,0,Traditional,Delta,0,9,72.81,592.9100000000001,2024,3,28,Morning,No Discount,Hot
102449,2024-01-26 12:00:00,Riyadh-Olaya,Om Ali Cream,Medium,176.78,3,0.15,Nutella,76585,37.0,Male,Gold,Wallet,Mobile App,28,9.4,143,17.6,45.4,3.0,0,Traditional,KSA,1,12,74.25,604.59,2024,1,26,Afternoon,Medium Discount,Cold
104257,2024-02-14 08:00:00,Tanta-Saeed,Super B.Laban,Medium,131.63,7,0.05,none,53369,35.0,Male,Silver,Instapay,Talabat,109,10.3,122,39.4,45.5,1.0,0,Signature,Delta,0,8,129.0,1050.4099999999999,2024,2,14,Morning,Low Discount,Hot
101837,2024-01-20 03:00:00,Tanta-Saeed,Ice Cream Mango,Medium,137.04,3,0.05,none,68256,19.0,Female,Gold,Wallet,Mobile App,71,2.7,144,38.6,43.2,2.0,0,Ice Cream,Delta,1,3,57.56,468.68,2024,1,20,Late Night,Low Discount,Hot
109597,2024-04-09 23:00:00,Tanta-Saeed,Rice Pudding Oven,Large,58.11,5,0.05,Lotus,70516,43.5,Female,Bronze,Instapay,Talabat,27,14.1,124,22.3,75.6,1.0,0,Traditional,Delta,0,23,40.68,331.23,2024,4,9,Late Night,Low Discount,Moderate
101020,2024-01-11 14:45:00,Mansoura-Mashaya,Om Ali Cream,Large,172.13,1,0.0,none,82276,58.0,Male,Unknown,Cash,In-store,28,10.0,125,19.7,75.3,2.0,0,Traditional,Delta,0,14,24.1,196.23,2024,1,11,Afternoon,No Discount,Cold
105067,2024-02-22 18:30:00,Dubai-Marina,Rice Pudding Nuts,Small,94.41,7,0.0,Nutella,64838,62.0,Female,Gold,Cash,ElMenus,59,6.2,119,27.5,31.0,3.0,0,Traditional,UAE,0,18,92.52,753.39,2024,2,22,Evening,No Discount,Hot
101327,2024-01-14 19:30:00,Cairo-Nasr City,Sweet Koshary Mix,Medium,175.64,11,0.0,none,65732,12.0,Female,Bronze,Instapay,Talabat,65,0.8,147,35.8,27.3,2.0,0,Signature,Greater Cairo,1,19,270.49,2202.5299999999997,2024,1,14,Evening,No Discount,Hot
108753,2024-04-01 04:00:00,Riyadh-Olaya,Rice Pudding Nuts,Medium,179.64,9,0.0,Pistachio,85838,13.0,Female,Unknown,Instapay,Mobile App,87,1.8,111,31.4,43.8,1.0,0,Traditional,KSA,0,4,226.35,1843.1099999999997,2024,4,1,Late Night,No Discount,Hot
100476,2024-01-05 22:45:00,Riyadh-Olaya,Super B.Laban,Medium,152.93,2,0.0,Nuts,78631,59.0,Female,Unknown,Instapay,Mobile App,12,10.4,107,28.9,61.2,5.0,0,Signature,KSA,1,22,42.82,348.68,2024,1,5,Late Night,No Discount,Hot
102811,2024-01-30 06:30:00,Mansoura-Mashaya,Rice Pudding Nuts,Medium,102.86,11,0.15,Nuts,50522,43.5,Female,Bronze,Wallet,Talabat,48,1.3,127,44.3,85.1,4.0,0,Traditional,Delta,0,6,158.4,1289.8600000000001,2024,1,30,Morning,Medium Discount,Hot
108633,2024-03-30 22:00:00,Tanta-Saeed,Ice Cream Mango,Large,93.59,8,0.0,none,67973,47.0,Female,Unknown,Credit Card,Talabat,30,11.9,114,42.5,73.4,4.0,0,Ice Cream,Delta,1,22,104.82,853.54,2024,3,30,Late Night,No Discount,Hot
101652,2024-01-18 04:45:00,Tanta-Saeed,Qishtouza Nutella,Medium,133.89,2,0.0,Lotus,84584,43.5,Female,Silver,Cash,In-store,18,2.0,104,19.6,83.6,4.0,1,Modern,Delta,0,4,37.49,305.27,2024,1,18,Late Night,No Discount,Cold
109612,2024-04-10 02:45:00,Tanta-Saeed,Rice Pudding Nuts,Small,111.45,11,0.0,Pistachio,60656,14.0,Male,Unknown,Credit Card,Mobile App,68,3.6,105,23.4,28.4,4.0,0,Traditional,Delta,0,2,171.63,1397.58,2024,4,10,Late Night,No Discount,Moderate
101170,2024-01-13 04:15:00,Alex-Stanly,Qishtouza Nutella,Small,122.06,7,0.0,Pistachio,81518,21.0,Female,Unknown,Instapay,Mobile App,60,2.2,135,34.0,42.3,3.0,0,Modern,Alexandria,1,4,119.62,974.0400000000001,2024,1,13,Late Night,No Discount,Hot
102529,2024-01-27 08:00:00,Riyadh-Olaya,Rice Pudding Nuts,Medium,131.55,7,0.1,Nutella,80311,30.0,Female,Unknown,Wallet,ElMenus,80,7.4,142,22.2,79.9,3.0,0,Traditional,KSA,1,8,128.92,1049.7700000000002,2024,1,27,Morning,Medium Discount,Moderate
101207,2024-01-13 13:30:00,Mansoura-Mashaya,Rice Pudding Nuts,Large,137.94,7,0.0,none,58012,21.0,Male,Bronze,Credit Card,Talabat,101,13.0,141,35.6,21.0,1.0,0,Traditional,Delta,1,13,135.18,1100.76,2024,1,13,Afternoon,No Discount,Hot
106257,2024-03-06 04:00:00,Riyadh-Olaya,Sweet Koshary Mix,Large,176.73,9,0.0,Nuts,51294,16.0,Female,Bronze,Wallet,Talabat,25,8.2,110,39.4,34.4,3.0,0,Signature,KSA,0,4,222.68,1813.25,2024,3,6,Late Night,No Discount,Hot
107927,2024-03-23 13:30:00,Cairo-Zamalek,Qishtouza Nutella,Small,98.34,3,0.0,Nutella,64002,47.0,Female,Silver,Cash,Talabat,69,1.5,120,15.4,61.0,3.0,0,Modern,Greater Cairo,1,13,41.3,336.32,2024,3,23,Afternoon,No Discount,Cold
105470,2024-02-26 23:15:00,Dubai-Marina,Rice Pudding Oven,Large,150.07,4,0.0,Nutella,84380,46.0,Male,Silver,Cash,Talabat,80,10.3,124,18.6,47.2,2.0,0,Traditional,UAE,0,23,84.04,684.3199999999999,2024,2,26,Late Night,No Discount,Cold
109384,2024-04-07 17:45:00,Tanta-Saeed,Rice Pudding Nuts,Medium,171.93,2,0.15,Nutella,89344,43.5,Female,Gold,Cash,Mobile App,22,3.1,106,24.7,74.9,2.0,0,Traditional,Delta,1,17,48.14,392.0,2024,4,7,Evening,Medium Discount,Moderate
100432,2024-01-05 11:45:00,Tanta-Saeed,Rice Pudding Oven,Small,97.17,11,0.0,Lotus,67323,42.0,Male,Silver,Credit Card,Talabat,62,3.1,109,39.5,69.9,3.0,0,Traditional,Delta,1,11,149.64,1218.5100000000002,2024,1,5,Morning,No Discount,Hot
107701,2024-03-21 05:00:00,Riyadh-Olaya,Sweet Koshary Mix,Large,102.6,6,0.0,Pistachio,85121,46.0,Female,Bronze,Credit Card,Talabat,38,3.3,113,18.9,48.7,2.0,0,Signature,KSA,0,5,86.18,701.78,2024,3,21,Morning,No Discount,Cold
100868,2024-01-10 00:45:00,Tanta-Saeed,Qishtouza Nutella,Large,165.54,7,0.0,Nuts,64139,48.0,Female,Bronze,Instapay,ElMenus,110,12.4,123,29.8,27.1,1.0,0,Modern,Delta,0,0,162.23,1321.01,2024,1,10,Late Night,No Discount,Hot
102975,2024-01-31 23:30:00,Mansoura-Mashaya,Ice Cream Mango,Large,140.39,2,0.0,Nuts,73204,22.0,Female,Gold,Wallet,Talabat,70,7.9,141,36.5,78.7,1.0,0,Ice Cream,Delta,0,23,39.31,320.09,2024,1,31,Late Night,No Discount,Hot
105237,2024-02-24 13:00:00,Alex-Stanly,Ice Cream Mango,Medium,128.94,1,0.0,none,62835,61.0,Female,Unknown,Credit Card,In-store,116,11.5,149,31.3,56.3,2.0,0,Ice Cream,Alexandria,1,13,18.05,146.99,2024,2,24,Afternoon,No Discount,Hot
105094,2024-02-23 01:15:00,Tanta-Saeed,Qishtouza Lotus,Medium,69.15,5,0.0,none,60471,43.5,Male,Bronze,Wallet,In-store,72,14.3,147,37.2,22.2,5.0,0,Modern,Delta,1,1,48.4,394.15,2024,2,23,Late Night,No Discount,Hot
105434,2024-02-26 14:15:00,Mansoura-Mashaya,Super B.Laban,Large,101.9,1,0.0,Nuts,72963,65.0,Female,Unknown,Credit Card,Talabat,89,5.9,134,16.2,24.8,1.0,0,Signature,Delta,0,14,14.27,116.17,2024,2,26,Afternoon,No Discount,Cold
100542,2024-01-06 15:15:00,Cairo-Zamalek,Super B.Laban,Medium,48.77,1,0.0,Pistachio,59828,43.5,Female,Bronze,Credit Card,In-store,43,8.5,127,42.7,66.9,1.0,0,Signature,Greater Cairo,1,15,6.83,55.6,2024,1,6,Afternoon,No Discount,Hot
105196,2024-02-24 02:45:00,Dubai-Marina,Qishtouza Nutella,Medium,98.06,5,0.0,Lotus,68792,57.0,Female,Unknown,Wallet,In-store,59,4.3,142,17.7,33.9,3.0,0,Modern,UAE,1,2,68.64,558.94,2024,2,24,Late Night,No Discount,Cold
101133,2024-01-12 19:00:00,Tanta-Saeed,Qishtouza Nutella,Medium,101.65,6,0.0,none,87516,29.0,Female,Gold,Cash,ElMenus,20,9.4,135,18.6,74.0,4.0,0,Modern,Delta,1,19,85.39,695.2900000000001,2024,1,12,Evening,No Discount,Cold
109838,2024-04-12 11:15:00,Mansoura-Mashaya,Rice Pudding Oven,Medium,82.33,7,0.0,Lotus,70213,69.0,Male,Gold,Cash,Talabat,54,2.5,145,44.4,76.7,3.0,0,Traditional,Delta,1,11,80.68,656.99,2024,4,12,Morning,No Discount,Hot
104502,2024-02-16 21:15:00,Cairo-Nasr City,Qishtouza Lotus,Large,164.98,1,0.0,none,88591,45.0,Female,Gold,Wallet,Mobile App,73,1.8,120,40.0,60.5,5.0,0,Modern,Greater Cairo,1,21,23.1,188.07999999999998,2024,2,16,Evening,No Discount,Hot
106355,2024-03-07 04:30:00,Dubai-Marina,Rice Pudding Nuts,Medium,172.63,1,0.0,Nuts,76179,53.0,Male,Unknown,Credit Card,In-store,116,11.9,144,19.0,66.1,4.0,0,Traditional,UAE,0,4,24.17,196.8,2024,3,7,Late Night,No Discount,Cold
109334,2024-04-07 05:15:00,Alex-Stanly,Om Ali Cream,Large,80.06,10,0.1,Pistachio,64931,37.0,Female,Unknown,Cash,In-store,112,3.7,147,38.0,86.6,5.0,0,Traditional,Alexandria,1,5,112.08,912.6800000000001,2024,4,7,Morning,Medium Discount,Hot
103391,2024-02-05 07:30:00,Riyadh-Olaya,Ice Cream Mango,Small,147.75,5,0.0,Nuts,62957,19.0,Male,Unknown,Instapay,Talabat,67,14.9,111,24.1,32.5,4.0,1,Ice Cream,KSA,0,7,103.43,842.1800000000001,2024,2,5,Morning,No Discount,Moderate
103889,2024-02-10 12:00:00,Dubai-Marina,Ice Cream Mango,Medium,124.0,6,0.05,none,60688,43.0,Male,Bronze,Instapay,Talabat,10,10.0,126,26.3,41.6,1.0,0,Ice Cream,UAE,1,12,104.16,848.16,2024,2,10,Afternoon,Low Discount,Hot
102963,2024-01-31 20:30:00,Riyadh-Olaya,Qishtouza Nutella,Large,122.56,4,0.15,none,69969,23.0,Female,Gold,Credit Card,ElMenus,71,3.6,101,31.7,63.7,2.0,0,Modern,KSA,0,20,68.63,558.87,2024,1,31,Evening,Medium Discount,Hot
104156,2024-02-13 06:45:00,Riyadh-Olaya,Qishtouza Lotus,Large,86.5,4,0.0,Lotus,89913,71.0,Female,Silver,Instapay,Talabat,26,13.6,137,39.5,39.9,4.0,0,Modern,KSA,0,6,48.44,394.44,2024,2,13,Morning,No Discount,Hot
103260,2024-02-03 22:45:00,Dubai-Marina,Rice Pudding Oven,Small,132.28,1,0.0,none,79468,18.0,Male,Unknown,Instapay,Mobile App,61,3.9,103,29.7,25.9,2.0,0,Traditional,UAE,1,22,18.52,150.8,2024,2,3,Late Night,No Discount,Hot
106303,2024-03-06 15:30:00,Alex-Stanly,Sweet Koshary Mix,Medium,43.25,9,0.1,Nuts,84309,41.0,Female,Bronze,Cash,In-store,13,5.6,135,39.4,69.4,3.0,0,Signature,Alexandria,0,15,54.5,443.75,2024,3,6,Afternoon,Medium Discount,Hot
106035,2024-03-03 20:30:00,Tanta-Saeed,Rice Pudding Oven,Large,104.86,9,0.1,none,87391,28.0,Female,Gold,Instapay,In-store,108,11.9,127,39.0,32.1,3.0,0,Traditional,Delta,1,20,132.12,1075.8600000000001,2024,3,3,Evening,Medium Discount,Hot
107919,2024-03-23 11:30:00,Alex-Stanly,Rice Pudding Oven,Medium,144.43,11,0.0,none,75517,14.0,Female,Silver,Cash,In-store,114,2.3,149,31.8,41.7,1.0,0,Traditional,Alexandria,1,11,222.42,1811.15,2024,3,23,Morning,No Discount,Hot
109937,2024-04-13 12:00:00,Alex-Stanly,Sweet Koshary Mix,Large,167.57,2,0.0,Nutella,89447,43.5,Male,Gold,Wallet,ElMenus,97,5.5,107,24.2,54.2,1.0,0,Signature,Alexandria,1,12,46.92,382.06,2024,4,13,Afternoon,No Discount,Moderate
102584,2024-01-27 21:45:00,Tanta-Saeed,Qishtouza Nutella,Large,148.76,2,0.05,Nutella,61729,43.5,Female,Silver,Credit Card,Talabat,50,13.6,132,19.3,24.2,2.0,0,Modern,Delta,1,21,41.65,339.16999999999996,2024,1,27,Evening,Low Discount,Cold
102814,2024-01-30 07:15:00,Riyadh-Olaya,Ice Cream Mango,Small,106.21,8,0.0,none,64757,21.0,Female,Gold,Credit Card,Talabat,39,14.2,138,19.0,28.8,4.0,0,Ice Cream,KSA,0,7,118.96,968.64,2024,1,30,Morning,No Discount,Cold
103960,2024-02-11 05:45:00,Riyadh-Olaya,Rice Pudding Nuts,Medium,103.92,10,0.0,Pistachio,74002,28.0,Male,Unknown,Wallet,In-store,27,4.3,129,39.1,63.3,3.0,0,Traditional,KSA,1,5,145.49,1184.69,2024,2,11,Morning,No Discount,Hot
102948,2024-01-31 16:45:00,Tanta-Saeed,Qishtouza Lotus,Medium,70.14,8,0.0,Lotus,57981,56.0,Female,Gold,Wallet,Talabat,46,10.6,103,17.6,66.5,3.0,0,Modern,Delta,0,16,78.56,639.6800000000001,2024,1,31,Afternoon,No Discount,Cold
106644,2024-03-10 04:45:00,Giza-Zayed,Ice Cream Mango,Medium,163.93,3,0.05,none,55801,54.0,Female,Unknown,Instapay,Talabat,115,10.5,149,37.1,70.4,4.0,0,Ice Cream,Greater Cairo,1,4,68.85,560.64,2024,3,10,Late Night,Low Discount,Hot
105175,2024-02-23 21:30:00,Riyadh-Olaya,Qishtouza Nutella,Large,127.24,9,0.0,Nutella,81117,43.5,Female,Silver,Credit Card,Mobile App,115,4.8,130,31.9,48.0,4.0,0,Modern,KSA,1,21,160.32,1305.4799999999998,2024,2,23,Evening,No Discount,Hot
106842,2024-03-12 06:15:00,Riyadh-Olaya,Om Ali Cream,Large,64.5,6,0.0,Nutella,71374,43.5,Female,Unknown,Cash,In-store,18,7.2,140,25.7,30.7,4.0,0,Traditional,KSA,0,6,54.18,441.18,2024,3,12,Morning,No Discount,Hot
108299,2024-03-27 10:30:00,Alex-Stanly,Qishtouza Nutella,Small,60.3,5,0.0,Lotus,80133,42.0,Female,Unknown,Wallet,In-store,82,11.0,135,17.7,89.6,2.0,0,Modern,Alexandria,0,10,42.21,343.71,2024,3,27,Morning,No Discount,Cold
103587,2024-02-07 08:30:00,Mansoura-Mashaya,Qishtouza Lotus,Large,109.34,8,0.0,Nutella,58305,60.0,Male,Bronze,Credit Card,Mobile App,109,10.8,135,21.5,68.2,5.0,0,Modern,Delta,0,8,122.46,997.1800000000001,2024,2,7,Morning,No Discount,Moderate
109229,2024-04-06 03:00:00,Riyadh-Olaya,Qishtouza Lotus,Small,55.76,1,0.0,Lotus,80883,36.0,Male,Silver,Cash,In-store,49,6.0,109,36.6,72.1,1.0,0,Modern,KSA,1,3,7.81,63.57,2024,4,6,Late Night,No Discount,Hot
107989,2024-03-24 05:00:00,Giza-Zayed,Ice Cream Mango,Large,103.98,6,0.0,Lotus,63608,27.0,Female,Unknown,Instapay,In-store,86,2.9,134,17.3,65.2,4.0,0,Ice Cream,Greater Cairo,1,5,87.34,711.22,2024,3,24,Morning,No Discount,Cold
102564,2024-01-27 16:45:00,Cairo-Nasr City,Ice Cream Mango,Large,139.79,1,0.1,none,78657,55.0,Female,Gold,Cash,In-store,63,7.6,143,33.5,62.7,5.0,0,Ice Cream,Greater Cairo,1,16,19.57,159.35999999999999,2024,1,27,Afternoon,Medium Discount,Hot
102631,2024-01-28 09:30:00,Alex-Stanly,Om Ali Cream,Medium,160.03,4,0.0,Pistachio,88717,43.5,Female,Unknown,Instapay,In-store,99,14.5,121,42.2,38.3,3.0,0,Traditional,Alexandria,1,9,89.62,729.74,2024,1,28,Morning,No Discount,Hot
103191,2024-02-03 05:30:00,Cairo-Zamalek,Ice Cream Mango,Large,143.28,7,0.05,Nutella,56845,12.0,Male,Bronze,Credit Card,Talabat,42,4.2,132,20.5,32.0,3.0,0,Ice Cream,Greater Cairo,1,5,140.41,1143.3700000000001,2024,2,3,Morning,Low Discount,Moderate
107779,2024-03-22 00:30:00,Alex-Stanly,Ice Cream Mango,Medium,120.67,11,0.0,none,66796,12.0,Female,Silver,Instapay,In-store,116,13.6,133,42.2,57.5,3.0,0,Ice Cream,Alexandria,1,0,185.83,1513.2,2024,3,22,Late Night,No Discount,Hot
107646,2024-03-20 15:15:00,Cairo-Nasr City,Ice Cream Mango,Large,76.05,9,0.1,none,50783,40.0,Male,Unknown,Credit Card,ElMenus,40,2.6,108,32.2,85.1,1.0,0,Ice Cream,Greater Cairo,0,15,95.82,780.27,2024,3,20,Afternoon,Medium Discount,Hot
105037,2024-02-22 11:00:00,Mansoura-Mashaya,Qishtouza Nutella,Medium,70.06,3,0.15,none,67340,74.0,Male,Silver,Credit Card,In-store,25,6.1,143,40.7,25.8,1.0,0,Modern,Delta,0,11,29.43,239.61,2024,2,22,Morning,Medium Discount,Hot
101081,2024-01-12 06:00:00,Alex-Stanly,Rice Pudding Nuts,Large,167.84,2,0.0,Pistachio,77739,19.0,Female,Silver,Wallet,Talabat,49,2.7,121,32.1,74.5,5.0,0,Traditional,Alexandria,1,6,47.0,382.68,2024,1,12,Morning,No Discount,Hot
104284,2024-02-14 14:45:00,Tanta-Saeed,Sweet Koshary Mix,Medium,48.7,11,0.0,Nuts,88287,40.0,Male,Gold,Instapay,In-store,74,5.8,120,35.0,73.7,3.0,0,Signature,Delta,0,14,75.0,610.7,2024,2,14,Afternoon,No Discount,Hot
109712,2024-04-11 03:45:00,Mansoura-Mashaya,Sweet Koshary Mix,Small,59.44,11,0.15,Nutella,72050,47.0,Female,Silver,Credit Card,Mobile App,66,8.8,142,43.4,76.9,3.0,0,Signature,Delta,0,3,91.54,745.3799999999999,2024,4,11,Late Night,Medium Discount,Hot
107086,2024-03-14 19:15:00,Cairo-Zamalek,Ice Cream Mango,Large,73.71,5,0.1,Nuts,78860,38.0,Male,Silver,Wallet,Talabat,109,5.7,123,21.5,34.9,5.0,0,Ice Cream,Greater Cairo,0,19,51.6,420.15,2024,3,14,Evening,Medium Discount,Moderate
102086,2024-01-22 17:15:00,Mansoura-Mashaya,Rice Pudding Nuts,Medium,127.37,9,0.15,Nutella,66912,30.0,Female,Silver,Instapay,ElMenus,104,11.2,110,24.7,80.7,5.0,0,Traditional,Delta,0,17,160.49,1306.82,2024,1,22,Evening,Medium Discount,Moderate
106346,2024-03-07 02:15:00,Mansoura-Mashaya,Rice Pudding Nuts,Medium,65.26,10,0.0,none,59938,22.0,Female,Unknown,Cash,Mobile App,21,13.3,137,16.2,40.2,1.0,0,Traditional,Delta,0,2,91.36,743.96,2024,3,7,Late Night,No Discount,Cold
102453,2024-01-26 13:00:00,Tanta-Saeed,Qishtouza Nutella,Small,93.8,10,0.0,Nuts,87934,72.0,Female,Unknown,Instapay,Talabat,49,1.2,115,44.8,44.8,1.0,0,Modern,Delta,1,13,131.32,1069.32,2024,1,26,Afternoon,No Discount,Hot
104967,2024-02-21 17:30:00,Cairo-Nasr City,Rice Pudding Oven,Medium,71.94,5,0.0,none,55269,26.0,Female,Silver,Cash,Mobile App,94,2.5,112,28.3,46.5,3.0,0,Traditional,Greater Cairo,0,17,50.36,410.06,2024,2,21,Evening,No Discount,Hot
102024,2024-01-22 01:45:00,Cairo-Nasr City,Om Ali Cream,Large,152.35,9,0.0,none,51597,34.0,Male,Unknown,Credit Card,ElMenus,26,5.7,136,24.7,40.6,5.0,0,Traditional,Greater Cairo,0,1,191.96,1563.11,2024,1,22,Late Night,No Discount,Moderate
108072,2024-03-25 01:45:00,Giza-Zayed,Qishtouza Nutella,Large,157.85,3,0.0,Nuts,55455,27.0,Female,Silver,Credit Card,In-store,86,1.1,138,18.9,33.7,3.0,0,Modern,Greater Cairo,0,1,66.3,539.8499999999999,2024,3,25,Late Night,No Discount,Cold
108988,2024-04-03 14:45:00,Mansoura-Mashaya,Om Ali Cream,Small,97.71,5,0.0,Nuts,62140,21.0,Male,Silver,Wallet,Talabat,13,13.2,112,24.2,70.9,3.0,0,Traditional,Delta,0,14,68.4,556.9499999999999,2024,4,3,Afternoon,No Discount,Moderate
108719,2024-03-31 19:30:00,Mansoura-Mashaya,Qishtouza Lotus,Medium,46.1,5,0.0,Lotus,75866,26.0,Female,Unknown,Credit Card,ElMenus,54,1.7,107,24.1,20.6,4.0,0,Modern,Delta,1,19,32.27,262.77,2024,3,31,Evening,No Discount,Moderate
107322,2024-03-17 06:15:00,Giza-Zayed,Rice Pudding Nuts,Small,59.9,10,0.0,none,55975,43.5,Male,Unknown,Instapay,ElMenus,27,13.0,125,19.4,21.5,4.0,0,Traditional,Greater Cairo,1,6,83.86,682.86,2024,3,17,Morning,No Discount,Cold
100227,2024-01-03 08:30:00,Mansoura-Mashaya,Ice Cream Mango,Large,71.93,2,0.0,none,82505,47.0,Male,Silver,Instapay,ElMenus,50,0.6,133,27.8,45.7,3.0,0,Ice Cream,Delta,0,8,20.14,164.0,2024,1,3,Morning,No Discount,Hot
101014,2024-01-11 13:15:00,Alex-Stanly,Om Ali Cream,Medium,50.07,4,0.1,none,73498,72.0,Female,Gold,Wallet,Mobile App,86,7.8,113,44.6,59.1,2.0,0,Traditional,Alexandria,0,13,28.04,228.32,2024,1,11,Afternoon,Medium Discount,Hot
106680,2024-03-10 13:45:00,Cairo-Zamalek,Qishtouza Nutella,Medium,93.33,4,0.0,Pistachio,76402,39.0,Male,Silver,Instapay,Mobile App,107,11.5,149,36.0,34.9,4.0,0,Modern,Greater Cairo,1,13,52.26,425.58,2024,3,10,Afternoon,No Discount,Hot
101930,2024-01-21 02:15:00,Alex-Stanly,Om Ali Cream,Medium,79.33,7,0.0,Pistachio,75863,59.0,Male,Unknown,Instapay,Mobile App,15,10.8,108,20.6,60.3,3.0,1,Traditional,Alexandria,1,2,77.74,633.05,2024,1,21,Late Night,No Discount,Moderate
101044,2024-01-11 20:45:00,Cairo-Nasr City,Qishtouza Lotus,Large,179.99,7,0.05,Pistachio,86569,66.0,Female,Gold,Cash,Mobile App,89,14.3,146,17.8,39.4,3.0,0,Modern,Greater Cairo,0,20,176.39,1436.3200000000002,2024,1,11,Evening,Low Discount,Cold
105252,2024-02-24 16:45:00,Alex-Stanly,Ice Cream Mango,Medium,174.77,2,0.0,Lotus,53648,71.0,Female,Unknown,Cash,In-store,24,1.8,133,36.1,86.0,3.0,0,Ice Cream,Alexandria,1,16,48.94,398.48,2024,2,24,Afternoon,No Discount,Hot
101405,2024-01-15 15:00:00,Cairo-Zamalek,Rice Pudding Oven,Large,80.78,2,0.0,Nutella,51745,58.0,Male,Gold,Instapay,In-store,71,10.9,110,20.1,42.2,5.0,0,Traditional,Greater Cairo,0,15,22.62,184.18,2024,1,15,Afternoon,No Discount,Moderate
102180,2024-01-23 16:45:00,Riyadh-Olaya,Super B.Laban,Small,63.77,2,0.0,none,54807,40.0,Male,Bronze,Credit Card,Mobile App,40,4.9,135,35.3,79.3,1.0,0,Signature,KSA,0,16,17.86,145.4,2024,1,23,Afternoon,No Discount,Hot
100698,2024-01-08 06:15:00,Cairo-Zamalek,Super B.Laban,Medium,132.86,8,0.15,Nutella,87069,69.0,Female,Unknown,Instapay,Talabat,50,0.7,142,24.6,43.6,5.0,0,Signature,Greater Cairo,0,6,148.8,1211.68,2024,1,8,Morning,Medium Discount,Moderate
101125,2024-01-12 17:00:00,Tanta-Saeed,Rice Pudding Nuts,Small,156.55,9,0.0,none,74049,52.0,Male,Unknown,Wallet,Mobile App,17,11.0,122,32.1,70.6,5.0,0,Traditional,Delta,1,17,197.25,1606.2,2024,1,12,Evening,No Discount,Hot
107379,2024-03-17 20:30:00,Mansoura-Mashaya,Qishtouza Nutella,Large,158.02,2,0.1,none,62569,65.0,Female,Bronze,Credit Card,Mobile App,112,1.1,149,32.3,56.0,5.0,0,Modern,Delta,1,20,44.25,360.29,2024,3,17,Evening,Medium Discount,Hot
103896,2024-02-10 13:45:00,Tanta-Saeed,Super B.Laban,Medium,94.33,5,0.0,none,56907,41.0,Female,Unknown,Cash,In-store,81,5.4,148,22.6,53.3,1.0,0,Signature,Delta,1,13,66.03,537.68,2024,2,10,Afternoon,No Discount,Moderate
108218,2024-03-26 14:15:00,Mansoura-Mashaya,Qishtouza Lotus,Small,112.7,9,0.0,none,77650,61.0,Male,Unknown,Instapay,Talabat,57,13.8,144,39.6,45.0,5.0,0,Modern,Delta,0,14,142.0,1156.3000000000002,2024,3,26,Afternoon,No Discount,Hot
105111,2024-02-23 05:30:00,Mansoura-Mashaya,Sweet Koshary Mix,Large,128.33,4,0.05,Nutella,75955,39.0,Female,Unknown,Cash,Mobile App,117,4.3,132,30.8,63.1,3.0,0,Signature,Delta,1,5,71.86,585.1800000000001,2024,2,23,Morning,Low Discount,Hot
101779,2024-01-19 12:30:00,Riyadh-Olaya,Super B.Laban,Large,65.54,6,0.1,none,50528,66.0,Female,Unknown,Instapay,Mobile App,101,7.2,113,41.3,55.2,4.0,0,Signature,KSA,1,12,55.05,448.29,2024,1,19,Afternoon,Medium Discount,Hot
107787,2024-03-22 02:30:00,Mansoura-Mashaya,Ice Cream Mango,Small,47.92,8,0.0,Pistachio,77305,27.0,Female,Unknown,Cash,ElMenus,48,9.8,105,17.6,23.0,1.0,0,Ice Cream,Delta,1,2,53.67,437.03000000000003,2024,3,22,Late Night,No Discount,Cold
102635,2024-01-28 10:30:00,Cairo-Zamalek,Sweet Koshary Mix,Large,89.87,8,0.0,Pistachio,86638,43.5,Female,Bronze,Cash,Talabat,92,8.8,120,16.8,40.7,4.0,0,Signature,Greater Cairo,1,10,100.65,819.61,2024,1,28,Morning,No Discount,Cold
107188,2024-03-15 20:45:00,Giza-Zayed,Sweet Koshary Mix,Large,168.1,9,0.0,none,50518,55.0,Male,Silver,Cash,ElMenus,18,2.0,133,33.5,43.6,5.0,0,Signature,Greater Cairo,1,20,211.81,1724.7099999999998,2024,3,15,Evening,No Discount,Hot
107545,2024-03-19 14:00:00,Riyadh-Olaya,Super B.Laban,Medium,44.2,6,0.0,none,77796,20.0,Male,Unknown,Instapay,ElMenus,102,1.3,125,43.4,54.5,3.0,1,Signature,KSA,0,14,37.13,302.33000000000004,2024,3,19,Afternoon,No Discount,Hot
107605,2024-03-20 05:00:00,Tanta-Saeed,Om Ali Cream,Small,167.62,7,0.0,Nuts,69567,27.0,Female,Unknown,Wallet,ElMenus,26,9.9,136,26.9,68.6,2.0,0,Traditional,Delta,0,5,164.27,1337.6100000000001,2024,3,20,Morning,No Discount,Hot
103490,2024-02-06 08:15:00,Tanta-Saeed,Qishtouza Nutella,Medium,129.85,1,0.0,Pistachio,80815,34.0,Female,Unknown,Cash,ElMenus,79,12.1,112,29.5,56.9,3.0,0,Modern,Delta,0,8,18.18,148.03,2024,2,6,Morning,No Discount,Hot
108260,2024-03-27 00:45:00,Mansoura-Mashaya,Qishtouza Lotus,Medium,63.31,9,0.0,none,88833,43.5,Female,Unknown,Instapay,ElMenus,46,1.2,111,35.2,77.7,4.0,0,Modern,Delta,0,0,79.77,649.56,2024,3,27,Late Night,No Discount,Hot
101038,2024-01-11 19:15:00,Dubai-Marina,Rice Pudding Oven,Medium,68.52,7,0.0,none,58100,42.0,Female,Bronze,Credit Card,Mobile App,63,2.8,141,16.0,87.1,4.0,0,Traditional,UAE,0,19,67.15,546.79,2024,1,11,Evening,No Discount,Cold
106094,2024-03-04 11:15:00,Cairo-Nasr City,Rice Pudding Oven,Medium,173.92,1,0.1,Pistachio,57158,15.0,Male,Gold,Wallet,ElMenus,101,9.4,106,31.5,70.7,1.0,0,Traditional,Greater Cairo,0,11,24.35,198.26999999999998,2024,3,4,Morning,Medium Discount,Hot
102257,2024-01-24 12:00:00,Dubai-Marina,Om Ali Cream,Medium,149.89,6,0.1,Nutella,50934,59.0,Male,Bronze,Instapay,Talabat,35,9.3,142,30.8,65.5,4.0,1,Traditional,UAE,0,12,125.91,1025.25,2024,1,24,Afternoon,Medium Discount,Hot
108189,2024-03-26 07:00:00,Riyadh-Olaya,Rice Pudding Oven,Small,111.94,1,0.0,none,50136,16.0,Female,Silver,Cash,In-store,65,12.2,138,43.5,80.3,1.0,0,Traditional,KSA,0,7,15.67,127.61,2024,3,26,Morning,No Discount,Hot
102614,2024-01-28 05:15:00,Giza-Zayed,Om Ali Cream,Medium,40.07,7,0.15,Lotus,53967,68.0,Female,Bronze,Cash,Mobile App,77,7.4,101,39.3,85.3,2.0,0,Traditional,Greater Cairo,1,5,39.27,319.76,2024,1,28,Morning,Medium Discount,Hot
100314,2024-01-04 06:15:00,Dubai-Marina,Om Ali Cream,Small,172.88,11,0.0,Pistachio,68523,63.0,Female,Bronze,Wallet,Talabat,56,1.7,128,30.5,30.4,5.0,0,Traditional,UAE,0,6,266.24,2167.92,2024,1,4,Morning,No Discount,Hot
102650,2024-01-28 14:15:00,Tanta-Saeed,Ice Cream Mango,Large,100.87,11,0.1,Nutella,88649,39.0,Female,Silver,Wallet,ElMenus,69,13.1,104,18.4,31.6,2.0,0,Ice Cream,Delta,1,14,155.34,1264.91,2024,1,28,Afternoon,Medium Discount,Cold
102282,2024-01-24 18:15:00,Alex-Stanly,Om Ali Cream,Large,98.22,11,0.0,Lotus,75103,41.0,Male,Bronze,Cash,Talabat,100,5.5,141,23.5,65.8,4.0,0,Traditional,Alexandria,0,18,151.26,1231.68,2024,1,24,Evening,No Discount,Moderate
106742,2024-03-11 05:15:00,Alex-Stanly,Sweet Koshary Mix,Large,41.94,5,0.0,none,61291,16.0,Female,Silver,Wallet,Talabat,75,10.1,134,25.4,82.4,4.0,0,Signature,Alexandria,0,5,29.36,239.06,2024,3,11,Morning,No Discount,Hot
102980,2024-02-01 00:45:00,Cairo-Nasr City,Qishtouza Lotus,Large,146.86,10,0.0,Pistachio,51422,66.0,Female,Unknown,Wallet,Talabat,21,13.5,130,41.0,74.4,3.0,0,Modern,Greater Cairo,0,0,205.6,1674.2,2024,2,1,Late Night,No Discount,Hot
102548,2024-01-27 12:45:00,Alex-Stanly,Qishtouza Nutella,Medium,102.6,9,0.0,none,74878,16.0,Male,Unknown,Instapay,Talabat,28,10.0,118,34.2,82.6,3.0,0,Modern,Alexandria,1,12,129.28,1052.68,2024,1,27,Afternoon,No Discount,Hot
105513,2024-02-27 10:00:00,Giza-Zayed,Super B.Laban,Large,125.05,9,0.05,Nuts,86976,43.5,Female,Silver,Credit Card,In-store,46,12.9,133,21.3,28.4,1.0,0,Signature,Greater Cairo,0,10,157.56,1283.01,2024,2,27,Morning,Low Discount,Moderate
105133,2024-02-23 11:00:00,Giza-Zayed,Ice Cream Mango,Large,118.53,11,0.0,Pistachio,54139,51.0,Female,Bronze,Cash,Talabat,16,8.3,114,22.4,46.0,4.0,0,Ice Cream,Greater Cairo,1,11,182.54,1486.37,2024,2,23,Morning,No Discount,Moderate
102160,2024-01-23 11:45:00,Mansoura-Mashaya,Rice Pudding Nuts,Small,137.73,4,0.0,Pistachio,64969,18.0,Female,Bronze,Wallet,Mobile App,18,9.3,112,33.3,48.4,3.0,0,Traditional,Delta,0,11,77.13,628.05,2024,1,23,Morning,No Discount,Hot
107081,2024-03-14 18:00:00,Mansoura-Mashaya,Ice Cream Mango,Medium,175.43,7,0.0,none,75591,43.5,Male,Unknown,Instapay,ElMenus,70,14.5,115,32.4,23.1,3.0,0,Ice Cream,Delta,0,18,171.92,1399.93,2024,3,14,Evening,No Discount,Hot
103138,2024-02-02 16:15:00,Cairo-Zamalek,Rice Pudding Oven,Small,157.7,6,0.15,Nuts,69846,21.0,Female,Silver,Credit Card,Mobile App,40,3.9,113,21.8,52.8,4.0,0,Traditional,Greater Cairo,1,16,132.47,1078.6699999999998,2024,2,2,Afternoon,Medium Discount,Moderate
109080,2024-04-04 13:45:00,Dubai-Marina,Sweet Koshary Mix,Large,174.63,11,0.05,Nutella,76413,43.5,Male,Bronze,Cash,In-store,61,3.2,118,28.3,48.3,2.0,0,Signature,UAE,0,13,268.93,2189.8599999999997,2024,4,4,Afternoon,Low Discount,Hot
105851,2024-03-01 22:30:00,Alex-Stanly,Om Ali Cream,Small,74.9,6,0.0,Nutella,54366,51.0,Male,Bronze,Wallet,ElMenus,82,12.8,112,38.4,59.1,3.0,0,Traditional,Alexandria,1,22,62.92,512.32,2024,3,1,Late Night,No Discount,Hot
109866,2024-04-12 18:15:00,Cairo-Nasr City,Qishtouza Nutella,Large,156.95,9,0.0,none,68233,67.0,Female,Unknown,Credit Card,In-store,98,5.0,137,19.9,79.9,1.0,0,Modern,Greater Cairo,1,18,197.76,1610.31,2024,4,12,Evening,No Discount,Cold
106446,2024-03-08 03:15:00,Tanta-Saeed,Sweet Koshary Mix,Large,177.31,1,0.0,none,63531,20.0,Female,Gold,Instapay,Mobile App,87,1.2,129,36.0,83.9,5.0,0,Signature,Delta,1,3,24.82,202.13,2024,3,8,Late Night,No Discount,Hot
103968,2024-02-11 07:45:00,Giza-Zayed,Qishtouza Lotus,Large,45.77,5,0.0,Nuts,81924,12.0,Female,Unknown,Credit Card,Mobile App,103,1.1,111,42.1,42.4,4.0,0,Modern,Greater Cairo,1,7,32.04,260.89000000000004,2024,2,11,Morning,No Discount,Hot
101429,2024-01-15 21:00:00,Tanta-Saeed,Om Ali Cream,Small,118.16,9,0.15,Lotus,82816,44.0,Female,Gold,Credit Card,In-store,11,10.5,130,16.6,83.9,3.0,0,Traditional,Delta,0,21,148.88,1212.3200000000002,2024,1,15,Evening,Medium Discount,Cold
108423,2024-03-28 17:30:00,Giza-Zayed,Qishtouza Lotus,Medium,88.71,8,0.0,none,71316,43.5,Female,Gold,Cash,ElMenus,74,7.5,107,44.6,27.2,1.0,0,Modern,Greater Cairo,0,17,99.36,809.04,2024,3,28,Evening,No Discount,Hot
102521,2024-01-27 06:00:00,Mansoura-Mashaya,Qishtouza Nutella,Small,103.9,7,0.0,Pistachio,72617,43.0,Male,Unknown,Cash,ElMenus,43,12.0,122,23.9,39.4,3.0,0,Modern,Delta,1,6,101.82,829.1200000000001,2024,1,27,Morning,No Discount,Moderate
107838,2024-03-22 15:15:00,Riyadh-Olaya,Sweet Koshary Mix,Medium,87.79,4,0.1,none,61182,54.0,Female,Silver,Credit Card,Talabat,38,14.7,110,26.3,35.0,5.0,0,Signature,KSA,1,15,49.16,400.32000000000005,2024,3,22,Afternoon,Medium Discount,Hot
104970,2024-02-21 18:15:00,Cairo-Zamalek,Sweet Koshary Mix,Medium,82.57,9,0.0,Nuts,70331,23.0,Male,Unknown,Instapay,Mobile App,29,7.1,142,36.8,45.6,1.0,0,Signature,Greater Cairo,0,18,104.04,847.1699999999998,2024,2,21,Evening,No Discount,Hot
101856,2024-01-20 07:45:00,Cairo-Zamalek,Om Ali Cream,Small,165.45,10,0.0,Lotus,54182,62.0,Female,Bronze,Credit Card,In-store,77,1.7,101,41.3,43.1,3.0,0,Traditional,Greater Cairo,1,7,231.63,1886.13,2024,1,20,Morning,No Discount,Hot
108885,2024-04-02 13:00:00,Giza-Zayed,Super B.Laban,Large,150.04,7,0.1,Nutella,77915,41.0,Female,Silver,Cash,In-store,68,3.8,115,43.5,52.2,2.0,0,Signature,Greater Cairo,0,13,147.04,1197.32,2024,4,2,Afternoon,Medium Discount,Hot
105603,2024-02-28 08:30:00,Alex-Stanly,Ice Cream Mango,Medium,124.99,4,0.0,none,81407,72.0,Female,Unknown,Wallet,In-store,107,4.0,139,22.4,25.4,3.0,0,Ice Cream,Alexandria,0,8,69.99,569.9499999999999,2024,2,28,Morning,No Discount,Moderate
109345,2024-04-07 08:00:00,Riyadh-Olaya,Sweet Koshary Mix,Small,57.85,8,0.1,none,69578,60.0,Male,Gold,Wallet,Talabat,72,12.3,132,37.0,71.5,2.0,0,Signature,KSA,1,8,64.79,527.59,2024,4,7,Morning,Medium Discount,Hot
109869,2024-04-12 19:00:00,Mansoura-Mashaya,Rice Pudding Oven,Medium,75.83,6,0.0,Nutella,73206,20.0,Female,Silver,Instapay,Talabat,111,4.8,143,25.4,61.8,4.0,0,Traditional,Delta,1,19,63.7,518.6800000000001,2024,4,12,Evening,No Discount,Hot
100449,2024-01-05 16:00:00,Dubai-Marina,Ice Cream Mango,Medium,111.24,8,0.0,none,70539,70.0,Female,Bronze,Cash,In-store,80,2.7,148,29.6,62.4,3.0,0,Ice Cream,UAE,1,16,124.59,1014.51,2024,1,5,Afternoon,No Discount,Hot
107704,2024-03-21 05:45:00,Dubai-Marina,Sweet Koshary Mix,Large,63.98,11,0.0,none,84332,43.5,Female,Unknown,Wallet,In-store,84,4.5,121,36.3,60.9,3.0,0,Signature,UAE,0,5,98.53,802.31,2024,3,21,Morning,No Discount,Hot
101285,2024-01-14 09:00:00,Dubai-Marina,Qishtouza Lotus,Large,81.39,6,0.1,Pistachio,75420,42.0,Female,Unknown,Cash,Talabat,77,3.6,141,39.8,62.9,1.0,0,Modern,UAE,1,9,68.37,556.71,2024,1,14,Morning,Medium Discount,Hot
105996,2024-03-03 10:45:00,Giza-Zayed,Rice Pudding Oven,Small,89.58,1,0.15,Nutella,86489,57.0,Female,Silver,Cash,Talabat,101,8.1,141,34.2,75.3,3.0,0,Traditional,Greater Cairo,1,10,12.54,102.12,2024,3,3,Morning,Medium Discount,Hot
107900,2024-03-23 06:45:00,Alex-Stanly,Qishtouza Lotus,Medium,163.66,1,0.0,Lotus,78895,33.0,Female,Silver,Wallet,Talabat,45,2.7,130,27.2,40.8,3.0,0,Modern,Alexandria,1,6,22.91,186.57,2024,3,23,Morning,No Discount,Hot
103728,2024-02-08 19:45:00,Tanta-Saeed,Qishtouza Nutella,Large,50.36,5,0.0,Pistachio,86510,18.0,Female,Unknown,Cash,In-store,91,1.0,108,33.6,65.7,2.0,0,Modern,Delta,0,19,35.25,287.05,2024,2,8,Evening,No Discount,Hot
107354,2024-03-17 14:15:00,Giza-Zayed,Rice Pudding Nuts,Small,142.82,8,0.1,none,83741,43.5,Male,Silver,Instapay,Mobile App,96,3.7,109,29.0,63.8,2.0,0,Traditional,Greater Cairo,1,14,159.96,1302.52,2024,3,17,Afternoon,Medium Discount,Hot
100362,2024-01-04 18:15:00,Cairo-Nasr City,Om Ali Cream,Large,82.54,6,0.1,Pistachio,59099,49.0,Female,Unknown,Wallet,ElMenus,42,14.0,129,28.9,20.4,3.0,0,Traditional,Greater Cairo,0,18,69.33,564.57,2024,1,4,Evening,Medium Discount,Hot
106280,2024-03-06 09:45:00,Tanta-Saeed,Ice Cream Mango,Medium,65.12,1,0.1,Lotus,75914,28.0,Female,Bronze,Instapay,Talabat,116,12.2,129,37.1,43.5,3.0,0,Ice Cream,Delta,0,9,9.12,74.24000000000001,2024,3,6,Morning,Medium Discount,Hot
105231,2024-02-24 11:30:00,Alex-Stanly,Om Ali Cream,Small,151.39,4,0.0,Pistachio,78100,60.0,Female,Silver,Wallet,Talabat,26,1.0,104,19.8,73.1,4.0,0,Traditional,Alexandria,1,11,84.78,690.3399999999999,2024,2,24,Morning,No Discount,Cold
108943,2024-04-03 03:30:00,Cairo-Nasr City,Ice Cream Mango,Medium,139.33,9,0.0,Nuts,80496,23.0,Male,Unknown,Wallet,Talabat,81,11.1,141,42.1,78.9,2.0,0,Ice Cream,Greater Cairo,0,3,175.56,1429.53,2024,4,3,Late Night,No Discount,Hot
107296,2024-03-16 23:45:00,Dubai-Marina,Qishtouza Lotus,Medium,137.94,7,0.0,none,56205,51.0,Male,Gold,Wallet,Talabat,25,5.0,130,39.5,22.5,1.0,0,Modern,UAE,1,23,135.18,1100.76,2024,3,16,Late Night,No Discount,Hot
108892,2024-04-02 14:45:00,Tanta-Saeed,Om Ali Cream,Medium,144.92,10,0.0,Nutella,84572,62.0,Female,Unknown,Credit Card,In-store,85,12.2,120,42.1,27.0,2.0,1,Traditional,Delta,0,14,202.89,1652.0899999999997,2024,4,2,Afternoon,No Discount,Hot
107535,2024-03-19 11:30:00,Tanta-Saeed,Sweet Koshary Mix,Large,163.64,1,0.0,Pistachio,65924,43.5,Male,Unknown,Instapay,In-store,39,6.4,121,44.8,32.5,3.0,0,Signature,Delta,0,11,22.91,186.54999999999998,2024,3,19,Morning,No Discount,Hot
106252,2024-03-06 02:45:00,Cairo-Nasr City,Super B.Laban,Medium,134.29,7,0.05,Nutella,69540,72.0,Male,Silver,Credit Card,In-store,45,11.4,117,39.6,75.0,5.0,0,Signature,Greater Cairo,0,2,131.6,1071.6299999999999,2024,3,6,Late Night,Low Discount,Hot
105927,2024-03-02 17:30:00,Giza-Zayed,Om Ali Cream,Small,92.24,2,0.0,Lotus,67335,48.0,Female,Silver,Instapay,Talabat,36,5.5,140,16.4,83.0,3.0,0,Traditional,Greater Cairo,1,17,25.83,210.31,2024,3,2,Evening,No Discount,Cold
105150,2024-02-23 15:15:00,Cairo-Nasr City,Ice Cream Mango,Small,45.17,7,0.0,Lotus,88136,42.0,Male,Silver,Credit Card,In-store,78,9.8,122,38.3,24.0,5.0,0,Ice Cream,Greater Cairo,1,15,44.27,360.46,2024,2,23,Afternoon,No Discount,Hot
102461,2024-01-26 15:00:00,Giza-Zayed,Rice Pudding Oven,Small,121.22,1,0.15,Nutella,74308,65.0,Female,Unknown,Cash,Mobile App,86,3.6,121,26.6,81.0,1.0,0,Traditional,Greater Cairo,1,15,16.97,138.19,2024,1,26,Afternoon,Medium Discount,Hot
100023,2024-01-01 05:30:00,Cairo-Zamalek,Rice Pudding Oven,Large,85.71,7,0.1,Pistachio,65521,54.0,Male,Unknown,Credit Card,In-store,55,12.9,102,37.3,64.5,4.0,0,Traditional,Greater Cairo,0,5,84.0,683.9699999999999,2024,1,1,Morning,Medium Discount,Hot
102067,2024-01-22 12:30:00,Giza-Zayed,Om Ali Cream,Medium,150.46,4,0.0,Nutella,71056,54.0,Male,Unknown,Cash,Talabat,10,11.3,128,26.5,40.8,2.0,0,Traditional,Greater Cairo,0,12,84.26,686.1,2024,1,22,Afternoon,No Discount,Hot
101654,2024-01-18 05:15:00,Dubai-Marina,Super B.Laban,Small,9999.99,8,0.0,Nutella,55635,44.0,Male,Unknown,Credit Card,Mobile App,76,7.1,110,37.0,58.6,5.0,0,Signature,UAE,0,5,79.11,80079.03,2024,1,18,Morning,No Discount,Hot
100703,2024-01-08 07:30:00,Cairo-Nasr City,Rice Pudding Oven,Small,96.97,6,0.0,none,80331,17.0,Male,Silver,Wallet,In-store,81,1.6,114,39.5,28.2,3.0,0,Traditional,Greater Cairo,0,7,81.45,663.27,2024,1,8,Morning,No Discount,Hot
108491,2024-03-29 10:30:00,Tanta-Saeed,Qishtouza Nutella,Large,168.65,5,0.15,Nuts,61161,53.0,Female,Unknown,Instapay,Talabat,95,4.8,105,28.3,76.0,3.0,0,Modern,Delta,1,10,118.06,961.31,2024,3,29,Morning,Medium Discount,Hot
102744,2024-01-29 13:45:00,Mansoura-Mashaya,Rice Pudding Oven,Small,125.63,7,0.0,none,70481,39.0,Female,Silver,Wallet,ElMenus,107,8.7,106,35.7,54.0,5.0,0,Traditional,Delta,0,13,123.12,1002.53,2024,1,29,Afternoon,No Discount,Hot
101377,2024-01-15 08:00:00,Giza-Zayed,Ice Cream Mango,Large,69.6,2,0.0,Pistachio,84397,34.0,Female,Silver,Credit Card,ElMenus,20,4.5,119,31.3,50.4,3.0,0,Ice Cream,Greater Cairo,0,8,19.49,158.69,2024,1,15,Morning,No Discount,Hot
101725,2024-01-18 23:00:00,Cairo-Zamalek,Qishtouza Nutella,Medium,96.0,2,0.0,Pistachio,51020,47.0,Male,Silver,Instapay,Mobile App,108,10.6,129,32.2,27.6,4.0,0,Modern,Greater Cairo,0,23,26.88,218.88,2024,1,18,Late Night,No Discount,Hot
102469,2024-01-26 17:00:00,Cairo-Nasr City,Qishtouza Nutella,Medium,87.45,11,0.0,Lotus,51338,28.0,Female,Bronze,Instapay,Talabat,90,4.3,101,26.5,21.9,5.0,0,Modern,Greater Cairo,1,17,134.67,1096.6200000000001,2024,1,26,Evening,No Discount,Hot
103755,2024-02-09 02:30:00,Riyadh-Olaya,Ice Cream Mango,Small,49.4,6,0.0,none,73894,47.0,Male,Unknown,Credit Card,ElMenus,113,5.6,112,16.5,50.5,3.0,0,Ice Cream,KSA,1,2,41.5,337.9,2024,2,9,Late Night,No Discount,Cold
102326,2024-01-25 05:15:00,Mansoura-Mashaya,Rice Pudding Oven,Large,119.11,9,0.0,none,70311,68.0,Male,Unknown,Credit Card,ElMenus,111,2.9,120,23.1,54.8,3.0,0,Traditional,Delta,0,5,150.08,1222.07,2024,1,25,Morning,No Discount,Moderate
100461,2024-01-05 19:00:00,Cairo-Zamalek,Super B.Laban,Medium,113.3,6,0.0,none,54325,66.0,Male,Bronze,Credit Card,Mobile App,46,3.1,140,16.1,22.1,3.0,0,Signature,Greater Cairo,1,19,95.17,774.9699999999999,2024,1,5,Evening,No Discount,Cold
105164,2024-02-23 18:45:00,Dubai-Marina,Super B.Laban,Medium,55.99,11,0.0,Nutella,81686,15.0,Female,Unknown,Wallet,Talabat,93,2.6,103,17.7,27.9,1.0,0,Signature,UAE,1,18,86.22,702.11,2024,2,23,Evening,No Discount,Cold
104184,2024-02-13 13:45:00,Alex-Stanly,Ice Cream Mango,Medium,51.4,3,0.0,Nuts,63175,26.0,Female,Gold,Cash,In-store,115,8.2,116,21.5,87.9,1.0,0,Ice Cream,Alexandria,0,13,21.59,175.79,2024,2,13,Afternoon,No Discount,Moderate
105527,2024-02-27 13:30:00,Alex-Stanly,Om Ali Cream,Large,70.59,6,0.0,none,82298,67.0,Male,Gold,Cash,Talabat,96,7.3,141,36.2,33.1,4.0,0,Traditional,Alexandria,0,13,59.3,482.84000000000003,2024,2,27,Afternoon,No Discount,Hot
104083,2024-02-12 12:30:00,Dubai-Marina,Qishtouza Lotus,Large,44.93,1,0.0,none,83957,59.0,Male,Bronze,Instapay,Mobile App,14,14.1,143,43.7,65.6,5.0,0,Modern,UAE,0,12,6.29,51.22,2024,2,12,Afternoon,No Discount,Hot
101487,2024-01-16 11:30:00,Dubai-Marina,Super B.Laban,Medium,126.52,11,0.0,Pistachio,85511,65.0,Male,Bronze,Credit Card,In-store,94,8.9,136,15.1,86.3,1.0,1,Signature,UAE,0,11,194.84,1586.56,2024,1,16,Morning,No Discount,Cold
103679,2024-02-08 07:30:00,Dubai-Marina,Om Ali Cream,Medium,162.2,7,0.0,Pistachio,66818,35.0,Male,Unknown,Cash,In-store,50,10.4,138,38.2,75.3,2.0,0,Traditional,UAE,0,7,158.96,1294.36,2024,2,8,Morning,No Discount,Hot
100283,2024-01-03 22:30:00,Tanta-Saeed,Ice Cream Mango,Large,129.59,5,0.0,none,59778,29.0,Female,Silver,Instapay,Talabat,40,6.0,121,41.0,26.5,5.0,0,Ice Cream,Delta,0,22,90.71,738.6600000000001,2024,1,3,Late Night,No Discount,Hot
106580,2024-03-09 12:45:00,Cairo-Zamalek,Sweet Koshary Mix,Medium,103.89,8,0.05,Nuts,81334,43.5,Female,Unknown,Credit Card,Talabat,50,15.0,102,20.9,80.7,3.0,0,Signature,Greater Cairo,1,12,116.36,947.48,2024,3,9,Afternoon,Low Discount,Moderate
104559,2024-02-17 11:30:00,Tanta-Saeed,Rice Pudding Oven,Medium,156.77,9,0.0,Lotus,81059,40.0,Female,Silver,Cash,In-store,44,0.8,145,35.9,29.6,2.0,0,Traditional,Delta,1,11,197.53,1608.46,2024,2,17,Morning,No Discount,Hot
104309,2024-02-14 21:00:00,Tanta-Saeed,Ice Cream Mango,Medium,144.56,9,0.0,Lotus,83446,48.0,Female,Unknown,Instapay,ElMenus,103,5.5,104,41.1,57.4,3.0,0,Ice Cream,Delta,0,21,182.15,1483.19,2024,2,14,Evening,No Discount,Hot
106685,2024-03-10 15:00:00,Tanta-Saeed,Rice Pudding Nuts,Medium,132.14,10,0.15,Nuts,62613,46.0,Male,Gold,Credit Card,ElMenus,110,4.8,140,38.0,85.4,4.0,0,Traditional,Delta,1,15,185.0,1506.3999999999999,2024,3,10,Afternoon,Medium Discount,Hot
104866,2024-02-20 16:15:00,Mansoura-Mashaya,Qishtouza Nutella,Small,81.07,5,0.0,Lotus,72452,30.0,Female,Silver,Instapay,In-store,46,4.9,140,44.6,84.9,1.0,0,Modern,Delta,0,16,56.75,462.09999999999997,2024,2,20,Afternoon,No Discount,Hot
103538,2024-02-06 20:15:00,Mansoura-Mashaya,Ice Cream Mango,Large,179.46,2,0.0,Lotus,63808,57.0,Female,Unknown,Credit Card,ElMenus,75,13.8,126,41.5,85.2,3.0,0,Ice Cream,Delta,0,20,50.25,409.17,2024,2,6,Evening,No Discount,Hot
103869,2024-02-10 07:00:00,Cairo-Zamalek,Rice Pudding Nuts,Medium,52.74,3,0.0,Lotus,70826,73.0,Female,Bronze,Wallet,In-store,73,11.0,119,41.2,64.1,1.0,0,Traditional,Greater Cairo,1,7,22.15,180.37,2024,2,10,Morning,No Discount,Hot
107004,2024-03-13 22:45:00,Cairo-Nasr City,Rice Pudding Oven,Medium,82.8,10,0.0,none,74957,66.0,Female,Bronze,Credit Card,In-store,72,11.9,127,36.5,59.0,3.0,0,Traditional,Greater Cairo,0,22,115.92,943.92,2024,3,13,Late Night,No Discount,Hot
102582,2024-01-27 21:15:00,Dubai-Marina,Rice Pudding Oven,Large,147.63,1,0.0,none,75404,27.0,Male,Bronze,Cash,Talabat,25,1.8,149,27.7,67.9,3.0,0,Traditional,UAE,1,21,20.67,168.3,2024,1,27,Evening,No Discount,Hot
101369,2024-01-15 06:00:00,Cairo-Nasr City,Rice Pudding Oven,Medium,134.42,8,0.0,Pistachio,78876,66.0,Female,Unknown,Cash,ElMenus,33,2.2,113,24.5,22.6,3.0,0,Traditional,Greater Cairo,0,6,150.55,1225.9099999999999,2024,1,15,Morning,No Discount,Moderate
109470,2024-04-08 15:15:00,Cairo-Nasr City,Rice Pudding Nuts,Medium,60.82,11,0.0,none,87960,47.0,Male,Gold,Wallet,ElMenus,88,6.4,108,17.8,33.3,5.0,0,Traditional,Greater Cairo,0,15,93.66,762.68,2024,4,8,Afternoon,No Discount,Cold
108198,2024-03-26 09:15:00,Riyadh-Olaya,Super B.Laban,Large,120.33,10,0.0,Pistachio,53820,34.0,Female,Silver,Instapay,Mobile App,99,10.5,144,32.6,26.7,1.0,0,Signature,KSA,0,9,168.46,1371.76,2024,3,26,Morning,No Discount,Hot
100598,2024-01-07 05:15:00,Dubai-Marina,Rice Pudding Nuts,Medium,109.28,4,0.0,none,74903,71.0,Female,Unknown,Cash,ElMenus,100,5.2,128,27.9,88.4,3.0,1,Traditional,UAE,1,5,61.2,498.32,2024,1,7,Morning,No Discount,Hot
104352,2024-02-15 07:45:00,Dubai-Marina,Sweet Koshary Mix,Medium,49.24,10,0.0,none,74071,69.0,Female,Silver,Credit Card,Talabat,10,12.3,121,27.7,47.8,4.0,1,Signature,UAE,0,7,68.94,561.34,2024,2,15,Morning,No Discount,Hot
106347,2024-03-07 02:30:00,Riyadh-Olaya,Rice Pudding Oven,Medium,67.45,10,0.0,Lotus,50533,44.0,Female,Bronze,Instapay,In-store,76,2.0,110,21.8,72.3,1.0,0,Traditional,KSA,0,2,94.43,768.9300000000001,2024,3,7,Late Night,No Discount,Moderate
108977,2024-04-03 12:00:00,Cairo-Zamalek,Ice Cream Mango,Medium,49.76,4,0.15,Nuts,83870,31.0,Male,Silver,Credit Card,In-store,91,9.1,108,35.7,87.2,2.0,0,Ice Cream,Greater Cairo,0,12,27.87,226.91,2024,4,3,Afternoon,Medium Discount,Hot
106380,2024-03-07 10:45:00,Mansoura-Mashaya,Rice Pudding Oven,Large,50.36,4,0.0,Nutella,73544,45.0,Male,Unknown,Cash,ElMenus,15,5.6,129,41.2,79.1,4.0,0,Traditional,Delta,0,10,28.2,229.64,2024,3,7,Morning,No Discount,Hot
104759,2024-02-19 13:30:00,Cairo-Zamalek,Qishtouza Lotus,Large,50.78,6,0.1,none,53921,32.0,Female,Bronze,Wallet,Talabat,118,13.0,108,16.3,79.0,3.0,0,Modern,Greater Cairo,0,13,42.66,347.34000000000003,2024,2,19,Afternoon,Medium Discount,Cold
100647,2024-01-07 17:30:00,Mansoura-Mashaya,Qishtouza Lotus,Large,48.88,3,0.0,none,82437,30.0,Male,Silver,Credit Card,Mobile App,73,9.3,104,37.3,53.0,3.0,0,Modern,Delta,1,17,20.53,167.17000000000002,2024,1,7,Evening,No Discount,Hot
106382,2024-03-07 11:15:00,Tanta-Saeed,Super B.Laban,Medium,145.93,5,0.0,Pistachio,65590,41.0,Female,Unknown,Credit Card,ElMenus,67,1.0,128,15.3,81.2,3.0,0,Signature,Delta,0,11,102.15,831.8000000000001,2024,3,7,Morning,No Discount,Cold
107528,2024-03-19 09:45:00,Mansoura-Mashaya,Om Ali Cream,Large,127.68,1,0.0,none,81145,43.5,Male,Unknown,Cash,Talabat,67,5.6,102,29.2,40.5,2.0,0,Traditional,Delta,0,9,17.88,145.56,2024,3,19,Morning,No Discount,Hot
109698,2024-04-11 00:15:00,Cairo-Zamalek,Qishtouza Lotus,Medium,81.46,9,0.0,Pistachio,52871,41.0,Male,Bronze,Instapay,ElMenus,101,4.0,107,28.4,70.1,2.0,0,Modern,Greater Cairo,0,0,102.64,835.78,2024,4,11,Late Night,No Discount,Hot
106024,2024-03-03 17:45:00,Mansoura-Mashaya,Qishtouza Lotus,Medium,52.68,3,0.0,none,79941,39.0,Female,Unknown,Credit Card,In-store,95,13.1,132,22.1,63.4,5.0,0,Modern,Delta,1,17,22.13,180.17,2024,3,3,Evening,No Discount,Moderate
107955,2024-03-23 20:30:00,Tanta-Saeed,Super B.Laban,Large,148.74,3,0.0,none,60759,30.0,Female,Silver,Instapay,ElMenus,69,6.2,129,24.4,57.8,2.0,1,Signature,Delta,1,20,62.47,508.69000000000005,2024,3,23,Evening,No Discount,Moderate
107166,2024-03-15 15:15:00,Cairo-Nasr City,Om Ali Cream,Large,177.25,1,0.05,Lotus,79775,21.0,Female,Unknown,Credit Card,Talabat,42,12.5,148,22.1,35.2,4.0,0,Traditional,Greater Cairo,1,15,24.82,202.07,2024,3,15,Afternoon,Low Discount,Moderate
103469,2024-02-06 03:00:00,Dubai-Marina,Om Ali Cream,Medium,163.81,4,0.0,Pistachio,62299,33.0,Female,Unknown,Credit Card,ElMenus,18,7.2,103,42.2,72.5,5.0,0,Traditional,UAE,0,3,91.73,746.97,2024,2,6,Late Night,No Discount,Hot
107798,2024-03-22 05:15:00,Riyadh-Olaya,Sweet Koshary Mix,Medium,129.83,8,0.0,Nuts,78323,21.0,Female,Silver,Instapay,Talabat,116,1.3,111,15.6,55.2,1.0,0,Signature,KSA,1,5,145.41,1184.0500000000002,2024,3,22,Morning,No Discount,Cold
107698,2024-03-21 04:15:00,Tanta-Saeed,Ice Cream Mango,Large,129.34,11,0.0,Nuts,67692,43.0,Male,Silver,Cash,ElMenus,44,12.5,117,41.5,59.4,4.0,0,Ice Cream,Delta,0,4,199.18,1621.92,2024,3,21,Late Night,No Discount,Hot
102991,2024-02-01 03:30:00,Tanta-Saeed,Sweet Koshary Mix,Large,57.72,5,0.05,Nutella,80504,16.0,Female,Silver,Cash,Talabat,111,7.3,103,34.5,39.0,3.0,0,Signature,Delta,0,3,40.4,329.0,2024,2,1,Late Night,Low Discount,Hot
109408,2024-04-07 23:45:00,Tanta-Saeed,Rice Pudding Nuts,Medium,179.6,3,0.0,Pistachio,54091,43.0,Female,Bronze,Wallet,Talabat,51,14.3,111,33.3,81.0,4.0,0,Traditional,Delta,1,23,75.43,614.23,2024,4,7,Late Night,No Discount,Hot
104876,2024-02-20 18:45:00,Tanta-Saeed,Qishtouza Lotus,Medium,92.02,11,0.1,none,84999,51.0,Male,Unknown,Instapay,ElMenus,58,13.5,134,23.0,81.3,2.0,0,Modern,Delta,0,18,141.71,1153.9299999999998,2024,2,20,Evening,Medium Discount,Moderate
102545,2024-01-27 12:00:00,Tanta-Saeed,Qishtouza Nutella,Medium,155.35,9,0.0,Nuts,57595,53.0,Male,Unknown,Instapay,Talabat,40,14.6,106,25.5,22.9,2.0,0,Modern,Delta,1,12,195.74,1593.8899999999999,2024,1,27,Afternoon,No Discount,Hot
108596,2024-03-30 12:45:00,Alex-Stanly,Rice Pudding Nuts,Large,64.45,10,0.1,Nuts,78375,52.0,Male,Gold,Cash,Mobile App,32,9.9,149,37.5,63.3,3.0,0,Traditional,Alexandria,1,12,90.23,734.73,2024,3,30,Afternoon,Medium Discount,Hot
105342,2024-02-25 15:15:00,Giza-Zayed,Ice Cream Mango,Medium,153.19,4,0.1,Nutella,71338,43.5,Male,Unknown,Credit Card,Mobile App,68,3.7,132,27.2,32.3,2.0,0,Ice Cream,Greater Cairo,1,15,85.79,698.55,2024,2,25,Afternoon,Medium Discount,Hot
101568,2024-01-17 07:45:00,Giza-Zayed,Super B.Laban,Medium,69.87,6,0.0,Pistachio,66192,40.0,Female,Gold,Instapay,In-store,53,10.2,110,17.0,36.1,3.0,0,Signature,Greater Cairo,0,7,58.69,477.91,2024,1,17,Morning,No Discount,Cold
109995,2024-04-14 02:30:00,Giza-Zayed,Qishtouza Nutella,Large,77.7,10,0.0,none,83420,72.0,Male,Unknown,Wallet,Mobile App,102,3.2,140,25.1,65.9,3.0,0,Modern,Greater Cairo,1,2,108.78,885.78,2024,4,14,Late Night,No Discount,Hot
104067,2024-02-12 08:30:00,Cairo-Nasr City,Qishtouza Lotus,Large,59.14,8,0.0,Lotus,72288,43.5,Male,Gold,Credit Card,Talabat,43,8.9,117,18.5,63.1,2.0,0,Modern,Greater Cairo,0,8,66.24,539.36,2024,2,12,Morning,No Discount,Cold
103989,2024-02-11 13:00:00,Dubai-Marina,Super B.Laban,Small,88.24,1,0.0,Lotus,85618,60.0,Male,Bronze,Credit Card,Mobile App,38,7.8,123,38.3,21.0,1.0,0,Signature,UAE,1,13,12.35,100.58999999999999,2024,2,11,Afternoon,No Discount,Hot
107032,2024-03-14 05:45:00,Mansoura-Mashaya,Sweet Koshary Mix,Medium,49.33,1,0.0,none,62232,19.0,Female,Unknown,Wallet,ElMenus,96,3.1,130,15.5,22.0,3.0,0,Signature,Delta,0,5,6.91,56.239999999999995,2024,3,14,Morning,No Discount,Cold
102161,2024-01-23 12:00:00,Mansoura-Mashaya,Qishtouza Lotus,Medium,95.41,8,0.0,Nuts,65930,42.0,Female,Unknown,Cash,ElMenus,91,8.8,149,15.6,67.3,3.0,0,Modern,Delta,0,12,106.86,870.14,2024,1,23,Afternoon,No Discount,Cold
100686,2024-01-08 03:15:00,Tanta-Saeed,Super B.Laban,Medium,113.23,3,0.0,Lotus,53134,70.0,Female,Gold,Instapay,Talabat,63,13.4,112,44.3,48.1,2.0,0,Signature,Delta,0,3,47.56,387.25,2024,1,8,Late Night,No Discount,Hot
107603,2024-03-20 04:30:00,Mansoura-Mashaya,Ice Cream Mango,Small,73.22,10,0.15,Pistachio,54584,27.0,Female,Silver,Wallet,ElMenus,38,7.5,128,29.9,81.1,3.0,0,Ice Cream,Delta,0,4,102.51,834.71,2024,3,20,Late Night,Medium Discount,Hot
107785,2024-03-22 02:00:00,Mansoura-Mashaya,Rice Pudding Oven,Medium,124.07,4,0.1,none,71554,67.0,Female,Unknown,Credit Card,Talabat,96,10.0,128,31.9,38.1,5.0,0,Traditional,Delta,1,2,69.48,565.76,2024,3,22,Late Night,Medium Discount,Hot
103244,2024-02-03 18:45:00,Tanta-Saeed,Super B.Laban,Large,175.41,3,0.0,Nuts,75125,52.0,Female,Bronze,Instapay,Talabat,109,7.4,126,24.8,85.0,5.0,0,Signature,Delta,1,18,73.67,599.9,2024,2,3,Evening,No Discount,Moderate
105845,2024-03-01 21:00:00,Alex-Stanly,Ice Cream Mango,Small,112.0,2,0.15,Nutella,62912,43.5,Male,Unknown,Instapay,In-store,89,1.8,123,24.1,47.6,4.0,0,Ice Cream,Alexandria,1,21,31.36,255.36,2024,3,1,Evening,Medium Discount,Moderate
109220,2024-04-06 00:45:00,Tanta-Saeed,Ice Cream Mango,Small,82.0,1,0.0,Lotus,79610,15.0,Female,Unknown,Credit Card,ElMenus,88,8.6,107,39.3,48.4,3.0,0,Ice Cream,Delta,1,0,11.48,93.48,2024,4,6,Late Night,No Discount,Hot
102462,2024-01-26 15:15:00,Tanta-Saeed,Super B.Laban,Large,154.97,1,0.0,Nutella,79742,23.0,Female,Silver,Wallet,Mobile App,81,5.2,121,42.5,68.0,3.0,0,Signature,Delta,1,15,21.7,176.67,2024,1,26,Afternoon,No Discount,Hot
104084,2024-02-12 12:45:00,Cairo-Nasr City,Rice Pudding Nuts,Medium,95.31,11,0.0,Nutella,64094,19.0,Female,Silver,Credit Card,Talabat,115,2.1,119,19.4,31.2,3.0,0,Traditional,Greater Cairo,0,12,146.78,1195.19,2024,2,12,Afternoon,No Discount,Cold
102838,2024-01-30 13:15:00,Mansoura-Mashaya,Rice Pudding Oven,Medium,66.68,3,0.0,none,63509,69.0,Male,Silver,Cash,Mobile App,37,5.1,102,18.1,52.4,3.0,0,Traditional,Delta,0,13,28.01,228.05,2024,1,30,Afternoon,No Discount,Cold
103698,2024-02-08 12:15:00,Cairo-Nasr City,Super B.Laban,Medium,143.25,5,0.0,Nutella,85998,55.0,Female,Bronze,Cash,Mobile App,74,11.2,117,27.7,66.2,3.0,0,Signature,Greater Cairo,0,12,100.28,816.53,2024,2,8,Afternoon,No Discount,Hot
107129,2024-03-15 06:00:00,Cairo-Nasr City,Rice Pudding Nuts,Medium,171.0,8,0.0,Nuts,68868,66.0,Female,Silver,Credit Card,Mobile App,79,11.3,145,33.2,36.3,4.0,0,Traditional,Greater Cairo,1,6,191.52,1559.52,2024,3,15,Morning,No Discount,Hot
106268,2024-03-06 06:45:00,Riyadh-Olaya,Om Ali Cream,Medium,115.41,4,0.0,none,55653,58.0,Female,Unknown,Credit Card,Talabat,96,4.8,149,40.6,34.6,3.0,0,Traditional,KSA,0,6,64.63,526.27,2024,3,6,Morning,No Discount,Hot
104942,2024-02-21 11:15:00,Dubai-Marina,Sweet Koshary Mix,Medium,62.54,8,0.0,Nutella,84225,59.0,Female,Gold,Credit Card,Mobile App,30,3.6,127,23.0,78.0,3.0,0,Signature,UAE,0,11,70.04,570.36,2024,2,21,Morning,No Discount,Moderate
105947,2024-03-02 22:30:00,Riyadh-Olaya,Rice Pudding Nuts,Medium,142.97,7,0.05,Nuts,52118,43.0,Female,Silver,Cash,Mobile App,113,9.5,121,30.9,57.0,4.0,1,Traditional,KSA,1,22,140.11,1140.9,2024,3,2,Late Night,Low Discount,Hot
104584,2024-02-17 17:45:00,Giza-Zayed,Super B.Laban,Medium,165.55,2,0.0,none,51311,12.0,Female,Unknown,Instapay,In-store,22,3.6,144,35.9,31.2,4.0,0,Signature,Greater Cairo,1,17,46.35,377.45000000000005,2024,2,17,Evening,No Discount,Hot
105785,2024-03-01 06:00:00,Riyadh-Olaya,Rice Pudding Oven,Medium,42.29,4,0.0,none,79448,54.0,Male,Silver,Credit Card,Mobile App,96,14.6,133,39.3,24.8,4.0,0,Traditional,KSA,1,6,23.68,192.84,2024,3,1,Morning,No Discount,Hot
104041,2024-02-12 02:00:00,Giza-Zayed,Super B.Laban,Small,99.75,1,0.15,none,81660,27.0,Female,Silver,Wallet,Mobile App,118,14.5,125,39.0,40.6,3.0,0,Signature,Greater Cairo,0,2,13.97,113.72,2024,2,12,Late Night,Medium Discount,Hot
102231,2024-01-24 05:30:00,Tanta-Saeed,Qishtouza Nutella,Medium,98.37,7,0.0,Pistachio,62480,43.5,Female,Gold,Instapay,In-store,109,2.3,118,26.7,67.2,3.0,0,Modern,Delta,0,5,96.4,784.99,2024,1,24,Morning,No Discount,Hot
107570,2024-03-19 20:15:00,Riyadh-Olaya,Rice Pudding Oven,Large,162.74,3,0.15,Lotus,78198,66.0,Female,Unknown,Instapay,Mobile App,52,14.2,144,34.5,48.7,3.0,0,Traditional,KSA,0,20,68.35,556.57,2024,3,19,Evening,Medium Discount,Hot
100936,2024-01-10 17:45:00,Cairo-Nasr City,Super B.Laban,Small,54.71,6,0.0,Lotus,81109,53.0,Male,Silver,Instapay,Mobile App,43,1.6,123,22.1,36.4,1.0,0,Signature,Greater Cairo,0,17,45.96,374.21999999999997,2024,1,10,Evening,No Discount,Moderate
102321,2024-01-25 04:00:00,Dubai-Marina,Om Ali Cream,Medium,105.87,10,0.05,none,81407,12.0,Female,Unknown,Credit Card,In-store,73,6.3,107,22.2,28.0,3.0,0,Traditional,UAE,0,4,148.22,1206.92,2024,1,25,Late Night,Low Discount,Moderate
104879,2024-02-20 19:30:00,Mansoura-Mashaya,Sweet Koshary Mix,Medium,118.73,7,0.0,Nuts,88054,51.0,Male,Bronze,Instapay,In-store,52,1.3,113,17.8,57.4,4.0,0,Signature,Delta,0,19,116.36,947.47,2024,2,20,Evening,No Discount,Cold
100522,2024-01-06 10:15:00,Dubai-Marina,Qishtouza Nutella,Medium,147.82,8,0.0,none,77569,61.0,Female,Unknown,Cash,In-store,10,4.6,119,15.6,75.6,2.0,0,Modern,UAE,1,10,165.56,1348.12,2024,1,6,Morning,No Discount,Cold
100523,2024-01-06 10:30:00,Tanta-Saeed,Rice Pudding Oven,Large,58.54,6,0.1,none,73916,31.0,Male,Silver,Wallet,In-store,101,10.9,117,43.0,58.1,2.0,0,Traditional,Delta,1,10,49.17,400.41,2024,1,6,Morning,Medium Discount,Hot
105346,2024-02-25 16:15:00,Tanta-Saeed,Ice Cream Mango,Large,80.5,9,0.0,Nutella,75186,69.0,Female,Unknown,Credit Card,Mobile App,32,9.4,118,27.2,37.4,2.0,0,Ice Cream,Delta,1,16,101.43,825.9300000000001,2024,2,25,Afternoon,No Discount,Hot
109877,2024-04-12 21:00:00,Cairo-Nasr City,Rice Pudding Oven,Small,150.0,9,0.05,Pistachio,55695,34.0,Male,Bronze,Credit Card,Mobile App,41,6.2,138,34.1,27.0,1.0,0,Traditional,Greater Cairo,1,21,189.0,1539.0,2024,4,12,Evening,Low Discount,Hot
103360,2024-02-04 23:45:00,Alex-Stanly,Super B.Laban,Medium,179.55,7,0.0,none,63266,60.0,Female,Silver,Instapay,Mobile App,105,4.4,147,22.9,31.8,1.0,0,Signature,Alexandria,1,23,175.96,1432.8100000000002,2024,2,4,Late Night,No Discount,Moderate
101312,2024-01-14 15:45:00,Cairo-Zamalek,Qishtouza Nutella,Medium,162.5,2,0.0,Lotus,54810,20.0,Female,Unknown,Wallet,ElMenus,115,6.8,132,43.0,64.0,3.0,0,Modern,Greater Cairo,1,15,45.5,370.5,2024,1,14,Afternoon,No Discount,Hot
103984,2024-02-11 11:45:00,Tanta-Saeed,Qishtouza Lotus,Medium,131.71,11,0.0,Nutella,57683,45.0,Female,Silver,Cash,In-store,49,7.5,134,20.7,33.4,3.0,1,Modern,Delta,1,11,202.83,1651.64,2024,2,11,Morning,No Discount,Moderate
106495,2024-03-08 15:30:00,Alex-Stanly,Sweet Koshary Mix,Small,161.46,8,0.0,Nutella,81911,50.0,Male,Silver,Credit Card,ElMenus,90,9.4,106,22.9,70.2,2.0,0,Signature,Alexandria,1,15,180.84,1472.52,2024,3,8,Afternoon,No Discount,Moderate
109561,2024-04-09 14:00:00,Dubai-Marina,Qishtouza Lotus,Medium,134.99,1,0.0,Nutella,51735,50.0,Female,Silver,Credit Card,Mobile App,55,5.7,103,42.8,47.3,3.0,0,Modern,UAE,0,14,18.9,153.89000000000001,2024,4,9,Afternoon,No Discount,Hot
101717,2024-01-18 21:00:00,Riyadh-Olaya,Ice Cream Mango,Small,80.06,1,0.0,none,65214,59.0,Female,Unknown,Instapay,In-store,84,1.3,104,36.6,23.5,1.0,0,Ice Cream,KSA,0,21,11.21,91.27000000000001,2024,1,18,Evening,No Discount,Hot
100781,2024-01-09 03:00:00,Cairo-Nasr City,Rice Pudding Oven,Large,165.17,8,0.0,Pistachio,75887,69.0,Male,Silver,Credit Card,Mobile App,33,2.6,110,24.4,37.7,1.0,0,Traditional,Greater Cairo,0,3,184.99,1506.35,2024,1,9,Late Night,No Discount,Moderate
108799,2024-04-01 15:30:00,Cairo-Nasr City,Ice Cream Mango,Large,46.34,3,0.0,none,65928,33.0,Female,Unknown,Instapay,Mobile App,78,11.8,132,29.9,71.2,1.0,0,Ice Cream,Greater Cairo,0,15,19.46,158.48000000000002,2024,4,1,Afternoon,No Discount,Hot
108232,2024-03-26 17:45:00,Cairo-Zamalek,Ice Cream Mango,Medium,115.67,3,0.0,none,54191,43.5,Male,Unknown,Wallet,Talabat,117,3.9,142,23.2,52.4,2.0,0,Ice Cream,Greater Cairo,0,17,48.58,395.59,2024,3,26,Evening,No Discount,Moderate
105608,2024-02-28 09:45:00,Alex-Stanly,Rice Pudding Oven,Medium,121.89,1,0.0,Lotus,69002,37.0,Male,Unknown,Wallet,In-store,32,13.8,116,25.3,50.9,5.0,0,Traditional,Alexandria,0,9,17.06,138.95,2024,2,28,Morning,No Discount,Hot
105979,2024-03-03 06:30:00,Tanta-Saeed,Sweet Koshary Mix,Small,150.07,3,0.1,Nuts,51975,14.0,Male,Unknown,Wallet,In-store,16,13.5,115,19.1,81.4,1.0,0,Signature,Delta,1,6,63.03,513.24,2024,3,3,Morning,Medium Discount,Cold
100652,2024-01-07 18:45:00,Riyadh-Olaya,Rice Pudding Nuts,Large,130.3,10,0.0,Nutella,88563,55.0,Female,Unknown,Instapay,In-store,55,9.2,105,29.7,41.8,1.0,0,Traditional,KSA,1,18,182.42,1485.42,2024,1,7,Evening,No Discount,Hot
103748,2024-02-09 00:45:00,Giza-Zayed,Qishtouza Nutella,Medium,164.38,5,0.0,none,74606,62.0,Female,Unknown,Cash,ElMenus,44,4.5,117,16.1,30.9,4.0,0,Modern,Greater Cairo,1,0,115.07,936.97,2024,2,9,Late Night,No Discount,Cold
102197,2024-01-23 21:00:00,Alex-Stanly,Super B.Laban,Large,56.23,7,0.0,Nuts,62771,73.0,Male,Silver,Instapay,ElMenus,11,5.6,139,15.8,74.5,4.0,0,Signature,Alexandria,0,21,55.11,448.71999999999997,2024,1,23,Evening,No Discount,Cold
108419,2024-03-28 16:30:00,Alex-Stanly,Om Ali Cream,Large,80.76,5,0.0,none,55088,19.0,Male,Gold,Instapay,In-store,83,6.0,117,19.8,22.4,4.0,0,Traditional,Alexandria,0,16,56.53,460.33000000000004,2024,3,28,Afternoon,No Discount,Cold
100370,2024-01-04 20:15:00,Dubai-Marina,Rice Pudding Oven,Medium,92.51,10,0.0,Nutella,50202,17.0,Female,Unknown,Credit Card,In-store,44,11.4,101,19.5,38.8,2.0,0,Traditional,UAE,0,20,129.51,1054.6100000000001,2024,1,4,Evening,No Discount,Cold
109885,2024-04-12 23:00:00,Dubai-Marina,Ice Cream Mango,Medium,59.84,5,0.05,Nuts,55993,28.0,Male,Gold,Credit Card,In-store,117,12.2,135,28.4,31.0,3.0,0,Ice Cream,UAE,1,23,41.89,341.09000000000003,2024,4,12,Late Night,Low Discount,Hot
108006,2024-03-24 09:15:00,Dubai-Marina,Qishtouza Lotus,Medium,106.49,10,0.0,Lotus,85953,61.0,Male,Gold,Credit Card,Mobile App,82,2.1,103,22.7,37.9,3.0,0,Modern,UAE,1,9,149.09,1213.9899999999998,2024,3,24,Morning,No Discount,Moderate
104215,2024-02-13 21:30:00,Alex-Stanly,Qishtouza Nutella,Medium,164.38,9,0.0,Pistachio,53806,73.0,Male,Bronze,Cash,In-store,39,3.5,126,25.0,46.5,3.0,0,Modern,Alexandria,0,21,207.12,1686.54,2024,2,13,Evening,No Discount,Hot
100378,2024-01-04 22:15:00,Cairo-Nasr City,Super B.Laban,Medium,159.88,1,0.1,Lotus,69821,52.0,Male,Bronze,Credit Card,ElMenus,56,12.9,110,35.8,60.3,4.0,0,Signature,Greater Cairo,0,22,22.38,182.26,2024,1,4,Late Night,Medium Discount,Hot
109447,2024-04-08 09:30:00,Mansoura-Mashaya,Sweet Koshary Mix,Large,169.41,7,0.05,Lotus,78183,44.0,Female,Silver,Wallet,Mobile App,75,9.7,146,30.8,20.9,5.0,0,Signature,Delta,0,9,166.02,1351.8899999999999,2024,4,8,Morning,Low Discount,Hot
102217,2024-01-24 02:00:00,Tanta-Saeed,Ice Cream Mango,Medium,48.21,10,0.0,Nuts,76149,65.0,Male,Gold,Cash,In-store,115,8.8,136,26.3,46.3,1.0,0,Ice Cream,Delta,0,2,67.49,549.59,2024,1,24,Late Night,No Discount,Hot
108683,2024-03-31 10:30:00,Alex-Stanly,Sweet Koshary Mix,Medium,98.18,10,0.0,none,80593,59.0,Male,Silver,Wallet,Talabat,57,9.8,113,29.6,67.2,2.0,0,Signature,Alexandria,1,10,137.45,1119.25,2024,3,31,Morning,No Discount,Hot
101614,2024-01-17 19:15:00,Cairo-Nasr City,Qishtouza Nutella,Large,160.61,11,0.0,none,76648,14.0,Male,Bronze,Cash,Mobile App,85,1.1,103,21.6,35.0,3.0,0,Modern,Greater Cairo,0,19,247.34,2014.05,2024,1,17,Evening,No Discount,Moderate
106980,2024-03-13 16:45:00,Cairo-Zamalek,Om Ali Cream,Medium,163.0,2,0.1,none,87099,35.0,Female,Silver,Credit Card,In-store,39,2.0,130,22.8,40.2,5.0,0,Traditional,Greater Cairo,0,16,45.64,371.64,2024,3,13,Afternoon,Medium Discount,Moderate
107550,2024-03-19 15:15:00,Alex-Stanly,Super B.Laban,Medium,139.39,4,0.0,Nuts,73483,57.0,Male,Silver,Cash,ElMenus,117,13.9,149,21.3,86.9,3.0,0,Signature,Alexandria,0,15,78.06,635.6199999999999,2024,3,19,Afternoon,No Discount,Moderate
101828,2024-01-20 00:45:00,Riyadh-Olaya,Rice Pudding Nuts,Large,132.55,3,0.0,Pistachio,70324,28.0,Female,Silver,Instapay,Mobile App,84,2.4,118,21.9,75.5,1.0,0,Traditional,KSA,1,0,55.67,453.32000000000005,2024,1,20,Late Night,No Discount,Moderate
103633,2024-02-07 20:00:00,Dubai-Marina,Om Ali Cream,Small,104.57,1,0.1,none,60600,51.0,Female,Gold,Instapay,ElMenus,24,4.0,119,19.2,61.5,1.0,0,Traditional,UAE,0,20,14.64,119.21,2024,2,7,Evening,Medium Discount,Cold
100963,2024-01-11 00:30:00,Tanta-Saeed,Rice Pudding Nuts,Medium,172.43,11,0.05,Nutella,60479,12.0,Female,Gold,Instapay,In-store,42,4.6,146,36.5,39.4,2.0,0,Traditional,Delta,0,0,265.54,2162.27,2024,1,11,Late Night,Low Discount,Hot
102994,2024-02-01 04:15:00,Cairo-Zamalek,Rice Pudding Oven,Small,55.36,3,0.0,Lotus,65707,45.0,Male,Silver,Wallet,Mobile App,58,3.1,108,44.7,40.2,4.0,0,Traditional,Greater Cairo,0,4,23.25,189.32999999999998,2024,2,1,Late Night,No Discount,Hot
106607,2024-03-09 19:30:00,Mansoura-Mashaya,Rice Pudding Oven,Medium,122.06,7,0.0,Nutella,74719,43.5,Male,Unknown,Wallet,Talabat,37,10.0,128,44.3,58.5,3.0,1,Traditional,Delta,1,19,119.62,974.0400000000001,2024,3,9,Evening,No Discount,Hot
109673,2024-04-10 18:00:00,Cairo-Zamalek,Qishtouza Lotus,Medium,76.53,2,0.1,none,87035,58.0,Female,Unknown,Wallet,Mobile App,106,3.9,104,28.9,36.4,3.0,0,Modern,Greater Cairo,0,18,21.43,174.49,2024,4,10,Evening,Medium Discount,Hot
102377,2024-01-25 18:00:00,Alex-Stanly,Super B.Laban,Small,48.6,8,0.05,Lotus,61438,26.0,Male,Bronze,Cash,In-store,22,8.7,106,24.9,79.9,3.0,0,Signature,Alexandria,0,18,54.43,443.23,2024,1,25,Evening,Low Discount,Moderate
108881,2024-04-02 12:00:00,Tanta-Saeed,Super B.Laban,Small,95.77,1,0.0,Pistachio,68663,69.0,Male,Gold,Credit Card,ElMenus,76,11.7,123,16.4,86.4,1.0,0,Signature,Delta,0,12,13.41,109.17999999999999,2024,4,2,Afternoon,No Discount,Cold
100360,2024-01-04 17:45:00,Alex-Stanly,Om Ali Cream,Medium,75.32,3,0.0,Nutella,51967,43.5,Female,Gold,Cash,Talabat,14,12.8,107,41.3,39.9,1.0,0,Traditional,Alexandria,0,17,31.63,257.59,2024,1,4,Evening,No Discount,Hot
103840,2024-02-09 23:45:00,Tanta-Saeed,Super B.Laban,Large,98.86,4,0.1,none,87238,39.0,Female,Bronze,Instapay,Mobile App,81,3.3,117,29.2,54.0,2.0,0,Signature,Delta,1,23,55.36,450.8,2024,2,9,Late Night,Medium Discount,Hot
108185,2024-03-26 06:00:00,Cairo-Zamalek,Super B.Laban,Medium,68.61,3,0.0,Pistachio,57334,33.0,Female,Unknown,Instapay,In-store,107,10.9,149,41.4,36.8,4.0,0,Signature,Greater Cairo,0,6,28.82,234.64999999999998,2024,3,26,Morning,No Discount,Hot
101247,2024-01-13 23:30:00,Tanta-Saeed,Ice Cream Mango,Medium,171.74,11,0.0,Lotus,78768,66.0,Male,Unknown,Instapay,In-store,112,3.2,136,39.3,36.0,5.0,0,Ice Cream,Delta,1,23,264.48,2153.62,2024,1,13,Late Night,No Discount,Hot
107505,2024-03-19 04:00:00,Dubai-Marina,Super B.Laban,Medium,41.77,4,0.0,Pistachio,84436,43.5,Female,Unknown,Cash,Mobile App,94,5.5,140,20.1,58.3,1.0,0,Signature,UAE,0,4,23.39,190.47000000000003,2024,3,19,Late Night,No Discount,Moderate
108350,2024-03-27 23:15:00,Riyadh-Olaya,Om Ali Cream,Medium,85.77,5,0.0,Nutella,67294,44.0,Female,Unknown,Wallet,Talabat,74,11.7,135,31.4,37.6,4.0,0,Traditional,KSA,0,23,60.04,488.89,2024,3,27,Late Night,No Discount,Hot
106512,2024-03-08 19:45:00,Riyadh-Olaya,Ice Cream Mango,Medium,123.14,6,0.05,none,89561,16.0,Female,Silver,Cash,In-store,90,3.6,146,20.3,56.7,3.0,0,Ice Cream,KSA,1,19,103.44,842.28,2024,3,8,Evening,Low Discount,Moderate
105088,2024-02-22 23:45:00,Dubai-Marina,Qishtouza Lotus,Small,108.05,5,0.0,none,72735,54.0,Female,Silver,Cash,Talabat,91,2.1,102,42.9,22.7,3.0,0,Modern,UAE,0,23,75.64,615.89,2024,2,22,Late Night,No Discount,Hot
103695,2024-02-08 11:30:00,Riyadh-Olaya,Om Ali Cream,Medium,137.32,6,0.15,Nuts,76370,12.0,Female,Unknown,Credit Card,ElMenus,49,14.3,128,39.1,59.3,3.0,0,Traditional,KSA,0,11,115.35,939.27,2024,2,8,Morning,Medium Discount,Hot
101574,2024-01-17 09:15:00,Tanta-Saeed,Om Ali Cream,Medium,47.49,7,0.05,Nutella,67275,29.0,Male,Unknown,Wallet,In-store,61,7.1,135,31.9,40.6,3.0,0,Traditional,Delta,0,9,46.54,378.97,2024,1,17,Morning,Low Discount,Hot
106282,2024-03-06 10:15:00,Cairo-Nasr City,Sweet Koshary Mix,Large,94.9,9,0.1,Lotus,73896,62.0,Female,Unknown,Cash,In-store,67,12.7,104,31.9,22.8,1.0,0,Signature,Greater Cairo,0,10,119.57,973.6700000000001,2024,3,6,Morning,Medium Discount,Hot
105440,2024-02-26 15:45:00,Riyadh-Olaya,Rice Pudding Nuts,Small,123.88,8,0.1,Lotus,67128,65.0,Female,Silver,Instapay,In-store,111,14.1,144,35.0,34.1,4.0,0,Traditional,KSA,0,15,138.75,1129.79,2024,2,26,Afternoon,Medium Discount,Hot
102568,2024-01-27 17:45:00,Cairo-Zamalek,Om Ali Cream,Small,43.79,10,0.0,none,58329,33.0,Male,Bronze,Credit Card,Talabat,20,1.1,126,34.2,34.3,3.0,0,Traditional,Greater Cairo,1,17,61.31,499.21,2024,1,27,Evening,No Discount,Hot
103424,2024-02-05 15:45:00,Mansoura-Mashaya,Ice Cream Mango,Medium,150.69,6,0.0,Lotus,85948,35.0,Female,Unknown,Instapay,In-store,80,6.3,113,21.3,60.2,4.0,0,Ice Cream,Delta,0,15,126.58,1030.72,2024,2,5,Afternoon,No Discount,Moderate
102038,2024-01-22 05:15:00,Dubai-Marina,Ice Cream Mango,Large,62.61,5,0.0,Pistachio,88202,39.0,Female,Unknown,Credit Card,In-store,46,8.0,108,27.4,73.7,4.0,0,Ice Cream,UAE,0,5,43.83,356.88,2024,1,22,Morning,No Discount,Hot
109244,2024-04-06 06:45:00,Giza-Zayed,Rice Pudding Nuts,Medium,123.15,4,0.0,Nutella,86460,14.0,Male,Unknown,Wallet,Mobile App,97,7.9,122,39.6,89.3,2.0,0,Traditional,Greater Cairo,1,6,68.96,561.5600000000001,2024,4,6,Morning,No Discount,Hot
100773,2024-01-09 01:00:00,Cairo-Nasr City,Qishtouza Nutella,Medium,126.28,2,0.1,Lotus,64157,40.0,Female,Unknown,Instapay,In-store,38,9.6,123,43.6,29.2,1.0,0,Modern,Greater Cairo,0,1,35.36,287.92,2024,1,9,Late Night,Medium Discount,Hot
105381,2024-02-26 01:00:00,Cairo-Nasr City,Qishtouza Nutella,Large,44.34,11,0.1,Nuts,65764,23.0,Male,Bronze,Cash,Talabat,64,7.0,124,40.7,57.4,5.0,0,Modern,Greater Cairo,0,1,68.28,556.02,2024,2,26,Late Night,Medium Discount,Hot
109569,2024-04-09 16:00:00,Alex-Stanly,Om Ali Cream,Small,57.12,8,0.0,Nutella,89457,59.0,Male,Unknown,Instapay,Mobile App,118,0.7,131,31.4,47.2,1.0,0,Traditional,Alexandria,0,16,63.97,520.93,2024,4,9,Afternoon,No Discount,Hot
103563,2024-02-07 02:30:00,Giza-Zayed,Rice Pudding Oven,Medium,94.32,10,0.0,Nutella,56710,38.0,Male,Gold,Wallet,Mobile App,42,13.9,141,24.5,42.2,2.0,0,Traditional,Greater Cairo,0,2,132.05,1075.25,2024,2,7,Late Night,No Discount,Moderate
100563,2024-01-06 20:30:00,Dubai-Marina,Qishtouza Nutella,Small,115.79,3,0.0,Lotus,64032,68.0,Female,Silver,Cash,Talabat,25,8.5,121,24.1,30.1,2.0,0,Modern,UAE,1,20,48.63,396.0,2024,1,6,Evening,No Discount,Moderate
106684,2024-03-10 14:45:00,Mansoura-Mashaya,Sweet Koshary Mix,Large,132.34,4,0.05,Lotus,64919,74.0,Female,Bronze,Credit Card,ElMenus,57,7.9,139,26.4,86.4,1.0,1,Signature,Delta,1,14,74.11,603.47,2024,3,10,Afternoon,Low Discount,Hot
102547,2024-01-27 12:30:00,Riyadh-Olaya,Qishtouza Lotus,Medium,171.66,1,0.0,Nuts,75241,72.0,Male,Silver,Credit Card,In-store,52,10.0,144,29.6,80.1,5.0,0,Modern,KSA,1,12,24.03,195.69,2024,1,27,Afternoon,No Discount,Hot
105511,2024-02-27 09:30:00,Riyadh-Olaya,Sweet Koshary Mix,Medium,100.8,10,0.0,none,61935,71.0,Female,Bronze,Instapay,In-store,29,9.4,114,29.6,65.3,5.0,0,Signature,KSA,0,9,141.12,1149.12,2024,2,27,Morning,No Discount,Hot
105331,2024-02-25 12:30:00,Cairo-Zamalek,Qishtouza Lotus,Small,45.86,2,0.0,none,73007,42.0,Female,Bronze,Instapay,ElMenus,23,10.2,101,18.1,32.9,1.0,0,Modern,Greater Cairo,1,12,12.84,104.56,2024,2,25,Afternoon,No Discount,Cold
109668,2024-04-10 16:45:00,Dubai-Marina,Super B.Laban,Small,175.49,1,0.0,Nutella,78013,20.0,Male,Bronze,Wallet,Mobile App,25,6.9,147,25.6,74.4,3.0,0,Signature,UAE,0,16,24.57,200.06,2024,4,10,Afternoon,No Discount,Hot
104532,2024-02-17 04:45:00,Tanta-Saeed,Sweet Koshary Mix,Large,159.7,10,0.0,none,73473,64.0,Female,Silver,Credit Card,ElMenus,70,4.3,132,37.4,20.1,3.0,0,Signature,Delta,1,4,223.58,1820.58,2024,2,17,Late Night,No Discount,Hot
101675,2024-01-18 10:30:00,Cairo-Nasr City,Qishtouza Lotus,Small,89.18,1,0.0,Pistachio,78698,30.0,Male,Silver,Instapay,In-store,38,2.7,118,27.3,74.1,5.0,0,Modern,Greater Cairo,0,10,12.49,101.67,2024,1,18,Morning,No Discount,Hot
107396,2024-03-18 00:45:00,Riyadh-Olaya,Ice Cream Mango,Large,94.19,10,0.05,none,81786,71.0,Male,Gold,Wallet,Mobile App,65,13.2,119,23.5,69.6,5.0,0,Ice Cream,KSA,0,0,131.87,1073.77,2024,3,18,Late Night,Low Discount,Moderate
100366,2024-01-04 19:15:00,Dubai-Marina,Qishtouza Nutella,Medium,146.47,5,0.0,Lotus,84335,70.0,Female,Gold,Credit Card,ElMenus,93,14.0,134,19.7,82.8,1.0,0,Modern,UAE,0,19,102.53,834.88,2024,1,4,Evening,No Discount,Cold
108017,2024-03-24 12:00:00,Riyadh-Olaya,Rice Pudding Nuts,Medium,103.72,5,0.0,Nuts,87481,280.0,Female,Gold,Wallet,Mobile App,114,0.6,105,33.3,78.7,5.0,0,Traditional,KSA,1,12,72.6,591.2,2024,3,24,Afternoon,No Discount,Hot
109377,2024-04-07 16:00:00,Cairo-Nasr City,Rice Pudding Nuts,Large,72.01,2,0.0,Nutella,56274,37.0,Male,Silver,Credit Card,ElMenus,80,1.0,103,32.5,47.4,4.0,0,Traditional,Greater Cairo,1,16,20.16,164.18,2024,4,7,Afternoon,No Discount,Hot
104328,2024-02-15 01:45:00,Giza-Zayed,Rice Pudding Nuts,Medium,48.39,1,0.0,Pistachio,76531,41.0,Female,Unknown,Cash,ElMenus,31,13.6,115,31.5,54.8,2.0,0,Traditional,Greater Cairo,0,1,6.77,55.16,2024,2,15,Late Night,No Discount,Hot
109984,2024-04-13 23:45:00,Alex-Stanly,Qishtouza Lotus,Medium,143.45,9,0.0,none,52241,67.0,Female,Silver,Instapay,Mobile App,20,9.4,127,35.6,86.7,2.0,0,Modern,Alexandria,1,23,180.75,1471.8,2024,4,13,Late Night,No Discount,Hot
100148,2024-01-02 12:45:00,Alex-Stanly,Ice Cream Mango,Medium,71.99,4,0.0,none,52808,55.0,Female,Silver,Cash,Talabat,36,0.6,128,38.3,58.5,4.0,0,Ice Cream,Alexandria,0,12,40.31,328.27,2024,1,2,Afternoon,No Discount,Hot
101669,2024-01-18 09:00:00,Dubai-Marina,Rice Pudding Nuts,Medium,69.82,8,0.0,none,82623,55.0,Female,Gold,Credit Card,Talabat,92,12.8,114,19.4,57.8,2.0,0,Traditional,UAE,0,9,78.2,636.76,2024,1,18,Morning,No Discount,Cold
103089,2024-02-02 04:00:00,Giza-Zayed,Rice Pudding Oven,Medium,156.93,4,0.0,Nuts,69612,49.0,Female,Unknown,Credit Card,Mobile App,54,6.9,143,32.9,66.8,3.0,0,Traditional,Greater Cairo,1,4,87.88,715.6,2024,2,2,Late Night,No Discount,Hot
108845,2024-04-02 03:00:00,Riyadh-Olaya,Rice Pudding Oven,Medium,134.72,4,0.0,Nutella,64344,280.0,Female,Unknown,Instapay,ElMenus,46,5.4,114,35.3,40.7,2.0,0,Traditional,KSA,0,3,75.44,614.3199999999999,2024,4,2,Late Night,No Discount,Hot
107651,2024-03-20 16:30:00,Cairo-Nasr City,Qishtouza Nutella,Medium,111.92,11,0.0,none,69258,32.0,Female,Unknown,Wallet,ElMenus,16,11.6,106,16.7,44.0,1.0,0,Modern,Greater Cairo,0,16,172.36,1403.48,2024,3,20,Afternoon,No Discount,Cold
100408,2024-01-05 05:45:00,Riyadh-Olaya,Om Ali Cream,Medium,120.7,5,0.0,Lotus,82381,30.0,Female,Unknown,Cash,Mobile App,46,9.3,109,23.5,69.5,3.0,0,Traditional,KSA,1,5,84.49,687.99,2024,1,5,Morning,No Discount,Moderate
109585,2024-04-09 20:00:00,Riyadh-Olaya,Qishtouza Nutella,Small,59.77,7,0.05,Nutella,82889,46.0,Male,Unknown,Credit Card,Mobile App,58,13.9,136,20.7,69.6,3.0,0,Modern,KSA,0,20,58.57,476.96000000000004,2024,4,9,Evening,Low Discount,Moderate
107789,2024-03-22 03:00:00,Giza-Zayed,Rice Pudding Oven,Medium,145.75,1,0.15,Pistachio,82714,46.0,Female,Bronze,Wallet,Talabat,28,3.0,129,30.9,44.1,3.0,0,Traditional,Greater Cairo,1,3,20.4,166.15,2024,3,22,Late Night,Medium Discount,Hot
103457,2024-02-06 00:00:00,Cairo-Nasr City,Qishtouza Lotus,Small,137.69,6,0.0,Nutella,74121,22.0,Female,Bronze,Credit Card,Mobile App,46,6.3,116,37.6,56.7,2.0,0,Modern,Greater Cairo,0,0,115.66,941.8,2024,2,6,Late Night,No Discount,Hot
106187,2024-03-05 10:30:00,Mansoura-Mashaya,Super B.Laban,Medium,120.06,4,0.0,Nutella,81500,61.0,Female,Unknown,Credit Card,ElMenus,80,13.5,106,33.1,63.5,2.0,0,Signature,Delta,0,10,67.23,547.47,2024,3,5,Morning,No Discount,Hot
104183,2024-02-13 13:30:00,Alex-Stanly,Om Ali Cream,Large,102.42,3,0.15,none,57676,15.0,Female,Unknown,Cash,Talabat,48,2.8,119,36.0,50.2,3.0,0,Traditional,Alexandria,0,13,43.02,350.28,2024,2,13,Afternoon,Medium Discount,Hot
103577,2024-02-07 06:00:00,Giza-Zayed,Ice Cream Mango,Medium,75.53,2,0.0,Lotus,59953,66.0,Male,Bronze,Credit Card,Mobile App,51,14.9,121,31.3,68.6,1.0,0,Ice Cream,Greater Cairo,0,6,21.15,172.21,2024,2,7,Morning,No Discount,Hot
103272,2024-02-04 01:45:00,Dubai-Marina,Qishtouza Lotus,Medium,48.15,8,0.05,none,55593,21.0,Male,Bronze,Cash,ElMenus,70,14.8,113,44.4,44.7,1.0,0,Modern,UAE,1,1,53.93,439.13,2024,2,4,Late Night,Low Discount,Hot
104941,2024-02-21 11:00:00,Alex-Stanly,Sweet Koshary Mix,Medium,56.71,8,0.15,Nuts,85324,43.5,Female,Bronze,Credit Card,Talabat,66,5.7,149,28.7,87.0,2.0,0,Signature,Alexandria,0,11,63.52,517.2,2024,2,21,Morning,Medium Discount,Hot
101032,2024-01-11 17:45:00,Riyadh-Olaya,Super B.Laban,Small,158.17,3,0.0,Nutella,57280,63.0,Female,Unknown,Instapay,Mobile App,117,1.9,127,33.9,70.4,2.0,0,Signature,KSA,0,17,66.43,540.94,2024,1,11,Evening,No Discount,Hot
108873,2024-04-02 10:00:00,Cairo-Nasr City,Sweet Koshary Mix,Medium,123.79,2,0.0,Lotus,57295,17.0,Male,Silver,Credit Card,In-store,119,1.5,108,43.5,42.0,4.0,0,Signature,Greater Cairo,0,10,34.66,282.24,2024,4,2,Morning,No Discount,Hot
106231,2024-03-05 21:30:00,Dubai-Marina,Rice Pudding Nuts,Small,154.5,9,0.0,none,83841,32.0,Female,Bronze,Instapay,ElMenus,43,0.6,141,16.8,36.1,4.0,0,Traditional,UAE,0,21,194.67,1585.17,2024,3,5,Evening,No Discount,Cold
106593,2024-03-09 16:00:00,Cairo-Nasr City,Rice Pudding Nuts,Medium,143.17,2,0.0,Nutella,65778,33.0,Female,Unknown,Cash,ElMenus,113,13.4,105,19.0,31.3,5.0,0,Traditional,Greater Cairo,1,16,40.09,326.42999999999995,2024,3,9,Afternoon,No Discount,Cold
108907,2024-04-02 18:30:00,Alex-Stanly,Rice Pudding Nuts,Large,175.14,5,0.0,none,55842,58.0,Female,Silver,Instapay,Talabat,49,14.3,134,32.0,45.1,1.0,0,Traditional,Alexandria,0,18,122.6,998.3,2024,4,2,Evening,No Discount,Hot
109812,2024-04-12 04:45:00,Cairo-Zamalek,Rice Pudding Nuts,Large,70.12,6,0.0,none,88557,38.0,Female,Unknown,Wallet,In-store,116,12.8,143,23.6,65.1,5.0,0,Traditional,Greater Cairo,1,4,58.9,479.62,2024,4,12,Late Night,No Discount,Moderate
106725,2024-03-11 01:00:00,Tanta-Saeed,Om Ali Cream,Large,153.63,1,0.0,Nuts,50303,14.0,Male,Gold,Credit Card,Mobile App,15,1.4,120,16.9,72.5,4.0,0,Traditional,Delta,0,1,21.51,175.14,2024,3,11,Late Night,No Discount,Cold
108030,2024-03-24 15:15:00,Tanta-Saeed,Super B.Laban,Large,167.78,11,0.0,Lotus,72860,56.0,Male,Unknown,Wallet,In-store,32,7.3,116,18.0,54.7,2.0,0,Signature,Delta,1,15,258.38,2103.96,2024,3,24,Afternoon,No Discount,Cold
108053,2024-03-24 21:00:00,Cairo-Zamalek,Om Ali Cream,Large,74.58,8,0.0,Pistachio,77003,41.0,Female,Unknown,Credit Card,Mobile App,63,4.5,125,15.4,42.2,2.0,0,Traditional,Greater Cairo,1,21,83.53,680.17,2024,3,24,Evening,No Discount,Cold
100856,2024-01-09 21:45:00,Mansoura-Mashaya,Rice Pudding Oven,Medium,93.31,6,0.15,Nuts,69201,67.0,Female,Silver,Credit Card,In-store,85,4.0,101,27.8,45.9,2.0,0,Traditional,Delta,0,21,78.38,638.24,2024,1,9,Evening,Medium Discount,Hot
103927,2024-02-10 21:30:00,Alex-Stanly,Rice Pudding Oven,Small,75.51,8,0.1,none,75460,68.0,Male,Unknown,Cash,Mobile App,43,10.2,120,24.4,48.4,3.0,0,Traditional,Alexandria,1,21,84.57,688.6500000000001,2024,2,10,Evening,Medium Discount,Moderate
108548,2024-03-30 00:45:00,Cairo-Nasr City,Super B.Laban,Medium,122.13,2,0.0,none,88297,44.0,Male,Gold,Credit Card,ElMenus,13,11.6,148,21.0,56.5,1.0,0,Signature,Greater Cairo,1,0,34.2,278.46,2024,3,30,Late Night,No Discount,Moderate
100079,2024-01-01 19:30:00,Dubai-Marina,Qishtouza Nutella,Small,150.08,10,0.15,Nuts,83025,43.5,Male,Unknown,Credit Card,Talabat,117,7.9,145,18.1,85.2,3.0,0,Modern,UAE,0,19,210.11,1710.9100000000003,2024,1,1,Evening,Medium Discount,Cold
107089,2024-03-14 20:00:00,Dubai-Marina,Rice Pudding Oven,Medium,76.08,8,0.0,Lotus,52273,66.0,Male,Unknown,Wallet,Talabat,100,5.5,141,21.0,58.1,2.0,0,Traditional,UAE,0,20,85.21,693.85,2024,3,14,Evening,No Discount,Moderate
102248,2024-01-24 09:45:00,Dubai-Marina,Rice Pudding Nuts,Small,154.96,10,0.0,Nuts,63843,29.0,Female,Gold,Wallet,Mobile App,93,8.9,139,23.7,43.9,1.0,0,Traditional,UAE,0,9,216.94,1766.5400000000002,2024,1,24,Morning,No Discount,Moderate
108264,2024-03-27 01:45:00,Mansoura-Mashaya,Om Ali Cream,Large,67.83,10,0.0,Pistachio,79522,39.0,Male,Unknown,Instapay,Talabat,75,9.3,134,34.9,66.3,1.0,0,Traditional,Delta,0,1,94.96,773.26,2024,3,27,Late Night,No Discount,Hot
104027,2024-02-11 22:30:00,Cairo-Nasr City,Qishtouza Nutella,Medium,173.56,7,0.0,Pistachio,75383,71.0,Female,Unknown,Wallet,Mobile App,65,1.5,128,25.4,27.3,1.0,0,Modern,Greater Cairo,1,22,170.09,1385.01,2024,2,11,Late Night,No Discount,Hot
109950,2024-04-13 15:15:00,Tanta-Saeed,Rice Pudding Oven,Medium,106.52,5,0.0,Nutella,53169,37.0,Female,Unknown,Cash,ElMenus,38,7.8,104,33.0,72.7,2.0,0,Traditional,Delta,1,15,74.56,607.1600000000001,2024,4,13,Afternoon,No Discount,Hot
109572,2024-04-09 16:45:00,Mansoura-Mashaya,Qishtouza Lotus,Large,178.89,4,0.05,Pistachio,72410,47.0,Male,Gold,Cash,Mobile App,109,14.0,149,44.9,34.5,4.0,0,Modern,Delta,0,16,100.18,815.74,2024,4,9,Afternoon,Low Discount,Hot
109296,2024-04-06 19:45:00,Alex-Stanly,Sweet Koshary Mix,Small,132.41,3,0.0,Lotus,65737,25.0,Male,Unknown,Instapay,Mobile App,81,14.8,131,41.8,70.2,2.0,0,Signature,Alexandria,1,19,55.61,452.84000000000003,2024,4,6,Evening,No Discount,Hot
100715,2024-01-08 10:30:00,Riyadh-Olaya,Super B.Laban,Large,53.54,6,0.05,none,62234,64.0,Male,Unknown,Cash,ElMenus,53,5.5,121,33.6,53.4,5.0,0,Signature,KSA,0,10,44.97,366.21000000000004,2024,1,8,Morning,Low Discount,Hot
107452,2024-03-18 14:45:00,Tanta-Saeed,Rice Pudding Nuts,Small,84.66,6,0.0,none,85324,50.0,Female,Bronze,Wallet,Mobile App,54,14.9,149,42.8,53.2,1.0,0,Traditional,Delta,0,14,71.11,579.0699999999999,2024,3,18,Afternoon,No Discount,Hot
100789,2024-01-09 05:00:00,Riyadh-Olaya,Super B.Laban,Large,70.63,11,0.0,none,59739,13.0,Male,Bronze,Credit Card,In-store,96,2.2,117,42.7,40.3,3.0,0,Signature,KSA,0,5,108.77,885.6999999999999,2024,1,9,Morning,No Discount,Hot
102280,2024-01-24 17:45:00,Alex-Stanly,Rice Pudding Nuts,Medium,97.18,10,0.0,Lotus,77319,49.0,Female,Gold,Cash,Talabat,35,14.4,107,16.5,72.6,1.0,0,Traditional,Alexandria,0,17,136.05,1107.8500000000001,2024,1,24,Evening,No Discount,Cold
104096,2024-02-12 15:45:00,Cairo-Nasr City,Super B.Laban,Large,146.68,1,0.0,Nuts,56377,37.0,Female,Gold,Credit Card,Talabat,87,2.6,115,27.9,21.7,3.0,0,Signature,Greater Cairo,0,15,20.54,167.22,2024,2,12,Afternoon,No Discount,Hot
103898,2024-02-10 14:15:00,Cairo-Nasr City,Rice Pudding Oven,Small,131.97,11,0.1,none,62316,47.0,Female,Unknown,Wallet,ElMenus,19,11.6,134,35.1,46.0,2.0,0,Traditional,Greater Cairo,1,14,203.23,1654.9,2024,2,10,Afternoon,Medium Discount,Hot
107945,2024-03-23 18:00:00,Alex-Stanly,Qishtouza Lotus,Medium,45.48,3,0.0,Nutella,57399,39.0,Male,Silver,Credit Card,Mobile App,67,14.2,130,28.6,89.0,1.0,0,Modern,Alexandria,1,18,19.1,155.54,2024,3,23,Evening,No Discount,Hot
107178,2024-03-15 18:15:00,Riyadh-Olaya,Rice Pudding Oven,Medium,79.82,7,0.0,none,80448,63.0,Male,Bronze,Wallet,ElMenus,112,6.2,119,34.4,71.9,3.0,0,Traditional,KSA,1,18,78.22,636.96,2024,3,15,Evening,No Discount,Hot
109077,2024-04-04 13:00:00,Riyadh-Olaya,Rice Pudding Oven,Large,56.49,5,0.0,Pistachio,73199,38.0,Male,Unknown,Credit Card,In-store,39,9.9,145,34.1,62.9,5.0,0,Traditional,KSA,0,13,39.54,321.99,2024,4,4,Afternoon,No Discount,Hot
109453,2024-04-08 11:00:00,Giza-Zayed,Ice Cream Mango,Medium,78.91,8,0.0,Lotus,63576,57.0,Female,Bronze,Instapay,ElMenus,89,0.8,119,24.7,86.8,4.0,0,Ice Cream,Greater Cairo,0,11,88.38,719.66,2024,4,8,Morning,No Discount,Moderate
103632,2024-02-07 19:45:00,Cairo-Nasr City,Qishtouza Lotus,Small,61.09,9,0.0,none,84738,15.0,Male,Gold,Instapay,Talabat,53,9.4,106,31.4,84.6,5.0,0,Modern,Greater Cairo,0,19,76.97,626.7800000000001,2024,2,7,Evening,No Discount,Hot
108625,2024-03-30 20:00:00,Cairo-Nasr City,Rice Pudding Nuts,Large,152.28,6,0.0,Pistachio,60866,70.0,Female,Unknown,Cash,Talabat,41,8.6,117,19.1,89.7,1.0,0,Traditional,Greater Cairo,1,20,127.92,1041.6000000000001,2024,3,30,Evening,No Discount,Cold
107298,2024-03-17 00:15:00,Tanta-Saeed,Qishtouza Nutella,Large,138.0,1,0.15,Pistachio,66097,24.0,Female,Unknown,Cash,In-store,26,3.0,114,30.3,59.8,2.0,0,Modern,Delta,1,0,19.32,157.32,2024,3,17,Late Night,Medium Discount,Hot
106273,2024-03-06 08:00:00,Cairo-Nasr City,Om Ali Cream,Large,87.91,9,0.0,Pistachio,62996,33.0,Male,Unknown,Instapay,In-store,76,5.6,144,18.7,42.0,2.0,0,Traditional,Greater Cairo,0,8,110.77,901.9599999999999,2024,3,6,Morning,No Discount,Cold
100425,2024-01-05 10:00:00,Riyadh-Olaya,Rice Pudding Oven,Large,169.73,11,0.0,Nuts,88449,42.0,Male,Unknown,Wallet,Mobile App,16,6.3,128,16.2,60.1,5.0,0,Traditional,KSA,1,10,261.38,2128.41,2024,1,5,Morning,No Discount,Cold
100393,2024-01-05 02:00:00,Riyadh-Olaya,Super B.Laban,Medium,78.12,10,0.0,Lotus,77626,13.0,Male,Unknown,Wallet,ElMenus,101,12.1,104,19.7,64.3,3.0,0,Signature,KSA,1,2,109.37,890.57,2024,1,5,Late Night,No Discount,Cold
103192,2024-02-03 05:45:00,Riyadh-Olaya,Rice Pudding Oven,Medium,62.08,11,0.1,Nuts,64658,43.5,Male,Gold,Credit Card,In-store,19,5.2,133,26.1,53.0,3.0,0,Traditional,KSA,1,5,95.6,778.48,2024,2,3,Morning,Medium Discount,Hot
100017,2024-01-01 04:00:00,Giza-Zayed,Rice Pudding Nuts,Small,143.85,1,0.0,Pistachio,74581,54.0,Male,Unknown,Wallet,Talabat,93,7.8,115,36.9,76.1,4.0,0,Traditional,Greater Cairo,0,4,20.14,163.99,2024,1,1,Late Night,No Discount,Hot
106336,2024-03-06 23:45:00,Cairo-Nasr City,Super B.Laban,Large,154.33,4,0.0,Nuts,52993,13.0,Female,Gold,Wallet,Talabat,50,12.8,117,20.3,86.9,1.0,0,Signature,Greater Cairo,0,23,86.42,703.74,2024,3,6,Late Night,No Discount,Moderate
104201,2024-02-13 18:00:00,Riyadh-Olaya,Ice Cream Mango,Medium,150.96,2,0.05,Lotus,89738,43.5,Male,Bronze,Credit Card,Talabat,82,1.5,109,18.4,25.4,5.0,0,Ice Cream,KSA,0,18,42.27,344.19,2024,2,13,Evening,Low Discount,Cold
102673,2024-01-28 20:00:00,Cairo-Zamalek,Ice Cream Mango,Medium,79.56,4,0.15,Nutella,66374,16.0,Female,Gold,Wallet,Talabat,45,0.7,126,30.1,75.1,5.0,0,Ice Cream,Greater Cairo,1,20,44.55,362.79,2024,1,28,Evening,Medium Discount,Hot
102445,2024-01-26 11:00:00,Giza-Zayed,Om Ali Cream,Small,166.58,11,0.0,none,74227,48.0,Female,Gold,Instapay,Mobile App,23,14.8,146,21.5,29.9,1.0,0,Traditional,Greater Cairo,1,11,256.53,2088.91,2024,1,26,Morning,No Discount,Moderate
106698,2024-03-10 18:15:00,Cairo-Nasr City,Qishtouza Nutella,Medium,43.6,3,0.0,Lotus,55172,54.0,Female,Bronze,Cash,Mobile App,26,5.7,132,27.5,60.8,4.0,0,Modern,Greater Cairo,1,18,18.31,149.11,2024,3,10,Evening,No Discount,Hot
106165,2024-03-05 05:00:00,Alex-Stanly,Qishtouza Lotus,Medium,86.07,10,0.0,Lotus,71816,52.0,Female,Silver,Credit Card,ElMenus,61,13.6,107,40.2,89.8,1.0,0,Modern,Alexandria,0,5,120.5,981.1999999999999,2024,3,5,Morning,No Discount,Hot
102602,2024-01-28 02:15:00,Cairo-Nasr City,Ice Cream Mango,Medium,179.54,4,0.0,none,68208,59.0,Male,Unknown,Cash,Talabat,69,10.9,139,21.1,79.1,1.0,0,Ice Cream,Greater Cairo,1,2,100.54,818.6999999999999,2024,1,28,Late Night,No Discount,Moderate
103494,2024-02-06 09:15:00,Tanta-Saeed,Qishtouza Lotus,Medium,100.33,2,0.0,Lotus,59733,45.0,Male,Silver,Wallet,Mobile App,16,6.2,122,23.1,84.2,1.0,1,Modern,Delta,0,9,28.09,228.75,2024,2,6,Morning,No Discount,Moderate
106045,2024-03-03 23:00:00,Alex-Stanly,Om Ali Cream,Medium,94.03,9,0.0,Lotus,64590,65.0,Male,Bronze,Credit Card,Talabat,22,6.5,124,35.8,21.6,2.0,0,Traditional,Alexandria,1,23,118.48,964.75,2024,3,3,Late Night,No Discount,Hot
101460,2024-01-16 04:45:00,Alex-Stanly,Om Ali Cream,Large,144.53,11,0.1,Lotus,55572,67.0,Female,Bronze,Instapay,ElMenus,85,5.8,112,34.0,62.8,2.0,1,Traditional,Alexandria,0,4,222.58,1812.4099999999999,2024,1,16,Late Night,Medium Discount,Hot
103805,2024-02-09 15:00:00,Cairo-Zamalek,Om Ali Cream,Large,86.57,2,0.05,none,67260,53.0,Male,Gold,Credit Card,In-store,21,1.3,138,43.5,35.6,4.0,0,Traditional,Greater Cairo,1,15,24.24,197.38,2024,2,9,Afternoon,Low Discount,Hot
109846,2024-04-12 13:15:00,Dubai-Marina,Qishtouza Lotus,Small,86.35,2,0.15,Nutella,52635,67.0,Female,Bronze,Wallet,Mobile App,12,10.0,116,27.4,68.3,1.0,0,Modern,UAE,1,13,24.18,196.88,2024,4,12,Afternoon,Medium Discount,Hot
107395,2024-03-18 00:30:00,Dubai-Marina,Om Ali Cream,Medium,83.09,6,0.0,Nuts,72529,36.0,Male,Gold,Instapay,ElMenus,99,7.2,110,20.7,87.8,3.0,0,Traditional,UAE,0,0,69.8,568.34,2024,3,18,Late Night,No Discount,Moderate
104840,2024-02-20 09:45:00,Alex-Stanly,Ice Cream Mango,Medium,164.98,4,0.0,Pistachio,87060,43.5,Male,Unknown,Instapay,Mobile App,100,6.9,117,31.7,30.9,1.0,0,Ice Cream,Alexandria,0,9,92.39,752.31,2024,2,20,Morning,No Discount,Hot
108112,2024-03-25 11:45:00,Dubai-Marina,Sweet Koshary Mix,Small,85.7,8,0.15,Lotus,62638,64.0,Female,Unknown,Credit Card,In-store,45,15.0,131,30.6,22.8,3.0,0,Signature,UAE,0,11,95.98,781.58,2024,3,25,Morning,Medium Discount,Hot
103836,2024-02-09 22:45:00,Cairo-Zamalek,Om Ali Cream,Medium,122.16,5,0.1,none,85097,21.0,Female,Bronze,Wallet,ElMenus,25,7.4,145,17.6,22.7,5.0,1,Traditional,Greater Cairo,1,22,85.51,696.31,2024,2,9,Late Night,Medium Discount,Cold
109314,2024-04-07 00:15:00,Cairo-Zamalek,Sweet Koshary Mix,Medium,91.19,8,0.1,none,81293,13.0,Male,Gold,Wallet,Mobile App,30,13.3,121,31.4,23.1,2.0,0,Signature,Greater Cairo,1,0,102.13,831.65,2024,4,7,Late Night,Medium Discount,Hot
105684,2024-02-29 04:45:00,Tanta-Saeed,Sweet Koshary Mix,Large,80.24,1,0.05,Nuts,61695,53.0,Female,Silver,Credit Card,Talabat,53,1.7,102,34.1,42.4,3.0,0,Signature,Delta,0,4,11.23,91.47,2024,2,29,Late Night,Low Discount,Hot
108749,2024-04-01 03:00:00,Mansoura-Mashaya,Ice Cream Mango,Small,62.81,6,0.0,Nutella,76384,30.0,Male,Gold,Instapay,Mobile App,30,2.7,138,27.6,40.0,3.0,0,Ice Cream,Delta,0,3,52.76,429.62,2024,4,1,Late Night,No Discount,Hot
105828,2024-03-01 16:45:00,Giza-Zayed,Rice Pudding Oven,Medium,145.42,6,0.0,Lotus,73726,57.0,Male,Gold,Instapay,Mobile App,51,1.9,148,43.1,46.5,5.0,0,Traditional,Greater Cairo,1,16,122.15,994.67,2024,3,1,Afternoon,No Discount,Hot
109749,2024-04-11 13:00:00,Cairo-Zamalek,Qishtouza Nutella,Large,154.5,9,0.0,Nutella,64375,19.0,Male,Unknown,Cash,Talabat,99,4.6,108,43.4,63.0,1.0,0,Modern,Greater Cairo,0,13,194.67,1585.17,2024,4,11,Afternoon,No Discount,Hot
104725,2024-02-19 05:00:00,Alex-Stanly,Om Ali Cream,Large,170.48,8,0.0,none,81194,32.0,Female,Gold,Instapay,Mobile App,117,0.9,138,17.8,71.5,3.0,0,Traditional,Alexandria,0,5,190.94,1554.78,2024,2,19,Morning,No Discount,Cold
108760,2024-04-01 05:45:00,Alex-Stanly,Rice Pudding Oven,Medium,103.5,7,0.15,Nutella,55377,43.5,Female,Unknown,Credit Card,ElMenus,57,8.1,118,26.1,42.3,1.0,0,Traditional,Alexandria,0,5,101.43,825.9300000000001,2024,4,1,Morning,Medium Discount,Hot
105888,2024-03-02 07:45:00,Alex-Stanly,Qishtouza Lotus,Medium,83.83,6,0.0,Lotus,58504,50.0,Female,Unknown,Cash,Talabat,20,11.5,133,40.0,66.0,1.0,0,Modern,Alexandria,1,7,70.42,573.4,2024,3,2,Morning,No Discount,Hot
102356,2024-01-25 12:45:00,Alex-Stanly,Om Ali Cream,Medium,54.98,9,0.15,Pistachio,89698,61.0,Female,Silver,Wallet,ElMenus,107,12.0,129,32.6,41.2,3.0,0,Traditional,Alexandria,0,12,69.27,564.09,2024,1,25,Afternoon,Medium Discount,Hot
106037,2024-03-03 21:00:00,Tanta-Saeed,Qishtouza Nutella,Medium,67.17,3,0.0,none,67908,48.0,Male,Bronze,Wallet,ElMenus,88,5.5,137,20.5,60.5,5.0,0,Modern,Delta,1,21,28.21,229.72,2024,3,3,Evening,No Discount,Moderate
104799,2024-02-19 23:30:00,Giza-Zayed,Qishtouza Lotus,Medium,133.78,6,0.1,Nuts,61766,43.5,Male,Gold,Wallet,ElMenus,117,12.0,131,38.7,28.3,2.0,1,Modern,Greater Cairo,0,23,112.38,915.0600000000001,2024,2,19,Late Night,Medium Discount,Hot
102443,2024-01-26 10:30:00,Giza-Zayed,Rice Pudding Oven,Large,71.16,7,0.0,Pistachio,56896,52.0,Male,Silver,Cash,In-store,36,5.8,104,30.1,62.5,2.0,0,Traditional,Greater Cairo,1,10,69.74,567.86,2024,1,26,Morning,No Discount,Hot
108646,2024-03-31 01:15:00,Cairo-Zamalek,Sweet Koshary Mix,Medium,99.85,10,0.15,Lotus,71184,34.0,Male,Silver,Wallet,ElMenus,39,10.5,107,34.4,41.2,4.0,0,Signature,Greater Cairo,1,1,139.79,1138.29,2024,3,31,Late Night,Medium Discount,Hot
104593,2024-02-17 20:00:00,Tanta-Saeed,Qishtouza Lotus,Large,166.0,11,0.05,Pistachio,82574,66.0,Male,Unknown,Wallet,ElMenus,54,7.9,139,19.6,79.2,1.0,0,Modern,Delta,1,20,255.64,2081.64,2024,2,17,Evening,Low Discount,Cold
108773,2024-04-01 09:00:00,Mansoura-Mashaya,Ice Cream Mango,Large,79.1,3,0.1,Pistachio,69412,32.0,Female,Gold,Instapay,Mobile App,14,7.9,117,22.1,58.5,5.0,0,Ice Cream,Delta,0,9,33.22,270.52,2024,4,1,Morning,Medium Discount,Moderate
100465,2024-01-05 20:00:00,Giza-Zayed,Qishtouza Lotus,Small,177.15,1,0.0,Nutella,86830,72.0,Female,Silver,Credit Card,In-store,78,1.0,137,15.8,38.2,4.0,0,Modern,Greater Cairo,1,20,24.8,201.95000000000002,2024,1,5,Evening,No Discount,Cold
100164,2024-01-02 16:45:00,Giza-Zayed,Om Ali Cream,Medium,149.61,10,0.15,Lotus,74558,51.0,Female,Unknown,Cash,Talabat,52,3.2,109,17.4,26.2,3.0,0,Traditional,Greater Cairo,0,16,209.45,1705.5500000000002,2024,1,2,Afternoon,Medium Discount,Cold
109262,2024-04-06 11:15:00,Tanta-Saeed,Ice Cream Mango,Large,54.12,1,0.0,none,66938,43.5,Male,Silver,Cash,Mobile App,20,13.8,136,17.9,32.9,5.0,0,Ice Cream,Delta,1,11,7.58,61.699999999999996,2024,4,6,Morning,No Discount,Cold
109434,2024-04-08 06:15:00,Cairo-Nasr City,Rice Pudding Nuts,Medium,170.9,7,0.0,none,88024,50.0,Female,Unknown,Instapay,Mobile App,18,4.4,127,42.3,57.5,2.0,1,Traditional,Greater Cairo,0,6,167.48,1363.78,2024,4,8,Morning,No Discount,Hot
108406,2024-03-28 13:15:00,Riyadh-Olaya,Ice Cream Mango,Small,83.98,4,0.0,Nuts,63886,14.0,Male,Unknown,Wallet,Talabat,103,14.9,107,32.4,85.5,4.0,0,Ice Cream,KSA,0,13,47.03,382.95000000000005,2024,3,28,Afternoon,No Discount,Hot
109778,2024-04-11 20:15:00,Riyadh-Olaya,Ice Cream Mango,Medium,146.52,2,0.15,Nutella,72709,64.0,Male,Unknown,Instapay,ElMenus,93,9.2,118,38.0,21.9,2.0,0,Ice Cream,KSA,0,20,41.03,334.07000000000005,2024,4,11,Evening,Medium Discount,Hot
109479,2024-04-08 17:30:00,Riyadh-Olaya,Super B.Laban,Medium,74.61,6,0.0,none,56298,44.0,Male,Gold,Instapay,ElMenus,64,4.2,143,34.9,55.0,2.0,0,Signature,KSA,0,17,62.67,510.33,2024,4,8,Evening,No Discount,Hot
107381,2024-03-17 21:00:00,Riyadh-Olaya,Om Ali Cream,Large,156.43,1,0.05,Nutella,73007,43.5,Female,Gold,Cash,Mobile App,34,4.0,134,26.2,69.5,5.0,0,Traditional,KSA,1,21,21.9,178.33,2024,3,17,Evening,Low Discount,Hot
106637,2024-03-10 03:00:00,Giza-Zayed,Om Ali Cream,Large,132.25,5,0.0,Nuts,77525,63.0,Female,Bronze,Cash,Mobile App,94,9.6,109,40.7,37.1,2.0,0,Traditional,Greater Cairo,1,3,92.58,753.83,2024,3,10,Late Night,No Discount,Hot
100242,2024-01-03 12:15:00,Dubai-Marina,Om Ali Cream,Medium,151.0,11,0.0,Nuts,62418,16.0,Female,Unknown,Wallet,Mobile App,90,5.8,142,26.7,68.8,2.0,0,Traditional,UAE,0,12,232.54,1893.54,2024,1,3,Afternoon,No Discount,Hot
102010,2024-01-21 22:15:00,Cairo-Nasr City,Qishtouza Lotus,Large,151.97,5,0.0,Nuts,56319,26.0,Female,Silver,Instapay,Talabat,56,6.9,111,40.2,47.4,5.0,0,Modern,Greater Cairo,1,22,106.38,866.23,2024,1,21,Late Night,No Discount,Hot
106357,2024-03-07 05:00:00,Mansoura-Mashaya,Sweet Koshary Mix,Small,56.86,8,0.0,none,59306,43.5,Male,Unknown,Instapay,Mobile App,33,9.9,129,22.8,34.2,1.0,0,Signature,Delta,0,5,63.68,518.56,2024,3,7,Morning,No Discount,Moderate
103085,2024-02-02 03:00:00,Cairo-Zamalek,Sweet Koshary Mix,Medium,120.8,5,0.0,none,69615,62.0,Male,Unknown,Wallet,In-store,69,3.9,109,44.6,26.1,5.0,0,Signature,Greater Cairo,1,3,84.56,688.56,2024,2,2,Late Night,No Discount,Hot
106209,2024-03-05 16:00:00,Dubai-Marina,Om Ali Cream,Medium,65.27,10,0.15,Nutella,61503,43.5,Male,Unknown,Instapay,In-store,18,8.8,126,16.3,39.7,4.0,1,Traditional,UAE,0,16,91.38,744.0799999999999,2024,3,5,Afternoon,Medium Discount,Cold
100901,2024-01-10 09:00:00,Mansoura-Mashaya,Rice Pudding Oven,Medium,156.27,4,0.0,none,70029,70.0,Male,Unknown,Credit Card,Talabat,111,9.5,119,27.0,85.3,4.0,0,Traditional,Delta,0,9,87.51,712.59,2024,1,10,Morning,No Discount,Hot
105543,2024-02-27 17:30:00,Tanta-Saeed,Sweet Koshary Mix,Small,131.68,5,0.0,Nutella,89250,49.0,Male,Silver,Wallet,In-store,96,0.9,133,22.8,37.7,3.0,0,Signature,Delta,0,17,92.18,750.5800000000002,2024,2,27,Evening,No Discount,Moderate
106008,2024-03-03 13:45:00,Dubai-Marina,Ice Cream Mango,Small,132.47,6,0.15,Nuts,54482,49.0,Female,Unknown,Instapay,ElMenus,28,9.8,140,15.7,32.0,4.0,0,Ice Cream,UAE,1,13,111.27,906.0899999999999,2024,3,3,Afternoon,Medium Discount,Cold
107639,2024-03-20 13:30:00,Tanta-Saeed,Rice Pudding Nuts,Medium,156.5,3,0.0,Nuts,50991,33.0,Male,Gold,Cash,In-store,26,0.6,148,38.5,28.7,4.0,0,Traditional,Delta,0,13,65.73,535.23,2024,3,20,Afternoon,No Discount,Hot
106794,2024-03-11 18:15:00,Cairo-Zamalek,Ice Cream Mango,Large,120.82,3,0.0,Lotus,82515,33.0,Female,Gold,Credit Card,Mobile App,57,6.5,122,32.2,62.7,5.0,0,Ice Cream,Greater Cairo,0,18,50.74,413.2,2024,3,11,Evening,No Discount,Hot
108870,2024-04-02 09:15:00,Mansoura-Mashaya,Ice Cream Mango,Medium,177.87,3,0.0,Nuts,52738,66.0,Male,Silver,Credit Card,ElMenus,96,12.4,113,32.8,33.6,5.0,0,Ice Cream,Delta,0,9,74.71,608.32,2024,4,2,Morning,No Discount,Hot
107759,2024-03-21 19:30:00,Tanta-Saeed,Sweet Koshary Mix,Small,155.92,10,0.0,Pistachio,66079,66.0,Female,Gold,Wallet,ElMenus,89,2.5,125,31.0,62.6,2.0,0,Signature,Delta,0,19,218.29,1777.4899999999998,2024,3,21,Evening,No Discount,Hot
104838,2024-02-20 09:15:00,Alex-Stanly,Ice Cream Mango,Large,147.28,6,0.0,Pistachio,55608,19.0,Male,Unknown,Instapay,Talabat,104,10.0,115,42.2,60.6,5.0,0,Ice Cream,Alexandria,0,9,123.72,1007.4000000000001,2024,2,20,Morning,No Discount,Hot
102294,2024-01-24 21:15:00,Riyadh-Olaya,Super B.Laban,Medium,57.83,10,0.0,Pistachio,52589,72.0,Male,Silver,Cash,ElMenus,28,14.4,105,43.8,20.9,4.0,0,Signature,KSA,0,21,80.96,659.26,2024,1,24,Evening,No Discount,Hot
106549,2024-03-09 05:00:00,Cairo-Nasr City,Qishtouza Lotus,Medium,156.4,9,0.05,Pistachio,53105,68.0,Female,Bronze,Instapay,Talabat,118,8.8,137,28.7,63.2,1.0,0,Modern,Greater Cairo,1,5,197.06,1604.66,2024,3,9,Morning,Low Discount,Hot
107899,2024-03-23 06:30:00,Alex-Stanly,Om Ali Cream,Medium,128.83,9,0.15,Lotus,61037,53.0,Female,Silver,Instapay,ElMenus,76,3.9,138,22.1,70.0,5.0,0,Traditional,Alexandria,1,6,162.33,1321.8,2024,3,23,Morning,Medium Discount,Moderate
107978,2024-03-24 02:15:00,Dubai-Marina,Sweet Koshary Mix,Small,94.99,9,0.0,none,78727,28.0,Female,Silver,Instapay,ElMenus,30,11.0,127,16.9,23.6,2.0,0,Signature,UAE,1,2,119.69,974.5999999999999,2024,3,24,Late Night,No Discount,Cold
104482,2024-02-16 16:15:00,Riyadh-Olaya,Super B.Laban,Medium,72.32,5,0.0,Lotus,52061,43.5,Male,Bronze,Credit Card,ElMenus,50,11.0,141,30.6,70.3,1.0,1,Signature,KSA,1,16,50.62,412.21999999999997,2024,2,16,Afternoon,No Discount,Hot
105303,2024-02-25 05:30:00,Tanta-Saeed,Sweet Koshary Mix,Medium,165.96,9,0.0,Lotus,53793,47.0,Male,Silver,Credit Card,Talabat,20,7.6,123,23.0,85.0,3.0,1,Signature,Delta,1,5,209.11,1702.75,2024,2,25,Morning,No Discount,Moderate
104606,2024-02-17 23:15:00,Cairo-Zamalek,Sweet Koshary Mix,Large,103.5,5,0.0,Pistachio,85752,43.5,Female,Gold,Wallet,ElMenus,111,9.5,135,25.2,25.8,5.0,0,Signature,Greater Cairo,1,23,72.45,589.95,2024,2,17,Late Night,No Discount,Hot
103717,2024-02-08 17:00:00,Riyadh-Olaya,Ice Cream Mango,Medium,149.67,10,0.0,Nutella,82701,19.0,Female,Gold,Wallet,Talabat,86,2.6,149,43.3,23.6,3.0,0,Ice Cream,KSA,0,17,209.54,1706.2399999999998,2024,2,8,Evening,No Discount,Hot
109072,2024-04-04 11:45:00,Mansoura-Mashaya,Rice Pudding Nuts,Medium,132.56,8,0.0,none,55820,15.0,Male,Gold,Wallet,In-store,55,10.8,127,17.9,27.1,3.0,0,Traditional,Delta,0,11,148.47,1208.95,2024,4,4,Morning,No Discount,Cold
106141,2024-03-04 23:00:00,Cairo-Nasr City,Qishtouza Nutella,Medium,99.95,5,0.0,none,78122,43.5,Female,Gold,Instapay,Mobile App,13,5.4,115,31.1,65.1,3.0,0,Modern,Greater Cairo,0,23,69.96,569.71,2024,3,4,Late Night,No Discount,Hot
101765,2024-01-19 09:00:00,Mansoura-Mashaya,Ice Cream Mango,Medium,123.46,10,0.0,none,67598,49.0,Female,Unknown,Cash,Talabat,41,6.6,120,19.3,23.0,3.0,1,Ice Cream,Delta,1,9,172.84,1407.4399999999998,2024,1,19,Morning,No Discount,Cold
106599,2024-03-09 17:30:00,Mansoura-Mashaya,Qishtouza Lotus,Medium,168.6,10,0.0,Nutella,52303,17.0,Male,Bronze,Credit Card,Talabat,76,5.3,149,17.5,76.4,5.0,0,Modern,Delta,1,17,236.04,1922.04,2024,3,9,Evening,No Discount,Cold
101550,2024-01-17 03:15:00,Riyadh-Olaya,Rice Pudding Oven,Large,134.52,1,0.1,none,66195,33.0,Male,Bronze,Instapay,In-store,93,8.6,145,43.8,47.6,1.0,1,Traditional,KSA,0,3,18.83,153.35000000000002,2024,1,17,Late Night,Medium Discount,Hot
103030,2024-02-01 13:15:00,Alex-Stanly,Sweet Koshary Mix,Medium,59.9,5,0.0,Nuts,50861,21.0,Female,Unknown,Credit Card,Talabat,61,8.8,118,36.0,27.1,5.0,0,Signature,Alexandria,0,13,41.93,341.43,2024,2,1,Afternoon,No Discount,Hot
108654,2024-03-31 03:15:00,Dubai-Marina,Rice Pudding Nuts,Large,137.39,2,0.0,Nutella,65397,40.0,Female,Unknown,Instapay,Talabat,45,13.6,142,40.7,88.6,5.0,0,Traditional,UAE,1,3,38.47,313.25,2024,3,31,Late Night,No Discount,Hot
106299,2024-03-06 14:30:00,Mansoura-Mashaya,Qishtouza Lotus,Medium,133.84,11,0.0,Nuts,66250,58.0,Female,Unknown,Credit Card,ElMenus,73,12.5,119,26.4,69.5,2.0,0,Modern,Delta,0,14,206.11,1678.35,2024,3,6,Afternoon,No Discount,Hot
106663,2024-03-10 09:30:00,Mansoura-Mashaya,Super B.Laban,Large,124.1,9,0.0,Nutella,83643,56.0,Male,Unknown,Wallet,In-store,46,6.0,127,24.3,43.0,3.0,0,Signature,Delta,1,9,156.37,1273.27,2024,3,10,Morning,No Discount,Moderate
106627,2024-03-10 00:30:00,Alex-Stanly,Qishtouza Nutella,Medium,162.64,5,0.0,Lotus,78906,59.0,Female,Gold,Wallet,ElMenus,31,14.0,115,15.0,84.9,1.0,0,Modern,Alexandria,1,0,113.85,927.05,2024,3,10,Late Night,No Discount,Cold
102045,2024-01-22 07:00:00,Riyadh-Olaya,Rice Pudding Oven,Large,141.87,6,0.0,Lotus,72750,28.0,Female,Unknown,Wallet,Talabat,110,2.6,146,27.1,75.1,3.0,0,Traditional,KSA,0,7,119.17,970.39,2024,1,22,Morning,No Discount,Hot
100768,2024-01-08 23:45:00,Riyadh-Olaya,Ice Cream Mango,Medium,155.02,4,0.0,none,88840,57.0,Male,Bronze,Instapay,Talabat,64,1.5,115,17.0,89.4,3.0,0,Ice Cream,KSA,0,23,86.81,706.8900000000001,2024,1,8,Late Night,No Discount,Cold
105694,2024-02-29 07:15:00,Mansoura-Mashaya,Super B.Laban,Small,110.51,4,0.0,Pistachio,84781,74.0,Female,Gold,Credit Card,ElMenus,117,3.6,127,15.0,81.7,4.0,0,Signature,Delta,0,7,61.89,503.93,2024,2,29,Morning,No Discount,Cold
107871,2024-03-22 23:30:00,Riyadh-Olaya,Super B.Laban,Small,55.22,8,0.0,Lotus,81309,64.0,Female,Silver,Cash,Mobile App,75,6.8,144,39.9,45.9,3.0,0,Signature,KSA,1,23,61.85,503.61,2024,3,22,Late Night,No Discount,Hot
107796,2024-03-22 04:45:00,Tanta-Saeed,Qishtouza Lotus,Small,155.2,10,0.0,none,68484,38.0,Female,Bronze,Credit Card,In-store,24,4.4,141,35.2,21.5,3.0,0,Modern,Delta,1,4,217.28,1769.28,2024,3,22,Late Night,No Discount,Hot
101509,2024-01-16 17:00:00,Riyadh-Olaya,Sweet Koshary Mix,Medium,133.27,9,0.0,Pistachio,80344,27.0,Male,Bronze,Cash,Mobile App,22,2.7,129,44.0,46.7,4.0,0,Signature,KSA,0,17,167.92,1367.3500000000001,2024,1,16,Evening,No Discount,Hot
107231,2024-03-16 07:30:00,Alex-Stanly,Ice Cream Mango,Medium,48.58,7,0.1,Pistachio,68458,45.0,Male,Bronze,Wallet,Mobile App,50,13.0,128,17.6,63.5,4.0,0,Ice Cream,Alexandria,1,7,47.61,387.67,2024,3,16,Morning,Medium Discount,Cold
107858,2024-03-22 20:15:00,Cairo-Zamalek,Super B.Laban,Large,137.27,7,0.0,none,62017,24.0,Male,Unknown,Credit Card,In-store,39,3.5,134,19.2,87.6,2.0,0,Signature,Greater Cairo,1,20,134.52,1095.41,2024,3,22,Evening,No Discount,Cold
103303,2024-02-04 09:30:00,Cairo-Nasr City,Qishtouza Nutella,Medium,84.96,1,0.15,Lotus,52531,41.0,Female,Unknown,Instapay,In-store,112,4.7,123,17.2,29.1,2.0,0,Modern,Greater Cairo,1,9,11.89,96.85,2024,2,4,Morning,Medium Discount,Cold
104518,2024-02-17 01:15:00,Tanta-Saeed,Sweet Koshary Mix,Medium,173.92,11,0.0,Nutella,56407,65.0,Female,Unknown,Wallet,Mobile App,44,12.6,141,35.1,73.0,3.0,0,Signature,Delta,1,1,267.84,2180.96,2024,2,17,Late Night,No Discount,Hot
104220,2024-02-13 22:45:00,Tanta-Saeed,Om Ali Cream,Medium,170.34,4,0.0,Lotus,57216,66.0,Female,Unknown,Credit Card,Talabat,56,10.0,106,28.0,33.0,5.0,0,Traditional,Delta,0,22,95.39,776.75,2024,2,13,Late Night,No Discount,Hot
109079,2024-04-04 13:30:00,Dubai-Marina,Rice Pudding Nuts,Small,142.98,7,0.0,Pistachio,58585,24.0,Female,Silver,Wallet,In-store,110,10.2,120,27.7,55.7,3.0,1,Traditional,UAE,0,13,140.12,1140.98,2024,4,4,Afternoon,No Discount,Hot
109941,2024-04-13 13:00:00,Tanta-Saeed,Rice Pudding Nuts,Small,156.97,7,0.0,Pistachio,66865,67.0,Male,Bronze,Instapay,Talabat,16,4.9,138,33.4,59.2,4.0,0,Traditional,Delta,1,13,153.83,1252.62,2024,4,13,Afternoon,No Discount,Hot
103293,2024-02-04 07:00:00,Cairo-Nasr City,Om Ali Cream,Medium,119.93,2,0.15,none,87496,22.0,Male,Bronze,Wallet,ElMenus,72,8.6,118,18.7,43.7,3.0,0,Traditional,Greater Cairo,1,7,33.58,273.44,2024,2,4,Morning,Medium Discount,Cold
100820,2024-01-09 12:45:00,Cairo-Nasr City,Super B.Laban,Medium,69.35,1,0.0,Nutella,63942,12.0,Female,Unknown,Credit Card,Mobile App,92,10.7,117,23.4,72.0,4.0,0,Signature,Greater Cairo,0,12,9.71,79.06,2024,1,9,Afternoon,No Discount,Moderate
101404,2024-01-15 14:45:00,Tanta-Saeed,Qishtouza Nutella,Medium,114.01,3,0.05,none,73647,68.0,Male,Gold,Wallet,Talabat,17,1.6,115,27.9,20.6,1.0,0,Modern,Delta,0,14,47.88,389.91,2024,1,15,Afternoon,Low Discount,Hot
101383,2024-01-15 09:30:00,Alex-Stanly,Ice Cream Mango,Medium,51.71,2,0.15,none,69541,35.0,Female,Bronze,Credit Card,ElMenus,102,5.8,138,26.0,74.3,2.0,0,Ice Cream,Alexandria,0,9,14.48,117.9,2024,1,15,Morning,Medium Discount,Hot
102149,2024-01-23 09:00:00,Tanta-Saeed,Rice Pudding Oven,Small,148.55,5,0.0,Nutella,70331,44.0,Female,Bronze,Credit Card,In-store,102,12.9,133,43.6,75.4,1.0,0,Traditional,Delta,0,9,103.99,846.74,2024,1,23,Morning,No Discount,Hot
106929,2024-03-13 04:00:00,Dubai-Marina,Rice Pudding Nuts,Small,77.07,3,0.0,none,68918,39.0,Female,Unknown,Credit Card,In-store,66,10.9,113,21.6,67.2,5.0,0,Traditional,UAE,0,4,32.37,263.58,2024,3,13,Late Night,No Discount,Moderate
105672,2024-02-29 01:45:00,Cairo-Zamalek,Rice Pudding Nuts,Medium,44.36,10,0.0,none,63588,49.0,Female,Bronze,Instapay,ElMenus,79,1.1,102,32.1,51.6,4.0,1,Traditional,Greater Cairo,0,1,62.1,505.70000000000005,2024,2,29,Late Night,No Discount,Hot
101639,2024-01-18 01:30:00,Cairo-Nasr City,Qishtouza Nutella,Medium,163.27,2,0.0,none,67523,74.0,Male,Gold,Wallet,In-store,101,11.5,105,21.0,20.1,3.0,0,Modern,Greater Cairo,0,1,45.72,372.26,2024,1,18,Late Night,No Discount,Moderate
105892,2024-03-02 08:45:00,Cairo-Nasr City,Sweet Koshary Mix,Medium,79.94,1,0.15,Nuts,83430,35.0,Male,Bronze,Cash,Mobile App,66,10.4,118,32.0,46.0,2.0,0,Signature,Greater Cairo,1,8,11.19,91.13,2024,3,2,Morning,Medium Discount,Hot
107428,2024-03-18 08:45:00,Giza-Zayed,Rice Pudding Nuts,Small,128.83,8,0.15,Pistachio,65224,52.0,Male,Gold,Credit Card,ElMenus,107,3.0,112,34.8,56.1,1.0,0,Traditional,Greater Cairo,0,8,144.29,1174.93,2024,3,18,Morning,Medium Discount,Hot
100609,2024-01-07 08:00:00,Giza-Zayed,Sweet Koshary Mix,Large,156.16,5,0.05,Nuts,61396,55.0,Female,Unknown,Wallet,Mobile App,87,5.0,126,44.1,56.1,3.0,0,Signature,Greater Cairo,1,8,109.31,890.1099999999999,2024,1,7,Morning,Low Discount,Hot
106908,2024-03-12 22:45:00,Riyadh-Olaya,Sweet Koshary Mix,Small,95.01,9,0.1,Lotus,62166,55.0,Female,Silver,Cash,In-store,24,12.9,101,35.0,70.0,3.0,0,Signature,KSA,0,22,119.71,974.8000000000001,2024,3,12,Late Night,Medium Discount,Hot
100400,2024-01-05 03:45:00,Cairo-Nasr City,Qishtouza Nutella,Medium,127.23,11,0.0,Lotus,89460,56.0,Male,Unknown,Wallet,Mobile App,97,7.3,116,17.8,85.0,4.0,0,Modern,Greater Cairo,1,3,195.93,1595.46,2024,1,5,Late Night,No Discount,Cold
107248,2024-03-16 11:45:00,Giza-Zayed,Qishtouza Nutella,Large,59.39,9,0.0,Lotus,62926,60.0,Female,Bronze,Wallet,ElMenus,79,4.4,105,25.8,80.5,3.0,0,Modern,Greater Cairo,1,11,74.83,609.34,2024,3,16,Morning,No Discount,Hot
106407,2024-03-07 17:30:00,Tanta-Saeed,Sweet Koshary Mix,Medium,128.6,4,0.0,none,64501,56.0,Female,Bronze,Cash,In-store,116,6.2,142,44.6,86.7,1.0,0,Signature,Delta,0,17,72.02,586.42,2024,3,7,Evening,No Discount,Hot
100883,2024-01-10 04:30:00,Alex-Stanly,Rice Pudding Nuts,Medium,146.63,10,0.0,Nutella,58489,26.0,Male,Unknown,Credit Card,ElMenus,46,14.1,119,32.1,46.3,3.0,0,Traditional,Alexandria,0,4,205.28,1671.58,2024,1,10,Late Night,No Discount,Hot
103566,2024-02-07 03:15:00,Giza-Zayed,Rice Pudding Oven,Medium,133.51,6,0.0,Nuts,73201,43.5,Female,Bronze,Wallet,In-store,100,10.5,126,30.6,85.6,2.0,0,Traditional,Greater Cairo,0,3,112.15,913.2099999999999,2024,2,7,Late Night,No Discount,Hot
104286,2024-02-14 15:15:00,Giza-Zayed,Rice Pudding Oven,Medium,97.96,5,0.0,none,52326,38.0,Female,Silver,Instapay,Mobile App,27,4.1,145,25.8,59.8,3.0,0,Traditional,Greater Cairo,0,15,68.57,558.3699999999999,2024,2,14,Afternoon,No Discount,Hot
101180,2024-01-13 06:45:00,Alex-Stanly,Qishtouza Nutella,Small,83.01,4,0.0,Pistachio,53956,45.0,Female,Unknown,Cash,In-store,74,3.3,113,43.2,71.6,1.0,0,Modern,Alexandria,1,6,46.49,378.53000000000003,2024,1,13,Morning,No Discount,Hot
105449,2024-02-26 18:00:00,Tanta-Saeed,Sweet Koshary Mix,Medium,40.78,4,0.05,none,51158,43.5,Female,Bronze,Wallet,In-store,54,11.7,134,41.1,57.1,4.0,0,Signature,Delta,0,18,22.84,185.96,2024,2,26,Evening,Low Discount,Hot
104245,2024-02-14 05:00:00,Riyadh-Olaya,Om Ali Cream,Large,94.13,5,0.1,Pistachio,56304,56.0,Female,Silver,Cash,Talabat,29,2.1,147,41.6,32.8,2.0,0,Traditional,KSA,0,5,65.89,536.54,2024,2,14,Morning,Medium Discount,Hot
105219,2024-02-24 08:30:00,Dubai-Marina,Rice Pudding Oven,Medium,85.02,5,0.0,none,73506,26.0,Male,Silver,Wallet,ElMenus,14,2.7,114,30.0,49.4,3.0,0,Traditional,UAE,1,8,59.51,484.60999999999996,2024,2,24,Morning,No Discount,Hot
103977,2024-02-11 10:00:00,Cairo-Nasr City,Ice Cream Mango,Medium,83.15,1,0.0,Lotus,53263,43.5,Male,Bronze,Credit Card,ElMenus,22,12.7,124,16.3,51.0,4.0,0,Ice Cream,Greater Cairo,1,10,11.64,94.79,2024,2,11,Morning,No Discount,Cold
102131,2024-01-23 04:30:00,Mansoura-Mashaya,Rice Pudding Nuts,Medium,157.59,7,0.05,Nutella,60637,45.0,Female,Silver,Cash,In-store,63,7.4,114,31.2,41.3,1.0,0,Traditional,Delta,0,4,154.44,1257.5700000000002,2024,1,23,Late Night,Low Discount,Hot
105079,2024-02-22 21:30:00,Mansoura-Mashaya,Qishtouza Lotus,Small,89.21,2,0.05,Pistachio,54356,37.0,Female,Silver,Wallet,Mobile App,112,6.3,107,37.1,21.5,3.0,0,Modern,Delta,0,21,24.98,203.39999999999998,2024,2,22,Evening,Low Discount,Hot
100457,2024-01-05 18:00:00,Tanta-Saeed,Rice Pudding Oven,Medium,60.6,10,0.0,Pistachio,53179,32.0,Male,Unknown,Credit Card,Mobile App,97,8.1,116,21.3,27.4,1.0,0,Traditional,Delta,1,18,84.84,690.84,2024,1,5,Evening,No Discount,Moderate
105583,2024-02-28 03:30:00,Cairo-Zamalek,Om Ali Cream,Medium,56.63,2,0.1,none,51551,42.0,Female,Gold,Wallet,In-store,34,14.7,142,33.3,39.2,4.0,0,Traditional,Greater Cairo,0,3,15.86,129.12,2024,2,28,Late Night,Medium Discount,Hot
105176,2024-02-23 21:45:00,Cairo-Zamalek,Sweet Koshary Mix,Large,163.56,8,0.05,Pistachio,77083,31.0,Male,Unknown,Instapay,ElMenus,81,1.4,135,35.0,68.5,5.0,0,Signature,Greater Cairo,1,21,183.19,1491.67,2024,2,23,Evening,Low Discount,Hot
101951,2024-01-21 07:30:00,Giza-Zayed,Rice Pudding Nuts,Large,118.59,2,0.0,Lotus,80036,31.0,Male,Bronze,Wallet,Talabat,53,3.2,135,44.3,27.5,3.0,0,Traditional,Greater Cairo,1,7,33.21,270.39,2024,1,21,Morning,No Discount,Hot
105373,2024-02-25 23:00:00,Giza-Zayed,Rice Pudding Nuts,Medium,98.02,5,0.05,Nutella,58274,41.0,Female,Gold,Instapay,Talabat,32,14.7,103,16.9,28.8,3.0,0,Traditional,Greater Cairo,1,23,68.61,558.7099999999999,2024,2,25,Late Night,Low Discount,Cold
100690,2024-01-08 04:15:00,Cairo-Zamalek,Rice Pudding Nuts,Medium,116.39,7,0.15,Nutella,50916,61.0,Male,Unknown,Credit Card,ElMenus,102,0.9,110,20.6,46.5,5.0,0,Traditional,Greater Cairo,0,4,114.06,928.79,2024,1,8,Late Night,Medium Discount,Moderate
108853,2024-04-02 05:00:00,Mansoura-Mashaya,Rice Pudding Nuts,Small,88.11,5,0.05,Lotus,52539,26.0,Female,Bronze,Cash,In-store,25,10.8,110,23.3,22.5,1.0,0,Traditional,Delta,0,5,61.68,502.23,2024,4,2,Morning,Low Discount,Moderate
106526,2024-03-08 23:15:00,Cairo-Nasr City,Om Ali Cream,Medium,121.86,10,0.05,Lotus,60269,25.0,Male,Unknown,Cash,In-store,35,2.5,110,31.5,81.2,4.0,0,Traditional,Greater Cairo,1,23,170.6,1389.1999999999998,2024,3,8,Late Night,Low Discount,Hot
109822,2024-04-12 07:15:00,Mansoura-Mashaya,Rice Pudding Oven,Medium,135.04,8,0.0,none,54289,74.0,Male,Silver,Wallet,Mobile App,88,6.0,127,41.5,56.6,2.0,0,Traditional,Delta,1,7,151.24,1231.56,2024,4,12,Morning,No Discount,Hot
106489,2024-03-08 14:00:00,Dubai-Marina,Super B.Laban,Large,104.01,7,0.15,Nutella,83416,26.0,Male,Unknown,Credit Card,ElMenus,67,11.6,118,39.1,44.0,3.0,0,Signature,UAE,1,14,101.93,830.0,2024,3,8,Afternoon,Medium Discount,Hot
106922,2024-03-13 02:15:00,Tanta-Saeed,Sweet Koshary Mix,Small,66.66,2,0.1,Lotus,89481,43.5,Male,Unknown,Instapay,Talabat,30,7.3,121,22.6,48.6,1.0,0,Signature,Delta,0,2,18.66,151.98,2024,3,13,Late Night,Medium Discount,Moderate
101954,2024-01-21 08:15:00,Giza-Zayed,Rice Pudding Nuts,Medium,167.09,6,0.0,Nutella,58221,43.0,Female,Bronze,Wallet,Mobile App,115,1.8,119,24.2,27.3,5.0,1,Traditional,Greater Cairo,1,8,140.36,1142.9,2024,1,21,Morning,No Discount,Moderate
107635,2024-03-20 12:30:00,Mansoura-Mashaya,Om Ali Cream,Medium,113.79,6,0.0,none,74278,41.0,Male,Gold,Credit Card,Mobile App,78,7.9,124,34.0,49.0,3.0,0,Traditional,Delta,0,12,95.58,778.32,2024,3,20,Afternoon,No Discount,Hot
105637,2024-02-28 17:00:00,Cairo-Zamalek,Sweet Koshary Mix,Medium,153.81,10,0.0,Nuts,76876,64.0,Male,Bronze,Cash,Talabat,45,4.7,104,18.4,82.7,4.0,0,Signature,Greater Cairo,0,17,215.33,1753.4299999999998,2024,2,28,Evening,No Discount,Cold
107155,2024-03-15 12:30:00,Cairo-Zamalek,Qishtouza Nutella,Large,95.4,7,0.0,Lotus,59953,43.5,Male,Bronze,Wallet,Talabat,91,13.3,120,27.9,29.9,4.0,0,Modern,Greater Cairo,1,12,93.49,761.2900000000001,2024,3,15,Afternoon,No Discount,Hot
108425,2024-03-28 18:00:00,Dubai-Marina,Sweet Koshary Mix,Medium,130.24,4,0.05,Pistachio,73989,24.0,Female,Unknown,Wallet,In-store,26,10.5,102,28.3,32.1,5.0,0,Signature,UAE,0,18,72.93,593.8900000000001,2024,3,28,Evening,Low Discount,Hot
106611,2024-03-09 20:30:00,Tanta-Saeed,Om Ali Cream,Medium,141.67,8,0.1,Nuts,74780,61.0,Male,Unknown,Instapay,In-store,65,6.5,138,23.9,70.2,3.0,0,Traditional,Delta,1,20,158.67,1292.03,2024,3,9,Evening,Medium Discount,Moderate
102711,2024-01-29 05:30:00,Cairo-Zamalek,Ice Cream Mango,Small,71.08,4,0.0,Lotus,61984,20.0,Male,Unknown,Cash,Mobile App,89,1.9,122,20.0,45.3,1.0,0,Ice Cream,Greater Cairo,0,5,39.8,324.12,2024,1,29,Morning,No Discount,Moderate
108731,2024-03-31 22:30:00,Dubai-Marina,Rice Pudding Nuts,Large,9999.99,3,0.0,Nuts,57482,24.0,Female,Gold,Wallet,In-store,29,9.5,118,17.5,88.6,1.0,0,Traditional,UAE,1,22,62.67,30062.64,2024,3,31,Late Night,No Discount,Cold
103202,2024-02-03 08:15:00,Cairo-Nasr City,Sweet Koshary Mix,Medium,106.79,4,0.05,Nuts,83431,18.0,Male,Unknown,Credit Card,Talabat,65,9.2,123,26.1,61.0,4.0,0,Signature,Greater Cairo,1,8,59.8,486.96000000000004,2024,2,3,Morning,Low Discount,Hot
104350,2024-02-15 07:15:00,Cairo-Nasr City,Ice Cream Mango,Medium,120.71,11,0.0,Lotus,58780,43.5,Male,Unknown,Credit Card,ElMenus,69,1.6,118,25.1,33.5,3.0,0,Ice Cream,Greater Cairo,0,7,185.89,1513.6999999999998,2024,2,15,Morning,No Discount,Hot
104139,2024-02-13 02:30:00,Dubai-Marina,Rice Pudding Nuts,Medium,148.53,7,0.0,none,63473,21.0,Female,Gold,Instapay,ElMenus,43,2.4,141,44.2,57.8,5.0,0,Traditional,UAE,0,2,145.56,1185.27,2024,2,13,Late Night,No Discount,Hot
101885,2024-01-20 15:00:00,Cairo-Nasr City,Rice Pudding Nuts,Large,60.37,3,0.0,none,77698,43.5,Male,Silver,Instapay,ElMenus,27,3.5,118,40.5,28.5,5.0,0,Traditional,Greater Cairo,1,15,25.36,206.46999999999997,2024,1,20,Afternoon,No Discount,Hot
108640,2024-03-30 23:45:00,Cairo-Zamalek,Om Ali Cream,Large,51.31,4,0.15,none,72936,30.0,Female,Bronze,Instapay,Talabat,16,10.1,144,20.5,55.8,3.0,0,Traditional,Greater Cairo,1,23,28.73,233.97,2024,3,30,Late Night,Medium Discount,Moderate
104486,2024-02-16 17:15:00,Alex-Stanly,Om Ali Cream,Medium,171.43,1,0.0,none,59066,43.5,Female,Unknown,Instapay,Talabat,58,12.6,103,38.1,80.6,3.0,0,Traditional,Alexandria,1,17,24.0,195.43,2024,2,16,Evening,No Discount,Hot
102495,2024-01-26 23:30:00,Mansoura-Mashaya,Qishtouza Nutella,Small,99.42,11,0.0,Nuts,75824,55.0,Female,Bronze,Cash,Mobile App,29,7.9,140,32.9,41.3,3.0,0,Modern,Delta,1,23,153.11,1246.73,2024,1,26,Late Night,No Discount,Hot
105948,2024-03-02 22:45:00,Giza-Zayed,Qishtouza Nutella,Medium,166.48,5,0.15,none,67582,64.0,Female,Gold,Wallet,In-store,32,5.0,146,16.4,27.4,5.0,0,Modern,Greater Cairo,1,22,116.54,948.9399999999999,2024,3,2,Late Night,Medium Discount,Cold
103037,2024-02-01 15:00:00,Cairo-Nasr City,Rice Pudding Oven,Medium,150.28,5,0.1,Lotus,56020,46.0,Female,Gold,Credit Card,In-store,14,6.0,122,27.1,42.8,3.0,0,Traditional,Greater Cairo,0,15,105.2,856.6,2024,2,1,Afternoon,Medium Discount,Hot
105778,2024-03-01 04:15:00,Alex-Stanly,Sweet Koshary Mix,Medium,97.48,2,0.0,Nutella,60001,48.0,Female,Silver,Credit Card,In-store,111,12.1,109,21.0,80.9,4.0,0,Signature,Alexandria,1,4,27.29,222.25,2024,3,1,Late Night,No Discount,Moderate
103604,2024-02-07 12:45:00,Riyadh-Olaya,Om Ali Cream,Medium,161.71,2,0.05,none,64159,67.0,Female,Unknown,Cash,Talabat,43,5.0,129,16.6,29.4,4.0,0,Traditional,KSA,0,12,45.28,368.70000000000005,2024,2,7,Afternoon,Low Discount,Cold
100846,2024-01-09 19:15:00,Mansoura-Mashaya,Rice Pudding Oven,Large,171.67,3,0.15,Pistachio,62107,29.0,Female,Unknown,Instapay,ElMenus,115,12.2,145,19.0,38.6,5.0,0,Traditional,Delta,0,19,72.1,587.11,2024,1,9,Evening,Medium Discount,Cold
100543,2024-01-06 15:30:00,Alex-Stanly,Super B.Laban,Large,175.06,1,0.15,none,66813,61.0,Female,Bronze,Cash,Mobile App,23,10.6,121,34.8,77.4,1.0,0,Signature,Alexandria,1,15,24.51,199.57,2024,1,6,Afternoon,Medium Discount,Hot
103725,2024-02-08 19:00:00,Alex-Stanly,Rice Pudding Nuts,Large,85.75,2,0.0,Pistachio,69475,46.0,Male,Silver,Cash,Mobile App,48,7.6,101,28.1,68.6,1.0,0,Traditional,Alexandria,0,19,24.01,195.51,2024,2,8,Evening,No Discount,Hot
104188,2024-02-13 14:45:00,Riyadh-Olaya,Rice Pudding Oven,Large,137.53,9,0.0,Pistachio,59791,64.0,Female,Unknown,Instapay,Mobile App,32,10.6,132,40.1,42.0,3.0,0,Traditional,KSA,0,14,173.29,1411.06,2024,2,13,Afternoon,No Discount,Hot
103680,2024-02-08 07:45:00,Cairo-Nasr City,Om Ali Cream,Medium,45.94,6,0.0,Nuts,82499,39.0,Male,Bronze,Wallet,Talabat,38,4.9,112,40.7,69.2,5.0,1,Traditional,Greater Cairo,0,7,38.59,314.23,2024,2,8,Morning,No Discount,Hot
108900,2024-04-02 16:45:00,Giza-Zayed,Qishtouza Lotus,Medium,137.16,1,0.15,Pistachio,77202,37.0,Male,Bronze,Instapay,In-store,70,7.9,124,44.8,66.6,3.0,0,Modern,Greater Cairo,0,16,19.2,156.35999999999999,2024,4,2,Afternoon,Medium Discount,Hot
107968,2024-03-23 23:45:00,Giza-Zayed,Rice Pudding Oven,Medium,97.15,8,0.0,Lotus,68235,46.0,Female,Bronze,Cash,Talabat,87,14.8,144,35.6,56.1,3.0,0,Traditional,Greater Cairo,1,23,108.81,886.01,2024,3,23,Late Night,No Discount,Hot
108486,2024-03-29 09:15:00,Dubai-Marina,Rice Pudding Oven,Medium,97.35,6,0.0,Nuts,86823,65.0,Male,Silver,Wallet,Talabat,91,11.3,142,19.0,78.7,3.0,0,Traditional,UAE,1,9,81.77,665.8699999999999,2024,3,29,Morning,No Discount,Cold
106076,2024-03-04 06:45:00,Riyadh-Olaya,Super B.Laban,Small,93.14,3,0.0,Nuts,74158,38.0,Male,Gold,Credit Card,In-store,29,12.3,141,35.5,26.4,5.0,0,Signature,KSA,0,6,39.12,318.54,2024,3,4,Morning,No Discount,Hot
107341,2024-03-17 11:00:00,Cairo-Nasr City,Om Ali Cream,Large,118.44,9,0.0,none,83809,14.0,Male,Bronze,Wallet,In-store,20,13.6,126,39.4,33.5,5.0,0,Traditional,Greater Cairo,1,11,149.23,1215.19,2024,3,17,Morning,No Discount,Hot
108226,2024-03-26 16:15:00,Tanta-Saeed,Rice Pudding Oven,Medium,124.63,2,0.0,Lotus,65521,57.0,Male,Bronze,Credit Card,Mobile App,118,11.4,143,34.5,50.4,3.0,0,Traditional,Delta,0,16,34.9,284.15999999999997,2024,3,26,Afternoon,No Discount,Hot
107247,2024-03-16 11:30:00,Cairo-Zamalek,Rice Pudding Nuts,Small,179.92,8,0.0,Lotus,65568,20.0,Female,Unknown,Wallet,ElMenus,94,2.4,139,23.2,39.6,1.0,0,Traditional,Greater Cairo,1,11,201.51,1640.87,2024,3,16,Morning,No Discount,Moderate
109711,2024-04-11 03:30:00,Dubai-Marina,Super B.Laban,Medium,143.14,9,0.0,none,69933,63.0,Male,Unknown,Credit Card,ElMenus,61,12.5,113,27.5,87.0,1.0,0,Signature,UAE,0,3,180.36,1468.62,2024,4,11,Late Night,No Discount,Hot
108291,2024-03-27 08:30:00,Cairo-Zamalek,Rice Pudding Nuts,Large,123.55,6,0.15,Pistachio,50598,60.0,Male,Unknown,Cash,Mobile App,38,7.5,134,24.1,25.4,3.0,0,Traditional,Greater Cairo,0,8,103.78,845.0799999999999,2024,3,27,Morning,Medium Discount,Moderate
107138,2024-03-15 08:15:00,Cairo-Nasr City,Rice Pudding Oven,Medium,134.01,7,0.0,none,87666,14.0,Female,Silver,Credit Card,ElMenus,91,1.3,142,31.6,23.6,3.0,0,Traditional,Greater Cairo,1,8,131.33,1069.3999999999999,2024,3,15,Morning,No Discount,Hot
102965,2024-01-31 21:00:00,Tanta-Saeed,Rice Pudding Nuts,Small,46.35,5,0.0,Nuts,70816,73.0,Female,Silver,Cash,Mobile App,34,6.4,137,40.1,30.1,4.0,0,Traditional,Delta,0,21,32.44,264.19,2024,1,31,Evening,No Discount,Hot
107560,2024-03-19 17:45:00,Riyadh-Olaya,Rice Pudding Oven,Large,136.69,5,0.1,none,76285,54.0,Female,Gold,Wallet,ElMenus,43,8.6,131,18.7,37.5,1.0,0,Traditional,KSA,0,17,95.68,779.1300000000001,2024,3,19,Evening,Medium Discount,Cold
102530,2024-01-27 08:15:00,Mansoura-Mashaya,Ice Cream Mango,Small,146.49,7,0.15,Nutella,82601,17.0,Female,Bronze,Cash,Mobile App,64,4.5,116,24.1,46.3,4.0,0,Ice Cream,Delta,1,8,143.56,1168.99,2024,1,27,Morning,Medium Discount,Moderate
107285,2024-03-16 21:00:00,Dubai-Marina,Sweet Koshary Mix,Medium,45.5,1,0.1,Nuts,51439,43.5,Female,Unknown,Instapay,In-store,50,13.2,144,40.0,50.8,2.0,0,Signature,UAE,1,21,6.37,51.87,2024,3,16,Evening,Medium Discount,Hot
105773,2024-03-01 03:00:00,Mansoura-Mashaya,Ice Cream Mango,Medium,70.45,3,0.0,Lotus,54864,70.0,Female,Bronze,Cash,Talabat,18,8.0,134,44.7,55.7,2.0,0,Ice Cream,Delta,1,3,29.59,240.94000000000003,2024,3,1,Late Night,No Discount,Hot
101049,2024-01-11 22:00:00,Mansoura-Mashaya,Rice Pudding Oven,Medium,173.93,4,0.15,Nutella,88327,20.0,Female,Bronze,Instapay,ElMenus,39,2.6,120,29.7,89.6,5.0,0,Traditional,Delta,0,22,97.4,793.12,2024,1,11,Late Night,Medium Discount,Hot
107046,2024-03-14 09:15:00,Riyadh-Olaya,Sweet Koshary Mix,Medium,145.59,10,0.0,none,82716,13.0,Female,Unknown,Instapay,In-store,106,7.6,141,18.0,36.0,3.0,0,Signature,KSA,0,9,203.83,1659.73,2024,3,14,Morning,No Discount,Cold
101961,2024-01-21 10:00:00,Cairo-Zamalek,Super B.Laban,Large,50.53,3,0.0,none,52181,69.0,Male,Bronze,Instapay,Mobile App,104,1.3,122,15.7,53.0,4.0,0,Signature,Greater Cairo,1,10,21.22,172.81,2024,1,21,Morning,No Discount,Cold
102531,2024-01-27 08:30:00,Cairo-Zamalek,Qishtouza Nutella,Small,64.94,1,0.05,none,88426,69.0,Female,Unknown,Wallet,In-store,60,9.5,133,38.6,64.1,3.0,0,Modern,Greater Cairo,1,8,9.09,74.03,2024,1,27,Morning,Low Discount,Hot
109049,2024-04-04 06:00:00,Alex-Stanly,Sweet Koshary Mix,Medium,127.56,6,0.1,Nutella,89834,58.0,Male,Silver,Wallet,ElMenus,43,8.0,134,40.9,55.6,1.0,0,Signature,Alexandria,0,6,107.15,872.51,2024,4,4,Morning,Medium Discount,Hot
107604,2024-03-20 04:45:00,Mansoura-Mashaya,Super B.Laban,Medium,137.99,6,0.0,Lotus,78436,43.5,Male,Gold,Instapay,ElMenus,52,7.4,130,17.6,78.9,5.0,0,Signature,Delta,0,4,115.91,943.85,2024,3,20,Late Night,No Discount,Cold
106525,2024-03-08 23:00:00,Mansoura-Mashaya,Qishtouza Nutella,Medium,57.17,1,0.0,Pistachio,51734,12.0,Male,Silver,Cash,ElMenus,72,6.8,116,36.8,27.2,3.0,0,Modern,Delta,1,23,8.0,65.17,2024,3,8,Late Night,No Discount,Hot
100238,2024-01-03 11:15:00,Tanta-Saeed,Rice Pudding Nuts,Medium,162.82,10,0.0,none,55785,27.0,Male,Unknown,Instapay,Mobile App,32,11.5,137,24.1,29.5,4.0,0,Traditional,Delta,0,11,227.95,1856.1499999999999,2024,1,3,Morning,No Discount,Moderate
104918,2024-02-21 05:15:00,Giza-Zayed,Super B.Laban,Medium,163.1,2,0.05,none,63616,13.0,Male,Bronze,Cash,ElMenus,13,12.2,125,44.0,49.8,5.0,0,Signature,Greater Cairo,0,5,45.67,371.87,2024,2,21,Morning,Low Discount,Hot
106480,2024-03-08 11:45:00,Cairo-Nasr City,Rice Pudding Nuts,Medium,142.71,1,0.0,none,69606,50.0,Male,Unknown,Credit Card,Talabat,27,6.6,121,38.7,44.5,3.0,0,Traditional,Greater Cairo,1,11,19.98,162.69,2024,3,8,Morning,No Discount,Hot
101134,2024-01-12 19:15:00,Dubai-Marina,Rice Pudding Nuts,Medium,130.69,10,0.15,Lotus,74062,29.0,Male,Bronze,Credit Card,In-store,25,3.4,102,28.7,55.1,5.0,0,Traditional,UAE,1,19,182.97,1489.8700000000001,2024,1,12,Evening,Medium Discount,Hot
106977,2024-03-13 16:00:00,Riyadh-Olaya,Super B.Laban,Medium,138.94,6,0.0,Lotus,62661,43.5,Female,Gold,Instapay,In-store,20,10.4,111,41.4,39.9,4.0,0,Signature,KSA,0,16,116.71,950.35,2024,3,13,Afternoon,No Discount,Hot
105902,2024-03-02 11:15:00,Cairo-Zamalek,Rice Pudding Nuts,Medium,88.36,3,0.0,none,85816,15.0,Male,Unknown,Instapay,Talabat,75,10.1,115,32.5,56.5,5.0,0,Traditional,Greater Cairo,1,11,37.11,302.19,2024,3,2,Morning,No Discount,Hot
109058,2024-04-04 08:15:00,Cairo-Zamalek,Qishtouza Lotus,Small,44.2,6,0.0,none,70643,65.0,Female,Bronze,Credit Card,ElMenus,57,9.9,103,39.3,35.8,3.0,0,Modern,Greater Cairo,0,8,37.13,302.33000000000004,2024,4,4,Morning,No Discount,Hot
104260,2024-02-14 08:45:00,Alex-Stanly,Qishtouza Nutella,Small,54.97,7,0.1,Nuts,67334,72.0,Female,Gold,Wallet,In-store,63,10.8,115,20.9,54.6,5.0,0,Modern,Alexandria,0,8,53.87,438.65999999999997,2024,2,14,Morning,Medium Discount,Moderate
108841,2024-04-02 02:00:00,Cairo-Zamalek,Sweet Koshary Mix,Large,79.47,11,0.0,none,87309,53.0,Male,Unknown,Wallet,Mobile App,114,9.3,111,18.5,30.9,1.0,0,Signature,Greater Cairo,0,2,122.38,996.55,2024,4,2,Late Night,No Discount,Cold
106966,2024-03-13 13:15:00,Cairo-Zamalek,Ice Cream Mango,Medium,69.97,10,0.1,Nutella,77662,44.0,Male,Unknown,Wallet,ElMenus,56,3.3,105,37.7,33.4,3.0,0,Ice Cream,Greater Cairo,0,13,97.96,797.6600000000001,2024,3,13,Afternoon,Medium Discount,Hot
109980,2024-04-13 22:45:00,Riyadh-Olaya,Rice Pudding Oven,Medium,128.04,2,0.05,none,79544,25.0,Female,Unknown,Cash,In-store,15,2.9,146,33.0,67.9,4.0,0,Traditional,KSA,1,22,35.85,291.93,2024,4,13,Late Night,Low Discount,Hot
100793,2024-01-09 06:00:00,Mansoura-Mashaya,Qishtouza Nutella,Large,126.21,1,0.0,Nutella,71870,61.0,Female,Bronze,Cash,Talabat,108,4.5,133,26.0,26.0,5.0,0,Modern,Delta,0,6,17.67,143.88,2024,1,9,Morning,No Discount,Hot
101986,2024-01-21 16:15:00,Tanta-Saeed,Om Ali Cream,Medium,168.89,9,0.15,Pistachio,54798,12.0,Male,Gold,Cash,In-store,35,13.6,109,24.6,66.9,3.0,0,Traditional,Delta,1,16,212.8,1732.8099999999997,2024,1,21,Afternoon,Medium Discount,Moderate
105657,2024-02-28 22:00:00,Mansoura-Mashaya,Qishtouza Lotus,Medium,179.23,10,0.0,none,81262,24.0,Female,Unknown,Instapay,Talabat,105,7.9,130,37.2,32.2,5.0,0,Modern,Delta,0,22,250.92,2043.22,2024,2,28,Late Night,No Discount,Hot
108740,2024-04-01 00:45:00,Cairo-Zamalek,Om Ali Cream,Medium,118.82,9,0.15,none,73116,31.0,Female,Bronze,Credit Card,Mobile App,76,10.1,139,40.2,57.2,2.0,0,Traditional,Greater Cairo,0,0,149.71,1219.09,2024,4,1,Late Night,Medium Discount,Hot
107936,2024-03-23 15:45:00,Cairo-Zamalek,Ice Cream Mango,Large,153.51,8,0.0,Nutella,55683,72.0,Male,Unknown,Wallet,In-store,71,6.7,148,30.1,70.0,3.0,0,Ice Cream,Greater Cairo,1,15,171.93,1400.01,2024,3,23,Afternoon,No Discount,Hot
106098,2024-03-04 12:15:00,Dubai-Marina,Om Ali Cream,Medium,172.02,2,0.0,Pistachio,72412,51.0,Female,Silver,Wallet,Mobile App,115,10.8,142,43.5,83.7,3.0,0,Traditional,UAE,0,12,48.17,392.21000000000004,2024,3,4,Afternoon,No Discount,Hot
105908,2024-03-02 12:45:00,Tanta-Saeed,Super B.Laban,Small,149.0,10,0.15,Pistachio,55868,37.0,Male,Silver,Cash,Mobile App,89,10.6,122,30.3,83.5,3.0,0,Signature,Delta,1,12,208.6,1698.6,2024,3,2,Afternoon,Medium Discount,Hot
107374,2024-03-17 19:15:00,Riyadh-Olaya,Super B.Laban,Medium,96.63,9,0.0,none,71586,27.0,Female,Silver,Instapay,ElMenus,88,3.0,107,30.0,64.4,2.0,0,Signature,KSA,1,19,121.75,991.42,2024,3,17,Evening,No Discount,Hot
108129,2024-03-25 16:00:00,Riyadh-Olaya,Ice Cream Mango,Medium,57.2,5,0.05,Pistachio,72857,25.0,Female,Gold,Instapay,ElMenus,21,11.2,120,35.0,47.5,1.0,0,Ice Cream,KSA,0,16,40.04,326.04,2024,3,25,Afternoon,Low Discount,Hot
102979,2024-02-01 00:30:00,Cairo-Nasr City,Qishtouza Lotus,Small,139.34,9,0.0,none,62317,35.0,Male,Bronze,Instapay,In-store,83,1.3,146,41.5,74.2,3.0,1,Modern,Greater Cairo,0,0,175.57,1429.6299999999999,2024,2,1,Late Night,No Discount,Hot
108862,2024-04-02 07:15:00,Cairo-Zamalek,Om Ali Cream,Medium,52.0,5,0.0,Pistachio,81205,27.0,Female,Gold,Cash,Mobile App,16,3.8,140,27.4,71.6,2.0,0,Traditional,Greater Cairo,0,7,36.4,296.4,2024,4,2,Morning,No Discount,Hot
109302,2024-04-06 21:15:00,Dubai-Marina,Qishtouza Lotus,Large,76.59,1,0.0,Nutella,59505,55.0,Male,Bronze,Wallet,ElMenus,73,3.8,149,26.2,43.1,5.0,0,Modern,UAE,1,21,10.72,87.31,2024,4,6,Evening,No Discount,Hot
106722,2024-03-11 00:15:00,Cairo-Nasr City,Ice Cream Mango,Medium,172.52,3,0.05,Nutella,53863,25.0,Male,Unknown,Credit Card,ElMenus,111,14.4,112,21.7,48.5,4.0,0,Ice Cream,Greater Cairo,0,0,72.46,590.0200000000001,2024,3,11,Late Night,Low Discount,Moderate
107843,2024-03-22 16:30:00,Giza-Zayed,Rice Pudding Oven,Large,89.57,1,0.0,none,72881,45.0,Female,Unknown,Credit Card,Mobile App,12,2.3,104,24.0,83.2,5.0,0,Traditional,Greater Cairo,1,16,12.54,102.10999999999999,2024,3,22,Afternoon,No Discount,Moderate
105525,2024-02-27 13:00:00,Giza-Zayed,Rice Pudding Oven,Medium,160.39,9,0.0,none,60750,64.0,Male,Unknown,Credit Card,ElMenus,71,1.1,134,25.7,24.3,5.0,0,Traditional,Greater Cairo,0,13,202.09,1645.5999999999997,2024,2,27,Afternoon,No Discount,Hot
108722,2024-03-31 20:15:00,Mansoura-Mashaya,Rice Pudding Oven,Large,100.28,8,0.0,Nutella,89522,43.5,Male,Gold,Wallet,In-store,17,7.9,102,43.4,56.5,2.0,0,Traditional,Delta,1,20,112.31,914.55,2024,3,31,Evening,No Discount,Hot
108432,2024-03-28 19:45:00,Alex-Stanly,Super B.Laban,Large,75.97,1,0.0,Nuts,79249,16.0,Female,Unknown,Instapay,ElMenus,33,14.8,139,19.2,62.4,4.0,0,Signature,Alexandria,0,19,10.64,86.61,2024,3,28,Evening,No Discount,Cold
109009,2024-04-03 20:00:00,Tanta-Saeed,Sweet Koshary Mix,Small,91.09,9,0.0,none,77586,31.0,Male,Silver,Credit Card,Mobile App,70,1.3,105,25.6,21.4,2.0,0,Signature,Delta,0,20,114.77,934.58,2024,4,3,Evening,No Discount,Hot
108604,2024-03-30 14:45:00,Tanta-Saeed,Sweet Koshary Mix,Medium,88.3,1,0.0,Nuts,75666,43.5,Female,Unknown,Wallet,Mobile App,37,13.1,130,18.2,58.5,3.0,0,Signature,Delta,1,14,12.36,100.66,2024,3,30,Afternoon,No Discount,Cold
107175,2024-03-15 17:30:00,Cairo-Nasr City,Qishtouza Lotus,Small,145.63,2,0.0,none,66628,43.5,Female,Unknown,Credit Card,Talabat,76,13.6,108,39.7,48.1,1.0,0,Modern,Greater Cairo,1,17,40.78,332.03999999999996,2024,3,15,Evening,No Discount,Hot
103920,2024-02-10 19:45:00,Dubai-Marina,Qishtouza Lotus,Medium,139.67,5,0.0,Pistachio,70148,30.0,Female,Bronze,Wallet,Mobile App,60,8.4,133,25.8,66.5,5.0,1,Modern,UAE,1,19,97.77,796.1199999999999,2024,2,10,Evening,No Discount,Hot
103139,2024-02-02 16:30:00,Cairo-Nasr City,Qishtouza Lotus,Large,95.33,2,0.0,Lotus,69510,61.0,Female,Silver,Wallet,Talabat,46,6.9,101,15.9,20.5,3.0,0,Modern,Greater Cairo,1,16,26.69,217.35,2024,2,2,Afternoon,No Discount,Cold
109417,2024-04-08 02:00:00,Riyadh-Olaya,Qishtouza Nutella,Medium,80.11,6,0.0,Nuts,58733,43.5,Female,Bronze,Instapay,Talabat,97,11.6,119,32.3,61.3,1.0,0,Modern,KSA,0,2,67.29,547.9499999999999,2024,4,8,Late Night,No Discount,Hot
109934,2024-04-13 11:15:00,Giza-Zayed,Qishtouza Nutella,Large,132.47,4,0.0,Nutella,67224,70.0,Male,Gold,Instapay,In-store,93,10.0,106,37.4,73.7,4.0,0,Modern,Greater Cairo,1,11,74.18,604.06,2024,4,13,Morning,No Discount,Hot
105790,2024-03-01 07:15:00,Cairo-Zamalek,Rice Pudding Nuts,Large,68.83,5,0.0,Nutella,66509,55.0,Female,Unknown,Cash,Talabat,56,14.1,114,35.5,74.6,4.0,0,Traditional,Greater Cairo,1,7,48.18,392.33,2024,3,1,Morning,No Discount,Hot
104074,2024-02-12 10:15:00,Cairo-Nasr City,Super B.Laban,Large,48.74,2,0.1,Lotus,56831,48.0,Male,Silver,Credit Card,Mobile App,100,3.6,134,17.9,81.7,5.0,0,Signature,Greater Cairo,0,10,13.65,111.13000000000001,2024,2,12,Morning,Medium Discount,Cold
103288,2024-02-04 05:45:00,Tanta-Saeed,Ice Cream Mango,Medium,105.42,5,0.0,none,86971,24.0,Female,Gold,Wallet,Talabat,43,2.3,128,29.8,34.2,3.0,0,Ice Cream,Delta,1,5,73.79,600.89,2024,2,4,Morning,No Discount,Hot
103230,2024-02-03 15:15:00,Tanta-Saeed,Qishtouza Nutella,Medium,51.06,3,0.0,Pistachio,60236,16.0,Male,Unknown,Cash,In-store,52,0.7,115,44.8,49.0,4.0,0,Modern,Delta,1,15,21.45,174.63,2024,2,3,Afternoon,No Discount,Hot
101827,2024-01-20 00:30:00,Tanta-Saeed,Qishtouza Nutella,Medium,113.25,6,0.0,Nutella,87249,43.5,Male,Gold,Wallet,Mobile App,95,11.6,103,19.5,79.8,3.0,0,Modern,Delta,1,0,95.13,774.63,2024,1,20,Late Night,No Discount,Cold
105549,2024-02-27 19:00:00,Cairo-Zamalek,Qishtouza Nutella,Small,146.32,5,0.0,Nutella,82040,59.0,Male,Gold,Cash,Mobile App,114,8.0,144,31.2,50.5,2.0,0,Modern,Greater Cairo,0,19,102.42,834.0199999999999,2024,2,27,Evening,No Discount,Hot
100594,2024-01-07 04:15:00,Giza-Zayed,Om Ali Cream,Medium,135.42,7,0.0,none,87282,53.0,Female,Unknown,Instapay,ElMenus,96,0.6,142,27.4,21.4,3.0,0,Traditional,Greater Cairo,1,4,132.71,1080.6499999999999,2024,1,7,Late Night,No Discount,Hot
102726,2024-01-29 09:15:00,Cairo-Zamalek,Qishtouza Nutella,Large,155.71,4,0.0,none,81208,45.0,Female,Unknown,Instapay,ElMenus,47,14.6,138,16.4,63.7,2.0,0,Modern,Greater Cairo,0,9,87.2,710.0400000000001,2024,1,29,Morning,No Discount,Cold
104138,2024-02-13 02:15:00,Cairo-Zamalek,Qishtouza Nutella,Small,122.99,7,0.15,Nutella,77390,61.0,Female,Bronze,Wallet,In-store,70,1.2,140,38.7,78.1,2.0,1,Modern,Greater Cairo,0,2,120.53,981.4599999999999,2024,2,13,Late Night,Medium Discount,Hot
100561,2024-01-06 20:00:00,Giza-Zayed,Qishtouza Nutella,Small,59.56,6,0.0,none,86437,28.0,Male,Gold,Credit Card,ElMenus,21,2.1,142,40.5,83.9,2.0,0,Modern,Greater Cairo,1,20,50.03,407.39,2024,1,6,Evening,No Discount,Hot
107407,2024-03-18 03:30:00,Cairo-Zamalek,Qishtouza Lotus,Medium,118.22,3,0.05,none,89991,22.0,Male,Bronze,Credit Card,Talabat,87,3.1,149,43.1,54.3,5.0,0,Modern,Greater Cairo,0,3,49.65,404.30999999999995,2024,3,18,Late Night,Low Discount,Hot
108807,2024-04-01 17:30:00,Cairo-Nasr City,Qishtouza Lotus,Large,118.99,7,0.0,Nuts,58774,35.0,Male,Unknown,Cash,Talabat,45,10.4,126,23.8,26.8,3.0,0,Modern,Greater Cairo,0,17,116.61,949.54,2024,4,1,Evening,No Discount,Moderate
108387,2024-03-28 08:30:00,Tanta-Saeed,Om Ali Cream,Medium,136.51,7,0.0,none,86685,34.0,Female,Unknown,Wallet,ElMenus,25,10.5,143,23.8,53.6,4.0,0,Traditional,Delta,0,8,133.78,1089.35,2024,3,28,Morning,No Discount,Moderate
100244,2024-01-03 12:45:00,Cairo-Nasr City,Qishtouza Nutella,Medium,149.08,2,0.05,none,55213,57.0,Female,Silver,Credit Card,Talabat,50,9.1,146,21.3,60.3,5.0,0,Modern,Greater Cairo,0,12,41.74,339.90000000000003,2024,1,3,Afternoon,Low Discount,Moderate
107269,2024-03-16 17:00:00,Cairo-Nasr City,Super B.Laban,Medium,83.74,1,0.0,Nutella,67323,50.0,Male,Unknown,Credit Card,ElMenus,12,3.9,112,16.8,31.2,3.0,0,Signature,Greater Cairo,1,17,11.72,95.46,2024,3,16,Evening,No Discount,Cold
105436,2024-02-26 14:45:00,Giza-Zayed,Qishtouza Nutella,Small,79.15,5,0.05,Pistachio,60384,42.0,Female,Gold,Wallet,In-store,38,6.9,132,35.0,23.1,3.0,0,Modern,Greater Cairo,0,14,55.41,451.15999999999997,2024,2,26,Afternoon,Low Discount,Hot
104438,2024-02-16 05:15:00,Giza-Zayed,Rice Pudding Oven,Medium,122.62,10,0.0,none,59087,45.0,Female,Unknown,Cash,Mobile App,34,14.0,149,29.1,35.2,3.0,0,Traditional,Greater Cairo,1,5,171.67,1397.8700000000001,2024,2,16,Morning,No Discount,Hot
109685,2024-04-10 21:00:00,Cairo-Zamalek,Om Ali Cream,Small,120.77,4,0.0,Pistachio,85601,26.0,Female,Unknown,Wallet,Mobile App,116,5.8,146,21.3,33.8,3.0,0,Traditional,Greater Cairo,0,21,67.63,550.71,2024,4,10,Evening,No Discount,Moderate
108107,2024-03-25 10:30:00,Dubai-Marina,Super B.Laban,Small,101.11,1,0.0,none,79695,28.0,Female,Gold,Credit Card,ElMenus,11,11.1,147,15.8,51.5,2.0,0,Signature,UAE,0,10,14.16,115.27,2024,3,25,Morning,No Discount,Cold
100406,2024-01-05 05:15:00,Giza-Zayed,Ice Cream Mango,Small,99.71,8,0.0,none,85253,40.0,Female,Unknown,Instapay,ElMenus,23,9.1,127,43.6,22.9,5.0,0,Ice Cream,Greater Cairo,1,5,111.68,909.3599999999999,2024,1,5,Morning,No Discount,Hot
101443,2024-01-16 00:30:00,Giza-Zayed,Qishtouza Nutella,Medium,138.18,11,0.05,Nutella,73624,21.0,Male,Gold,Credit Card,In-store,26,5.0,131,43.7,39.1,1.0,0,Modern,Greater Cairo,0,0,212.8,1732.78,2024,1,16,Late Night,Low Discount,Hot
100262,2024-01-03 17:15:00,Tanta-Saeed,Qishtouza Nutella,Medium,161.21,1,0.0,Lotus,61083,38.0,Female,Bronze,Cash,In-store,51,10.7,114,18.1,22.0,3.0,1,Modern,Delta,0,17,22.57,183.78,2024,1,3,Evening,No Discount,Cold
104407,2024-02-15 21:30:00,Cairo-Nasr City,Super B.Laban,Small,179.66,2,0.0,Lotus,50688,32.0,Female,Gold,Credit Card,Mobile App,51,12.3,109,28.6,88.9,2.0,0,Signature,Greater Cairo,0,21,50.3,409.62,2024,2,15,Evening,No Discount,Hot
107634,2024-03-20 12:15:00,Cairo-Zamalek,Rice Pudding Oven,Medium,92.72,3,0.0,none,50440,21.0,Female,Silver,Instapay,ElMenus,17,12.4,104,15.4,89.7,3.0,0,Traditional,Greater Cairo,0,12,38.94,317.09999999999997,2024,3,20,Afternoon,No Discount,Cold
109534,2024-04-09 07:15:00,Cairo-Zamalek,Ice Cream Mango,Large,130.08,9,0.0,Nuts,66716,40.0,Female,Bronze,Cash,Talabat,97,4.7,109,38.6,43.8,1.0,0,Ice Cream,Greater Cairo,0,7,163.9,1334.6200000000001,2024,4,9,Morning,No Discount,Hot
101690,2024-01-18 14:15:00,Giza-Zayed,Sweet Koshary Mix,Medium,81.58,3,0.0,Nuts,51298,50.0,Female,Gold,Instapay,Talabat,107,0.8,146,24.0,47.4,2.0,0,Signature,Greater Cairo,0,14,34.26,279.0,2024,1,18,Afternoon,No Discount,Moderate
109867,2024-04-12 18:30:00,Cairo-Zamalek,Rice Pudding Oven,Medium,42.14,7,0.0,Lotus,62649,64.0,Female,Unknown,Credit Card,Mobile App,41,7.3,119,17.3,26.2,4.0,0,Traditional,Greater Cairo,1,18,41.3,336.28000000000003,2024,4,12,Evening,No Discount,Cold
101726,2024-01-18 23:15:00,Tanta-Saeed,Sweet Koshary Mix,Medium,110.82,4,0.0,none,80533,43.5,Female,Gold,Instapay,In-store,112,1.3,111,44.3,22.7,3.0,0,Signature,Delta,0,23,62.06,505.34,2024,1,18,Late Night,No Discount,Hot
108995,2024-04-03 16:30:00,Dubai-Marina,Qishtouza Nutella,Large,138.25,6,0.0,Pistachio,80188,48.0,Male,Gold,Cash,Mobile App,92,13.9,136,28.2,34.7,4.0,0,Modern,UAE,0,16,116.13,945.63,2024,4,3,Afternoon,No Discount,Hot
104931,2024-02-21 08:30:00,Mansoura-Mashaya,Sweet Koshary Mix,Small,117.96,11,0.0,Nuts,85172,68.0,Female,Gold,Wallet,ElMenus,72,14.6,132,15.0,71.9,1.0,0,Signature,Delta,0,8,181.66,1479.22,2024,2,21,Morning,No Discount,Cold
105963,2024-03-03 02:30:00,Giza-Zayed,Sweet Koshary Mix,Medium,98.26,9,0.05,Nuts,86954,29.0,Female,Silver,Wallet,Talabat,22,11.3,102,27.6,20.5,3.0,0,Signature,Greater Cairo,1,2,123.81,1008.1500000000001,2024,3,3,Late Night,Low Discount,Hot
102497,2024-01-27 00:00:00,Giza-Zayed,Om Ali Cream,Medium,161.48,5,0.0,Nuts,51388,22.0,Male,Unknown,Instapay,In-store,37,8.6,112,20.7,78.4,4.0,0,Traditional,Greater Cairo,1,0,113.04,920.4399999999999,2024,1,27,Late Night,No Discount,Moderate
109015,2024-04-03 21:30:00,Mansoura-Mashaya,Qishtouza Nutella,Small,128.9,6,0.0,Lotus,61054,13.0,Female,Bronze,Credit Card,In-store,48,13.2,125,16.7,44.5,5.0,0,Modern,Delta,0,21,108.28,881.6800000000001,2024,4,3,Evening,No Discount,Cold
106905,2024-03-12 22:00:00,Dubai-Marina,Rice Pudding Oven,Medium,86.4,4,0.0,Nutella,82099,67.0,Female,Silver,Cash,In-store,29,12.3,105,16.0,25.4,5.0,0,Traditional,UAE,0,22,48.38,393.98,2024,3,12,Late Night,No Discount,Cold
106107,2024-03-04 14:30:00,Giza-Zayed,Om Ali Cream,Medium,40.75,4,0.0,Lotus,88707,31.0,Male,Gold,Cash,In-store,51,4.3,114,15.1,85.8,3.0,0,Traditional,Greater Cairo,0,14,22.82,185.82,2024,3,4,Afternoon,No Discount,Cold
108201,2024-03-26 10:00:00,Giza-Zayed,Ice Cream Mango,Large,94.56,9,0.0,Pistachio,70663,27.0,Female,Silver,Wallet,ElMenus,66,4.0,124,27.6,45.4,4.0,0,Ice Cream,Greater Cairo,0,10,119.15,970.1899999999999,2024,3,26,Morning,No Discount,Hot
100341,2024-01-04 13:00:00,Alex-Stanly,Om Ali Cream,Small,177.37,2,0.0,Pistachio,88642,27.0,Female,Unknown,Instapay,Mobile App,89,9.3,134,26.9,63.4,3.0,0,Traditional,Alexandria,0,13,49.66,404.4,2024,1,4,Afternoon,No Discount,Hot
102409,2024-01-26 02:00:00,Dubai-Marina,Rice Pudding Nuts,Large,50.92,11,0.05,Lotus,64204,28.0,Male,Unknown,Wallet,ElMenus,115,2.0,112,26.5,46.2,1.0,0,Traditional,UAE,1,2,78.42,638.54,2024,1,26,Late Night,Low Discount,Hot
101602,2024-01-17 16:15:00,Dubai-Marina,Rice Pudding Nuts,Large,161.42,1,0.0,Nutella,76014,26.0,Female,Gold,Cash,In-store,92,7.0,134,30.1,86.2,3.0,0,Traditional,UAE,0,16,22.6,184.01999999999998,2024,1,17,Afternoon,No Discount,Hot
109865,2024-04-12 18:00:00,Giza-Zayed,Ice Cream Mango,Large,177.93,2,0.0,Nuts,86274,64.0,Male,Gold,Wallet,ElMenus,99,5.1,103,32.5,40.0,3.0,0,Ice Cream,Greater Cairo,1,18,49.82,405.68,2024,4,12,Evening,No Discount,Hot
108360,2024-03-28 01:45:00,Cairo-Nasr City,Rice Pudding Nuts,Small,173.46,11,0.0,Lotus,56778,52.0,Male,Gold,Cash,Mobile App,89,3.3,106,34.1,28.1,5.0,0,Traditional,Greater Cairo,0,1,267.13,2175.19,2024,3,28,Late Night,No Discount,Hot
105783,2024-03-01 05:30:00,Cairo-Zamalek,Qishtouza Lotus,Medium,43.07,10,0.0,none,65230,43.5,Female,Gold,Credit Card,Mobile App,95,10.1,110,22.5,48.8,2.0,0,Modern,Greater Cairo,1,5,60.3,491.0,2024,3,1,Morning,No Discount,Moderate
104577,2024-02-17 16:00:00,Cairo-Nasr City,Rice Pudding Oven,Large,86.25,5,0.0,none,77440,43.5,Male,Unknown,Wallet,ElMenus,104,11.5,127,37.8,35.7,4.0,0,Traditional,Greater Cairo,1,16,60.38,491.63,2024,2,17,Afternoon,No Discount,Hot
107972,2024-03-24 00:45:00,Cairo-Zamalek,Rice Pudding Oven,Medium,9999.99,3,0.0,none,80378,66.0,Female,Silver,Instapay,Mobile App,63,9.7,105,36.0,80.2,4.0,0,Traditional,Greater Cairo,1,0,63.1,30063.07,2024,3,24,Late Night,No Discount,Hot
103726,2024-02-08 19:15:00,Riyadh-Olaya,Rice Pudding Oven,Large,119.33,11,0.15,Pistachio,80854,15.0,Female,Gold,Instapay,Talabat,80,2.9,149,15.2,79.1,1.0,0,Traditional,KSA,0,19,183.77,1496.3999999999999,2024,2,8,Evening,Medium Discount,Cold
102557,2024-01-27 15:00:00,Riyadh-Olaya,Rice Pudding Oven,Medium,42.87,9,0.0,none,71219,36.0,Male,Gold,Instapay,In-store,92,1.8,101,22.6,39.0,1.0,0,Traditional,KSA,1,15,54.02,439.84999999999997,2024,1,27,Afternoon,No Discount,Moderate
102786,2024-01-30 00:15:00,Riyadh-Olaya,Qishtouza Lotus,Large,76.66,3,0.15,Pistachio,59290,57.0,Female,Gold,Cash,ElMenus,37,4.5,102,23.6,77.7,2.0,0,Modern,KSA,0,0,32.2,262.18,2024,1,30,Late Night,Medium Discount,Moderate
101524,2024-01-16 20:45:00,Mansoura-Mashaya,Ice Cream Mango,Small,55.45,10,0.0,Nuts,57766,16.0,Female,Gold,Cash,ElMenus,88,14.5,106,26.0,67.5,4.0,0,Ice Cream,Delta,0,20,77.63,632.13,2024,1,16,Evening,No Discount,Hot
107718,2024-03-21 09:15:00,Cairo-Zamalek,Super B.Laban,Medium,43.85,1,0.0,Pistachio,73012,73.0,Female,Unknown,Cash,ElMenus,91,8.3,111,20.6,61.2,4.0,0,Signature,Greater Cairo,0,9,6.14,49.99,2024,3,21,Morning,No Discount,Moderate
102508,2024-01-27 02:45:00,Tanta-Saeed,Qishtouza Nutella,Large,149.46,6,0.15,Lotus,79259,42.0,Male,Gold,Instapay,In-store,17,5.2,135,42.8,29.8,5.0,0,Modern,Delta,1,2,125.55,1022.31,2024,1,27,Late Night,Medium Discount,Hot
102832,2024-01-30 11:45:00,Cairo-Zamalek,Ice Cream Mango,Small,95.64,3,0.0,Lotus,73575,52.0,Female,Silver,Credit Card,In-store,21,1.9,138,42.3,37.6,3.0,0,Ice Cream,Greater Cairo,0,11,40.17,327.09000000000003,2024,1,30,Morning,No Discount,Hot
101013,2024-01-11 13:00:00,Tanta-Saeed,Ice Cream Mango,Large,155.58,3,0.0,none,50734,43.5,Female,Silver,Cash,In-store,103,7.9,141,42.4,26.2,3.0,0,Ice Cream,Delta,0,13,65.34,532.08,2024,1,11,Afternoon,No Discount,Hot
105281,2024-02-25 00:00:00,Tanta-Saeed,Qishtouza Lotus,Large,117.36,6,0.0,none,51385,42.0,Female,Unknown,Instapay,ElMenus,50,6.6,110,18.5,35.1,5.0,1,Modern,Delta,1,0,98.58,802.74,2024,2,25,Late Night,No Discount,Cold
104896,2024-02-20 23:45:00,Cairo-Zamalek,Om Ali Cream,Small,96.17,11,0.05,Nuts,76864,43.5,Female,Unknown,Credit Card,Mobile App,86,13.3,113,26.7,46.9,3.0,0,Traditional,Greater Cairo,0,23,148.1,1205.97,2024,2,20,Late Night,Low Discount,Hot
101767,2024-01-19 09:30:00,Tanta-Saeed,Rice Pudding Oven,Medium,179.65,10,0.1,Nutella,86067,67.0,Female,Unknown,Credit Card,Mobile App,31,6.0,132,20.3,44.5,1.0,0,Traditional,Delta,1,9,251.51,2048.01,2024,1,19,Morning,Medium Discount,Moderate
104552,2024-02-17 09:45:00,Alex-Stanly,Qishtouza Lotus,Small,147.84,8,0.0,Nuts,66537,57.0,Male,Gold,Wallet,Mobile App,46,0.6,135,29.9,53.1,3.0,0,Modern,Alexandria,1,9,165.58,1348.3,2024,2,17,Morning,No Discount,Hot
107122,2024-03-15 04:15:00,Cairo-Zamalek,Om Ali Cream,Medium,62.25,7,0.0,none,88539,43.5,Male,Unknown,Credit Card,ElMenus,36,14.0,114,20.7,39.0,1.0,0,Traditional,Greater Cairo,1,4,61.0,496.75,2024,3,15,Late Night,No Discount,Moderate
106550,2024-03-09 05:15:00,Mansoura-Mashaya,Om Ali Cream,Small,58.63,3,0.0,Lotus,88791,13.0,Male,Gold,Credit Card,Mobile App,91,3.7,146,40.0,56.9,5.0,0,Traditional,Delta,1,5,24.62,200.51000000000002,2024,3,9,Morning,No Discount,Hot
104038,2024-02-12 01:15:00,Riyadh-Olaya,Ice Cream Mango,Medium,48.12,10,0.1,Lotus,72347,43.5,Female,Silver,Wallet,ElMenus,50,2.5,112,35.3,25.4,5.0,0,Ice Cream,KSA,0,1,67.37,548.5699999999999,2024,2,12,Late Night,Medium Discount,Hot
108271,2024-03-27 03:30:00,Dubai-Marina,Qishtouza Lotus,Small,80.08,11,0.15,none,63420,63.0,Female,Silver,Wallet,ElMenus,93,7.9,129,16.8,77.0,1.0,0,Modern,UAE,0,3,123.32,1004.2,2024,3,27,Late Night,Medium Discount,Cold
100149,2024-01-02 13:00:00,Cairo-Nasr City,Ice Cream Mango,Large,109.12,8,0.0,Nutella,53851,43.5,Female,Gold,Instapay,Mobile App,12,13.3,126,42.8,54.4,5.0,0,Ice Cream,Greater Cairo,0,13,122.21,995.1700000000001,2024,1,2,Afternoon,No Discount,Hot
100286,2024-01-03 23:15:00,Alex-Stanly,Super B.Laban,Small,160.77,11,0.0,none,65021,60.0,Female,Unknown,Cash,Talabat,68,7.6,142,43.4,52.2,3.0,0,Signature,Alexandria,0,23,247.59,2016.06,2024,1,3,Late Night,No Discount,Hot
107801,2024-03-22 06:00:00,Tanta-Saeed,Qishtouza Lotus,Large,52.23,5,0.1,Pistachio,87716,43.0,Female,Unknown,Wallet,Mobile App,55,6.1,142,18.6,85.4,5.0,0,Modern,Delta,1,6,36.56,297.71,2024,3,22,Morning,Medium Discount,Cold
109652,2024-04-10 12:45:00,Riyadh-Olaya,Rice Pudding Nuts,Medium,129.56,8,0.0,Nutella,59912,46.0,Male,Silver,Wallet,ElMenus,90,1.7,123,20.3,40.0,4.0,0,Traditional,KSA,0,12,145.11,1181.5900000000001,2024,4,10,Afternoon,No Discount,Moderate
100364,2024-01-04 18:45:00,Cairo-Zamalek,Rice Pudding Nuts,Large,178.56,3,0.15,none,53805,32.0,Male,Bronze,Credit Card,Talabat,57,5.1,127,29.7,45.1,4.0,0,Traditional,Greater Cairo,0,18,75.0,610.6800000000001,2024,1,4,Evening,Medium Discount,Hot
105368,2024-02-25 21:45:00,Tanta-Saeed,Rice Pudding Nuts,Medium,81.33,2,0.0,Pistachio,78258,45.0,Male,Silver,Wallet,In-store,20,5.8,120,25.6,72.0,1.0,0,Traditional,Delta,1,21,22.77,185.43,2024,2,25,Evening,No Discount,Hot
109946,2024-04-13 14:15:00,Cairo-Nasr City,Rice Pudding Oven,Medium,56.41,4,0.0,Nuts,60505,41.0,Male,Bronze,Wallet,In-store,77,6.5,125,16.6,39.7,2.0,0,Traditional,Greater Cairo,1,14,31.59,257.22999999999996,2024,4,13,Afternoon,No Discount,Cold
108411,2024-03-28 14:30:00,Cairo-Zamalek,Sweet Koshary Mix,Medium,156.75,10,0.0,Nutella,74904,43.5,Female,Unknown,Cash,In-store,89,5.8,120,35.9,38.5,1.0,0,Signature,Greater Cairo,0,14,219.45,1786.95,2024,3,28,Afternoon,No Discount,Hot
109454,2024-04-08 11:15:00,Tanta-Saeed,Ice Cream Mango,Medium,76.32,10,0.05,none,57402,70.0,Female,Silver,Credit Card,Talabat,80,10.6,129,44.1,26.1,1.0,0,Ice Cream,Delta,0,11,106.85,870.05,2024,4,8,Morning,Low Discount,Hot
104726,2024-02-19 05:15:00,Alex-Stanly,Rice Pudding Nuts,Large,45.76,4,0.0,none,72197,43.5,Male,Gold,Cash,In-store,21,9.4,145,19.9,71.7,1.0,0,Traditional,Alexandria,0,5,25.63,208.67,2024,2,19,Morning,No Discount,Cold
107272,2024-03-16 17:45:00,Riyadh-Olaya,Ice Cream Mango,Large,135.54,6,0.0,Nutella,52699,67.0,Female,Gold,Credit Card,In-store,20,0.9,106,32.9,44.8,5.0,0,Ice Cream,KSA,1,17,113.85,927.09,2024,3,16,Evening,No Discount,Hot
106771,2024-03-11 12:30:00,Mansoura-Mashaya,Om Ali Cream,Large,86.39,11,0.0,Nutella,82665,43.5,Female,Gold,Cash,Mobile App,21,11.9,148,35.3,86.4,5.0,0,Traditional,Delta,0,12,133.04,1083.33,2024,3,11,Afternoon,No Discount,Hot
104444,2024-02-16 06:45:00,Giza-Zayed,Sweet Koshary Mix,Large,59.46,10,0.0,none,71167,59.0,Male,Bronze,Credit Card,Talabat,51,5.7,140,27.9,25.9,2.0,0,Signature,Greater Cairo,1,6,83.24,677.84,2024,2,16,Morning,No Discount,Hot
107447,2024-03-18 13:30:00,Riyadh-Olaya,Qishtouza Lotus,Small,166.34,6,0.0,none,73863,21.0,Female,Unknown,Credit Card,Talabat,49,1.6,137,40.4,80.4,5.0,0,Modern,KSA,0,13,139.73,1137.77,2024,3,18,Afternoon,No Discount,Hot
100237,2024-01-03 11:00:00,Tanta-Saeed,Rice Pudding Oven,Large,56.54,6,0.0,none,83592,41.0,Male,Bronze,Instapay,In-store,27,10.6,145,37.9,73.1,1.0,0,Traditional,Delta,0,11,47.49,386.73,2024,1,3,Morning,No Discount,Hot
107710,2024-03-21 07:15:00,Alex-Stanly,Super B.Laban,Small,44.25,10,0.05,none,56901,51.0,Female,Gold,Instapay,In-store,103,5.7,111,18.1,41.3,3.0,0,Signature,Alexandria,0,7,61.95,504.45,2024,3,21,Morning,Low Discount,Cold
109586,2024-04-09 20:15:00,Cairo-Zamalek,Ice Cream Mango,Large,162.46,2,0.0,Lotus,52486,30.0,Female,Unknown,Instapay,ElMenus,51,7.5,130,21.2,86.7,4.0,0,Ice Cream,Greater Cairo,0,20,45.49,370.41,2024,4,9,Evening,No Discount,Moderate
102563,2024-01-27 16:30:00,Giza-Zayed,Rice Pudding Nuts,Medium,163.99,10,0.0,Nutella,52925,38.0,Female,Unknown,Credit Card,ElMenus,91,13.6,148,38.2,45.5,3.0,0,Traditional,Greater Cairo,1,16,229.59,1869.49,2024,1,27,Afternoon,No Discount,Hot
107124,2024-03-15 04:45:00,Dubai-Marina,Qishtouza Lotus,Large,147.42,2,0.0,none,82077,68.0,Female,Silver,Wallet,ElMenus,17,11.7,119,41.4,69.7,4.0,1,Modern,UAE,1,4,41.28,336.12,2024,3,15,Late Night,No Discount,Hot
108537,2024-03-29 22:00:00,Dubai-Marina,Ice Cream Mango,Small,118.77,2,0.0,none,58147,43.5,Male,Bronze,Wallet,ElMenus,108,5.7,130,39.5,58.4,1.0,0,Ice Cream,UAE,1,22,33.26,270.8,2024,3,29,Late Night,No Discount,Hot
109603,2024-04-10 00:30:00,Giza-Zayed,Super B.Laban,Medium,89.79,11,0.0,Lotus,64838,43.5,Female,Gold,Wallet,Mobile App,85,14.6,147,43.0,72.2,5.0,0,Signature,Greater Cairo,0,0,138.28,1125.97,2024,4,10,Late Night,No Discount,Hot
105520,2024-02-27 11:45:00,Cairo-Zamalek,Ice Cream Mango,Medium,152.2,8,0.0,Pistachio,51523,52.0,Male,Gold,Credit Card,Talabat,80,0.6,103,28.7,51.1,5.0,0,Ice Cream,Greater Cairo,0,11,170.46,1388.06,2024,2,27,Morning,No Discount,Hot
109614,2024-04-10 03:15:00,Cairo-Nasr City,Rice Pudding Oven,Medium,138.43,4,0.0,Nuts,81919,14.0,Male,Unknown,Wallet,Talabat,114,7.4,101,28.3,87.5,1.0,0,Traditional,Greater Cairo,0,3,77.52,631.24,2024,4,10,Late Night,No Discount,Hot
103084,2024-02-02 02:45:00,Cairo-Nasr City,Qishtouza Lotus,Large,92.74,6,0.1,Nutella,59322,50.0,Female,Silver,Credit Card,Mobile App,98,4.4,137,39.4,63.7,3.0,0,Modern,Greater Cairo,1,2,77.9,634.3399999999999,2024,2,2,Late Night,Medium Discount,Hot
102960,2024-01-31 19:45:00,Mansoura-Mashaya,Ice Cream Mango,Large,82.56,7,0.0,Nutella,55586,69.0,Female,Gold,Instapay,Talabat,119,9.8,135,30.5,22.7,2.0,0,Ice Cream,Delta,0,19,80.91,658.83,2024,1,31,Evening,No Discount,Hot
102103,2024-01-22 21:30:00,Mansoura-Mashaya,Qishtouza Lotus,Large,58.05,11,0.15,Pistachio,51779,59.0,Female,Bronze,Credit Card,Mobile App,101,6.0,124,35.5,59.8,2.0,0,Modern,Delta,0,21,89.4,727.9499999999999,2024,1,22,Evening,Medium Discount,Hot
100633,2024-01-07 14:00:00,Mansoura-Mashaya,Super B.Laban,Medium,158.23,7,0.0,Nutella,85682,22.0,Female,Unknown,Cash,Talabat,106,10.3,118,23.6,64.6,1.0,0,Signature,Delta,1,14,155.07,1262.6799999999998,2024,1,7,Afternoon,No Discount,Moderate
106814,2024-03-11 23:15:00,Alex-Stanly,Sweet Koshary Mix,Medium,45.22,1,0.0,none,52583,44.0,Female,Bronze,Cash,In-store,34,1.9,146,27.1,86.8,1.0,0,Signature,Alexandria,0,23,6.33,51.55,2024,3,11,Late Night,No Discount,Hot
102494,2024-01-26 23:15:00,Giza-Zayed,Sweet Koshary Mix,Small,144.66,5,0.0,none,51124,68.0,Female,Bronze,Instapay,ElMenus,23,6.3,137,16.0,57.0,4.0,0,Signature,Greater Cairo,1,23,101.26,824.56,2024,1,26,Late Night,No Discount,Cold
102666,2024-01-28 18:15:00,Mansoura-Mashaya,Om Ali Cream,Medium,70.2,1,0.0,Lotus,70592,53.0,Female,Gold,Cash,Talabat,90,10.1,147,31.6,26.7,4.0,0,Traditional,Delta,1,18,9.83,80.03,2024,1,28,Evening,No Discount,Hot
108495,2024-03-29 11:30:00,Dubai-Marina,Super B.Laban,Medium,94.92,4,0.0,Pistachio,63164,56.0,Female,Unknown,Cash,Mobile App,85,12.4,101,31.3,30.5,5.0,0,Signature,UAE,1,11,53.16,432.84000000000003,2024,3,29,Morning,No Discount,Hot
108426,2024-03-28 18:15:00,Dubai-Marina,Ice Cream Mango,Medium,145.23,5,0.0,Nuts,88560,50.0,Female,Gold,Instapay,Mobile App,73,6.5,122,34.7,53.3,2.0,0,Ice Cream,UAE,0,18,101.66,827.81,2024,3,28,Evening,No Discount,Hot
109267,2024-04-06 12:30:00,Tanta-Saeed,Rice Pudding Nuts,Small,152.1,5,0.0,Pistachio,73992,44.0,Female,Unknown,Wallet,ElMenus,26,4.2,114,42.5,38.2,4.0,0,Traditional,Delta,1,12,106.47,866.97,2024,4,6,Afternoon,No Discount,Hot
104212,2024-02-13 20:45:00,Riyadh-Olaya,Rice Pudding Oven,Large,162.42,7,0.0,none,78612,43.5,Female,Bronze,Cash,Talabat,27,13.1,114,22.0,26.3,5.0,0,Traditional,KSA,0,20,159.17,1296.11,2024,2,13,Evening,No Discount,Moderate
103875,2024-02-10 08:30:00,Giza-Zayed,Sweet Koshary Mix,Medium,141.44,6,0.0,Lotus,55269,47.0,Female,Gold,Instapay,Mobile App,40,3.7,149,19.6,86.1,4.0,0,Signature,Greater Cairo,1,8,118.81,967.45,2024,2,10,Morning,No Discount,Cold
102818,2024-01-30 08:15:00,Dubai-Marina,Sweet Koshary Mix,Large,60.09,4,0.0,Pistachio,69460,71.0,Male,Unknown,Wallet,Talabat,73,3.7,114,16.5,60.5,4.0,0,Signature,UAE,0,8,33.65,274.01,2024,1,30,Morning,No Discount,Cold
108269,2024-03-27 03:00:00,Tanta-Saeed,Super B.Laban,Small,137.5,1,0.15,none,73086,61.0,Male,Unknown,Cash,Mobile App,108,0.6,103,33.2,77.2,2.0,0,Signature,Delta,0,3,19.25,156.75,2024,3,27,Late Night,Medium Discount,Hot
109816,2024-04-12 05:45:00,Cairo-Zamalek,Om Ali Cream,Medium,135.46,9,0.0,Nutella,66327,59.0,Female,Unknown,Credit Card,Talabat,74,2.7,149,18.1,59.3,5.0,0,Traditional,Greater Cairo,1,5,170.68,1389.8200000000002,2024,4,12,Morning,No Discount,Cold
107427,2024-03-18 08:30:00,Dubai-Marina,Sweet Koshary Mix,Small,132.56,7,0.0,Pistachio,80033,46.0,Female,Silver,Wallet,Mobile App,119,14.4,126,33.6,20.6,3.0,0,Signature,UAE,0,8,129.91,1057.8300000000002,2024,3,18,Morning,No Discount,Hot
108603,2024-03-30 14:30:00,Riyadh-Olaya,Rice Pudding Oven,Small,53.17,9,0.0,none,75525,12.0,Male,Unknown,Cash,Talabat,102,2.7,128,15.7,23.8,4.0,0,Traditional,KSA,1,14,66.99,545.52,2024,3,30,Afternoon,No Discount,Cold
108476,2024-03-29 06:45:00,Mansoura-Mashaya,Ice Cream Mango,Medium,64.63,11,0.0,none,58122,53.0,Female,Silver,Cash,In-store,92,5.6,147,40.7,55.8,2.0,0,Ice Cream,Delta,1,6,99.53,810.4599999999999,2024,3,29,Morning,No Discount,Hot
101736,2024-01-19 01:45:00,Riyadh-Olaya,Ice Cream Mango,Large,104.35,8,0.0,none,79703,58.0,Female,Gold,Wallet,Mobile App,117,8.0,143,27.2,51.2,2.0,0,Ice Cream,KSA,1,1,116.87,951.67,2024,1,19,Late Night,No Discount,Hot
107398,2024-03-18 01:15:00,Dubai-Marina,Om Ali Cream,Medium,172.01,9,0.15,Nuts,78606,47.0,Female,Bronze,Wallet,In-store,94,10.5,111,42.1,88.9,5.0,0,Traditional,UAE,0,1,216.73,1764.82,2024,3,18,Late Night,Medium Discount,Hot
104256,2024-02-14 07:45:00,Giza-Zayed,Qishtouza Lotus,Large,129.27,4,0.1,Lotus,61804,36.0,Male,Gold,Instapay,Talabat,30,5.3,107,29.0,63.7,4.0,0,Modern,Greater Cairo,0,7,72.39,589.47,2024,2,14,Morning,Medium Discount,Hot
108289,2024-03-27 08:00:00,Dubai-Marina,Ice Cream Mango,Large,155.2,10,0.0,Nuts,86734,51.0,Male,Bronze,Credit Card,Mobile App,12,8.6,139,33.4,56.7,3.0,0,Ice Cream,UAE,0,8,217.28,1769.28,2024,3,27,Morning,No Discount,Hot
102476,2024-01-26 18:45:00,Alex-Stanly,Ice Cream Mango,Medium,83.72,4,0.0,Pistachio,57120,36.0,Female,Gold,Credit Card,ElMenus,12,15.0,112,43.7,30.4,5.0,1,Ice Cream,Alexandria,1,18,46.88,381.76,2024,1,26,Evening,No Discount,Hot
109985,2024-04-14 00:00:00,Cairo-Zamalek,Qishtouza Nutella,Medium,61.64,7,0.15,none,55486,47.0,Male,Bronze,Credit Card,Mobile App,38,6.7,114,20.3,59.7,3.0,0,Modern,Greater Cairo,1,0,60.41,491.89,2024,4,14,Late Night,Medium Discount,Moderate
103714,2024-02-08 16:15:00,Tanta-Saeed,Ice Cream Mango,Small,117.06,1,0.1,Lotus,75410,52.0,Female,Gold,Cash,In-store,74,12.0,130,22.8,72.5,3.0,0,Ice Cream,Delta,0,16,16.39,133.45,2024,2,8,Afternoon,Medium Discount,Moderate
108979,2024-04-03 12:30:00,Giza-Zayed,Ice Cream Mango,Medium,124.41,11,0.0,none,78911,43.5,Male,Silver,Credit Card,Mobile App,38,11.3,106,25.8,26.7,3.0,0,Ice Cream,Greater Cairo,0,12,191.59,1560.1,2024,4,3,Afternoon,No Discount,Hot
101805,2024-01-19 19:00:00,Mansoura-Mashaya,Rice Pudding Oven,Large,62.55,6,0.1,Lotus,85973,42.0,Female,Bronze,Wallet,Talabat,106,10.0,106,18.7,51.4,3.0,0,Traditional,Delta,1,19,52.54,427.84,2024,1,19,Evening,Medium Discount,Cold
100708,2024-01-08 08:45:00,Riyadh-Olaya,Rice Pudding Oven,Medium,102.79,6,0.0,Pistachio,71948,44.0,Female,Bronze,Credit Card,ElMenus,69,11.2,102,44.1,31.4,5.0,0,Traditional,KSA,0,8,86.34,703.08,2024,1,8,Morning,No Discount,Hot
109192,2024-04-05 17:45:00,Giza-Zayed,Super B.Laban,Large,96.68,11,0.1,none,76416,30.0,Male,Gold,Instapay,Mobile App,81,5.1,106,43.8,80.0,2.0,0,Signature,Greater Cairo,1,17,148.89,1212.37,2024,4,5,Evening,Medium Discount,Hot
105190,2024-02-24 01:15:00,Alex-Stanly,Qishtouza Lotus,Medium,119.98,1,0.1,Nuts,77239,13.0,Female,Bronze,Credit Card,ElMenus,71,14.5,144,24.8,33.6,3.0,0,Modern,Alexandria,1,1,16.8,136.78,2024,2,24,Late Night,Medium Discount,Moderate
105473,2024-02-27 00:00:00,Riyadh-Olaya,Sweet Koshary Mix,Medium,160.06,11,0.0,none,65484,53.0,Female,Unknown,Credit Card,Mobile App,55,11.4,133,31.8,85.2,4.0,0,Signature,KSA,0,0,246.49,2007.15,2024,2,27,Late Night,No Discount,Hot
100073,2024-01-01 18:00:00,Cairo-Nasr City,Super B.Laban,Medium,105.72,5,0.0,none,67636,43.5,Female,Unknown,Credit Card,ElMenus,67,3.9,118,19.1,80.0,3.0,0,Signature,Greater Cairo,0,18,74.0,602.6,2024,1,1,Evening,No Discount,Cold
107844,2024-03-22 16:45:00,Tanta-Saeed,Rice Pudding Nuts,Medium,138.82,10,0.0,Lotus,53823,36.0,Female,Silver,Cash,ElMenus,112,13.7,133,42.4,64.8,2.0,0,Traditional,Delta,1,16,194.35,1582.5499999999997,2024,3,22,Afternoon,No Discount,Hot
105102,2024-02-23 03:15:00,Riyadh-Olaya,Qishtouza Nutella,Small,166.12,1,0.0,Pistachio,53895,15.0,Female,Silver,Instapay,ElMenus,116,3.2,112,28.3,80.8,1.0,0,Modern,KSA,1,3,23.26,189.38,2024,2,23,Late Night,No Discount,Hot
106765,2024-03-11 11:00:00,Cairo-Nasr City,Rice Pudding Nuts,Large,88.12,5,0.0,none,57873,63.0,Male,Silver,Instapay,Talabat,93,0.8,145,42.6,40.9,4.0,0,Traditional,Greater Cairo,0,11,61.68,502.28000000000003,2024,3,11,Morning,No Discount,Hot
101126,2024-01-12 17:15:00,Riyadh-Olaya,Ice Cream Mango,Large,158.51,5,0.0,Lotus,83713,27.0,Female,Gold,Cash,Mobile App,68,5.7,136,17.3,54.9,4.0,0,Ice Cream,KSA,1,17,110.96,903.51,2024,1,12,Evening,No Discount,Cold
101242,2024-01-13 22:15:00,Giza-Zayed,Ice Cream Mango,Large,94.66,7,0.0,Lotus,51709,61.0,Female,Unknown,Cash,ElMenus,87,9.6,112,22.0,72.8,1.0,0,Ice Cream,Greater Cairo,1,22,92.77,755.39,2024,1,13,Late Night,No Discount,Moderate
108254,2024-03-26 23:15:00,Giza-Zayed,Ice Cream Mango,Medium,57.61,4,0.0,none,71906,61.0,Female,Silver,Instapay,In-store,67,3.8,144,22.8,57.9,1.0,0,Ice Cream,Greater Cairo,0,23,32.26,262.7,2024,3,26,Late Night,No Discount,Moderate
102350,2024-01-25 11:15:00,Riyadh-Olaya,Super B.Laban,Small,147.03,1,0.0,none,57529,22.0,Female,Bronze,Cash,ElMenus,33,1.1,101,28.4,44.5,4.0,0,Signature,KSA,0,11,20.58,167.61,2024,1,25,Morning,No Discount,Hot
106603,2024-03-09 18:30:00,Riyadh-Olaya,Qishtouza Lotus,Medium,175.01,5,0.0,none,81623,22.0,Male,Silver,Cash,ElMenus,64,13.5,140,32.2,45.2,3.0,0,Modern,KSA,1,18,122.51,997.56,2024,3,9,Evening,No Discount,Hot
106781,2024-03-11 15:00:00,Tanta-Saeed,Rice Pudding Oven,Medium,123.81,3,0.0,none,62148,57.0,Male,Bronze,Instapay,ElMenus,84,10.3,119,19.2,63.1,2.0,0,Traditional,Delta,0,15,52.0,423.43,2024,3,11,Afternoon,No Discount,Cold
104359,2024-02-15 09:30:00,Cairo-Nasr City,Qishtouza Nutella,Large,9999.99,7,0.1,none,53973,43.5,Female,Bronze,Instapay,In-store,71,9.8,145,15.6,51.2,2.0,0,Modern,Greater Cairo,0,9,120.28,70120.20999999999,2024,2,15,Morning,Medium Discount,Cold
101344,2024-01-14 23:45:00,Cairo-Nasr City,Om Ali Cream,Large,122.01,4,0.05,Nutella,79437,23.0,Female,Unknown,Wallet,Talabat,23,7.5,135,20.4,44.2,3.0,0,Traditional,Greater Cairo,1,23,68.33,556.37,2024,1,14,Late Night,Low Discount,Moderate
109989,2024-04-14 01:00:00,Tanta-Saeed,Om Ali Cream,Medium,105.21,1,0.0,Nutella,78393,49.0,Male,Unknown,Wallet,In-store,81,12.6,129,30.4,49.5,4.0,0,Traditional,Delta,1,1,14.73,119.94,2024,4,14,Late Night,No Discount,Hot
108680,2024-03-31 09:45:00,Cairo-Zamalek,Rice Pudding Nuts,Large,64.39,4,0.05,Pistachio,70589,27.0,Female,Silver,Instapay,Mobile App,51,0.9,114,27.1,67.9,3.0,0,Traditional,Greater Cairo,1,9,36.06,293.62,2024,3,31,Morning,Low Discount,Hot
109576,2024-04-09 17:45:00,Tanta-Saeed,Ice Cream Mango,Small,132.73,1,0.15,Nuts,80100,66.0,Male,Unknown,Instapay,Talabat,14,1.6,141,27.6,38.8,1.0,0,Ice Cream,Delta,0,17,18.58,151.31,2024,4,9,Evening,Medium Discount,Hot
106653,2024-03-10 07:00:00,Dubai-Marina,Ice Cream Mango,Medium,68.2,11,0.15,Lotus,54791,61.0,Male,Gold,Credit Card,Talabat,78,7.2,133,24.1,51.9,3.0,0,Ice Cream,UAE,1,7,105.03,855.23,2024,3,10,Morning,Medium Discount,Moderate
101101,2024-01-12 11:00:00,Alex-Stanly,Sweet Koshary Mix,Medium,136.15,9,0.0,none,84747,29.0,Male,Silver,Wallet,ElMenus,37,14.3,149,22.0,49.7,2.0,0,Signature,Alexandria,1,11,171.55,1396.9,2024,1,12,Morning,No Discount,Moderate
107328,2024-03-17 07:45:00,Tanta-Saeed,Rice Pudding Nuts,Medium,154.28,8,0.0,Nuts,87680,34.0,Female,Silver,Instapay,Mobile App,78,11.3,112,23.3,31.8,5.0,0,Traditional,Delta,1,7,172.79,1407.03,2024,3,17,Morning,No Discount,Moderate
107623,2024-03-20 09:30:00,Dubai-Marina,Ice Cream Mango,Large,50.3,11,0.15,none,68654,37.0,Female,Gold,Credit Card,Mobile App,77,7.7,126,38.9,48.2,3.0,0,Ice Cream,UAE,0,9,77.46,630.76,2024,3,20,Morning,Medium Discount,Hot
100988,2024-01-11 06:45:00,Giza-Zayed,Rice Pudding Nuts,Small,116.64,7,0.15,Nuts,81209,24.0,Female,Unknown,Instapay,ElMenus,88,3.0,143,44.6,34.6,2.0,0,Traditional,Greater Cairo,0,6,114.31,930.79,2024,1,11,Morning,Medium Discount,Hot
102853,2024-01-30 17:00:00,Alex-Stanly,Qishtouza Nutella,Large,80.67,8,0.0,Nuts,71779,26.0,Female,Gold,Instapay,ElMenus,28,4.3,136,16.5,78.0,2.0,0,Modern,Alexandria,0,17,90.35,735.71,2024,1,30,Evening,No Discount,Cold
100631,2024-01-07 13:30:00,Cairo-Nasr City,Om Ali Cream,Medium,154.13,9,0.0,Lotus,72972,21.0,Female,Gold,Cash,In-store,40,2.7,112,23.5,87.8,3.0,0,Traditional,Greater Cairo,1,13,194.2,1581.3700000000001,2024,1,7,Afternoon,No Discount,Moderate
101250,2024-01-14 00:15:00,Giza-Zayed,Ice Cream Mango,Large,62.87,10,0.0,Nuts,51369,21.0,Female,Unknown,Cash,In-store,42,1.6,148,40.8,63.9,2.0,0,Ice Cream,Greater Cairo,1,0,88.02,716.7199999999999,2024,1,14,Late Night,No Discount,Hot
103180,2024-02-03 02:45:00,Cairo-Nasr City,Qishtouza Lotus,Medium,104.82,8,0.0,none,52878,18.0,Male,Bronze,Credit Card,Mobile App,11,7.2,148,21.9,88.8,3.0,0,Modern,Greater Cairo,1,2,117.4,955.9599999999999,2024,2,3,Late Night,No Discount,Moderate
100483,2024-01-06 00:30:00,Mansoura-Mashaya,Rice Pudding Nuts,Large,160.11,8,0.0,none,66629,28.0,Male,Silver,Instapay,In-store,78,4.1,101,41.1,42.7,4.0,0,Traditional,Delta,1,0,179.32,1460.2,2024,1,6,Late Night,No Discount,Hot
103041,2024-02-01 16:00:00,Dubai-Marina,Rice Pudding Oven,Medium,175.19,5,0.1,Lotus,55265,55.0,Male,Bronze,Instapay,In-store,87,6.6,116,22.8,56.7,3.0,0,Traditional,UAE,0,16,122.63,998.58,2024,2,1,Afternoon,Medium Discount,Moderate
105011,2024-02-22 04:30:00,Cairo-Nasr City,Qishtouza Nutella,Small,166.68,10,0.15,none,79452,72.0,Male,Gold,Wallet,In-store,97,12.3,126,39.6,27.1,2.0,1,Modern,Greater Cairo,0,4,233.35,1900.15,2024,2,22,Late Night,Medium Discount,Hot
108728,2024-03-31 21:45:00,Alex-Stanly,Ice Cream Mango,Small,90.68,10,0.0,Nutella,50676,67.0,Male,Gold,Credit Card,Talabat,38,10.7,146,43.7,37.4,5.0,0,Ice Cream,Alexandria,1,21,126.95,1033.75,2024,3,31,Evening,No Discount,Hot
107001,2024-03-13 22:00:00,Riyadh-Olaya,Om Ali Cream,Large,161.05,7,0.0,none,77262,65.0,Male,Bronze,Credit Card,In-store,39,8.0,149,39.1,81.1,4.0,0,Traditional,KSA,0,22,157.83,1285.18,2024,3,13,Late Night,No Discount,Hot
103274,2024-02-04 02:15:00,Alex-Stanly,Rice Pudding Oven,Medium,151.65,11,0.1,Pistachio,59433,41.0,Female,Unknown,Wallet,Talabat,106,12.8,112,38.8,86.3,1.0,0,Traditional,Alexandria,1,2,233.54,1901.69,2024,2,4,Late Night,Medium Discount,Hot
107228,2024-03-16 06:45:00,Cairo-Zamalek,Rice Pudding Nuts,Large,50.35,2,0.0,none,64293,22.0,Male,Silver,Wallet,Talabat,101,12.4,125,42.7,63.4,2.0,0,Traditional,Greater Cairo,1,6,14.1,114.8,2024,3,16,Morning,No Discount,Hot
103684,2024-02-08 08:45:00,Tanta-Saeed,Qishtouza Nutella,Medium,86.42,10,0.0,Nuts,64586,49.0,Male,Unknown,Instapay,ElMenus,104,9.3,131,19.9,48.8,4.0,0,Modern,Delta,0,8,120.99,985.19,2024,2,8,Morning,No Discount,Cold
106675,2024-03-10 12:30:00,Dubai-Marina,Rice Pudding Nuts,Medium,175.4,1,0.0,Nutella,80582,60.0,Male,Bronze,Cash,ElMenus,14,3.4,109,18.2,73.1,5.0,0,Traditional,UAE,1,12,24.56,199.96,2024,3,10,Afternoon,No Discount,Cold
106808,2024-03-11 21:45:00,Mansoura-Mashaya,Super B.Laban,Large,107.12,6,0.0,Nuts,89892,44.0,Male,Bronze,Instapay,Talabat,107,4.8,108,33.6,55.5,2.0,0,Signature,Delta,0,21,89.98,732.7,2024,3,11,Evening,No Discount,Hot
109739,2024-04-11 10:30:00,Giza-Zayed,Ice Cream Mango,Large,133.39,8,0.0,Nuts,59406,13.0,Male,Gold,Cash,Mobile App,56,1.6,120,15.2,52.9,1.0,1,Ice Cream,Greater Cairo,0,10,149.4,1216.52,2024,4,11,Morning,No Discount,Cold
101317,2024-01-14 17:00:00,Cairo-Zamalek,Qishtouza Lotus,Medium,72.5,3,0.0,Lotus,61578,72.0,Male,Bronze,Credit Card,ElMenus,119,7.9,144,38.2,29.0,4.0,0,Modern,Greater Cairo,1,17,30.45,247.95,2024,1,14,Evening,No Discount,Hot
103226,2024-02-03 14:15:00,Giza-Zayed,Sweet Koshary Mix,Medium,170.95,10,0.0,Nutella,72391,74.0,Female,Unknown,Cash,ElMenus,21,1.7,110,43.4,63.1,4.0,0,Signature,Greater Cairo,1,14,239.33,1948.83,2024,2,3,Afternoon,No Discount,Hot
101073,2024-01-12 04:00:00,Cairo-Zamalek,Rice Pudding Nuts,Medium,45.9,8,0.0,Nuts,81299,69.0,Male,Gold,Credit Card,ElMenus,109,6.3,130,37.2,81.4,4.0,0,Traditional,Greater Cairo,1,4,51.41,418.61,2024,1,12,Late Night,No Discount,Hot
104816,2024-02-20 03:45:00,Riyadh-Olaya,Ice Cream Mango,Medium,159.54,4,0.0,Pistachio,69498,52.0,Male,Gold,Cash,In-store,18,5.2,130,42.1,62.9,4.0,1,Ice Cream,KSA,0,3,89.34,727.5,2024,2,20,Late Night,No Discount,Hot
108460,2024-03-29 02:45:00,Giza-Zayed,Qishtouza Lotus,Medium,86.35,2,0.0,none,77682,60.0,Female,Gold,Cash,Mobile App,118,6.2,114,20.2,82.5,4.0,0,Modern,Greater Cairo,1,2,24.18,196.88,2024,3,29,Late Night,No Discount,Moderate
105753,2024-02-29 22:00:00,Dubai-Marina,Qishtouza Nutella,Medium,171.03,4,0.0,Nuts,72197,14.0,Male,Silver,Credit Card,In-store,21,13.6,143,35.5,57.0,5.0,0,Modern,UAE,0,22,95.78,779.9,2024,2,29,Late Night,No Discount,Hot
109146,2024-04-05 06:15:00,Giza-Zayed,Qishtouza Lotus,Small,177.2,1,0.15,Pistachio,59601,67.0,Female,Bronze,Credit Card,Talabat,59,4.9,108,22.3,72.5,3.0,0,Modern,Greater Cairo,1,6,24.81,202.01,2024,4,5,Morning,Medium Discount,Moderate
104617,2024-02-18 02:00:00,Riyadh-Olaya,Om Ali Cream,Medium,64.88,9,0.0,none,66394,59.0,Female,Unknown,Instapay,Talabat,41,1.4,101,38.5,60.1,3.0,0,Traditional,KSA,1,2,81.75,665.67,2024,2,18,Late Night,No Discount,Hot
103098,2024-02-02 06:15:00,Mansoura-Mashaya,Qishtouza Nutella,Small,138.62,7,0.0,Lotus,88550,63.0,Female,Unknown,Cash,In-store,30,10.9,144,37.0,62.3,4.0,0,Modern,Delta,1,6,135.85,1106.19,2024,2,2,Morning,No Discount,Hot
106870,2024-03-12 13:15:00,Mansoura-Mashaya,Om Ali Cream,Medium,154.94,7,0.0,Nutella,87406,23.0,Male,Bronze,Credit Card,ElMenus,102,2.0,131,25.6,59.7,2.0,0,Traditional,Delta,0,13,151.84,1236.4199999999998,2024,3,12,Afternoon,No Discount,Hot
101301,2024-01-14 13:00:00,Dubai-Marina,Rice Pudding Oven,Medium,110.52,5,0.0,Pistachio,88773,60.0,Female,Bronze,Wallet,ElMenus,102,2.3,140,42.6,25.6,3.0,0,Traditional,UAE,1,13,77.36,629.96,2024,1,14,Afternoon,No Discount,Hot
107286,2024-03-16 21:15:00,Mansoura-Mashaya,Om Ali Cream,Medium,172.47,10,0.15,Lotus,88512,43.5,Female,Gold,Wallet,In-store,94,14.3,123,28.1,71.6,2.0,0,Traditional,Delta,1,21,241.46,1966.16,2024,3,16,Evening,Medium Discount,Hot
106285,2024-03-06 11:00:00,Tanta-Saeed,Rice Pudding Nuts,Small,79.28,9,0.0,Pistachio,64824,16.0,Male,Silver,Cash,Talabat,69,3.3,128,15.5,35.1,2.0,1,Traditional,Delta,0,11,99.89,813.41,2024,3,6,Morning,No Discount,Cold
105496,2024-02-27 05:45:00,Mansoura-Mashaya,Sweet Koshary Mix,Large,114.11,7,0.0,Nuts,89993,43.5,Female,Bronze,Instapay,In-store,28,13.1,126,18.3,52.6,3.0,0,Signature,Delta,0,5,111.83,910.6,2024,2,27,Morning,No Discount,Cold
105292,2024-02-25 02:45:00,Tanta-Saeed,Qishtouza Lotus,Large,73.19,2,0.0,Lotus,52478,65.0,Female,Gold,Credit Card,Talabat,84,4.0,141,27.9,24.0,5.0,0,Modern,Delta,1,2,20.49,166.87,2024,2,25,Late Night,No Discount,Hot
101799,2024-01-19 17:30:00,Dubai-Marina,Rice Pudding Oven,Small,138.29,2,0.0,none,83351,39.0,Female,Silver,Credit Card,Talabat,46,6.3,107,35.4,61.6,1.0,0,Traditional,UAE,1,17,38.72,315.29999999999995,2024,1,19,Evening,No Discount,Hot
105204,2024-02-24 04:45:00,Cairo-Nasr City,Qishtouza Nutella,Small,70.72,3,0.0,none,67733,44.0,Female,Silver,Cash,ElMenus,18,9.1,101,43.6,77.7,4.0,0,Modern,Greater Cairo,1,4,29.7,241.85999999999999,2024,2,24,Late Night,No Discount,Hot
108228,2024-03-26 16:45:00,Mansoura-Mashaya,Ice Cream Mango,Large,128.3,3,0.0,Nuts,54165,33.0,Female,Silver,Cash,Talabat,21,0.9,143,37.8,50.9,3.0,0,Ice Cream,Delta,0,16,53.89,438.79,2024,3,26,Afternoon,No Discount,Hot
105048,2024-02-22 13:45:00,Giza-Zayed,Qishtouza Nutella,Medium,96.12,10,0.1,Pistachio,50615,66.0,Male,Silver,Instapay,Talabat,46,1.3,140,33.6,67.9,5.0,0,Modern,Greater Cairo,0,13,134.57,1095.77,2024,2,22,Afternoon,Medium Discount,Hot
106442,2024-03-08 02:15:00,Tanta-Saeed,Sweet Koshary Mix,Medium,52.85,8,0.0,Lotus,56742,19.0,Male,Bronze,Credit Card,ElMenus,87,8.5,118,19.5,71.0,2.0,0,Signature,Delta,1,2,59.19,481.99,2024,3,8,Late Night,No Discount,Cold
108106,2024-03-25 10:15:00,Alex-Stanly,Super B.Laban,Medium,126.89,11,0.0,Nuts,83809,56.0,Female,Silver,Credit Card,ElMenus,76,5.7,134,41.9,73.0,4.0,0,Signature,Alexandria,0,10,195.41,1591.2,2024,3,25,Morning,No Discount,Hot
102360,2024-01-25 13:45:00,Cairo-Nasr City,Rice Pudding Oven,Medium,86.63,7,0.0,Pistachio,72810,43.5,Female,Bronze,Credit Card,Mobile App,117,2.7,143,36.5,69.6,3.0,0,Traditional,Greater Cairo,0,13,84.9,691.31,2024,1,25,Afternoon,No Discount,Hot
109381,2024-04-07 17:00:00,Tanta-Saeed,Qishtouza Lotus,Medium,133.08,3,0.1,none,68299,67.0,Female,Unknown,Credit Card,In-store,39,7.5,138,19.2,24.2,4.0,0,Modern,Delta,1,17,55.89,455.13,2024,4,7,Evening,Medium Discount,Cold
103655,2024-02-08 01:30:00,Cairo-Zamalek,Qishtouza Nutella,Medium,111.97,10,0.0,Lotus,58568,70.0,Male,Unknown,Wallet,Talabat,74,8.4,111,15.8,31.2,1.0,0,Modern,Greater Cairo,0,1,156.76,1276.46,2024,2,8,Late Night,No Discount,Cold
107053,2024-03-14 11:00:00,Alex-Stanly,Qishtouza Lotus,Medium,95.53,6,0.05,Nutella,64742,28.0,Female,Bronze,Cash,Talabat,18,12.6,121,15.3,62.6,3.0,0,Modern,Alexandria,0,11,80.25,653.4300000000001,2024,3,14,Morning,Low Discount,Cold
101287,2024-01-14 09:30:00,Cairo-Zamalek,Qishtouza Lotus,Large,144.12,4,0.15,Lotus,82885,72.0,Female,Unknown,Credit Card,In-store,94,9.2,120,39.4,22.4,1.0,0,Modern,Greater Cairo,1,9,80.71,657.19,2024,1,14,Morning,Medium Discount,Hot
109127,2024-04-05 01:30:00,Riyadh-Olaya,Sweet Koshary Mix,Large,78.39,7,0.0,none,76641,68.0,Male,Bronze,Instapay,Mobile App,35,2.2,118,39.5,37.5,4.0,0,Signature,KSA,1,1,76.82,625.55,2024,4,5,Late Night,No Discount,Hot
104446,2024-02-16 07:15:00,Cairo-Nasr City,Om Ali Cream,Medium,152.47,2,0.0,Nuts,78915,70.0,Male,Gold,Credit Card,In-store,29,12.7,135,23.1,46.4,2.0,0,Traditional,Greater Cairo,1,7,42.69,347.63,2024,2,16,Morning,No Discount,Moderate
102138,2024-01-23 06:15:00,Riyadh-Olaya,Qishtouza Nutella,Medium,64.21,8,0.0,none,69797,26.0,Female,Silver,Instapay,ElMenus,73,11.6,126,30.0,28.5,2.0,0,Modern,KSA,0,6,71.92,585.5999999999999,2024,1,23,Morning,No Discount,Hot
106788,2024-03-11 16:45:00,Dubai-Marina,Rice Pudding Nuts,Medium,132.63,6,0.0,none,83196,45.0,Male,Bronze,Credit Card,Mobile App,110,7.9,114,31.0,86.9,4.0,0,Traditional,UAE,0,16,111.41,907.1899999999999,2024,3,11,Afternoon,No Discount,Hot
109753,2024-04-11 14:00:00,Riyadh-Olaya,Qishtouza Lotus,Small,168.98,1,0.0,Nutella,83500,51.0,Female,Gold,Credit Card,Mobile App,30,2.5,140,15.7,44.2,5.0,0,Modern,KSA,0,14,23.66,192.64,2024,4,11,Afternoon,No Discount,Cold
108511,2024-03-29 15:30:00,Tanta-Saeed,Rice Pudding Nuts,Medium,109.38,1,0.0,none,86134,43.5,Male,Unknown,Credit Card,Mobile App,19,13.8,121,36.0,65.6,5.0,0,Traditional,Delta,1,15,15.31,124.69,2024,3,29,Afternoon,No Discount,Hot
109540,2024-04-09 08:45:00,Cairo-Nasr City,Ice Cream Mango,Medium,109.24,6,0.0,none,62639,74.0,Male,Unknown,Credit Card,Talabat,55,11.1,129,41.5,64.6,3.0,0,Ice Cream,Greater Cairo,0,8,91.76,747.1999999999999,2024,4,9,Morning,No Discount,Hot
106895,2024-03-12 19:30:00,Giza-Zayed,Ice Cream Mango,Large,44.95,11,0.05,none,54266,43.5,Female,Bronze,Credit Card,In-store,51,7.1,111,26.8,38.1,4.0,0,Ice Cream,Greater Cairo,0,19,69.22,563.6700000000001,2024,3,12,Evening,Low Discount,Hot
108570,2024-03-30 06:15:00,Dubai-Marina,Qishtouza Lotus,Medium,56.42,3,0.0,Lotus,59259,27.0,Female,Silver,Credit Card,Talabat,88,3.3,135,31.7,66.3,5.0,0,Modern,UAE,1,6,23.7,192.95999999999998,2024,3,30,Morning,No Discount,Hot
107152,2024-03-15 11:45:00,Cairo-Zamalek,Super B.Laban,Medium,49.78,7,0.0,Nutella,76422,14.0,Male,Silver,Wallet,ElMenus,57,3.6,125,26.2,40.5,2.0,0,Signature,Greater Cairo,1,11,48.78,397.24,2024,3,15,Morning,No Discount,Hot
100964,2024-01-11 00:45:00,Dubai-Marina,Om Ali Cream,Medium,111.05,7,0.0,Lotus,61896,36.0,Female,Unknown,Cash,ElMenus,61,11.8,122,22.9,32.6,1.0,0,Traditional,UAE,0,0,108.83,886.1800000000001,2024,1,11,Late Night,No Discount,Moderate
106013,2024-03-03 15:00:00,Alex-Stanly,Ice Cream Mango,Medium,60.3,11,0.15,Pistachio,67362,43.5,Male,Gold,Wallet,Talabat,24,3.8,127,26.3,51.0,4.0,0,Ice Cream,Alexandria,1,15,92.86,756.16,2024,3,3,Afternoon,Medium Discount,Hot
104883,2024-02-20 20:30:00,Cairo-Zamalek,Om Ali Cream,Medium,58.14,9,0.0,Pistachio,75424,69.0,Male,Bronze,Instapay,Mobile App,18,3.9,109,21.9,43.1,2.0,0,Traditional,Greater Cairo,0,20,73.26,596.52,2024,2,20,Evening,No Discount,Moderate
100141,2024-01-02 11:00:00,Riyadh-Olaya,Qishtouza Lotus,Small,152.66,3,0.0,Pistachio,81280,26.0,Female,Gold,Cash,ElMenus,77,14.9,147,22.5,42.5,4.0,0,Modern,KSA,0,11,64.12,522.1,2024,1,2,Morning,No Discount,Moderate
109033,2024-04-04 02:00:00,Mansoura-Mashaya,Qishtouza Nutella,Large,105.63,4,0.1,none,83492,48.0,Female,Gold,Instapay,In-store,13,14.0,122,21.4,85.6,3.0,0,Modern,Delta,0,2,59.15,481.66999999999996,2024,4,4,Late Night,Medium Discount,Moderate
106937,2024-03-13 06:00:00,Mansoura-Mashaya,Ice Cream Mango,Medium,142.99,10,0.0,Nuts,76053,64.0,Female,Gold,Instapay,Talabat,91,10.6,144,34.8,70.8,5.0,0,Ice Cream,Delta,0,6,200.19,1630.0900000000001,2024,3,13,Morning,No Discount,Hot
106543,2024-03-09 03:30:00,Cairo-Nasr City,Super B.Laban,Large,167.71,3,0.15,Nutella,79172,47.0,Male,Bronze,Credit Card,In-store,65,3.9,112,34.1,38.1,3.0,0,Signature,Greater Cairo,1,3,70.44,573.5699999999999,2024,3,9,Late Night,Medium Discount,Hot
105244,2024-02-24 14:45:00,Alex-Stanly,Om Ali Cream,Large,97.46,7,0.0,none,64093,56.0,Male,Unknown,Wallet,Talabat,10,5.9,104,38.4,22.2,3.0,0,Traditional,Alexandria,1,14,95.51,777.7299999999999,2024,2,24,Afternoon,No Discount,Hot
104432,2024-02-16 03:45:00,Giza-Zayed,Rice Pudding Nuts,Large,102.66,8,0.0,none,64860,69.0,Male,Bronze,Instapay,Mobile App,37,7.6,119,43.8,68.5,2.0,1,Traditional,Greater Cairo,1,3,114.98,936.26,2024,2,16,Late Night,No Discount,Hot
100407,2024-01-05 05:30:00,Tanta-Saeed,Ice Cream Mango,Medium,168.62,7,0.1,none,80751,62.0,Male,Unknown,Instapay,Talabat,60,6.7,114,41.1,26.1,4.0,0,Ice Cream,Delta,1,5,165.25,1345.5900000000001,2024,1,5,Morning,Medium Discount,Hot
108213,2024-03-26 13:00:00,Tanta-Saeed,Qishtouza Lotus,Small,56.63,4,0.0,Nuts,61958,43.5,Male,Silver,Credit Card,Mobile App,90,8.6,118,31.2,21.7,3.0,0,Modern,Delta,0,13,31.71,258.23,2024,3,26,Afternoon,No Discount,Hot
108377,2024-03-28 06:00:00,Giza-Zayed,Sweet Koshary Mix,Large,177.03,6,0.0,none,65913,43.5,Female,Unknown,Wallet,Talabat,108,8.1,113,31.5,31.7,4.0,0,Signature,Greater Cairo,0,6,148.71,1210.89,2024,3,28,Morning,No Discount,Hot
108628,2024-03-30 20:45:00,Cairo-Zamalek,Qishtouza Nutella,Medium,138.36,1,0.0,Pistachio,50588,71.0,Female,Silver,Wallet,In-store,57,7.7,114,24.9,30.5,2.0,0,Modern,Greater Cairo,1,20,19.37,157.73000000000002,2024,3,30,Evening,No Discount,Moderate
108235,2024-03-26 18:30:00,Giza-Zayed,Rice Pudding Nuts,Small,150.04,11,0.1,Nuts,79686,52.0,Female,Bronze,Instapay,Talabat,14,11.5,108,34.0,36.0,1.0,0,Traditional,Greater Cairo,0,18,231.06,1881.4999999999998,2024,3,26,Evening,Medium Discount,Hot
104400,2024-02-15 19:45:00,Alex-Stanly,Rice Pudding Nuts,Small,166.23,4,0.0,Pistachio,62416,29.0,Female,Unknown,Cash,ElMenus,67,7.2,102,27.0,33.8,5.0,0,Traditional,Alexandria,0,19,93.09,758.01,2024,2,15,Evening,No Discount,Hot
105253,2024-02-24 17:00:00,Mansoura-Mashaya,Om Ali Cream,Small,85.31,1,0.05,Pistachio,77220,66.0,Male,Bronze,Instapay,Talabat,87,8.7,109,29.1,82.2,3.0,0,Traditional,Delta,1,17,11.94,97.25,2024,2,24,Evening,Low Discount,Hot
100012,2024-01-01 02:45:00,Dubai-Marina,Sweet Koshary Mix,Large,44.6,4,0.0,none,70186,68.0,Male,Unknown,Cash,Talabat,88,6.4,140,22.1,78.5,5.0,0,Signature,UAE,0,2,24.98,203.38,2024,1,1,Late Night,No Discount,Moderate
104761,2024-02-19 14:00:00,Alex-Stanly,Sweet Koshary Mix,Medium,72.63,3,0.05,Nuts,50937,28.0,Female,Silver,Credit Card,In-store,67,14.5,107,42.0,74.4,2.0,0,Signature,Alexandria,0,14,30.5,248.39,2024,2,19,Afternoon,Low Discount,Hot
101178,2024-01-13 06:15:00,Riyadh-Olaya,Rice Pudding Oven,Large,138.53,11,0.05,Nutella,69831,65.0,Male,Gold,Instapay,In-store,70,6.1,130,27.1,61.7,1.0,0,Traditional,KSA,1,6,213.34,1737.1699999999998,2024,1,13,Morning,Low Discount,Hot
102864,2024-01-30 19:45:00,Alex-Stanly,Qishtouza Nutella,Medium,82.43,4,0.0,Nuts,52214,59.0,Female,Bronze,Wallet,Talabat,31,2.3,103,30.3,31.0,4.0,0,Modern,Alexandria,0,19,46.16,375.88,2024,1,30,Evening,No Discount,Hot
106472,2024-03-08 09:45:00,Tanta-Saeed,Sweet Koshary Mix,Medium,129.86,5,0.0,Pistachio,85569,16.0,Male,Unknown,Instapay,Talabat,70,6.4,106,34.5,76.3,3.0,0,Signature,Delta,1,9,90.9,740.2,2024,3,8,Morning,No Discount,Hot
106229,2024-03-05 21:00:00,Cairo-Nasr City,Super B.Laban,Small,130.74,11,0.1,none,59179,43.5,Male,Bronze,Wallet,ElMenus,99,1.3,123,18.7,32.7,4.0,0,Signature,Greater Cairo,0,21,201.34,1639.48,2024,3,5,Evening,Medium Discount,Cold
102990,2024-02-01 03:15:00,Riyadh-Olaya,Sweet Koshary Mix,Small,154.78,4,0.05,none,69202,49.0,Female,Gold,Cash,Talabat,91,0.9,121,25.7,64.5,1.0,0,Signature,KSA,0,3,86.68,705.8,2024,2,1,Late Night,Low Discount,Hot
107118,2024-03-15 03:15:00,Cairo-Nasr City,Rice Pudding Oven,Medium,167.28,7,0.1,Nuts,52803,59.0,Female,Unknown,Credit Card,In-store,96,5.3,112,16.8,36.0,5.0,0,Traditional,Greater Cairo,1,3,163.93,1334.89,2024,3,15,Late Night,Medium Discount,Cold
107011,2024-03-14 00:30:00,Dubai-Marina,Rice Pudding Nuts,Large,65.86,11,0.0,Pistachio,55250,70.0,Male,Bronze,Credit Card,ElMenus,101,1.5,106,26.5,53.2,1.0,0,Traditional,UAE,0,0,101.42,825.88,2024,3,14,Late Night,No Discount,Hot
108558,2024-03-30 03:15:00,Giza-Zayed,Om Ali Cream,Medium,109.79,6,0.1,none,59617,60.0,Male,Unknown,Cash,In-store,44,2.7,139,15.3,71.0,5.0,0,Traditional,Greater Cairo,1,3,92.22,750.96,2024,3,30,Late Night,Medium Discount,Cold
101441,2024-01-16 00:00:00,Cairo-Nasr City,Qishtouza Lotus,Medium,106.57,6,0.0,Nuts,70343,43.5,Male,Silver,Credit Card,Mobile App,19,8.2,120,30.7,37.0,3.0,0,Modern,Greater Cairo,0,0,89.52,728.9399999999999,2024,1,16,Late Night,No Discount,Hot
109748,2024-04-11 12:45:00,Dubai-Marina,Super B.Laban,Large,64.25,1,0.0,Pistachio,87175,47.0,Female,Silver,Cash,In-store,68,14.8,132,41.1,61.7,3.0,0,Signature,UAE,0,12,9.0,73.25,2024,4,11,Afternoon,No Discount,Hot
102876,2024-01-30 22:45:00,Cairo-Zamalek,Qishtouza Nutella,Medium,131.2,1,0.0,none,74413,43.5,Female,Unknown,Instapay,Talabat,117,8.2,122,34.8,68.0,1.0,0,Modern,Greater Cairo,0,22,18.37,149.57,2024,1,30,Late Night,No Discount,Hot
109099,2024-04-04 18:30:00,Cairo-Nasr City,Ice Cream Mango,Small,66.03,8,0.0,none,87704,74.0,Female,Silver,Credit Card,Talabat,11,7.6,146,44.4,29.6,5.0,1,Ice Cream,Greater Cairo,0,18,73.95,602.19,2024,4,4,Evening,No Discount,Hot
108789,2024-04-01 13:00:00,Alex-Stanly,Super B.Laban,Large,123.16,6,0.15,Pistachio,51154,23.0,Female,Silver,Wallet,In-store,96,10.0,114,17.6,70.3,2.0,0,Signature,Alexandria,0,13,103.45,842.4100000000001,2024,4,1,Afternoon,Medium Discount,Cold
107233,2024-03-16 08:00:00,Cairo-Nasr City,Om Ali Cream,Large,43.6,2,0.05,Nuts,60593,65.0,Female,Unknown,Wallet,Mobile App,62,5.6,115,25.5,87.1,4.0,0,Traditional,Greater Cairo,1,8,12.21,99.41,2024,3,16,Morning,Low Discount,Hot
103727,2024-02-08 19:30:00,Tanta-Saeed,Qishtouza Nutella,Large,95.66,5,0.0,Nuts,64538,45.0,Male,Bronze,Wallet,Talabat,14,12.8,134,15.5,43.2,4.0,0,Modern,Delta,0,19,66.96,545.26,2024,2,8,Evening,No Discount,Cold
102773,2024-01-29 21:00:00,Riyadh-Olaya,Rice Pudding Nuts,Small,168.48,2,0.0,none,65414,32.0,Female,Unknown,Wallet,Talabat,37,2.7,135,41.0,87.5,3.0,0,Traditional,KSA,0,21,47.17,384.13,2024,1,29,Evening,No Discount,Hot
100455,2024-01-05 17:30:00,Mansoura-Mashaya,Qishtouza Nutella,Large,127.5,1,0.05,none,81464,66.0,Male,Silver,Cash,Mobile App,73,7.2,134,31.5,84.6,1.0,0,Modern,Delta,1,17,17.85,145.35,2024,1,5,Evening,Low Discount,Hot
108190,2024-03-26 07:15:00,Cairo-Nasr City,Sweet Koshary Mix,Large,122.87,2,0.05,Nuts,89614,17.0,Female,Unknown,Cash,Talabat,79,14.5,126,29.6,46.4,4.0,0,Signature,Greater Cairo,0,7,34.4,280.14,2024,3,26,Morning,Low Discount,Hot
101368,2024-01-15 05:45:00,Tanta-Saeed,Ice Cream Mango,Large,148.29,4,0.0,Nutella,69144,18.0,Female,Gold,Instapay,In-store,106,13.5,109,15.6,63.3,2.0,0,Ice Cream,Delta,0,5,83.04,676.1999999999999,2024,1,15,Morning,No Discount,Cold
103713,2024-02-08 16:00:00,Mansoura-Mashaya,Rice Pudding Nuts,Large,108.4,6,0.0,none,61180,43.5,Male,Unknown,Wallet,Mobile App,73,8.7,122,22.6,39.6,4.0,0,Traditional,Delta,0,16,91.06,741.46,2024,2,8,Afternoon,No Discount,Moderate
109853,2024-04-12 15:00:00,Dubai-Marina,Om Ali Cream,Small,56.5,4,0.0,Pistachio,54695,43.5,Male,Bronze,Wallet,In-store,38,2.7,141,17.4,47.0,4.0,0,Traditional,UAE,1,15,31.64,257.64,2024,4,12,Afternoon,No Discount,Cold
101389,2024-01-15 11:00:00,Dubai-Marina,Rice Pudding Oven,Large,112.83,8,0.0,Pistachio,74172,26.0,Female,Gold,Cash,ElMenus,100,2.6,138,34.5,37.6,5.0,0,Traditional,UAE,0,11,126.37,1029.01,2024,1,15,Morning,No Discount,Hot
101001,2024-01-11 10:00:00,Tanta-Saeed,Qishtouza Nutella,Medium,148.15,8,0.0,Pistachio,87049,66.0,Female,Unknown,Cash,Talabat,45,14.7,139,16.3,33.2,5.0,0,Modern,Delta,0,10,165.93,1351.13,2024,1,11,Morning,No Discount,Cold
107762,2024-03-21 20:15:00,Dubai-Marina,Sweet Koshary Mix,Large,97.61,11,0.0,Nutella,78339,35.0,Female,Silver,Wallet,In-store,10,7.7,141,41.6,29.3,4.0,0,Signature,UAE,0,20,150.32,1224.03,2024,3,21,Evening,No Discount,Hot
103554,2024-02-07 00:15:00,Cairo-Zamalek,Sweet Koshary Mix,Medium,63.08,10,0.15,Nutella,68121,25.0,Male,Unknown,Wallet,Talabat,83,14.5,111,44.3,29.8,1.0,0,Signature,Greater Cairo,0,0,88.31,719.1099999999999,2024,2,7,Late Night,Medium Discount,Hot
104115,2024-02-12 20:30:00,Riyadh-Olaya,Super B.Laban,Medium,81.74,8,0.1,none,61303,57.0,Male,Unknown,Wallet,In-store,113,13.6,119,42.9,61.1,4.0,0,Signature,KSA,0,20,91.55,745.4699999999999,2024,2,12,Evening,Medium Discount,Hot
101668,2024-01-18 08:45:00,Cairo-Nasr City,Super B.Laban,Large,134.73,6,0.15,Nutella,81210,59.0,Female,Unknown,Cash,ElMenus,77,1.9,118,37.2,50.1,3.0,0,Signature,Greater Cairo,0,8,113.17,921.5499999999998,2024,1,18,Morning,Medium Discount,Hot
103174,2024-02-03 01:15:00,Cairo-Zamalek,Sweet Koshary Mix,Large,148.99,11,0.0,Nutella,66471,43.5,Male,Silver,Cash,In-store,118,3.5,142,37.4,54.2,5.0,0,Signature,Greater Cairo,1,1,229.44,1868.3300000000002,2024,2,3,Late Night,No Discount,Hot
109398,2024-04-07 21:15:00,Tanta-Saeed,Qishtouza Lotus,Large,50.24,6,0.1,Nuts,58964,43.5,Female,Bronze,Credit Card,In-store,53,0.7,120,43.1,65.1,3.0,0,Modern,Delta,1,21,42.2,343.64,2024,4,7,Evening,Medium Discount,Hot
100489,2024-01-06 02:00:00,Cairo-Nasr City,Om Ali Cream,Medium,149.9,2,0.1,Lotus,81600,43.5,Male,Unknown,Cash,ElMenus,41,5.0,128,29.6,24.4,3.0,0,Traditional,Greater Cairo,1,2,41.97,341.77,2024,1,6,Late Night,Medium Discount,Hot
103231,2024-02-03 15:30:00,Tanta-Saeed,Super B.Laban,Small,122.44,6,0.0,none,52010,43.5,Male,Gold,Credit Card,ElMenus,60,7.5,112,23.1,76.0,1.0,0,Signature,Delta,1,15,102.85,837.49,2024,2,3,Afternoon,No Discount,Moderate
103829,2024-02-09 21:00:00,Mansoura-Mashaya,Rice Pudding Oven,Small,146.4,5,0.0,Nuts,51828,40.0,Female,Gold,Cash,Mobile App,26,5.2,112,40.8,74.3,3.0,0,Traditional,Delta,1,21,102.48,834.48,2024,2,9,Evening,No Discount,Hot
108652,2024-03-31 02:45:00,Tanta-Saeed,Ice Cream Mango,Medium,117.04,4,0.1,Nuts,88760,43.5,Female,Bronze,Instapay,ElMenus,109,6.8,134,38.5,56.3,3.0,0,Ice Cream,Delta,1,2,65.54,533.7,2024,3,31,Late Night,Medium Discount,Hot
105209,2024-02-24 06:00:00,Dubai-Marina,Qishtouza Nutella,Small,134.48,9,0.1,Pistachio,82084,39.0,Female,Bronze,Credit Card,ElMenus,49,1.6,132,43.9,69.2,4.0,0,Modern,UAE,1,6,169.44,1379.76,2024,2,24,Morning,Medium Discount,Hot
107849,2024-03-22 18:00:00,Alex-Stanly,Super B.Laban,Medium,139.38,4,0.0,none,89787,72.0,Female,Bronze,Instapay,Mobile App,14,14.3,129,22.0,51.9,2.0,0,Signature,Alexandria,1,18,78.05,635.5699999999999,2024,3,22,Evening,No Discount,Moderate
105705,2024-02-29 10:00:00,Cairo-Zamalek,Rice Pudding Oven,Medium,94.84,7,0.0,Pistachio,66825,53.0,Female,Silver,Instapay,Talabat,54,10.1,108,15.8,73.0,5.0,0,Traditional,Greater Cairo,0,10,92.94,756.8199999999999,2024,2,29,Morning,No Discount,Cold
109640,2024-04-10 09:45:00,Mansoura-Mashaya,Rice Pudding Oven,Medium,126.05,7,0.0,none,81147,50.0,Male,Silver,Credit Card,Mobile App,117,14.0,114,41.4,21.2,1.0,0,Traditional,Delta,0,9,123.53,1005.88,2024,4,10,Morning,No Discount,Hot
108134,2024-03-25 17:15:00,Alex-Stanly,Super B.Laban,Medium,179.58,2,0.0,Lotus,63131,43.5,Male,Unknown,Cash,In-store,44,6.1,142,27.5,53.2,5.0,0,Signature,Alexandria,0,17,50.28,409.44000000000005,2024,3,25,Evening,No Discount,Hot
100704,2024-01-08 07:45:00,Riyadh-Olaya,Qishtouza Nutella,Large,166.88,7,0.15,Lotus,87216,30.0,Female,Bronze,Instapay,ElMenus,19,10.1,111,35.3,46.3,3.0,0,Modern,KSA,0,7,163.54,1331.6999999999998,2024,1,8,Morning,Medium Discount,Hot
105106,2024-02-23 04:15:00,Mansoura-Mashaya,Ice Cream Mango,Large,173.2,11,0.0,Nutella,77352,22.0,Female,Silver,Credit Card,Mobile App,12,12.6,103,29.6,57.5,2.0,0,Ice Cream,Delta,1,4,266.73,2171.93,2024,2,23,Late Night,No Discount,Hot
108894,2024-04-02 15:15:00,Riyadh-Olaya,Ice Cream Mango,Medium,98.23,7,0.0,Nutella,66433,43.5,Female,Bronze,Wallet,ElMenus,71,2.0,113,19.1,86.7,2.0,0,Ice Cream,KSA,0,15,96.27,783.88,2024,4,2,Afternoon,No Discount,Cold
103292,2024-02-04 06:45:00,Riyadh-Olaya,Sweet Koshary Mix,Small,75.9,7,0.0,none,57736,28.0,Female,Unknown,Instapay,In-store,101,12.8,110,40.0,60.9,3.0,0,Signature,KSA,1,6,74.38,605.6800000000001,2024,2,4,Morning,No Discount,Hot
108126,2024-03-25 15:15:00,Dubai-Marina,Rice Pudding Oven,Small,100.23,2,0.0,Lotus,73427,14.0,Male,Unknown,Credit Card,ElMenus,36,1.8,130,19.0,20.5,3.0,0,Traditional,UAE,0,15,28.06,228.52,2024,3,25,Afternoon,No Discount,Cold
109632,2024-04-10 07:45:00,Riyadh-Olaya,Rice Pudding Oven,Small,131.09,4,0.0,Nutella,88984,43.0,Female,Bronze,Wallet,In-store,85,13.2,124,17.2,29.0,3.0,0,Traditional,KSA,0,7,73.41,597.77,2024,4,10,Morning,No Discount,Cold
109022,2024-04-03 23:15:00,Mansoura-Mashaya,Rice Pudding Nuts,Large,85.16,8,0.05,Nuts,67121,43.5,Male,Silver,Wallet,In-store,108,2.3,131,28.2,42.1,4.0,0,Traditional,Delta,0,23,95.38,776.66,2024,4,3,Late Night,Low Discount,Hot
104910,2024-02-21 03:15:00,Dubai-Marina,Sweet Koshary Mix,Small,73.1,1,0.0,none,68971,13.0,Male,Silver,Credit Card,Mobile App,26,8.9,105,34.5,53.8,5.0,0,Signature,UAE,0,3,10.23,83.33,2024,2,21,Late Night,No Discount,Hot
104441,2024-02-16 06:00:00,Tanta-Saeed,Qishtouza Lotus,Medium,76.07,9,0.1,Pistachio,84512,46.0,Male,Bronze,Wallet,ElMenus,28,3.8,128,40.5,78.9,3.0,0,Modern,Delta,1,6,95.85,780.4799999999999,2024,2,16,Morning,Medium Discount,Hot
100987,2024-01-11 06:30:00,Giza-Zayed,Sweet Koshary Mix,Small,155.53,2,0.0,Nutella,78243,31.0,Male,Silver,Wallet,Mobile App,87,1.9,142,20.7,20.4,3.0,0,Signature,Greater Cairo,0,6,43.55,354.61,2024,1,11,Morning,No Discount,Moderate
109237,2024-04-06 05:00:00,Dubai-Marina,Qishtouza Lotus,Medium,112.46,6,0.0,none,51311,43.5,Male,Gold,Cash,In-store,102,6.5,142,23.9,61.3,1.0,0,Modern,UAE,1,5,94.47,769.23,2024,4,6,Morning,No Discount,Moderate
109884,2024-04-12 22:45:00,Cairo-Nasr City,Ice Cream Mango,Small,177.97,3,0.0,Nuts,56849,43.5,Male,Silver,Credit Card,Mobile App,114,3.7,120,18.2,31.1,3.0,0,Ice Cream,Greater Cairo,1,22,74.75,608.66,2024,4,12,Late Night,No Discount,Cold
107706,2024-03-21 06:15:00,Dubai-Marina,Qishtouza Lotus,Large,107.98,3,0.0,Pistachio,83866,36.0,Female,Gold,Cash,Talabat,15,5.8,131,33.2,71.0,4.0,0,Modern,UAE,0,6,45.35,369.29,2024,3,21,Morning,No Discount,Hot
106258,2024-03-06 04:15:00,Dubai-Marina,Om Ali Cream,Small,71.37,3,0.0,Lotus,77643,46.0,Male,Unknown,Cash,In-store,70,9.5,132,38.6,80.8,1.0,0,Traditional,UAE,0,4,29.98,244.09,2024,3,6,Late Night,No Discount,Hot
106090,2024-03-04 10:15:00,Cairo-Zamalek,Qishtouza Lotus,Large,56.87,6,0.0,none,79731,52.0,Female,Unknown,Credit Card,Talabat,94,4.2,128,24.0,27.7,3.0,0,Modern,Greater Cairo,0,10,47.77,388.98999999999995,2024,3,4,Morning,No Discount,Moderate
105239,2024-02-24 13:30:00,Giza-Zayed,Qishtouza Lotus,Medium,58.56,2,0.0,none,75440,32.0,Male,Bronze,Wallet,In-store,118,8.4,145,35.0,28.1,5.0,0,Modern,Greater Cairo,1,13,16.4,133.52,2024,2,24,Afternoon,No Discount,Hot
101199,2024-01-13 11:30:00,Alex-Stanly,Super B.Laban,Medium,141.17,8,0.05,none,56050,16.0,Female,Bronze,Credit Card,In-store,32,10.0,124,34.6,63.6,4.0,0,Signature,Alexandria,1,11,158.11,1287.4699999999998,2024,1,13,Morning,Low Discount,Hot
109071,2024-04-04 11:30:00,Tanta-Saeed,Rice Pudding Nuts,Small,146.5,7,0.0,none,75436,29.0,Female,Silver,Cash,Mobile App,16,14.5,143,22.4,39.9,4.0,0,Traditional,Delta,0,11,143.57,1169.07,2024,4,4,Morning,No Discount,Moderate
107520,2024-03-19 07:45:00,Giza-Zayed,Rice Pudding Oven,Medium,97.6,1,0.0,Nutella,66911,17.0,Female,Unknown,Cash,Mobile App,57,3.3,122,41.1,70.0,3.0,0,Traditional,Greater Cairo,0,7,13.66,111.25999999999999,2024,3,19,Morning,No Discount,Hot
106813,2024-03-11 23:00:00,Cairo-Zamalek,Rice Pudding Oven,Large,151.71,7,0.0,none,62830,20.0,Female,Unknown,Credit Card,Talabat,31,7.7,101,20.2,59.8,2.0,0,Traditional,Greater Cairo,0,23,148.68,1210.65,2024,3,11,Late Night,No Discount,Moderate
108321,2024-03-27 16:00:00,Cairo-Nasr City,Qishtouza Lotus,Medium,143.17,10,0.0,none,80409,43.5,Male,Gold,Wallet,In-store,25,3.8,115,17.2,76.8,5.0,0,Modern,Greater Cairo,0,16,200.44,1632.1399999999999,2024,3,27,Afternoon,No Discount,Cold
107176,2024-03-15 17:45:00,Riyadh-Olaya,Qishtouza Lotus,Large,135.34,8,0.0,none,78741,43.5,Female,Gold,Credit Card,Mobile App,17,14.2,109,17.1,87.5,3.0,0,Modern,KSA,1,17,151.58,1234.3,2024,3,15,Evening,No Discount,Cold
104471,2024-02-16 13:30:00,Tanta-Saeed,Om Ali Cream,Large,91.9,9,0.0,none,69619,41.0,Male,Gold,Credit Card,Talabat,89,0.8,120,20.7,21.4,5.0,0,Traditional,Delta,1,13,115.79,942.89,2024,2,16,Afternoon,No Discount,Moderate
100892,2024-01-10 06:45:00,Dubai-Marina,Sweet Koshary Mix,Small,134.03,11,0.0,Nuts,86311,16.0,Female,Unknown,Credit Card,Mobile App,70,14.9,124,34.3,65.8,1.0,0,Signature,UAE,0,6,206.41,1680.74,2024,1,10,Morning,No Discount,Hot
101970,2024-01-21 12:15:00,Cairo-Nasr City,Qishtouza Lotus,Large,135.67,10,0.15,Nutella,50446,66.0,Male,Bronze,Credit Card,Talabat,88,3.0,146,20.7,86.0,1.0,1,Modern,Greater Cairo,1,12,189.94,1546.6399999999999,2024,1,21,Afternoon,Medium Discount,Moderate
105758,2024-02-29 23:15:00,Riyadh-Olaya,Qishtouza Lotus,Medium,134.38,3,0.15,none,74434,41.0,Male,Silver,Cash,Talabat,71,1.1,124,16.5,62.8,5.0,0,Modern,KSA,0,23,56.44,459.58,2024,2,29,Late Night,Medium Discount,Cold
106528,2024-03-08 23:45:00,Tanta-Saeed,Rice Pudding Oven,Medium,166.91,-5,0.05,none,67768,63.0,Female,Unknown,Instapay,Talabat,48,12.2,107,33.9,78.3,4.0,0,Traditional,Delta,1,23,116.84,-717.7099999999999,2024,3,8,Late Night,Low Discount,Hot
106295,2024-03-06 13:30:00,Cairo-Nasr City,Ice Cream Mango,Medium,118.75,5,0.0,none,70228,31.0,Male,Bronze,Wallet,Mobile App,54,10.2,115,28.4,65.5,2.0,0,Ice Cream,Greater Cairo,0,13,83.13,676.88,2024,3,6,Afternoon,No Discount,Hot
107596,2024-03-20 02:45:00,Dubai-Marina,Qishtouza Nutella,Large,114.84,6,0.0,Lotus,84052,52.0,Male,Bronze,Wallet,In-store,71,1.0,138,24.5,55.8,5.0,0,Modern,UAE,0,2,96.47,785.51,2024,3,20,Late Night,No Discount,Moderate
103250,2024-02-03 20:15:00,Mansoura-Mashaya,Super B.Laban,Medium,85.17,8,0.0,Nutella,77773,35.0,Female,Unknown,Credit Card,Talabat,86,7.4,109,22.3,81.9,1.0,0,Signature,Delta,1,20,95.39,776.75,2024,2,3,Evening,No Discount,Moderate
106571,2024-03-09 10:30:00,Mansoura-Mashaya,Rice Pudding Nuts,Medium,44.36,8,0.0,Nuts,88975,19.0,Female,Bronze,Wallet,ElMenus,90,0.5,131,26.4,21.1,2.0,0,Traditional,Delta,1,10,49.68,404.56,2024,3,9,Morning,No Discount,Hot
106639,2024-03-10 03:30:00,Mansoura-Mashaya,Rice Pudding Nuts,Medium,90.26,11,0.05,none,61052,35.0,Female,Unknown,Credit Card,Talabat,87,14.7,134,20.8,33.0,2.0,0,Traditional,Delta,1,3,139.0,1131.8600000000001,2024,3,10,Late Night,Low Discount,Moderate
107352,2024-03-17 13:45:00,Alex-Stanly,Rice Pudding Oven,Large,115.88,9,0.0,none,53610,35.0,Female,Gold,Credit Card,In-store,32,5.2,128,27.7,39.4,5.0,0,Traditional,Alexandria,1,13,146.01,1188.93,2024,3,17,Afternoon,No Discount,Hot
109173,2024-04-05 13:00:00,Giza-Zayed,Ice Cream Mango,Medium,117.7,8,0.15,Pistachio,74731,54.0,Female,Unknown,Wallet,ElMenus,22,11.6,108,24.5,54.7,3.0,0,Ice Cream,Greater Cairo,1,13,131.82,1073.42,2024,4,5,Afternoon,Medium Discount,Moderate
107474,2024-03-18 20:15:00,Cairo-Nasr City,Qishtouza Nutella,Medium,120.79,9,0.0,Nutella,72421,58.0,Male,Silver,Cash,ElMenus,19,10.7,109,28.2,66.0,1.0,0,Modern,Greater Cairo,0,20,152.2,1239.3100000000002,2024,3,18,Evening,No Discount,Hot
109602,2024-04-10 00:15:00,Cairo-Nasr City,Qishtouza Lotus,Small,68.62,9,0.0,none,69758,55.0,Female,Gold,Instapay,Talabat,67,5.5,141,38.4,81.8,3.0,0,Modern,Greater Cairo,0,0,86.46,704.0400000000001,2024,4,10,Late Night,No Discount,Hot
108674,2024-03-31 08:15:00,Dubai-Marina,Om Ali Cream,Large,82.36,10,0.0,Pistachio,89141,65.0,Male,Unknown,Instapay,ElMenus,70,5.0,105,33.5,35.4,3.0,0,Traditional,UAE,1,8,115.3,938.9,2024,3,31,Morning,No Discount,Hot
101240,2024-01-13 21:45:00,Alex-Stanly,Super B.Laban,Medium,95.84,8,0.0,Nutella,66863,25.0,Female,Silver,Credit Card,Talabat,29,8.7,141,35.8,28.6,2.0,0,Signature,Alexandria,1,21,107.34,874.0600000000001,2024,1,13,Evening,No Discount,Hot
102290,2024-01-24 20:15:00,Cairo-Nasr City,Qishtouza Nutella,Small,94.21,7,0.0,Nutella,69772,66.0,Male,Unknown,Instapay,In-store,42,8.8,133,24.4,79.2,3.0,0,Modern,Greater Cairo,0,20,92.33,751.8,2024,1,24,Evening,No Discount,Moderate
102741,2024-01-29 13:00:00,Tanta-Saeed,Om Ali Cream,Medium,134.01,11,0.0,none,86575,62.0,Male,Gold,Credit Card,Talabat,106,9.9,125,42.8,43.1,3.0,0,Traditional,Delta,0,13,206.38,1680.4899999999998,2024,1,29,Afternoon,No Discount,Hot
104586,2024-02-17 18:15:00,Cairo-Nasr City,Qishtouza Lotus,Medium,138.84,7,0.1,Nutella,61615,40.0,Male,Bronze,Wallet,In-store,39,2.6,111,41.1,61.4,4.0,0,Modern,Greater Cairo,1,18,136.06,1107.94,2024,2,17,Evening,Medium Discount,Hot
101230,2024-01-13 19:15:00,Alex-Stanly,Super B.Laban,Medium,130.65,8,0.0,none,56723,41.0,Female,Bronze,Credit Card,Mobile App,109,8.6,144,27.9,72.2,4.0,0,Signature,Alexandria,1,19,146.33,1191.53,2024,1,13,Evening,No Discount,Hot
106981,2024-03-13 17:00:00,Tanta-Saeed,Om Ali Cream,Large,43.05,5,0.0,Lotus,82612,67.0,Male,Gold,Wallet,Talabat,55,1.8,106,29.6,50.5,4.0,0,Traditional,Delta,0,17,30.14,245.39,2024,3,13,Evening,No Discount,Hot
105179,2024-02-23 22:30:00,Giza-Zayed,Qishtouza Lotus,Medium,105.62,4,0.0,Nutella,60444,54.0,Female,Gold,Credit Card,In-store,34,12.8,142,18.6,35.5,2.0,0,Modern,Greater Cairo,1,22,59.15,481.63,2024,2,23,Late Night,No Discount,Cold
104294,2024-02-14 17:15:00,Cairo-Nasr City,Ice Cream Mango,Small,110.78,6,0.0,none,51112,63.0,Female,Gold,Instapay,Mobile App,67,4.1,147,39.1,63.9,2.0,0,Ice Cream,Greater Cairo,0,17,93.06,757.74,2024,2,14,Evening,No Discount,Hot
101059,2024-01-12 00:30:00,Tanta-Saeed,Rice Pudding Oven,Small,158.47,11,0.1,Pistachio,79023,42.0,Male,Gold,Credit Card,Talabat,97,12.9,115,42.5,58.2,4.0,0,Traditional,Delta,1,0,244.04,1987.21,2024,1,12,Late Night,Medium Discount,Hot
106263,2024-03-06 05:30:00,Alex-Stanly,Qishtouza Nutella,Large,87.72,11,0.0,none,53458,43.5,Male,Silver,Cash,Mobile App,73,8.3,111,28.0,39.9,2.0,0,Modern,Alexandria,0,5,135.09,1100.01,2024,3,6,Morning,No Discount,Hot
100282,2024-01-03 22:15:00,Giza-Zayed,Om Ali Cream,Medium,166.69,11,0.0,none,59049,12.0,Male,Bronze,Cash,Mobile App,32,2.3,138,33.0,78.1,3.0,0,Traditional,Greater Cairo,0,22,256.7,2090.29,2024,1,3,Late Night,No Discount,Hot
100969,2024-01-11 02:00:00,Tanta-Saeed,Om Ali Cream,Medium,127.75,5,0.0,Nutella,85457,43.5,Male,Silver,Cash,ElMenus,15,6.6,130,31.2,53.1,4.0,0,Traditional,Delta,0,2,89.43,728.1800000000001,2024,1,11,Late Night,No Discount,Hot
103954,2024-02-11 04:15:00,Alex-Stanly,Super B.Laban,Large,83.14,4,0.0,Nuts,81079,29.0,Male,Unknown,Wallet,Talabat,54,13.1,134,40.5,56.0,4.0,0,Signature,Alexandria,1,4,46.56,379.12,2024,2,11,Late Night,No Discount,Hot
101940,2024-01-21 04:45:00,Dubai-Marina,Rice Pudding Oven,Medium,158.64,8,0.0,none,81897,43.5,Female,Silver,Credit Card,ElMenus,79,14.1,133,41.4,78.3,3.0,0,Traditional,UAE,1,4,177.68,1446.8,2024,1,21,Late Night,No Discount,Hot
108465,2024-03-29 04:00:00,Alex-Stanly,Om Ali Cream,Medium,165.78,6,0.1,Lotus,89682,48.0,Male,Silver,Cash,Talabat,101,13.5,148,15.5,49.9,3.0,0,Traditional,Alexandria,1,4,139.26,1133.94,2024,3,29,Late Night,Medium Discount,Cold
101275,2024-01-14 06:30:00,Dubai-Marina,Ice Cream Mango,Small,131.27,11,0.0,none,75350,43.5,Female,Bronze,Wallet,In-store,115,2.7,126,16.9,52.8,5.0,1,Ice Cream,UAE,1,6,202.16,1646.13,2024,1,14,Morning,No Discount,Cold
100620,2024-01-07 10:45:00,Alex-Stanly,Rice Pudding Oven,Small,106.06,11,0.0,Nutella,80420,14.0,Female,Gold,Cash,Talabat,110,10.1,106,34.5,33.6,4.0,0,Traditional,Alexandria,1,10,163.33,1329.99,2024,1,7,Morning,No Discount,Hot
108506,2024-03-29 14:15:00,Cairo-Nasr City,Rice Pudding Oven,Large,56.8,6,0.15,Pistachio,75585,53.0,Female,Silver,Credit Card,Talabat,119,1.6,101,32.0,76.9,5.0,0,Traditional,Greater Cairo,1,14,47.71,388.50999999999993,2024,3,29,Afternoon,Medium Discount,Hot
101743,2024-01-19 03:30:00,Cairo-Zamalek,Sweet Koshary Mix,Medium,95.41,2,0.0,Nutella,72438,59.0,Female,Unknown,Credit Card,In-store,80,9.0,102,28.9,76.5,3.0,0,Signature,Greater Cairo,1,3,26.71,217.53,2024,1,19,Late Night,No Discount,Hot
101391,2024-01-15 11:30:00,Cairo-Zamalek,Rice Pudding Nuts,Small,144.09,1,0.0,none,67112,43.5,Female,Bronze,Wallet,In-store,74,2.5,128,23.9,37.0,5.0,1,Traditional,Greater Cairo,0,11,20.17,164.26,2024,1,15,Morning,No Discount,Moderate
102204,2024-01-23 22:45:00,Dubai-Marina,Rice Pudding Oven,Large,157.02,6,0.0,Lotus,63925,22.0,Male,Silver,Credit Card,Mobile App,44,3.4,143,36.8,41.1,1.0,0,Traditional,UAE,0,22,131.9,1074.0200000000002,2024,1,23,Late Night,No Discount,Hot
103569,2024-02-07 04:00:00,Cairo-Zamalek,Sweet Koshary Mix,Large,135.18,2,0.0,Nutella,76457,68.0,Female,Unknown,Instapay,ElMenus,34,10.0,107,23.9,60.0,3.0,0,Signature,Greater Cairo,0,4,37.85,308.21000000000004,2024,2,7,Late Night,No Discount,Moderate
106117,2024-03-04 17:00:00,Mansoura-Mashaya,Qishtouza Lotus,Large,57.47,4,0.0,none,67083,43.5,Male,Bronze,Credit Card,In-store,66,8.4,104,43.1,59.2,3.0,0,Modern,Delta,0,17,32.18,262.06,2024,3,4,Evening,No Discount,Hot
109971,2024-04-13 20:30:00,Giza-Zayed,Ice Cream Mango,Medium,99.41,2,0.05,Pistachio,53729,19.0,Male,Bronze,Cash,ElMenus,107,4.7,140,35.8,59.9,2.0,0,Ice Cream,Greater Cairo,1,20,27.83,226.64999999999998,2024,4,13,Evening,Low Discount,Hot
106053,2024-03-04 01:00:00,Giza-Zayed,Sweet Koshary Mix,Medium,120.17,10,0.1,Pistachio,62316,22.0,Male,Gold,Wallet,In-store,34,1.9,126,28.3,57.8,1.0,0,Signature,Greater Cairo,0,1,168.24,1369.94,2024,3,4,Late Night,Medium Discount,Hot
103179,2024-02-03 02:30:00,Dubai-Marina,Rice Pudding Nuts,Medium,143.47,10,0.0,Lotus,83014,73.0,Female,Silver,Cash,ElMenus,80,0.5,144,38.7,23.0,2.0,0,Traditional,UAE,1,2,200.86,1635.56,2024,2,3,Late Night,No Discount,Hot
103193,2024-02-03 06:00:00,Dubai-Marina,Super B.Laban,Small,78.03,1,0.1,Nuts,71073,36.0,Female,Silver,Cash,In-store,79,11.8,140,39.1,50.5,3.0,0,Signature,UAE,1,6,10.92,88.95,2024,2,3,Morning,Medium Discount,Hot
106100,2024-03-04 12:45:00,Alex-Stanly,Super B.Laban,Large,72.17,9,0.1,Nuts,59047,21.0,Female,Silver,Instapay,Talabat,64,13.6,125,23.3,61.3,2.0,0,Signature,Alexandria,0,12,90.93,740.46,2024,3,4,Afternoon,Medium Discount,Moderate
107030,2024-03-14 05:15:00,Cairo-Zamalek,Om Ali Cream,Medium,124.7,4,0.1,Nutella,70141,16.0,Male,Unknown,Instapay,ElMenus,90,2.0,106,41.1,82.1,2.0,0,Traditional,Greater Cairo,0,5,69.83,568.63,2024,3,14,Morning,Medium Discount,Hot
100576,2024-01-06 23:45:00,Tanta-Saeed,Sweet Koshary Mix,Large,125.32,5,0.05,none,77622,60.0,Female,Unknown,Instapay,Talabat,12,7.1,108,33.4,50.7,3.0,0,Signature,Delta,1,23,87.72,714.3199999999999,2024,1,6,Late Night,Low Discount,Hot
106657,2024-03-10 08:00:00,Cairo-Nasr City,Om Ali Cream,Medium,138.67,11,0.0,Nuts,88154,43.5,Female,Bronze,Wallet,In-store,41,9.1,114,32.3,48.3,4.0,0,Traditional,Greater Cairo,1,8,213.55,1738.9199999999998,2024,3,10,Morning,No Discount,Hot
107116,2024-03-15 02:45:00,Dubai-Marina,Om Ali Cream,Medium,96.63,10,0.0,Lotus,57778,14.0,Male,Unknown,Instapay,ElMenus,21,7.1,144,19.0,47.2,2.0,1,Traditional,UAE,1,2,135.28,1101.58,2024,3,15,Late Night,No Discount,Cold
108803,2024-04-01 16:30:00,Riyadh-Olaya,Rice Pudding Nuts,Medium,149.48,5,0.0,Pistachio,75555,24.0,Female,Gold,Wallet,Talabat,107,1.8,124,22.8,75.8,4.0,0,Traditional,KSA,0,16,104.64,852.04,2024,4,1,Afternoon,No Discount,Moderate
106277,2024-03-06 09:00:00,Tanta-Saeed,Super B.Laban,Medium,141.05,2,0.0,Nutella,80876,41.0,Female,Gold,Instapay,Mobile App,93,12.7,124,21.2,62.8,5.0,0,Signature,Delta,0,9,39.49,321.59000000000003,2024,3,6,Morning,No Discount,Moderate
108985,2024-04-03 14:00:00,Mansoura-Mashaya,Sweet Koshary Mix,Medium,148.74,3,0.0,Lotus,61272,17.0,Male,Silver,Cash,Talabat,14,1.6,117,33.9,30.5,3.0,0,Signature,Delta,0,14,62.47,508.69000000000005,2024,4,3,Afternoon,No Discount,Hot
105898,2024-03-02 10:15:00,Cairo-Nasr City,Rice Pudding Nuts,Large,161.68,10,0.0,none,84499,33.0,Female,Silver,Wallet,Talabat,73,10.2,139,24.0,30.3,3.0,0,Traditional,Greater Cairo,1,10,226.35,1843.15,2024,3,2,Morning,No Discount,Moderate
105725,2024-02-29 15:00:00,Mansoura-Mashaya,Sweet Koshary Mix,Large,119.91,4,0.0,none,78209,43.5,Female,Silver,Credit Card,Mobile App,60,10.9,104,36.4,54.3,1.0,0,Signature,Delta,0,15,67.15,546.79,2024,2,29,Afternoon,No Discount,Hot
100270,2024-01-03 19:15:00,Alex-Stanly,Qishtouza Nutella,Medium,85.93,1,0.1,Pistachio,82485,63.0,Female,Unknown,Credit Card,In-store,37,3.6,138,44.7,33.3,1.0,0,Modern,Alexandria,0,19,12.03,97.96000000000001,2024,1,3,Evening,Medium Discount,Hot
100630,2024-01-07 13:15:00,Dubai-Marina,Om Ali Cream,Medium,172.12,3,0.0,none,71896,59.0,Female,Silver,Cash,Mobile App,66,5.8,120,25.4,75.7,4.0,0,Traditional,UAE,1,13,72.29,588.65,2024,1,7,Afternoon,No Discount,Hot
103082,2024-02-02 02:15:00,Dubai-Marina,Super B.Laban,Small,150.49,1,0.0,Nuts,73620,66.0,Female,Silver,Instapay,In-store,103,9.9,107,44.7,80.4,2.0,0,Signature,UAE,1,2,21.07,171.56,2024,2,2,Late Night,No Discount,Hot
103467,2024-02-06 02:30:00,Dubai-Marina,Ice Cream Mango,Medium,141.64,6,0.05,none,74322,42.0,Male,Unknown,Credit Card,Talabat,15,6.7,120,19.2,71.2,2.0,0,Ice Cream,UAE,0,2,118.98,968.8199999999999,2024,2,6,Late Night,Low Discount,Cold
106431,2024-03-07 23:30:00,Dubai-Marina,Om Ali Cream,Medium,97.19,9,0.0,Pistachio,79998,74.0,Male,Silver,Instapay,Talabat,108,1.1,126,43.9,28.6,4.0,0,Traditional,UAE,0,23,122.46,997.1700000000001,2024,3,7,Late Night,No Discount,Hot
109312,2024-04-06 23:45:00,Alex-Stanly,Rice Pudding Oven,Medium,130.82,2,0.0,none,50813,15.0,Male,Unknown,Credit Card,ElMenus,48,10.2,138,44.5,83.2,1.0,0,Traditional,Alexandria,1,23,36.63,298.27,2024,4,6,Late Night,No Discount,Hot
107063,2024-03-14 13:30:00,Riyadh-Olaya,Sweet Koshary Mix,Large,91.7,2,0.0,none,58462,24.0,Female,Unknown,Credit Card,Mobile App,74,11.2,127,17.8,84.1,3.0,0,Signature,KSA,0,13,25.68,209.08,2024,3,14,Afternoon,No Discount,Cold
109728,2024-04-11 07:45:00,Mansoura-Mashaya,Qishtouza Nutella,Small,42.24,2,0.0,Nutella,66112,37.0,Male,Gold,Credit Card,ElMenus,15,10.4,121,27.4,32.8,5.0,1,Modern,Delta,0,7,11.83,96.31,2024,4,11,Morning,No Discount,Hot
105544,2024-02-27 17:45:00,Tanta-Saeed,Super B.Laban,Large,122.17,11,0.0,Lotus,55778,19.0,Male,Unknown,Instapay,Mobile App,29,9.9,112,32.9,71.9,3.0,0,Signature,Delta,0,17,188.14,1532.0100000000002,2024,2,27,Evening,No Discount,Hot
104357,2024-02-15 09:00:00,Giza-Zayed,Om Ali Cream,Large,140.42,1,0.0,none,82719,16.0,Male,Unknown,Wallet,In-store,73,14.9,129,25.9,59.5,5.0,0,Traditional,Greater Cairo,0,9,19.66,160.07999999999998,2024,2,15,Morning,No Discount,Hot
102114,2024-01-23 00:15:00,Cairo-Nasr City,Qishtouza Nutella,Large,152.36,2,0.0,Nutella,60464,43.5,Female,Unknown,Wallet,In-store,119,13.8,125,37.7,64.0,3.0,0,Modern,Greater Cairo,0,0,42.66,347.38,2024,1,23,Late Night,No Discount,Hot
108220,2024-03-26 14:45:00,Giza-Zayed,Om Ali Cream,Large,100.18,4,0.0,Nutella,64127,14.0,Female,Unknown,Cash,In-store,111,0.7,106,29.0,55.6,3.0,0,Traditional,Greater Cairo,0,14,56.1,456.82000000000005,2024,3,26,Afternoon,No Discount,Hot
103217,2024-02-03 12:00:00,Alex-Stanly,Ice Cream Mango,Medium,129.68,2,0.0,none,61763,57.0,Female,Silver,Cash,Mobile App,25,2.8,147,33.5,24.2,3.0,0,Ice Cream,Alexandria,1,12,36.31,295.67,2024,2,3,Afternoon,No Discount,Hot
103815,2024-02-09 17:30:00,Cairo-Nasr City,Qishtouza Lotus,Medium,66.48,6,0.0,none,60409,43.5,Female,Silver,Wallet,In-store,96,6.2,104,37.0,28.7,4.0,0,Modern,Greater Cairo,1,17,55.84,454.72,2024,2,9,Evening,No Discount,Hot
108322,2024-03-27 16:15:00,Mansoura-Mashaya,Super B.Laban,Medium,176.35,11,0.0,Nuts,56621,46.0,Female,Silver,Credit Card,Mobile App,10,6.4,101,16.2,46.0,3.0,0,Signature,Delta,0,16,271.58,2211.43,2024,3,27,Afternoon,No Discount,Cold
108590,2024-03-30 11:15:00,Giza-Zayed,Super B.Laban,Small,83.04,9,0.0,Lotus,88494,38.0,Female,Unknown,Cash,ElMenus,90,14.4,118,41.3,28.0,3.0,0,Signature,Greater Cairo,1,11,104.63,851.99,2024,3,30,Morning,No Discount,Hot
102279,2024-01-24 17:30:00,Mansoura-Mashaya,Qishtouza Nutella,Medium,135.31,5,0.0,Nutella,64844,37.0,Female,Bronze,Cash,ElMenus,10,10.2,145,44.2,72.8,1.0,0,Modern,Delta,0,17,94.72,771.27,2024,1,24,Evening,No Discount,Hot
104600,2024-02-17 21:45:00,Dubai-Marina,Qishtouza Lotus,Large,57.91,6,0.0,Nutella,79209,56.0,Female,Silver,Cash,Mobile App,86,1.2,144,37.2,68.2,3.0,0,Modern,UAE,1,21,48.64,396.09999999999997,2024,2,17,Evening,No Discount,Hot
100014,2024-01-01 03:15:00,Alex-Stanly,Rice Pudding Oven,Medium,84.77,9,0.0,Pistachio,59044,17.0,Female,Silver,Wallet,In-store,36,3.8,142,39.7,67.8,4.0,0,Traditional,Alexandria,0,3,106.81,869.74,2024,1,1,Late Night,No Discount,Hot
109226,2024-04-06 02:15:00,Tanta-Saeed,Rice Pudding Oven,Small,89.17,1,0.0,Lotus,89381,32.0,Female,Bronze,Instapay,In-store,64,12.4,114,36.0,86.4,3.0,0,Traditional,Delta,1,2,12.48,101.65,2024,4,6,Late Night,No Discount,Hot
101526,2024-01-16 21:15:00,Alex-Stanly,Rice Pudding Nuts,Large,51.2,10,0.0,Lotus,57248,43.5,Male,Silver,Wallet,ElMenus,84,6.0,116,15.7,80.7,2.0,0,Traditional,Alexandria,0,21,71.68,583.6800000000001,2024,1,16,Evening,No Discount,Cold
102366,2024-01-25 15:15:00,Dubai-Marina,Super B.Laban,Small,105.24,4,0.15,Nutella,59587,74.0,Male,Unknown,Cash,Talabat,104,12.3,132,26.9,21.7,5.0,0,Signature,UAE,0,15,58.93,479.89,2024,1,25,Afternoon,Medium Discount,Hot
104649,2024-02-18 10:00:00,Mansoura-Mashaya,Super B.Laban,Large,127.44,10,0.0,Pistachio,68203,43.5,Male,Bronze,Cash,In-store,36,3.4,139,26.2,29.0,1.0,0,Signature,Delta,1,10,178.42,1452.8200000000002,2024,2,18,Morning,No Discount,Hot
100375,2024-01-04 21:30:00,Cairo-Nasr City,Super B.Laban,Large,100.47,11,0.0,Nuts,88140,57.0,Female,Bronze,Credit Card,In-store,54,1.2,101,44.6,30.6,3.0,0,Signature,Greater Cairo,0,21,154.72,1259.89,2024,1,4,Evening,No Discount,Hot
108522,2024-03-29 18:15:00,Tanta-Saeed,Sweet Koshary Mix,Medium,148.82,10,0.0,Pistachio,65647,61.0,Female,Unknown,Wallet,In-store,79,2.9,102,21.7,34.3,3.0,0,Signature,Delta,1,18,208.35,1696.5499999999997,2024,3,29,Evening,No Discount,Moderate
106478,2024-03-08 11:15:00,Alex-Stanly,Super B.Laban,Medium,169.14,1,0.0,Lotus,57172,54.0,Female,Gold,Credit Card,Talabat,75,9.3,142,20.3,39.0,2.0,0,Signature,Alexandria,1,11,23.68,192.82,2024,3,8,Morning,No Discount,Moderate
100526,2024-01-06 11:15:00,Dubai-Marina,Om Ali Cream,Large,57.49,9,0.0,none,51404,58.0,Male,Gold,Credit Card,In-store,98,11.4,110,20.7,43.2,2.0,0,Traditional,UAE,1,11,72.44,589.8499999999999,2024,1,6,Morning,No Discount,Moderate
106896,2024-03-12 19:45:00,Tanta-Saeed,Ice Cream Mango,Medium,50.89,7,0.0,Lotus,84287,43.5,Male,Gold,Wallet,In-store,63,12.8,132,36.9,71.1,3.0,0,Ice Cream,Delta,0,19,49.87,406.1,2024,3,12,Evening,No Discount,Hot
103592,2024-02-07 09:45:00,Dubai-Marina,Om Ali Cream,Medium,137.63,8,0.15,Pistachio,59112,50.0,Female,Unknown,Instapay,ElMenus,39,7.4,119,16.5,63.8,3.0,0,Traditional,UAE,0,9,154.15,1255.19,2024,2,7,Morning,Medium Discount,Cold
107905,2024-03-23 08:00:00,Mansoura-Mashaya,Ice Cream Mango,Medium,61.36,5,0.0,Nuts,50243,61.0,Female,Silver,Cash,ElMenus,16,2.3,140,18.8,60.9,3.0,0,Ice Cream,Delta,1,8,42.95,349.75,2024,3,23,Morning,No Discount,Cold
102959,2024-01-31 19:30:00,Alex-Stanly,Sweet Koshary Mix,Medium,48.69,1,0.15,none,59769,72.0,Male,Unknown,Cash,ElMenus,30,12.3,116,39.1,44.5,3.0,1,Signature,Alexandria,0,19,6.82,55.51,2024,1,31,Evening,Medium Discount,Hot
100530,2024-01-06 12:15:00,Cairo-Zamalek,Ice Cream Mango,Small,109.44,2,0.0,Lotus,83982,69.0,Male,Silver,Instapay,In-store,80,1.7,121,15.3,84.8,1.0,0,Ice Cream,Greater Cairo,1,12,30.64,249.51999999999998,2024,1,6,Afternoon,No Discount,Cold
103715,2024-02-08 16:30:00,Mansoura-Mashaya,Super B.Laban,Small,137.22,10,0.0,Nuts,58920,72.0,Female,Unknown,Wallet,Mobile App,103,4.2,103,19.5,22.1,3.0,0,Signature,Delta,0,16,192.11,1564.31,2024,2,8,Afternoon,No Discount,Cold
104733,2024-02-19 07:00:00,Mansoura-Mashaya,Sweet Koshary Mix,Small,109.89,10,0.05,Nuts,57408,59.0,Male,Unknown,Cash,ElMenus,80,14.5,144,37.6,79.2,3.0,0,Signature,Delta,0,7,153.85,1252.75,2024,2,19,Morning,Low Discount,Hot
101395,2024-01-15 12:30:00,Mansoura-Mashaya,Rice Pudding Nuts,Large,156.6,6,0.0,Lotus,70613,55.0,Male,Silver,Wallet,Talabat,110,13.2,132,23.5,65.1,3.0,0,Traditional,Delta,0,12,131.54,1071.1399999999999,2024,1,15,Afternoon,No Discount,Moderate
105632,2024-02-28 15:45:00,Mansoura-Mashaya,Rice Pudding Nuts,Medium,111.44,5,0.05,none,56937,13.0,Female,Unknown,Wallet,Talabat,107,11.2,148,16.3,71.8,3.0,1,Traditional,Delta,0,15,78.01,635.21,2024,2,28,Afternoon,Low Discount,Cold
106564,2024-03-09 08:45:00,Alex-Stanly,Rice Pudding Oven,Medium,162.18,8,0.0,Lotus,60788,45.0,Female,Silver,Credit Card,In-store,100,12.4,146,37.6,73.7,3.0,0,Traditional,Alexandria,1,8,181.64,1479.08,2024,3,9,Morning,No Discount,Hot
104704,2024-02-18 23:45:00,Cairo-Nasr City,Rice Pudding Nuts,Medium,145.25,6,0.0,none,67267,20.0,Female,Unknown,Instapay,In-store,47,2.4,148,43.4,67.8,2.0,0,Traditional,Greater Cairo,1,23,122.01,993.51,2024,2,18,Late Night,No Discount,Hot
101713,2024-01-18 20:00:00,Mansoura-Mashaya,Ice Cream Mango,Medium,158.4,11,0.0,Pistachio,68917,43.5,Female,Unknown,Credit Card,Talabat,23,7.7,132,22.4,46.7,3.0,0,Ice Cream,Delta,0,20,243.94,1986.3400000000001,2024,1,18,Evening,No Discount,Moderate
109756,2024-04-11 14:45:00,Riyadh-Olaya,Rice Pudding Nuts,Medium,95.79,6,0.0,Nutella,65953,42.0,Female,Unknown,Wallet,ElMenus,46,5.9,138,15.3,26.1,3.0,0,Traditional,KSA,0,14,80.46,655.2,2024,4,11,Afternoon,No Discount,Cold
100956,2024-01-10 22:45:00,Alex-Stanly,Rice Pudding Nuts,Large,175.89,3,0.0,none,61573,23.0,Female,Gold,Cash,In-store,42,6.4,115,27.6,77.6,4.0,0,Traditional,Alexandria,0,22,73.87,601.54,2024,1,10,Late Night,No Discount,Hot
106676,2024-03-10 12:45:00,Dubai-Marina,Qishtouza Lotus,Medium,45.0,10,0.0,Pistachio,86814,72.0,Female,Silver,Credit Card,ElMenus,30,10.2,106,26.7,70.4,3.0,0,Modern,UAE,1,12,63.0,513.0,2024,3,10,Afternoon,No Discount,Hot
103454,2024-02-05 23:15:00,Giza-Zayed,Ice Cream Mango,Small,176.76,9,0.0,none,62003,24.0,Male,Bronze,Cash,ElMenus,72,14.1,147,34.7,71.9,3.0,0,Ice Cream,Greater Cairo,0,23,222.72,1813.56,2024,2,5,Late Night,No Discount,Hot
102072,2024-01-22 13:45:00,Alex-Stanly,Ice Cream Mango,Medium,160.45,2,0.0,none,54705,59.0,Female,Bronze,Credit Card,Mobile App,64,0.7,104,27.1,80.6,2.0,0,Ice Cream,Alexandria,0,13,44.93,365.83,2024,1,22,Afternoon,No Discount,Hot
109741,2024-04-11 11:00:00,Tanta-Saeed,Om Ali Cream,Medium,134.41,10,0.0,Nuts,71257,65.0,Female,Bronze,Instapay,Talabat,19,2.4,113,32.6,68.8,4.0,0,Traditional,Delta,0,11,188.17,1532.27,2024,4,11,Morning,No Discount,Hot
100159,2024-01-02 15:30:00,Cairo-Nasr City,Rice Pudding Nuts,Large,74.8,5,0.0,Lotus,61813,26.0,Female,Gold,Wallet,ElMenus,93,5.4,115,33.9,80.2,2.0,0,Traditional,Greater Cairo,0,15,52.36,426.36,2024,1,2,Afternoon,No Discount,Hot
107006,2024-03-13 23:15:00,Alex-Stanly,Ice Cream Mango,Large,58.52,11,0.0,Pistachio,56906,14.0,Male,Unknown,Instapay,In-store,70,3.9,114,36.2,64.9,3.0,0,Ice Cream,Alexandria,0,23,90.12,733.84,2024,3,13,Late Night,No Discount,Hot
100353,2024-01-04 16:00:00,Cairo-Nasr City,Ice Cream Mango,Small,77.9,11,0.0,Lotus,66655,71.0,Male,Bronze,Credit Card,Mobile App,16,3.9,126,23.9,77.7,5.0,0,Ice Cream,Greater Cairo,0,16,119.97,976.8700000000001,2024,1,4,Afternoon,No Discount,Moderate
106079,2024-03-04 07:30:00,Mansoura-Mashaya,Om Ali Cream,Large,137.28,6,0.1,none,84301,58.0,Female,Gold,Credit Card,Talabat,38,5.1,116,30.2,36.4,4.0,0,Traditional,Delta,0,7,115.32,939.0,2024,3,4,Morning,Medium Discount,Hot
106237,2024-03-05 23:00:00,Dubai-Marina,Ice Cream Mango,Small,41.53,10,0.1,none,89049,66.0,Male,Gold,Credit Card,ElMenus,75,5.4,105,29.0,75.2,1.0,0,Ice Cream,UAE,0,23,58.14,473.44,2024,3,5,Late Night,Medium Discount,Hot
102921,2024-01-31 10:00:00,Mansoura-Mashaya,Om Ali Cream,Large,156.12,9,0.05,Nuts,56999,43.5,Female,Gold,Wallet,Mobile App,83,4.6,140,18.4,64.6,3.0,0,Traditional,Delta,0,10,196.71,1601.79,2024,1,31,Morning,Low Discount,Cold
104645,2024-02-18 09:00:00,Giza-Zayed,Qishtouza Lotus,Large,90.54,10,0.05,Lotus,86055,28.0,Female,Silver,Cash,Mobile App,59,0.7,131,17.1,25.1,3.0,0,Modern,Greater Cairo,1,9,126.76,1032.16,2024,2,18,Morning,Low Discount,Cold
100662,2024-01-07 21:15:00,Alex-Stanly,Om Ali Cream,Small,115.33,2,0.0,Lotus,79843,43.0,Female,Silver,Cash,Mobile App,76,2.7,141,39.8,76.2,1.0,0,Traditional,Alexandria,1,21,32.29,262.95,2024,1,7,Evening,No Discount,Hot
107058,2024-03-14 12:15:00,Riyadh-Olaya,Sweet Koshary Mix,Large,98.37,3,0.05,Nutella,66416,21.0,Female,Bronze,Cash,Talabat,113,10.6,115,28.1,26.5,3.0,0,Signature,KSA,0,12,41.32,336.43,2024,3,14,Afternoon,Low Discount,Hot
103666,2024-02-08 04:15:00,Riyadh-Olaya,Om Ali Cream,Large,159.92,8,0.0,none,82068,38.0,Female,Unknown,Wallet,Mobile App,31,1.6,124,23.2,71.8,4.0,0,Traditional,KSA,0,4,179.11,1458.4699999999998,2024,2,8,Late Night,No Discount,Moderate
107980,2024-03-24 02:45:00,Mansoura-Mashaya,Rice Pudding Nuts,Large,173.29,8,0.0,none,59102,43.5,Male,Unknown,Wallet,Talabat,19,4.1,147,20.3,74.9,5.0,0,Traditional,Delta,1,2,194.08,1580.3999999999999,2024,3,24,Late Night,No Discount,Moderate
100307,2024-01-04 04:30:00,Giza-Zayed,Ice Cream Mango,Large,91.63,9,0.0,none,76270,29.0,Male,Bronze,Credit Card,Mobile App,91,1.1,138,23.6,80.2,3.0,0,Ice Cream,Greater Cairo,0,4,115.45,940.12,2024,1,4,Late Night,No Discount,Moderate
104791,2024-02-19 21:30:00,Cairo-Nasr City,Rice Pudding Nuts,Medium,75.21,10,0.0,Lotus,77014,45.0,Female,Bronze,Wallet,ElMenus,50,8.6,108,41.4,53.7,5.0,0,Traditional,Greater Cairo,0,21,105.29,857.3899999999999,2024,2,19,Evening,No Discount,Hot
102357,2024-01-25 13:00:00,Tanta-Saeed,Sweet Koshary Mix,Large,101.34,6,0.05,Lotus,63560,69.0,Female,Gold,Cash,In-store,106,13.2,139,37.1,23.6,1.0,0,Signature,Delta,0,13,85.13,693.17,2024,1,25,Afternoon,Low Discount,Hot
101928,2024-01-21 01:45:00,Alex-Stanly,Om Ali Cream,Small,166.39,2,0.0,Lotus,53378,70.0,Male,Gold,Wallet,Mobile App,106,6.2,140,24.3,52.5,3.0,0,Traditional,Alexandria,1,1,46.59,379.37,2024,1,21,Late Night,No Discount,Moderate
109940,2024-04-13 12:45:00,Giza-Zayed,Qishtouza Nutella,Small,95.89,6,0.0,Lotus,62792,43.5,Female,Silver,Instapay,ElMenus,112,10.4,143,44.2,73.8,4.0,0,Modern,Greater Cairo,1,12,80.55,655.89,2024,4,13,Afternoon,No Discount,Hot
103428,2024-02-05 16:45:00,Cairo-Nasr City,Qishtouza Nutella,Large,113.8,5,0.1,Nutella,77506,54.0,Female,Silver,Cash,In-store,15,5.4,138,19.0,62.7,3.0,0,Modern,Greater Cairo,0,16,79.66,648.66,2024,2,5,Afternoon,Medium Discount,Cold
103639,2024-02-07 21:30:00,Cairo-Zamalek,Qishtouza Lotus,Medium,73.95,6,0.0,Pistachio,70461,72.0,Female,Bronze,Cash,In-store,30,2.5,103,40.7,49.9,2.0,0,Modern,Greater Cairo,0,21,62.12,505.82000000000005,2024,2,7,Evening,No Discount,Hot
101267,2024-01-14 04:30:00,Dubai-Marina,Om Ali Cream,Medium,52.3,2,0.0,Nuts,60525,67.0,Female,Bronze,Cash,Mobile App,54,11.4,111,39.1,68.8,4.0,0,Traditional,UAE,1,4,14.64,119.24,2024,1,14,Late Night,No Discount,Hot
101561,2024-01-17 06:00:00,Alex-Stanly,Super B.Laban,Medium,144.72,10,0.0,none,84821,39.0,Male,Bronze,Cash,ElMenus,62,3.2,111,22.4,67.1,5.0,0,Signature,Alexandria,0,6,202.61,1649.81,2024,1,17,Morning,No Discount,Moderate
107180,2024-03-15 18:45:00,Mansoura-Mashaya,Rice Pudding Nuts,Large,155.66,1,0.0,Nutella,68113,52.0,Female,Bronze,Wallet,Talabat,108,11.8,142,23.9,65.0,4.0,0,Traditional,Delta,1,18,21.79,177.45,2024,3,15,Evening,No Discount,Moderate
104110,2024-02-12 19:15:00,Cairo-Nasr City,Super B.Laban,Small,129.09,7,0.0,Nutella,89210,54.0,Female,Gold,Instapay,In-store,101,12.6,121,23.8,85.5,5.0,0,Signature,Greater Cairo,0,19,126.51,1030.14,2024,2,12,Evening,No Discount,Moderate
107868,2024-03-22 22:45:00,Mansoura-Mashaya,Super B.Laban,Medium,98.89,9,0.0,Nuts,74849,43.5,Male,Gold,Instapay,Mobile App,28,7.7,136,40.4,62.7,1.0,0,Signature,Delta,1,22,124.6,1014.61,2024,3,22,Late Night,No Discount,Hot
104905,2024-02-21 02:00:00,Dubai-Marina,Rice Pudding Nuts,Large,164.96,8,0.0,none,84003,26.0,Female,Gold,Credit Card,Mobile App,104,12.8,102,22.6,84.3,4.0,0,Traditional,UAE,0,2,184.76,1504.44,2024,2,21,Late Night,No Discount,Moderate
107295,2024-03-16 23:30:00,Cairo-Zamalek,Rice Pudding Oven,Medium,78.97,7,0.0,Lotus,72596,59.0,Male,Unknown,Instapay,In-store,104,1.0,115,36.6,64.6,3.0,0,Traditional,Greater Cairo,1,23,77.39,630.18,2024,3,16,Late Night,No Discount,Hot
100515,2024-01-06 08:30:00,Cairo-Zamalek,Rice Pudding Oven,Medium,124.94,6,0.0,none,64082,34.0,Male,Unknown,Cash,ElMenus,17,3.1,129,42.3,30.2,3.0,0,Traditional,Greater Cairo,1,8,104.95,854.59,2024,1,6,Morning,No Discount,Hot
100895,2024-01-10 07:30:00,Giza-Zayed,Rice Pudding Oven,Medium,74.37,2,0.15,none,81903,43.5,Female,Gold,Instapay,In-store,108,14.6,146,27.1,87.3,2.0,0,Traditional,Greater Cairo,0,7,20.82,169.56,2024,1,10,Morning,Medium Discount,Hot
100022,2024-01-01 05:15:00,Mansoura-Mashaya,Sweet Koshary Mix,Small,84.78,6,0.0,none,89071,43.5,Female,Unknown,Wallet,Talabat,112,13.9,108,24.8,62.9,5.0,0,Signature,Delta,0,5,71.22,579.9,2024,1,1,Morning,No Discount,Moderate
100900,2024-01-10 08:45:00,Alex-Stanly,Qishtouza Nutella,Medium,110.51,8,0.0,Pistachio,73125,34.0,Female,Unknown,Wallet,ElMenus,117,12.8,115,26.1,84.6,2.0,0,Modern,Alexandria,0,8,123.77,1007.85,2024,1,10,Morning,No Discount,Hot
100208,2024-01-03 03:45:00,Giza-Zayed,Super B.Laban,Small,133.94,10,0.0,none,68770,43.5,Male,Unknown,Wallet,In-store,105,0.9,144,31.2,41.3,1.0,0,Signature,Greater Cairo,0,3,187.52,1526.92,2024,1,3,Late Night,No Discount,Hot
100459,2024-01-05 18:30:00,Alex-Stanly,Qishtouza Lotus,Small,94.05,1,0.1,Nutella,58578,31.0,Female,Gold,Credit Card,ElMenus,55,7.3,119,31.4,85.1,1.0,0,Modern,Alexandria,1,18,13.17,107.22,2024,1,5,Evening,Medium Discount,Hot
102431,2024-01-26 07:30:00,Giza-Zayed,Qishtouza Lotus,Large,114.44,3,0.0,none,62353,70.0,Female,Silver,Wallet,Talabat,10,11.8,116,18.0,20.3,3.0,0,Modern,Greater Cairo,1,7,48.06,391.38,2024,1,26,Morning,No Discount,Cold
108443,2024-03-28 22:30:00,Cairo-Zamalek,Rice Pudding Nuts,Large,133.83,8,0.0,Nuts,53470,21.0,Male,Unknown,Credit Card,In-store,24,14.1,137,29.5,63.2,2.0,0,Traditional,Greater Cairo,0,22,149.89,1220.5300000000002,2024,3,28,Late Night,No Discount,Hot
103390,2024-02-05 07:15:00,Cairo-Zamalek,Qishtouza Nutella,Small,73.35,11,0.0,Pistachio,87957,61.0,Female,Gold,Instapay,In-store,37,4.3,102,39.1,75.2,5.0,0,Modern,Greater Cairo,0,7,112.96,919.81,2024,2,5,Morning,No Discount,Hot
103912,2024-02-10 17:45:00,Tanta-Saeed,Super B.Laban,Small,162.96,2,0.0,none,82346,61.0,Male,Silver,Cash,Talabat,17,10.1,139,16.1,65.8,3.0,0,Signature,Delta,1,17,45.63,371.55,2024,2,10,Evening,No Discount,Cold
105384,2024-02-26 01:45:00,Giza-Zayed,Rice Pudding Oven,Large,76.94,3,0.1,none,77819,70.0,Male,Unknown,Credit Card,ElMenus,24,13.0,129,30.6,25.6,2.0,0,Traditional,Greater Cairo,0,1,32.31,263.13,2024,2,26,Late Night,Medium Discount,Hot
100553,2024-01-06 18:00:00,Mansoura-Mashaya,Om Ali Cream,Medium,46.28,2,0.0,Nuts,88718,70.0,Female,Unknown,Instapay,ElMenus,18,2.6,111,32.2,47.3,2.0,0,Traditional,Delta,1,18,12.96,105.52000000000001,2024,1,6,Evening,No Discount,Hot
103145,2024-02-02 18:00:00,Alex-Stanly,Super B.Laban,Small,161.63,3,0.05,Pistachio,55653,72.0,Male,Silver,Wallet,Talabat,43,0.9,108,37.6,49.0,1.0,0,Signature,Alexandria,1,18,67.88,552.77,2024,2,2,Evening,Low Discount,Hot
106918,2024-03-13 01:15:00,Cairo-Nasr City,Ice Cream Mango,Medium,55.55,4,0.0,Nuts,81096,51.0,Female,Unknown,Cash,In-store,72,9.7,105,27.8,33.2,4.0,1,Ice Cream,Greater Cairo,0,1,31.11,253.31,2024,3,13,Late Night,No Discount,Hot
102057,2024-01-22 10:00:00,Cairo-Zamalek,Qishtouza Nutella,Large,79.77,4,0.0,none,57062,22.0,Female,Bronze,Instapay,ElMenus,95,8.5,145,17.8,51.8,2.0,0,Modern,Greater Cairo,0,10,44.67,363.75,2024,1,22,Morning,No Discount,Cold
101926,2024-01-21 01:15:00,Mansoura-Mashaya,Rice Pudding Oven,Large,80.86,6,0.0,Pistachio,76881,23.0,Female,Silver,Cash,ElMenus,20,1.4,114,26.8,24.7,5.0,0,Traditional,Delta,1,1,67.92,553.0799999999999,2024,1,21,Late Night,No Discount,Hot
100635,2024-01-07 14:30:00,Cairo-Zamalek,Om Ali Cream,Medium,58.81,11,0.1,Nuts,88453,16.0,Female,Bronze,Cash,ElMenus,29,13.2,128,36.4,76.9,3.0,0,Traditional,Greater Cairo,1,14,90.57,737.48,2024,1,7,Afternoon,Medium Discount,Hot
106083,2024-03-04 08:30:00,Tanta-Saeed,Ice Cream Mango,Medium,43.91,11,0.0,Pistachio,67979,68.0,Female,Unknown,Wallet,In-store,30,3.6,140,40.5,71.8,2.0,0,Ice Cream,Delta,0,8,67.62,550.63,2024,3,4,Morning,No Discount,Hot
109271,2024-04-06 13:30:00,Cairo-Zamalek,Rice Pudding Nuts,Medium,109.29,9,0.1,Nutella,53516,43.5,Female,Unknown,Wallet,Talabat,58,10.6,145,18.6,85.6,3.0,0,Traditional,Greater Cairo,1,13,137.71,1121.32,2024,4,6,Afternoon,Medium Discount,Cold
109679,2024-04-10 19:30:00,Cairo-Zamalek,Ice Cream Mango,Small,158.06,1,0.0,Pistachio,51996,17.0,Male,Bronze,Credit Card,ElMenus,19,8.2,115,16.1,49.7,5.0,0,Ice Cream,Greater Cairo,0,19,22.13,180.19,2024,4,10,Evening,No Discount,Cold
100106,2024-01-02 02:15:00,Cairo-Zamalek,Om Ali Cream,Medium,58.37,10,0.05,Nutella,59834,27.0,Male,Unknown,Instapay,Talabat,99,8.7,126,32.5,70.0,3.0,0,Traditional,Greater Cairo,0,2,81.72,665.42,2024,1,2,Late Night,Low Discount,Hot
103042,2024-02-01 16:15:00,Giza-Zayed,Om Ali Cream,Medium,68.33,1,0.1,none,57421,68.0,Female,Bronze,Instapay,Mobile App,33,13.3,110,18.0,70.8,2.0,0,Traditional,Greater Cairo,0,16,9.57,77.9,2024,2,1,Afternoon,Medium Discount,Cold
101710,2024-01-18 19:15:00,Tanta-Saeed,Rice Pudding Nuts,Medium,161.1,9,0.0,Pistachio,89330,65.0,Female,Unknown,Credit Card,In-store,11,9.9,143,20.5,86.8,4.0,0,Traditional,Delta,0,19,202.99,1652.8899999999999,2024,1,18,Evening,No Discount,Moderate
100090,2024-01-01 22:15:00,Cairo-Zamalek,Qishtouza Lotus,Medium,109.94,7,0.0,Nutella,56520,28.0,Male,Gold,Instapay,Mobile App,37,3.9,131,30.2,62.2,3.0,0,Modern,Greater Cairo,0,22,107.74,877.3199999999999,2024,1,1,Late Night,No Discount,Hot
107015,2024-03-14 01:30:00,Riyadh-Olaya,Sweet Koshary Mix,Medium,169.7,1,0.0,Pistachio,86167,51.0,Male,Silver,Cash,In-store,107,7.0,122,33.7,75.7,5.0,0,Signature,KSA,0,1,23.76,193.45999999999998,2024,3,14,Late Night,No Discount,Hot
103175,2024-02-03 01:30:00,Alex-Stanly,Qishtouza Lotus,Medium,156.37,3,0.05,Nuts,71335,43.5,Male,Unknown,Cash,In-store,76,13.9,119,33.5,80.8,4.0,0,Modern,Alexandria,1,1,65.68,534.79,2024,2,3,Late Night,Low Discount,Hot
100918,2024-01-10 13:15:00,Giza-Zayed,Ice Cream Mango,Medium,140.76,10,0.0,Pistachio,87257,16.0,Male,Gold,Credit Card,In-store,35,2.3,149,40.6,61.3,3.0,0,Ice Cream,Greater Cairo,0,13,197.06,1604.6599999999999,2024,1,10,Afternoon,No Discount,Hot
107834,2024-03-22 14:15:00,Alex-Stanly,Sweet Koshary Mix,Medium,166.95,4,0.0,Nuts,78778,27.0,Female,Gold,Instapay,Talabat,111,2.6,114,17.2,32.5,1.0,0,Signature,Alexandria,1,14,93.49,761.29,2024,3,22,Afternoon,No Discount,Cold
106733,2024-03-11 03:00:00,Cairo-Nasr City,Super B.Laban,Medium,115.99,6,0.0,Nuts,56181,62.0,Female,Unknown,Instapay,In-store,32,7.8,110,16.9,24.4,3.0,0,Signature,Greater Cairo,0,3,97.43,793.3699999999999,2024,3,11,Late Night,No Discount,Cold
101950,2024-01-21 07:15:00,Dubai-Marina,Sweet Koshary Mix,Large,133.05,4,0.0,none,57406,26.0,Female,Gold,Credit Card,In-store,15,9.7,111,38.4,22.5,3.0,0,Signature,UAE,1,7,74.51,606.71,2024,1,21,Morning,No Discount,Hot
106369,2024-03-07 08:00:00,Riyadh-Olaya,Ice Cream Mango,Medium,84.05,5,0.0,Lotus,86566,74.0,Female,Unknown,Instapay,In-store,42,4.5,103,18.4,79.8,2.0,0,Ice Cream,KSA,0,8,58.84,479.09000000000003,2024,3,7,Morning,No Discount,Cold
100002,2024-01-01 00:15:00,Giza-Zayed,Ice Cream Mango,Medium,65.83,6,0.0,Nutella,75762,43.0,Male,Gold,Instapay,In-store,22,6.4,138,41.1,33.1,2.0,0,Ice Cream,Greater Cairo,0,0,55.3,450.28000000000003,2024,1,1,Late Night,No Discount,Hot
108033,2024-03-24 16:00:00,Tanta-Saeed,Rice Pudding Nuts,Large,107.81,9,0.15,Lotus,52840,30.0,Male,Silver,Wallet,ElMenus,91,5.6,105,16.7,51.4,3.0,0,Traditional,Delta,1,16,135.84,1106.1299999999999,2024,3,24,Afternoon,Medium Discount,Cold
106048,2024-03-03 23:45:00,Alex-Stanly,Qishtouza Lotus,Small,116.87,2,0.15,Nuts,86142,54.0,Female,Silver,Cash,In-store,102,3.3,115,35.9,33.8,3.0,0,Modern,Alexandria,1,23,32.72,266.46000000000004,2024,3,3,Late Night,Medium Discount,Hot
102721,2024-01-29 08:00:00,Tanta-Saeed,Om Ali Cream,Medium,122.28,11,0.0,Nutella,89323,35.0,Male,Unknown,Wallet,Talabat,45,10.1,134,39.4,20.5,3.0,0,Traditional,Delta,0,8,188.31,1533.3899999999999,2024,1,29,Morning,No Discount,Hot
109813,2024-04-12 05:00:00,Riyadh-Olaya,Qishtouza Nutella,Large,160.45,11,0.15,Nuts,86104,43.5,Male,Silver,Wallet,Mobile App,100,4.0,118,20.3,66.5,5.0,0,Modern,KSA,1,5,247.09,2012.0399999999997,2024,4,12,Morning,Medium Discount,Moderate
103118,2024-02-02 11:15:00,Cairo-Zamalek,Om Ali Cream,Medium,130.82,9,0.0,Nutella,50648,43.0,Male,Unknown,Cash,In-store,39,2.2,146,31.5,86.4,5.0,0,Traditional,Greater Cairo,1,11,164.83,1342.2099999999998,2024,2,2,Morning,No Discount,Hot
109466,2024-04-08 14:15:00,Dubai-Marina,Ice Cream Mango,Medium,87.37,7,0.15,Nuts,60517,12.0,Female,Gold,Instapay,Mobile App,105,10.8,107,17.4,38.2,5.0,0,Ice Cream,UAE,0,14,85.62,697.21,2024,4,8,Afternoon,Medium Discount,Cold
103763,2024-02-09 04:30:00,Dubai-Marina,Qishtouza Lotus,Small,179.21,6,0.0,none,66993,63.0,Female,Unknown,Instapay,Talabat,15,2.4,111,19.3,64.2,1.0,0,Modern,UAE,1,4,150.54,1225.8,2024,2,9,Late Night,No Discount,Cold
100214,2024-01-03 05:15:00,Dubai-Marina,Sweet Koshary Mix,Medium,88.36,6,0.15,none,63241,61.0,Male,Silver,Wallet,Mobile App,28,14.8,102,24.7,38.7,4.0,0,Signature,UAE,0,5,74.22,604.38,2024,1,3,Morning,Medium Discount,Moderate
100779,2024-01-09 02:30:00,Riyadh-Olaya,Qishtouza Nutella,Large,139.63,2,0.0,none,81545,43.5,Male,Gold,Cash,ElMenus,55,4.6,103,16.8,76.1,1.0,0,Modern,KSA,0,2,39.1,318.36,2024,1,9,Late Night,No Discount,Cold
103497,2024-02-06 10:00:00,Cairo-Zamalek,Rice Pudding Oven,Large,140.01,1,0.0,none,78723,24.0,Male,Silver,Credit Card,Talabat,36,3.8,149,23.8,56.0,2.0,0,Traditional,Greater Cairo,0,10,19.6,159.60999999999999,2024,2,6,Morning,No Discount,Moderate
108818,2024-04-01 20:15:00,Alex-Stanly,Rice Pudding Oven,Small,129.57,7,0.0,Nutella,63263,43.5,Male,Bronze,Instapay,Talabat,115,9.7,101,27.7,84.0,4.0,1,Traditional,Alexandria,0,20,126.98,1033.97,2024,4,1,Evening,No Discount,Hot
102044,2024-01-22 06:45:00,Alex-Stanly,Qishtouza Nutella,Medium,100.08,5,0.0,Nuts,53214,59.0,Male,Gold,Cash,Mobile App,91,13.3,147,41.3,65.8,5.0,0,Modern,Alexandria,0,6,70.06,570.46,2024,1,22,Morning,No Discount,Hot
105421,2024-02-26 11:00:00,Cairo-Nasr City,Sweet Koshary Mix,Medium,166.28,9,0.0,none,58071,21.0,Female,Bronze,Credit Card,Talabat,71,9.2,110,22.0,41.0,1.0,0,Signature,Greater Cairo,0,11,209.51,1706.03,2024,2,26,Morning,No Discount,Moderate
106155,2024-03-05 02:30:00,Cairo-Zamalek,Rice Pudding Oven,Medium,64.23,10,0.0,none,58989,24.0,Male,Bronze,Credit Card,In-store,73,9.3,123,42.0,66.0,1.0,0,Traditional,Greater Cairo,0,2,89.92,732.22,2024,3,5,Late Night,No Discount,Hot
108358,2024-03-28 01:15:00,Mansoura-Mashaya,Sweet Koshary Mix,Medium,66.86,6,0.0,Lotus,54852,65.0,Male,Unknown,Credit Card,ElMenus,110,12.2,126,44.7,63.1,5.0,0,Signature,Delta,0,1,56.16,457.31999999999994,2024,3,28,Late Night,No Discount,Hot
108708,2024-03-31 16:45:00,Dubai-Marina,Qishtouza Nutella,Large,156.73,8,0.0,Nutella,75408,71.0,Male,Silver,Wallet,ElMenus,61,7.6,105,41.0,54.6,1.0,0,Modern,UAE,1,16,175.54,1429.3799999999999,2024,3,31,Afternoon,No Discount,Hot
108466,2024-03-29 04:15:00,Alex-Stanly,Rice Pudding Oven,Large,70.49,11,0.0,Nuts,50769,39.0,Male,Bronze,Wallet,ElMenus,94,7.8,145,34.5,85.8,5.0,0,Traditional,Alexandria,1,4,108.55,883.9399999999999,2024,3,29,Late Night,No Discount,Hot
104168,2024-02-13 09:45:00,Giza-Zayed,Qishtouza Nutella,Large,150.55,6,0.0,Pistachio,84514,43.5,Female,Unknown,Cash,Mobile App,116,9.5,135,28.3,45.0,4.0,0,Modern,Greater Cairo,0,9,126.46,1029.76,2024,2,13,Morning,No Discount,Hot
103789,2024-02-09 11:00:00,Cairo-Zamalek,Qishtouza Nutella,Large,62.05,8,0.15,Nuts,71426,48.0,Male,Unknown,Instapay,Mobile App,67,9.7,107,41.0,36.7,5.0,0,Modern,Greater Cairo,1,11,69.5,565.9,2024,2,9,Morning,Medium Discount,Hot
100584,2024-01-07 01:45:00,Cairo-Zamalek,Super B.Laban,Medium,71.32,1,0.0,Pistachio,58215,36.0,Male,Unknown,Credit Card,In-store,83,7.6,108,27.6,69.9,5.0,0,Signature,Greater Cairo,1,1,9.98,81.3,2024,1,7,Late Night,No Discount,Hot
109912,2024-04-13 05:45:00,Dubai-Marina,Rice Pudding Nuts,Small,65.33,11,0.1,Nutella,67073,35.0,Female,Unknown,Cash,Mobile App,19,11.1,103,21.7,80.1,1.0,0,Traditional,UAE,1,5,100.61,819.24,2024,4,13,Morning,Medium Discount,Moderate
109987,2024-04-14 00:30:00,Mansoura-Mashaya,Sweet Koshary Mix,Medium,128.01,5,0.0,none,62090,37.0,Male,Gold,Instapay,Talabat,10,4.1,141,30.1,44.7,3.0,0,Signature,Delta,1,0,89.61,729.66,2024,4,14,Late Night,No Discount,Hot
100117,2024-01-02 05:00:00,Cairo-Nasr City,Sweet Koshary Mix,Small,86.34,2,0.05,Pistachio,59737,66.0,Male,Gold,Wallet,In-store,63,10.2,101,19.4,49.8,3.0,0,Signature,Greater Cairo,0,5,24.18,196.86,2024,1,2,Morning,Low Discount,Cold
106645,2024-03-10 05:00:00,Riyadh-Olaya,Ice Cream Mango,Medium,55.25,7,0.0,Lotus,89856,21.0,Female,Gold,Instapay,In-store,91,2.1,130,30.9,37.2,3.0,0,Ice Cream,KSA,1,5,54.14,440.89,2024,3,10,Morning,No Discount,Hot
109034,2024-04-04 02:15:00,Alex-Stanly,Sweet Koshary Mix,Medium,131.5,4,0.0,Pistachio,82858,70.0,Male,Silver,Cash,Mobile App,77,6.5,144,29.0,77.3,4.0,0,Signature,Alexandria,0,2,73.64,599.64,2024,4,4,Late Night,No Discount,Hot
109952,2024-04-13 15:45:00,Giza-Zayed,Qishtouza Nutella,Large,85.01,9,0.0,none,54695,12.0,Female,Unknown,Wallet,Mobile App,43,12.6,105,43.0,40.8,3.0,0,Modern,Greater Cairo,1,15,107.11,872.2,2024,4,13,Afternoon,No Discount,Hot
108960,2024-04-03 07:45:00,Dubai-Marina,Qishtouza Nutella,Large,52.33,6,0.0,Pistachio,83449,12.0,Female,Silver,Cash,ElMenus,47,7.4,121,20.8,55.3,3.0,0,Modern,UAE,0,7,43.96,357.94,2024,4,3,Morning,No Discount,Moderate
101764,2024-01-19 08:45:00,Dubai-Marina,Qishtouza Nutella,Medium,89.73,11,0.0,Nutella,51050,30.0,Male,Silver,Cash,In-store,31,2.0,114,29.5,27.1,2.0,0,Modern,UAE,1,8,138.18,1125.21,2024,1,19,Morning,No Discount,Hot
101876,2024-01-20 12:45:00,Riyadh-Olaya,Sweet Koshary Mix,Large,51.4,8,0.0,Pistachio,78513,43.5,Male,Silver,Wallet,In-store,27,2.4,129,35.3,27.6,1.0,0,Signature,KSA,1,12,57.57,468.77,2024,1,20,Afternoon,No Discount,Hot
103225,2024-02-03 14:00:00,Tanta-Saeed,Sweet Koshary Mix,Medium,71.33,6,0.0,Nuts,63495,73.0,Female,Bronze,Cash,ElMenus,74,1.8,144,37.1,28.6,1.0,0,Signature,Delta,1,14,59.92,487.90000000000003,2024,2,3,Afternoon,No Discount,Hot
100527,2024-01-06 11:30:00,Alex-Stanly,Rice Pudding Oven,Medium,176.76,4,0.15,none,83072,60.0,Female,Silver,Credit Card,Talabat,97,5.9,127,37.7,65.1,2.0,0,Traditional,Alexandria,1,11,98.99,806.03,2024,1,6,Morning,Medium Discount,Hot
107726,2024-03-21 11:15:00,Dubai-Marina,Super B.Laban,Large,49.56,5,0.0,Pistachio,57943,43.5,Male,Silver,Credit Card,In-store,44,0.7,143,31.1,80.2,3.0,0,Signature,UAE,0,11,34.69,282.49,2024,3,21,Morning,No Discount,Hot
102947,2024-01-31 16:30:00,Mansoura-Mashaya,Rice Pudding Nuts,Medium,128.74,1,0.0,none,65204,44.0,Male,Bronze,Cash,Mobile App,95,12.5,112,15.0,68.8,4.0,0,Traditional,Delta,0,16,18.02,146.76000000000002,2024,1,31,Afternoon,No Discount,Cold
104474,2024-02-16 14:15:00,Riyadh-Olaya,Super B.Laban,Large,64.52,10,0.1,Nutella,51634,59.0,Male,Unknown,Cash,In-store,98,13.5,117,19.6,43.4,2.0,0,Signature,KSA,1,14,90.33,735.53,2024,2,16,Afternoon,Medium Discount,Cold
105656,2024-02-28 21:45:00,Tanta-Saeed,Om Ali Cream,Medium,162.54,10,0.0,Lotus,68848,48.0,Male,Silver,Wallet,ElMenus,68,5.4,102,40.0,38.7,1.0,0,Traditional,Delta,0,21,227.56,1852.9599999999998,2024,2,28,Evening,No Discount,Hot
106060,2024-03-04 02:45:00,Dubai-Marina,Rice Pudding Nuts,Small,89.54,3,0.15,none,73744,64.0,Female,Unknown,Wallet,Mobile App,102,13.1,138,19.8,22.0,2.0,0,Traditional,UAE,0,2,37.61,306.23,2024,3,4,Late Night,Medium Discount,Cold
100960,2024-01-10 23:45:00,Dubai-Marina,Rice Pudding Nuts,Large,86.73,10,0.05,Pistachio,72407,34.0,Female,Unknown,Credit Card,Talabat,27,2.6,125,22.9,20.4,2.0,0,Traditional,UAE,0,23,121.42,988.72,2024,1,10,Late Night,Low Discount,Moderate
106343,2024-03-07 01:30:00,Cairo-Nasr City,Qishtouza Nutella,Large,166.42,5,0.0,none,68972,67.0,Male,Silver,Wallet,Mobile App,20,5.7,140,29.2,27.3,2.0,0,Modern,Greater Cairo,0,1,116.49,948.5899999999999,2024,3,7,Late Night,No Discount,Hot
103634,2024-02-07 20:15:00,Riyadh-Olaya,Om Ali Cream,Medium,116.28,11,0.0,Nutella,56210,69.0,Male,Silver,Cash,ElMenus,90,8.4,115,43.4,83.7,3.0,0,Traditional,KSA,0,20,179.07,1458.1499999999999,2024,2,7,Evening,No Discount,Hot
101051,2024-01-11 22:30:00,Cairo-Zamalek,Rice Pudding Oven,Small,115.31,11,0.0,Lotus,73140,37.0,Female,Silver,Credit Card,ElMenus,80,13.4,101,16.1,70.8,2.0,0,Traditional,Greater Cairo,0,22,177.58,1445.99,2024,1,11,Late Night,No Discount,Cold
103381,2024-02-05 05:00:00,Mansoura-Mashaya,Rice Pudding Nuts,Small,158.8,6,0.0,Lotus,71786,36.0,Male,Bronze,Instapay,ElMenus,24,11.5,111,37.5,81.3,4.0,0,Traditional,Delta,0,5,133.39,1086.19,2024,2,5,Morning,No Discount,Hot
103677,2024-02-08 07:00:00,Riyadh-Olaya,Sweet Koshary Mix,Medium,80.14,2,0.0,none,62248,30.0,Female,Silver,Credit Card,ElMenus,34,9.4,110,25.4,50.8,1.0,1,Signature,KSA,0,7,22.44,182.72,2024,2,8,Morning,No Discount,Hot
105777,2024-03-01 04:00:00,Riyadh-Olaya,Rice Pudding Oven,Large,156.03,4,0.05,Pistachio,76329,57.0,Male,Unknown,Cash,Mobile App,93,13.3,129,31.9,38.9,1.0,0,Traditional,KSA,1,4,87.38,711.5,2024,3,1,Late Night,Low Discount,Hot
109046,2024-04-04 05:15:00,Riyadh-Olaya,Ice Cream Mango,Small,68.95,5,0.0,none,59974,51.0,Female,Silver,Wallet,ElMenus,32,10.9,138,30.2,29.2,2.0,0,Ice Cream,KSA,0,5,48.27,393.02,2024,4,4,Morning,No Discount,Hot
106574,2024-03-09 11:15:00,Cairo-Nasr City,Sweet Koshary Mix,Large,74.92,4,0.0,Nuts,51834,51.0,Male,Gold,Credit Card,Talabat,96,8.9,114,17.4,39.2,3.0,0,Signature,Greater Cairo,1,11,41.96,341.64,2024,3,9,Morning,No Discount,Cold
105180,2024-02-23 22:45:00,Tanta-Saeed,Om Ali Cream,Small,141.32,4,0.0,none,77599,39.0,Male,Unknown,Wallet,ElMenus,47,12.1,127,19.4,86.3,3.0,0,Traditional,Delta,1,22,79.14,644.42,2024,2,23,Late Night,No Discount,Cold
101608,2024-01-17 17:45:00,Cairo-Nasr City,Qishtouza Nutella,Small,154.04,11,0.0,Pistachio,52408,59.0,Male,Gold,Credit Card,In-store,72,8.2,140,31.0,67.8,2.0,0,Modern,Greater Cairo,0,17,237.22,1931.6599999999999,2024,1,17,Evening,No Discount,Hot
103611,2024-02-07 14:30:00,Dubai-Marina,Rice Pudding Oven,Medium,42.79,4,0.0,Nuts,67299,17.0,Female,Silver,Credit Card,ElMenus,89,3.2,143,31.2,23.4,3.0,0,Traditional,UAE,0,14,23.96,195.12,2024,2,7,Afternoon,No Discount,Hot
109759,2024-04-11 15:30:00,Alex-Stanly,Qishtouza Nutella,Medium,77.01,7,0.15,none,76133,43.5,Male,Bronze,Cash,Talabat,94,8.1,117,27.2,53.9,2.0,0,Modern,Alexandria,0,15,75.47,614.5400000000001,2024,4,11,Afternoon,Medium Discount,Hot
106636,2024-03-10 02:45:00,Dubai-Marina,Qishtouza Nutella,Medium,173.29,4,0.0,none,56762,22.0,Male,Silver,Instapay,Mobile App,87,6.8,124,41.4,25.2,1.0,1,Modern,UAE,1,2,97.04,790.1999999999999,2024,3,10,Late Night,No Discount,Hot
109998,2024-04-14 03:15:00,Tanta-Saeed,Sweet Koshary Mix,Medium,42.72,10,0.0,none,72665,72.0,Male,Gold,Wallet,Talabat,99,5.1,124,39.4,87.5,4.0,0,Signature,Delta,1,3,59.81,487.01,2024,4,14,Late Night,No Discount,Hot
100792,2024-01-09 05:45:00,Riyadh-Olaya,Om Ali Cream,Medium,149.51,10,0.05,Nutella,87976,19.0,Male,Unknown,Cash,Mobile App,112,7.2,137,44.5,88.9,3.0,0,Traditional,KSA,0,5,209.31,1704.4099999999999,2024,1,9,Morning,Low Discount,Hot
103057,2024-02-01 20:00:00,Dubai-Marina,Super B.Laban,Medium,166.78,8,0.0,Lotus,81013,43.5,Female,Gold,Cash,Mobile App,22,9.0,140,17.5,57.7,4.0,0,Signature,UAE,0,20,186.79,1521.03,2024,2,1,Evening,No Discount,Cold
101981,2024-01-21 15:00:00,Mansoura-Mashaya,Sweet Koshary Mix,Small,66.75,3,0.0,none,66416,43.5,Male,Bronze,Instapay,Mobile App,113,14.1,126,25.3,80.0,4.0,0,Signature,Delta,1,15,28.04,228.29,2024,1,21,Afternoon,No Discount,Hot
103599,2024-02-07 11:30:00,Riyadh-Olaya,Qishtouza Lotus,Small,69.02,4,0.0,Pistachio,56822,66.0,Female,Gold,Cash,In-store,76,6.0,101,44.2,50.1,3.0,0,Modern,KSA,0,11,38.65,314.72999999999996,2024,2,7,Morning,No Discount,Hot
100934,2024-01-10 17:15:00,Cairo-Nasr City,Sweet Koshary Mix,Large,140.42,10,0.0,none,68327,38.0,Male,Gold,Credit Card,Mobile App,36,0.9,140,24.5,37.6,1.0,1,Signature,Greater Cairo,0,17,196.59,1600.7899999999997,2024,1,10,Evening,No Discount,Moderate
107425,2024-03-18 08:00:00,Cairo-Nasr City,Qishtouza Nutella,Medium,117.32,4,0.0,Nutella,71272,37.0,Male,Unknown,Credit Card,In-store,115,5.8,120,35.0,21.5,1.0,0,Modern,Greater Cairo,0,8,65.7,534.98,2024,3,18,Morning,No Discount,Hot
105627,2024-02-28 14:30:00,Alex-Stanly,Qishtouza Lotus,Medium,150.87,9,0.05,Lotus,88414,19.0,Male,Silver,Cash,ElMenus,60,11.1,101,16.1,69.9,5.0,0,Modern,Alexandria,0,14,190.1,1547.9299999999998,2024,2,28,Afternoon,Low Discount,Cold
101683,2024-01-18 12:30:00,Mansoura-Mashaya,Sweet Koshary Mix,Medium,132.52,9,0.0,Lotus,81157,66.0,Male,Gold,Cash,Talabat,85,13.5,122,15.0,28.4,1.0,0,Signature,Delta,0,12,166.98,1359.66,2024,1,18,Afternoon,No Discount,Cold
104180,2024-02-13 12:45:00,Alex-Stanly,Rice Pudding Nuts,Medium,112.64,6,0.0,Nutella,88408,71.0,Male,Gold,Cash,Mobile App,89,14.9,118,17.9,85.4,5.0,0,Traditional,Alexandria,0,12,94.62,770.46,2024,2,13,Afternoon,No Discount,Cold
106447,2024-03-08 03:30:00,Cairo-Nasr City,Rice Pudding Nuts,Large,129.33,3,0.0,none,57275,35.0,Male,Silver,Instapay,Mobile App,51,8.1,143,29.3,74.0,3.0,0,Traditional,Greater Cairo,1,3,54.32,442.31,2024,3,8,Late Night,No Discount,Hot
104117,2024-02-12 21:00:00,Mansoura-Mashaya,Qishtouza Lotus,Medium,69.52,7,0.0,Nutella,74099,16.0,Female,Unknown,Wallet,Mobile App,90,2.4,138,17.0,66.7,3.0,0,Modern,Delta,0,21,68.13,554.77,2024,2,12,Evening,No Discount,Cold
100989,2024-01-11 07:00:00,Cairo-Zamalek,Rice Pudding Nuts,Large,133.69,4,0.0,Nutella,81444,43.5,Female,Unknown,Cash,In-store,92,10.6,101,20.0,65.4,2.0,0,Traditional,Greater Cairo,0,7,74.87,609.63,2024,1,11,Morning,No Discount,Moderate
102897,2024-01-31 04:00:00,Cairo-Zamalek,Rice Pudding Oven,Medium,135.76,4,0.0,Nuts,69374,17.0,Female,Bronze,Credit Card,Mobile App,98,5.9,105,36.6,33.6,2.0,0,Traditional,Greater Cairo,0,4,76.03,619.0699999999999,2024,1,31,Late Night,No Discount,Hot
103779,2024-02-09 08:30:00,Cairo-Nasr City,Qishtouza Nutella,Large,103.82,2,0.0,Nuts,86177,65.0,Female,Unknown,Cash,Talabat,38,14.4,126,20.2,42.4,3.0,0,Modern,Greater Cairo,1,8,29.07,236.70999999999998,2024,2,9,Morning,No Discount,Moderate
105659,2024-02-28 22:30:00,Cairo-Nasr City,Qishtouza Lotus,Medium,53.06,4,0.0,none,58355,53.0,Female,Unknown,Instapay,Talabat,76,13.1,127,28.7,39.9,1.0,0,Modern,Greater Cairo,0,22,29.71,241.95000000000002,2024,2,28,Late Night,No Discount,Hot
103094,2024-02-02 05:15:00,Tanta-Saeed,Qishtouza Lotus,Small,166.18,4,0.0,Pistachio,85530,21.0,Female,Silver,Wallet,Talabat,96,8.0,123,43.3,86.3,5.0,0,Modern,Delta,1,5,93.06,757.78,2024,2,2,Morning,No Discount,Hot
103156,2024-02-02 20:45:00,Alex-Stanly,Sweet Koshary Mix,Small,159.21,1,0.1,Nuts,68443,74.0,Female,Silver,Cash,ElMenus,36,4.1,105,41.8,55.9,3.0,0,Signature,Alexandria,1,20,22.29,181.5,2024,2,2,Evening,Medium Discount,Hot
101824,2024-01-19 23:45:00,Giza-Zayed,Qishtouza Nutella,Large,48.91,10,0.0,Nuts,68026,57.0,Male,Unknown,Cash,Mobile App,44,12.1,143,37.9,69.3,3.0,0,Modern,Greater Cairo,1,23,68.47,557.5699999999999,2024,1,19,Late Night,No Discount,Hot
109623,2024-04-10 05:30:00,Mansoura-Mashaya,Super B.Laban,Medium,50.24,4,0.0,none,52943,52.0,Female,Gold,Cash,In-store,88,8.5,112,31.6,44.9,3.0,0,Signature,Delta,0,5,28.13,229.09,2024,4,10,Morning,No Discount,Hot
101099,2024-01-12 10:30:00,Tanta-Saeed,Qishtouza Nutella,Large,106.95,5,0.0,none,67133,31.0,Male,Gold,Wallet,In-store,69,3.2,133,37.8,38.9,3.0,0,Modern,Delta,1,10,74.87,609.62,2024,1,12,Morning,No Discount,Hot
102845,2024-01-30 15:00:00,Tanta-Saeed,Rice Pudding Nuts,Medium,164.26,8,0.0,Nutella,61457,37.0,Female,Silver,Credit Card,ElMenus,79,1.5,110,43.3,38.8,2.0,0,Traditional,Delta,0,15,183.97,1498.05,2024,1,30,Afternoon,No Discount,Hot
103343,2024-02-04 19:30:00,Riyadh-Olaya,Super B.Laban,Medium,166.08,2,0.0,none,72036,25.0,Female,Unknown,Cash,In-store,112,11.3,120,31.0,51.2,2.0,0,Signature,KSA,1,19,46.5,378.66,2024,2,4,Evening,No Discount,Hot
100039,2024-01-01 09:30:00,Cairo-Nasr City,Ice Cream Mango,Medium,165.26,11,0.0,Nutella,65982,74.0,Male,Silver,Instapay,Talabat,115,10.9,143,28.4,87.2,4.0,0,Ice Cream,Greater Cairo,0,9,254.5,2072.3599999999997,2024,1,1,Morning,No Discount,Hot
106541,2024-03-09 03:00:00,Giza-Zayed,Super B.Laban,Small,144.56,7,0.0,Nutella,80704,18.0,Female,Gold,Wallet,ElMenus,56,5.6,102,16.0,73.1,2.0,0,Signature,Greater Cairo,1,3,141.67,1153.5900000000001,2024,3,9,Late Night,No Discount,Cold
109474,2024-04-08 16:15:00,Mansoura-Mashaya,Rice Pudding Nuts,Medium,88.15,9,0.05,Nutella,53075,18.0,Female,Bronze,Wallet,Talabat,25,14.7,143,24.4,35.0,4.0,0,Traditional,Delta,0,16,111.07,904.4200000000001,2024,4,8,Afternoon,Low Discount,Moderate
103357,2024-02-04 23:00:00,Cairo-Zamalek,Qishtouza Nutella,Small,41.59,10,0.0,Nuts,88946,40.0,Female,Bronze,Cash,In-store,13,2.1,109,33.6,77.8,4.0,0,Modern,Greater Cairo,1,23,58.23,474.13000000000005,2024,2,4,Late Night,No Discount,Hot
107814,2024-03-22 09:15:00,Cairo-Nasr City,Sweet Koshary Mix,Medium,154.86,4,0.0,Nutella,57466,43.5,Male,Unknown,Credit Card,In-store,74,12.5,136,35.7,45.4,4.0,0,Signature,Greater Cairo,1,9,86.72,706.1600000000001,2024,3,22,Morning,No Discount,Hot
108221,2024-03-26 15:00:00,Mansoura-Mashaya,Rice Pudding Oven,Medium,123.71,2,0.0,none,89482,12.0,Male,Unknown,Cash,Talabat,87,11.9,112,34.8,81.6,3.0,0,Traditional,Delta,0,15,34.64,282.06,2024,3,26,Afternoon,No Discount,Hot
109228,2024-04-06 02:45:00,Alex-Stanly,Rice Pudding Nuts,Medium,144.87,2,0.0,Pistachio,60622,48.0,Male,Unknown,Instapay,ElMenus,34,3.0,120,35.2,57.4,1.0,0,Traditional,Alexandria,1,2,40.56,330.3,2024,4,6,Late Night,No Discount,Hot
102429,2024-01-26 07:00:00,Mansoura-Mashaya,Sweet Koshary Mix,Medium,109.95,4,0.0,none,89238,31.0,Male,Silver,Wallet,ElMenus,34,13.5,122,16.3,27.4,3.0,0,Signature,Delta,1,7,61.57,501.37,2024,1,26,Morning,No Discount,Cold
105044,2024-02-22 12:45:00,Riyadh-Olaya,Qishtouza Nutella,Medium,42.48,9,0.0,Nuts,69254,43.5,Male,Gold,Instapay,ElMenus,93,14.0,127,41.3,45.3,2.0,0,Modern,KSA,0,12,53.52,435.84,2024,2,22,Afternoon,No Discount,Hot
105347,2024-02-25 16:30:00,Tanta-Saeed,Rice Pudding Nuts,Medium,134.9,5,0.0,none,70804,43.5,Female,Gold,Cash,Talabat,41,3.1,119,30.4,23.6,2.0,0,Traditional,Delta,1,16,94.43,768.9300000000001,2024,2,25,Afternoon,No Discount,Hot
104812,2024-02-20 02:45:00,Riyadh-Olaya,Rice Pudding Nuts,Medium,122.81,4,0.15,none,65892,29.0,Male,Silver,Instapay,Talabat,109,12.8,114,25.7,29.2,5.0,0,Traditional,KSA,0,2,68.77,560.01,2024,2,20,Late Night,Medium Discount,Hot
108477,2024-03-29 07:00:00,Tanta-Saeed,Om Ali Cream,Medium,105.08,9,0.0,Nutella,81417,38.0,Male,Bronze,Instapay,Mobile App,66,4.5,122,30.7,85.3,5.0,0,Traditional,Delta,1,7,132.4,1078.1200000000001,2024,3,29,Morning,No Discount,Hot
100687,2024-01-08 03:30:00,Tanta-Saeed,Rice Pudding Oven,Medium,111.26,6,0.05,Lotus,86599,48.0,Female,Bronze,Wallet,In-store,117,3.9,132,33.4,36.7,2.0,0,Traditional,Delta,0,3,93.46,761.0200000000001,2024,1,8,Late Night,Low Discount,Hot
104800,2024-02-19 23:45:00,Alex-Stanly,Qishtouza Lotus,Large,160.93,3,0.0,Nutella,51989,28.0,Female,Unknown,Wallet,In-store,86,4.6,133,17.0,36.8,3.0,0,Modern,Alexandria,0,23,67.59,550.38,2024,2,19,Late Night,No Discount,Cold
107438,2024-03-18 11:15:00,Giza-Zayed,Ice Cream Mango,Medium,148.4,8,0.0,none,64220,56.0,Male,Unknown,Instapay,In-store,58,12.8,145,18.2,47.8,2.0,0,Ice Cream,Greater Cairo,0,11,166.21,1353.41,2024,3,18,Morning,No Discount,Cold
102354,2024-01-25 12:15:00,Riyadh-Olaya,Om Ali Cream,Medium,167.23,11,0.0,none,67232,52.0,Female,Gold,Credit Card,Mobile App,46,9.7,144,18.5,59.5,4.0,0,Traditional,KSA,0,12,257.53,2097.06,2024,1,25,Afternoon,No Discount,Cold
106354,2024-03-07 04:15:00,Cairo-Zamalek,Qishtouza Lotus,Large,128.44,9,0.0,Lotus,81693,12.0,Male,Silver,Instapay,Mobile App,62,2.1,131,42.0,29.1,1.0,0,Modern,Greater Cairo,0,4,161.83,1317.79,2024,3,7,Late Night,No Discount,Hot
104570,2024-02-17 14:15:00,Alex-Stanly,Qishtouza Lotus,Medium,71.25,1,0.0,none,77158,43.5,Male,Bronze,Credit Card,In-store,75,12.0,108,17.4,24.4,3.0,0,Modern,Alexandria,1,14,9.98,81.23,2024,2,17,Afternoon,No Discount,Cold
108214,2024-03-26 13:15:00,Cairo-Zamalek,Sweet Koshary Mix,Medium,83.45,11,0.0,Pistachio,66964,22.0,Male,Gold,Instapay,In-store,107,7.9,141,26.8,48.3,4.0,0,Signature,Greater Cairo,0,13,128.51,1046.46,2024,3,26,Afternoon,No Discount,Hot
102753,2024-01-29 16:00:00,Dubai-Marina,Sweet Koshary Mix,Small,158.97,6,0.0,Nuts,56076,47.0,Female,Gold,Credit Card,In-store,24,8.2,142,31.0,35.6,3.0,0,Signature,UAE,0,16,133.53,1087.35,2024,1,29,Afternoon,No Discount,Hot
108074,2024-03-25 02:15:00,Cairo-Zamalek,Super B.Laban,Large,109.87,1,0.0,Nutella,82347,39.0,Male,Silver,Wallet,Talabat,47,14.6,112,20.0,73.9,3.0,0,Signature,Greater Cairo,0,2,15.38,125.25,2024,3,25,Late Night,No Discount,Moderate
101041,2024-01-11 20:00:00,Mansoura-Mashaya,Sweet Koshary Mix,Medium,138.98,7,0.0,Nuts,78173,65.0,Female,Silver,Credit Card,Talabat,99,2.7,119,16.5,67.8,2.0,0,Signature,Delta,0,20,136.2,1109.06,2024,1,11,Evening,No Discount,Cold
107492,2024-03-19 00:45:00,Cairo-Nasr City,Qishtouza Lotus,Small,163.26,8,0.1,Nuts,81716,67.0,Male,Silver,Credit Card,Mobile App,48,13.0,127,40.1,83.8,2.0,0,Modern,Greater Cairo,0,0,182.85,1488.9299999999998,2024,3,19,Late Night,Medium Discount,Hot
101266,2024-01-14 04:15:00,Alex-Stanly,Om Ali Cream,Large,137.85,7,0.15,Pistachio,57599,47.0,Male,Unknown,Credit Card,ElMenus,22,2.5,142,21.9,58.5,3.0,0,Traditional,Alexandria,1,4,135.09,1100.04,2024,1,14,Late Night,Medium Discount,Moderate
109266,2024-04-06 12:15:00,Alex-Stanly,Qishtouza Nutella,Large,44.15,11,0.0,Nuts,67007,59.0,Female,Silver,Cash,Mobile App,37,12.5,116,22.1,62.7,5.0,0,Modern,Alexandria,1,12,67.99,553.64,2024,4,6,Afternoon,No Discount,Moderate
107060,2024-03-14 12:45:00,Giza-Zayed,Qishtouza Lotus,Small,96.91,7,0.1,Nuts,68168,65.0,Male,Unknown,Instapay,Mobile App,23,7.3,148,18.8,60.2,5.0,0,Modern,Greater Cairo,0,12,94.97,773.34,2024,3,14,Afternoon,Medium Discount,Cold
100278,2024-01-03 21:15:00,Tanta-Saeed,Rice Pudding Oven,Large,87.03,3,0.0,Nuts,59133,49.0,Female,Silver,Cash,Mobile App,31,10.6,131,39.1,30.0,3.0,0,Traditional,Delta,0,21,36.55,297.64000000000004,2024,1,3,Evening,No Discount,Hot
105085,2024-02-22 23:00:00,Giza-Zayed,Super B.Laban,Medium,118.88,8,0.1,Pistachio,69758,26.0,Male,Silver,Instapay,ElMenus,19,9.6,132,44.6,76.9,5.0,0,Signature,Greater Cairo,0,23,133.15,1084.19,2024,2,22,Late Night,Medium Discount,Hot
102383,2024-01-25 19:30:00,Cairo-Zamalek,Ice Cream Mango,Medium,64.52,11,0.1,none,89271,25.0,Female,Bronze,Cash,Talabat,103,3.4,143,25.7,37.4,2.0,0,Ice Cream,Greater Cairo,0,19,99.36,809.0799999999999,2024,1,25,Evening,Medium Discount,Hot
100572,2024-01-06 22:45:00,Alex-Stanly,Rice Pudding Nuts,Large,62.63,7,0.0,Nuts,61097,15.0,Female,Unknown,Instapay,In-store,32,2.8,109,29.1,25.1,2.0,0,Traditional,Alexandria,1,22,61.38,499.79,2024,1,6,Late Night,No Discount,Hot
101436,2024-01-15 22:45:00,Cairo-Zamalek,Super B.Laban,Medium,77.46,8,0.0,Lotus,84685,43.5,Male,Silver,Instapay,In-store,82,4.8,145,29.2,75.1,1.0,0,Signature,Greater Cairo,0,22,86.76,706.4399999999999,2024,1,15,Late Night,No Discount,Hot
105353,2024-02-25 18:00:00,Alex-Stanly,Rice Pudding Oven,Medium,134.44,11,0.05,none,50740,29.0,Female,Unknown,Instapay,In-store,12,10.6,133,29.9,31.3,4.0,0,Traditional,Alexandria,1,18,207.04,1685.8799999999999,2024,2,25,Evening,Low Discount,Hot
105446,2024-02-26 17:15:00,Riyadh-Olaya,Ice Cream Mango,Medium,72.62,5,0.0,none,71009,22.0,Female,Silver,Wallet,In-store,117,10.3,147,21.3,87.8,5.0,1,Ice Cream,KSA,0,17,50.83,413.93,2024,2,26,Evening,No Discount,Moderate
101008,2024-01-11 11:45:00,Mansoura-Mashaya,Sweet Koshary Mix,Large,50.47,1,0.1,Pistachio,53365,70.0,Male,Bronze,Wallet,In-store,46,10.4,138,43.2,38.8,5.0,0,Signature,Delta,0,11,7.07,57.54,2024,1,11,Morning,Medium Discount,Hot
104544,2024-02-17 07:45:00,Giza-Zayed,Ice Cream Mango,Medium,135.17,4,0.15,Lotus,80483,51.0,Female,Unknown,Wallet,Mobile App,56,7.8,111,15.0,37.5,5.0,0,Ice Cream,Greater Cairo,1,7,75.7,616.38,2024,2,17,Morning,Medium Discount,Cold
108817,2024-04-01 20:00:00,Mansoura-Mashaya,Sweet Koshary Mix,Medium,79.19,3,0.0,none,89077,20.0,Male,Gold,Credit Card,Mobile App,77,9.1,115,33.7,27.4,3.0,0,Signature,Delta,0,20,33.26,270.83,2024,4,1,Evening,No Discount,Hot
102065,2024-01-22 12:00:00,Alex-Stanly,Qishtouza Nutella,Large,140.55,1,0.0,Pistachio,75222,43.5,Male,Unknown,Cash,Talabat,69,14.1,113,18.9,64.6,3.0,0,Modern,Alexandria,0,12,19.68,160.23000000000002,2024,1,22,Afternoon,No Discount,Cold
101137,2024-01-12 20:00:00,Dubai-Marina,Sweet Koshary Mix,Medium,176.11,11,0.0,none,54609,45.0,Female,Unknown,Cash,In-store,52,4.6,125,23.8,87.1,1.0,0,Signature,UAE,1,20,271.21,2208.42,2024,1,12,Evening,No Discount,Moderate
105344,2024-02-25 15:45:00,Giza-Zayed,Rice Pudding Oven,Small,157.37,2,0.0,Nuts,50179,35.0,Female,Bronze,Cash,Mobile App,64,3.0,142,41.1,31.7,3.0,0,Traditional,Greater Cairo,1,15,44.06,358.8,2024,2,25,Afternoon,No Discount,Hot
100295,2024-01-04 01:30:00,Cairo-Zamalek,Qishtouza Nutella,Medium,85.63,4,0.0,Nuts,61970,36.0,Female,Gold,Instapay,Mobile App,107,12.5,103,18.7,37.5,5.0,0,Modern,Greater Cairo,0,1,47.95,390.46999999999997,2024,1,4,Late Night,No Discount,Cold
102404,2024-01-26 00:45:00,Mansoura-Mashaya,Sweet Koshary Mix,Medium,72.88,4,0.0,Nuts,78080,51.0,Female,Silver,Credit Card,ElMenus,71,12.0,140,28.0,26.6,2.0,1,Signature,Delta,1,0,40.81,332.33,2024,1,26,Late Night,No Discount,Hot
103999,2024-02-11 15:30:00,Tanta-Saeed,Rice Pudding Oven,Medium,72.38,10,0.0,Nuts,65867,44.0,Female,Unknown,Wallet,In-store,33,6.7,110,41.5,75.6,4.0,0,Traditional,Delta,1,15,101.33,825.13,2024,2,11,Afternoon,No Discount,Hot
103742,2024-02-08 23:15:00,Cairo-Zamalek,Qishtouza Lotus,Small,78.88,11,0.0,Nutella,82405,24.0,Female,Silver,Cash,ElMenus,57,7.6,121,30.4,79.7,1.0,1,Modern,Greater Cairo,0,23,121.48,989.16,2024,2,8,Late Night,No Discount,Hot
109223,2024-04-06 01:30:00,Cairo-Nasr City,Ice Cream Mango,Large,69.25,5,0.0,none,61247,44.0,Male,Silver,Instapay,Mobile App,78,14.2,111,35.7,61.9,2.0,0,Ice Cream,Greater Cairo,1,1,48.48,394.73,2024,4,6,Late Night,No Discount,Hot
102720,2024-01-29 07:45:00,Cairo-Zamalek,Rice Pudding Oven,Small,94.38,3,0.0,Pistachio,88273,18.0,Male,Gold,Instapay,ElMenus,14,2.3,135,43.9,54.4,3.0,0,Traditional,Greater Cairo,0,7,39.64,322.78,2024,1,29,Morning,No Discount,Hot
109200,2024-04-05 19:45:00,Tanta-Saeed,Om Ali Cream,Small,138.92,6,0.0,Nuts,65463,69.0,Female,Silver,Credit Card,Mobile App,49,11.3,106,40.4,83.2,3.0,0,Traditional,Delta,1,19,116.69,950.21,2024,4,5,Evening,No Discount,Hot
105151,2024-02-23 15:30:00,Cairo-Nasr City,Super B.Laban,Large,114.82,2,0.0,none,50231,66.0,Female,Unknown,Wallet,ElMenus,44,11.4,145,32.5,73.9,3.0,0,Signature,Greater Cairo,1,15,32.15,261.78999999999996,2024,2,23,Afternoon,No Discount,Hot
102809,2024-01-30 06:00:00,Mansoura-Mashaya,Qishtouza Lotus,Medium,82.73,4,0.0,Pistachio,60734,43.5,Female,Silver,Instapay,In-store,93,2.1,118,23.4,58.5,3.0,0,Modern,Delta,0,6,46.33,377.25,2024,1,30,Morning,No Discount,Moderate
100557,2024-01-06 19:00:00,Riyadh-Olaya,Qishtouza Nutella,Small,96.54,2,0.0,none,76627,43.5,Male,Unknown,Instapay,ElMenus,112,6.5,121,20.3,60.8,2.0,0,Modern,KSA,1,19,27.03,220.11,2024,1,6,Evening,No Discount,Moderate
108926,2024-04-02 23:15:00,Tanta-Saeed,Om Ali Cream,Medium,148.0,5,0.05,Nutella,57235,14.0,Male,Unknown,Instapay,ElMenus,23,1.9,133,16.1,30.8,2.0,0,Traditional,Delta,0,23,103.6,843.6,2024,4,2,Late Night,Low Discount,Cold
104796,2024-02-19 22:45:00,Cairo-Zamalek,Qishtouza Nutella,Large,98.27,11,0.0,none,55763,40.0,Male,Gold,Cash,ElMenus,47,4.9,121,28.0,69.1,5.0,0,Modern,Greater Cairo,0,22,151.34,1232.31,2024,2,19,Late Night,No Discount,Hot
102470,2024-01-26 17:15:00,Riyadh-Olaya,Qishtouza Nutella,Medium,130.74,3,0.0,Pistachio,83901,43.5,Female,Unknown,Credit Card,Talabat,79,14.7,124,21.9,24.9,4.0,0,Modern,KSA,1,17,54.91,447.13,2024,1,26,Evening,No Discount,Moderate
103739,2024-02-08 22:30:00,Dubai-Marina,Om Ali Cream,Small,97.07,4,0.0,Nuts,87211,67.0,Female,Bronze,Instapay,In-store,64,6.7,135,37.4,59.2,4.0,0,Traditional,UAE,0,22,54.36,442.64,2024,2,8,Late Night,No Discount,Hot
104287,2024-02-14 15:30:00,Giza-Zayed,Om Ali Cream,Small,86.73,1,0.0,Lotus,82983,21.0,Female,Gold,Wallet,Talabat,77,9.8,119,37.4,51.0,5.0,0,Traditional,Greater Cairo,0,15,12.14,98.87,2024,2,14,Afternoon,No Discount,Hot
102605,2024-01-28 03:00:00,Dubai-Marina,Rice Pudding Nuts,Large,121.4,8,0.0,Pistachio,77518,67.0,Female,Silver,Credit Card,ElMenus,101,3.6,143,37.9,47.5,1.0,0,Traditional,UAE,1,3,135.97,1107.17,2024,1,28,Late Night,No Discount,Hot
100363,2024-01-04 18:30:00,Cairo-Nasr City,Ice Cream Mango,Large,85.32,11,0.05,Nutella,87582,42.0,Female,Silver,Wallet,Mobile App,101,2.5,124,15.8,41.8,3.0,0,Ice Cream,Greater Cairo,0,18,131.39,1069.9099999999999,2024,1,4,Evening,Low Discount,Cold
106925,2024-03-13 03:00:00,Riyadh-Olaya,Qishtouza Lotus,Medium,111.13,1,0.1,Lotus,87718,44.0,Female,Unknown,Instapay,Talabat,23,12.1,120,33.2,67.9,1.0,0,Modern,KSA,0,3,15.56,126.69,2024,3,13,Late Night,Medium Discount,Hot
101705,2024-01-18 18:00:00,Alex-Stanly,Om Ali Cream,Small,148.46,1,0.0,Nuts,88494,49.0,Male,Silver,Wallet,ElMenus,80,0.6,146,24.4,79.4,2.0,0,Traditional,Alexandria,0,18,20.78,169.24,2024,1,18,Evening,No Discount,Moderate
102140,2024-01-23 06:45:00,Cairo-Zamalek,Ice Cream Mango,Large,168.72,10,0.05,Lotus,57630,38.0,Male,Unknown,Credit Card,In-store,33,14.6,105,38.7,84.6,1.0,0,Ice Cream,Greater Cairo,0,6,236.21,1923.41,2024,1,23,Morning,Low Discount,Hot
103240,2024-02-03 17:45:00,Dubai-Marina,Ice Cream Mango,Large,151.05,3,0.1,none,77989,61.0,Female,Silver,Instapay,In-store,60,2.5,144,34.2,44.9,1.0,0,Ice Cream,UAE,1,17,63.44,516.59,2024,2,3,Evening,Medium Discount,Hot
102384,2024-01-25 19:45:00,Tanta-Saeed,Super B.Laban,Medium,175.58,11,0.0,Nutella,50870,50.0,Male,Bronze,Wallet,Mobile App,70,13.6,126,16.2,20.8,2.0,0,Signature,Delta,0,19,270.39,2201.77,2024,1,25,Evening,No Discount,Cold
107315,2024-03-17 04:30:00,Riyadh-Olaya,Rice Pudding Oven,Medium,43.3,5,0.0,Lotus,74281,43.5,Female,Gold,Instapay,Talabat,14,3.3,126,16.5,59.3,4.0,0,Traditional,KSA,1,4,30.31,246.81,2024,3,17,Late Night,No Discount,Cold
104312,2024-02-14 21:45:00,Alex-Stanly,Rice Pudding Nuts,Medium,108.56,3,0.0,Nutella,76023,51.0,Female,Bronze,Wallet,In-store,52,7.8,132,31.8,53.5,5.0,0,Traditional,Alexandria,0,21,45.6,371.28000000000003,2024,2,14,Evening,No Discount,Hot
101313,2024-01-14 16:00:00,Cairo-Nasr City,Qishtouza Lotus,Medium,178.51,7,0.0,none,58668,53.0,Female,Unknown,Credit Card,Mobile App,28,11.4,145,36.8,67.2,1.0,0,Modern,Greater Cairo,1,16,174.94,1424.51,2024,1,14,Afternoon,No Discount,Hot
103931,2024-02-10 22:30:00,Riyadh-Olaya,Super B.Laban,Medium,52.13,9,0.0,Nutella,74547,50.0,Female,Bronze,Instapay,In-store,10,12.3,133,29.4,76.9,5.0,0,Signature,KSA,1,22,65.68,534.85,2024,2,10,Late Night,No Discount,Hot
106184,2024-03-05 09:45:00,Cairo-Zamalek,Om Ali Cream,Medium,47.95,10,0.0,Nutella,81709,36.0,Female,Gold,Wallet,ElMenus,107,2.1,113,43.9,82.8,3.0,0,Traditional,Greater Cairo,0,9,67.13,546.63,2024,3,5,Morning,No Discount,Hot
101592,2024-01-17 13:45:00,Alex-Stanly,Sweet Koshary Mix,Large,47.91,3,0.05,none,76025,18.0,Male,Gold,Cash,In-store,78,1.4,147,24.5,78.0,3.0,0,Signature,Alexandria,0,13,20.12,163.85,2024,1,17,Afternoon,Low Discount,Moderate
109388,2024-04-07 18:45:00,Cairo-Zamalek,Super B.Laban,Medium,140.18,8,0.0,Pistachio,60687,42.0,Male,Bronze,Credit Card,In-store,32,6.0,116,20.9,60.1,3.0,0,Signature,Greater Cairo,1,18,157.0,1278.44,2024,4,7,Evening,No Discount,Moderate
102163,2024-01-23 12:30:00,Alex-Stanly,Qishtouza Nutella,Medium,108.45,3,0.0,Pistachio,53402,72.0,Male,Unknown,Cash,In-store,78,14.9,109,42.3,57.2,3.0,0,Modern,Alexandria,0,12,45.55,370.90000000000003,2024,1,23,Afternoon,No Discount,Hot
102397,2024-01-25 23:00:00,Giza-Zayed,Qishtouza Lotus,Medium,164.65,3,0.1,Lotus,75518,41.0,Female,Silver,Wallet,ElMenus,20,3.8,144,29.0,88.6,5.0,0,Modern,Greater Cairo,0,23,69.15,563.1,2024,1,25,Late Night,Medium Discount,Hot
100318,2024-01-04 07:15:00,Cairo-Nasr City,Om Ali Cream,Medium,137.9,11,0.0,none,56278,31.0,Male,Silver,Credit Card,Talabat,62,10.5,133,41.7,78.7,3.0,0,Traditional,Greater Cairo,0,7,212.37,1729.27,2024,1,4,Morning,No Discount,Hot
105234,2024-02-24 12:15:00,Alex-Stanly,Om Ali Cream,Medium,99.52,10,0.0,Lotus,67998,36.0,Male,Unknown,Instapay,In-store,42,14.3,133,35.6,53.3,3.0,0,Traditional,Alexandria,1,12,139.33,1134.53,2024,2,24,Afternoon,No Discount,Hot
105069,2024-02-22 19:00:00,Cairo-Nasr City,Ice Cream Mango,Small,159.82,4,0.0,none,83472,38.0,Female,Silver,Credit Card,In-store,87,13.8,118,16.4,76.5,3.0,0,Ice Cream,Greater Cairo,0,19,89.5,728.78,2024,2,22,Evening,No Discount,Cold
104037,2024-02-12 01:00:00,Cairo-Zamalek,Rice Pudding Nuts,Medium,50.85,5,0.0,Lotus,50054,57.0,Male,Bronze,Instapay,Mobile App,32,13.9,119,34.2,49.0,4.0,0,Traditional,Greater Cairo,0,1,35.6,289.85,2024,2,12,Late Night,No Discount,Hot
103021,2024-02-01 11:00:00,Tanta-Saeed,Rice Pudding Oven,Medium,9999.99,10,0.1,Pistachio,69701,27.0,Female,Unknown,Instapay,ElMenus,26,12.4,105,22.6,62.8,2.0,0,Traditional,Delta,0,11,199.63,100199.53,2024,2,1,Morning,Medium Discount,Moderate
108229,2024-03-26 17:00:00,Cairo-Zamalek,Qishtouza Lotus,Large,62.24,3,0.0,Lotus,54964,23.0,Female,Unknown,Instapay,Mobile App,98,1.9,102,26.3,53.7,3.0,0,Modern,Greater Cairo,0,17,26.14,212.86,2024,3,26,Evening,No Discount,Hot
105296,2024-02-25 03:45:00,Riyadh-Olaya,Qishtouza Lotus,Large,76.04,3,0.0,Nuts,52963,64.0,Female,Unknown,Cash,Talabat,103,9.5,138,26.7,62.0,1.0,0,Modern,KSA,1,3,31.94,260.06,2024,2,25,Late Night,No Discount,Hot
103973,2024-02-11 09:00:00,Dubai-Marina,Rice Pudding Oven,Large,80.46,7,0.15,Pistachio,83528,36.0,Female,Bronze,Cash,ElMenus,111,4.1,112,32.6,41.8,1.0,0,Traditional,UAE,1,9,78.85,642.0699999999999,2024,2,11,Morning,Medium Discount,Hot
105371,2024-02-25 22:30:00,Tanta-Saeed,Rice Pudding Oven,Small,121.13,10,0.05,none,63530,16.0,Female,Unknown,Instapay,Talabat,53,11.2,113,22.8,51.9,4.0,0,Traditional,Delta,1,22,169.58,1380.8799999999999,2024,2,25,Late Night,Low Discount,Moderate
104134,2024-02-13 01:15:00,Riyadh-Olaya,Ice Cream Mango,Medium,142.54,5,0.1,Nutella,52368,23.0,Male,Silver,Cash,Mobile App,99,3.1,120,21.3,44.7,4.0,0,Ice Cream,KSA,0,1,99.78,812.4799999999999,2024,2,13,Late Night,Medium Discount,Moderate
100975,2024-01-11 03:30:00,Giza-Zayed,Sweet Koshary Mix,Large,81.16,4,0.0,Pistachio,75958,43.5,Female,Bronze,Instapay,In-store,67,5.4,116,18.7,88.3,5.0,0,Signature,Greater Cairo,0,3,45.45,370.09,2024,1,11,Late Night,No Discount,Cold
107292,2024-03-16 22:45:00,Dubai-Marina,Ice Cream Mango,Large,155.4,6,0.0,Nuts,85135,16.0,Female,Bronze,Instapay,In-store,34,8.6,122,29.9,65.8,3.0,0,Ice Cream,UAE,1,22,130.54,1062.94,2024,3,16,Late Night,No Discount,Hot
100955,2024-01-10 22:30:00,Alex-Stanly,Rice Pudding Nuts,Large,112.81,8,0.0,none,67780,16.0,Female,Unknown,Instapay,In-store,102,8.2,106,25.0,41.9,5.0,0,Traditional,Alexandria,0,22,126.35,1028.83,2024,1,10,Late Night,No Discount,Hot
109307,2024-04-06 22:30:00,Tanta-Saeed,Qishtouza Nutella,Medium,73.41,2,0.0,Lotus,75342,74.0,Female,Bronze,Instapay,Mobile App,110,3.7,131,31.0,28.8,3.0,0,Modern,Delta,1,22,20.55,167.37,2024,4,6,Late Night,No Discount,Hot
105017,2024-02-22 06:00:00,Cairo-Nasr City,Qishtouza Nutella,Medium,164.22,10,0.15,none,69921,43.5,Female,Unknown,Wallet,Mobile App,20,8.4,139,37.7,57.4,5.0,0,Modern,Greater Cairo,0,6,229.91,1872.1100000000001,2024,2,22,Morning,Medium Discount,Hot
109731,2024-04-11 08:30:00,Riyadh-Olaya,Qishtouza Lotus,Medium,179.22,2,0.0,Pistachio,82499,22.0,Male,Gold,Instapay,ElMenus,25,8.9,147,45.0,71.2,3.0,1,Modern,KSA,0,8,50.18,408.62,2024,4,11,Morning,No Discount,Hot
107491,2024-03-19 00:30:00,Giza-Zayed,Ice Cream Mango,Large,112.27,4,0.05,Nutella,54905,43.5,Male,Silver,Instapay,Talabat,103,0.7,132,44.0,46.3,1.0,1,Ice Cream,Greater Cairo,0,0,62.87,511.95,2024,3,19,Late Night,Low Discount,Hot
101641,2024-01-18 02:00:00,Giza-Zayed,Super B.Laban,Large,175.82,5,0.0,Nuts,56466,62.0,Female,Unknown,Instapay,Talabat,99,12.3,139,17.2,35.1,3.0,0,Signature,Greater Cairo,0,2,123.07,1002.1699999999998,2024,1,18,Late Night,No Discount,Cold
101291,2024-01-14 10:30:00,Cairo-Nasr City,Ice Cream Mango,Medium,173.95,11,0.15,Nutella,61227,29.0,Male,Silver,Credit Card,ElMenus,98,9.2,116,29.0,82.2,1.0,0,Ice Cream,Greater Cairo,1,10,267.88,2181.33,2024,1,14,Morning,Medium Discount,Hot
101381,2024-01-15 09:00:00,Tanta-Saeed,Super B.Laban,Medium,63.65,1,0.0,none,77773,60.0,Male,Unknown,Wallet,In-store,80,13.8,116,34.8,53.5,2.0,0,Signature,Delta,0,9,8.91,72.56,2024,1,15,Morning,No Discount,Hot
101934,2024-01-21 03:15:00,Alex-Stanly,Rice Pudding Nuts,Small,136.3,2,0.05,Nuts,83162,23.0,Female,Unknown,Cash,Mobile App,22,11.3,129,42.9,62.8,5.0,0,Traditional,Alexandria,1,3,38.16,310.76,2024,1,21,Late Night,Low Discount,Hot
104676,2024-02-18 16:45:00,Mansoura-Mashaya,Om Ali Cream,Small,99.85,1,0.0,Pistachio,71134,26.0,Male,Silver,Cash,In-store,14,8.3,148,23.1,28.6,2.0,0,Traditional,Delta,1,16,13.98,113.83,2024,2,18,Afternoon,No Discount,Moderate
100893,2024-01-10 07:00:00,Cairo-Nasr City,Ice Cream Mango,Large,64.63,1,0.0,Nuts,89403,54.0,Female,Bronze,Instapay,Talabat,63,13.1,107,31.0,78.9,4.0,0,Ice Cream,Greater Cairo,0,7,9.05,73.67999999999999,2024,1,10,Morning,No Discount,Hot
107288,2024-03-16 21:45:00,Giza-Zayed,Qishtouza Lotus,Medium,123.68,4,0.0,Lotus,58513,18.0,Male,Gold,Instapay,In-store,119,1.1,132,23.1,66.3,4.0,0,Modern,Greater Cairo,1,21,69.26,563.98,2024,3,16,Evening,No Discount,Moderate
104877,2024-02-20 19:00:00,Giza-Zayed,Qishtouza Lotus,Small,177.38,5,0.0,Pistachio,58258,62.0,Male,Silver,Credit Card,Talabat,35,10.6,104,42.9,66.3,3.0,0,Modern,Greater Cairo,0,19,124.17,1011.0699999999999,2024,2,20,Evening,No Discount,Hot
107907,2024-03-23 08:30:00,Dubai-Marina,Rice Pudding Oven,Medium,54.9,10,0.0,Nutella,59382,14.0,Female,Gold,Wallet,Mobile App,84,5.4,106,44.8,43.4,3.0,0,Traditional,UAE,1,8,76.86,625.86,2024,3,23,Morning,No Discount,Hot
108195,2024-03-26 08:30:00,Riyadh-Olaya,Rice Pudding Nuts,Medium,112.69,3,0.0,none,72532,57.0,Male,Silver,Wallet,ElMenus,82,1.7,132,31.9,47.2,3.0,0,Traditional,KSA,0,8,47.33,385.4,2024,3,26,Morning,No Discount,Hot
109380,2024-04-07 16:45:00,Cairo-Zamalek,Ice Cream Mango,Large,160.5,1,0.15,Nutella,73036,21.0,Male,Unknown,Wallet,Mobile App,52,8.0,129,21.9,48.9,4.0,0,Ice Cream,Greater Cairo,1,16,22.47,182.97,2024,4,7,Afternoon,Medium Discount,Moderate
102467,2024-01-26 16:30:00,Riyadh-Olaya,Rice Pudding Oven,Medium,147.62,9,0.0,Pistachio,50488,30.0,Male,Unknown,Instapay,Talabat,14,5.1,102,21.0,36.8,2.0,0,Traditional,KSA,1,16,186.0,1514.58,2024,1,26,Afternoon,No Discount,Moderate
107658,2024-03-20 18:15:00,Alex-Stanly,Ice Cream Mango,Large,67.29,11,0.0,Pistachio,79757,14.0,Female,Bronze,Wallet,Talabat,66,8.3,146,30.7,77.5,4.0,0,Ice Cream,Alexandria,0,18,103.63,843.82,2024,3,20,Evening,No Discount,Hot
101914,2024-01-20 22:15:00,Tanta-Saeed,Qishtouza Nutella,Large,47.67,3,0.0,none,75660,12.0,Female,Silver,Credit Card,ElMenus,44,8.6,107,42.0,89.1,2.0,0,Modern,Delta,1,22,20.02,163.03,2024,1,20,Late Night,No Discount,Hot
102737,2024-01-29 12:00:00,Dubai-Marina,Rice Pudding Oven,Medium,117.66,10,0.1,Nuts,63543,41.0,Female,Silver,Credit Card,In-store,54,0.6,114,38.6,59.9,4.0,0,Traditional,UAE,0,12,164.72,1341.32,2024,1,29,Afternoon,Medium Discount,Hot
100727,2024-01-08 13:30:00,Alex-Stanly,Super B.Laban,Medium,145.31,7,0.1,Nutella,51759,71.0,Female,Gold,Credit Card,Talabat,20,4.6,147,40.4,54.3,1.0,0,Signature,Alexandria,0,13,142.4,1159.5700000000002,2024,1,8,Afternoon,Medium Discount,Hot
107215,2024-03-16 03:30:00,Tanta-Saeed,Qishtouza Lotus,Medium,62.5,7,0.0,Nutella,65646,33.0,Female,Gold,Cash,ElMenus,36,13.1,144,34.7,66.4,2.0,0,Modern,Delta,1,3,61.25,498.75,2024,3,16,Late Night,No Discount,Hot
108246,2024-03-26 21:15:00,Mansoura-Mashaya,Rice Pudding Oven,Medium,177.98,10,0.0,none,74722,57.0,Male,Unknown,Instapay,In-store,24,2.0,121,19.3,44.6,1.0,0,Traditional,Delta,0,21,249.17,2028.97,2024,3,26,Evening,No Discount,Cold
101797,2024-01-19 17:00:00,Dubai-Marina,Super B.Laban,Medium,44.43,1,0.1,Nuts,58248,72.0,Male,Unknown,Credit Card,In-store,70,0.6,122,42.2,71.7,2.0,0,Signature,UAE,1,17,6.22,50.65,2024,1,19,Evening,Medium Discount,Hot
103846,2024-02-10 01:15:00,Tanta-Saeed,Om Ali Cream,Small,81.82,4,0.15,Lotus,68722,41.0,Male,Gold,Cash,In-store,52,7.5,102,24.6,34.8,3.0,0,Traditional,Delta,1,1,45.82,373.09999999999997,2024,2,10,Late Night,Medium Discount,Moderate
106403,2024-03-07 16:30:00,Alex-Stanly,Rice Pudding Nuts,Medium,109.76,10,0.1,Nutella,74682,43.5,Female,Unknown,Instapay,In-store,24,14.3,143,36.4,50.5,2.0,0,Traditional,Alexandria,0,16,153.66,1251.2600000000002,2024,3,7,Afternoon,Medium Discount,Hot
100937,2024-01-10 18:00:00,Tanta-Saeed,Super B.Laban,Large,90.33,11,0.05,Lotus,68098,61.0,Male,Bronze,Wallet,In-store,66,3.4,135,42.8,36.9,1.0,0,Signature,Delta,0,18,139.11,1132.74,2024,1,10,Evening,Low Discount,Hot
102266,2024-01-24 14:15:00,Mansoura-Mashaya,Rice Pudding Nuts,Medium,117.02,4,0.0,none,62030,14.0,Female,Silver,Instapay,Talabat,93,11.2,119,41.3,44.7,1.0,0,Traditional,Delta,0,14,65.53,533.61,2024,1,24,Afternoon,No Discount,Hot
100825,2024-01-09 14:00:00,Riyadh-Olaya,Om Ali Cream,Medium,126.65,10,0.0,Nuts,59389,46.0,Female,Bronze,Cash,Mobile App,51,6.9,117,27.4,28.5,4.0,0,Traditional,KSA,0,14,177.31,1443.81,2024,1,9,Afternoon,No Discount,Hot
107275,2024-03-16 18:30:00,Mansoura-Mashaya,Qishtouza Nutella,Medium,82.86,7,0.0,Nutella,70482,51.0,Male,Silver,Cash,ElMenus,48,3.2,133,38.9,68.2,5.0,0,Modern,Delta,1,18,81.2,661.22,2024,3,16,Evening,No Discount,Hot
101390,2024-01-15 11:15:00,Cairo-Nasr City,Qishtouza Nutella,Medium,9999.99,9,0.0,none,89467,42.0,Female,Silver,Cash,Talabat,61,10.8,149,16.4,37.5,2.0,1,Modern,Greater Cairo,0,11,88.7,90088.61,2024,1,15,Morning,No Discount,Cold
103565,2024-02-07 03:00:00,Mansoura-Mashaya,Qishtouza Lotus,Medium,87.97,4,0.1,Pistachio,58646,62.0,Male,Silver,Instapay,Talabat,19,11.5,124,34.8,45.7,1.0,0,Modern,Delta,0,3,49.26,401.14,2024,2,7,Late Night,Medium Discount,Hot
105430,2024-02-26 13:15:00,Riyadh-Olaya,Rice Pudding Oven,Medium,126.91,1,0.0,none,76104,54.0,Female,Silver,Wallet,Mobile App,34,5.1,121,19.1,74.2,3.0,0,Traditional,KSA,0,13,17.77,144.68,2024,2,26,Afternoon,No Discount,Cold
107828,2024-03-22 12:45:00,Riyadh-Olaya,Ice Cream Mango,Small,81.7,5,0.1,Lotus,86257,43.0,Female,Bronze,Cash,In-store,33,12.1,121,33.2,69.8,1.0,0,Ice Cream,KSA,1,12,57.19,465.69,2024,3,22,Afternoon,Medium Discount,Hot
105691,2024-02-29 06:30:00,Tanta-Saeed,Ice Cream Mango,Small,159.79,2,0.0,Nutella,54923,30.0,Male,Silver,Cash,Talabat,116,11.7,129,42.9,75.3,5.0,0,Ice Cream,Delta,0,6,44.74,364.32,2024,2,29,Morning,No Discount,Hot
107879,2024-03-23 01:30:00,Riyadh-Olaya,Qishtouza Nutella,Medium,63.4,2,0.0,Nuts,55498,14.0,Female,Gold,Instapay,Talabat,37,14.8,117,38.7,72.4,4.0,0,Modern,KSA,1,1,17.75,144.55,2024,3,23,Late Night,No Discount,Hot
101869,2024-01-20 11:00:00,Mansoura-Mashaya,Rice Pudding Nuts,Medium,105.87,7,0.0,Lotus,80852,16.0,Male,Bronze,Cash,Talabat,92,12.9,132,18.8,52.5,3.0,0,Traditional,Delta,1,11,103.75,844.84,2024,1,20,Morning,No Discount,Cold
108203,2024-03-26 10:30:00,Cairo-Nasr City,Om Ali Cream,Large,41.53,11,0.1,none,65847,53.0,Male,Bronze,Wallet,Talabat,14,10.3,101,34.2,39.1,5.0,0,Traditional,Greater Cairo,0,10,63.96,520.7900000000001,2024,3,26,Morning,Medium Discount,Hot
107487,2024-03-18 23:30:00,Riyadh-Olaya,Qishtouza Nutella,Medium,121.3,11,0.0,none,52352,35.0,Female,Unknown,Instapay,Mobile App,102,3.1,141,35.6,22.8,2.0,0,Modern,KSA,0,23,186.8,1521.1,2024,3,18,Late Night,No Discount,Hot
100807,2024-01-09 09:30:00,Riyadh-Olaya,Sweet Koshary Mix,Medium,167.1,6,0.1,Nuts,59704,24.0,Female,Gold,Cash,Talabat,42,3.9,113,20.4,21.4,4.0,0,Signature,KSA,0,9,140.36,1142.96,2024,1,9,Morning,Medium Discount,Moderate
104806,2024-02-20 01:15:00,Alex-Stanly,Super B.Laban,Medium,149.09,10,0.0,none,89056,42.0,Female,Gold,Wallet,Mobile App,105,5.3,137,44.1,80.1,3.0,0,Signature,Alexandria,0,1,208.73,1699.63,2024,2,20,Late Night,No Discount,Hot
109153,2024-04-05 08:00:00,Riyadh-Olaya,Qishtouza Nutella,Small,98.62,3,0.0,Lotus,51341,74.0,Female,Unknown,Credit Card,ElMenus,30,5.3,114,36.2,65.5,3.0,0,Modern,KSA,1,8,41.42,337.28000000000003,2024,4,5,Morning,No Discount,Hot
107512,2024-03-19 05:45:00,Cairo-Zamalek,Rice Pudding Nuts,Medium,89.37,9,0.0,Nutella,70617,73.0,Female,Silver,Credit Card,Talabat,82,11.2,118,24.6,51.7,2.0,0,Traditional,Greater Cairo,0,5,112.61,916.94,2024,3,19,Morning,No Discount,Moderate
108057,2024-03-24 22:00:00,Tanta-Saeed,Rice Pudding Oven,Large,124.42,8,0.0,Nutella,57111,39.0,Male,Bronze,Instapay,In-store,31,3.2,111,19.7,66.6,1.0,0,Traditional,Delta,1,22,139.35,1134.71,2024,3,24,Late Night,No Discount,Cold
104495,2024-02-16 19:30:00,Giza-Zayed,Rice Pudding Oven,Large,66.26,3,0.05,none,72502,51.0,Female,Silver,Credit Card,Mobile App,90,11.8,110,16.1,36.7,3.0,0,Traditional,Greater Cairo,1,19,27.83,226.61,2024,2,16,Evening,Low Discount,Cold
102633,2024-01-28 10:00:00,Cairo-Nasr City,Sweet Koshary Mix,Small,177.97,9,0.0,Nutella,84933,39.0,Female,Unknown,Credit Card,Mobile App,62,14.3,115,33.0,71.3,3.0,0,Signature,Greater Cairo,1,10,224.24,1825.97,2024,1,28,Morning,No Discount,Hot
108901,2024-04-02 17:00:00,Giza-Zayed,Om Ali Cream,Medium,40.44,9,0.0,Nuts,66226,17.0,Female,Silver,Cash,In-store,28,5.5,127,24.6,27.2,2.0,0,Traditional,Greater Cairo,0,17,50.95,414.90999999999997,2024,4,2,Evening,No Discount,Moderate
108624,2024-03-30 19:45:00,Mansoura-Mashaya,Ice Cream Mango,Medium,99.29,1,0.0,Nuts,66942,71.0,Female,Silver,Instapay,In-store,50,9.6,149,15.7,83.4,4.0,0,Ice Cream,Delta,1,19,13.9,113.19000000000001,2024,3,30,Evening,No Discount,Cold
107833,2024-03-22 14:00:00,Cairo-Nasr City,Qishtouza Lotus,Small,104.33,1,0.0,none,67464,71.0,Female,Unknown,Cash,In-store,15,6.2,140,35.1,87.0,2.0,0,Modern,Greater Cairo,1,14,14.61,118.94,2024,3,22,Afternoon,No Discount,Hot
104389,2024-02-15 17:00:00,Alex-Stanly,Rice Pudding Oven,Medium,177.52,4,0.0,Nuts,86310,37.0,Male,Gold,Cash,Talabat,51,6.2,117,28.7,61.0,5.0,0,Traditional,Alexandria,0,17,99.41,809.49,2024,2,15,Evening,No Discount,Hot
100146,2024-01-02 12:15:00,Dubai-Marina,Rice Pudding Nuts,Large,124.16,3,0.1,Pistachio,59134,70.0,Male,Unknown,Credit Card,ElMenus,44,14.7,116,21.4,51.4,3.0,0,Traditional,UAE,0,12,52.15,424.63,2024,1,2,Afternoon,Medium Discount,Moderate
106468,2024-03-08 08:45:00,Dubai-Marina,Ice Cream Mango,Small,179.88,1,0.0,Lotus,62689,66.0,Female,Bronze,Instapay,Talabat,30,11.4,148,39.8,56.6,3.0,0,Ice Cream,UAE,1,8,25.18,205.06,2024,3,8,Morning,No Discount,Hot
102034,2024-01-22 04:15:00,Cairo-Zamalek,Ice Cream Mango,Medium,178.01,7,0.0,Nuts,72462,40.0,Female,Silver,Instapay,Talabat,36,9.4,137,38.3,29.9,3.0,0,Ice Cream,Greater Cairo,0,4,174.45,1420.52,2024,1,22,Late Night,No Discount,Hot
109128,2024-04-05 01:45:00,Dubai-Marina,Super B.Laban,Medium,70.53,11,0.0,Lotus,76812,74.0,Female,Gold,Cash,In-store,49,6.7,144,35.5,26.3,3.0,0,Signature,UAE,1,1,108.62,884.45,2024,4,5,Late Night,No Discount,Hot
101166,2024-01-13 03:15:00,Cairo-Zamalek,Super B.Laban,Medium,85.45,1,0.05,Lotus,61857,58.0,Female,Unknown,Wallet,Talabat,77,13.5,130,24.0,65.6,3.0,0,Signature,Greater Cairo,1,3,11.96,97.41,2024,1,13,Late Night,Low Discount,Moderate
102051,2024-01-22 08:30:00,Cairo-Zamalek,Ice Cream Mango,Medium,152.21,10,0.05,Nuts,63956,58.0,Female,Bronze,Instapay,ElMenus,113,12.0,141,22.0,27.4,5.0,0,Ice Cream,Greater Cairo,0,8,213.09,1735.19,2024,1,22,Morning,Low Discount,Moderate
103761,2024-02-09 04:00:00,Mansoura-Mashaya,Qishtouza Lotus,Small,73.04,10,0.0,none,89141,24.0,Female,Gold,Credit Card,Mobile App,67,5.7,105,26.4,49.1,4.0,0,Modern,Delta,1,4,102.26,832.6600000000001,2024,2,9,Late Night,No Discount,Hot
104436,2024-02-16 04:45:00,Alex-Stanly,Qishtouza Lotus,Medium,53.47,6,0.05,none,54233,30.0,Female,Unknown,Credit Card,Mobile App,106,1.4,119,42.3,67.7,3.0,0,Modern,Alexandria,1,4,44.91,365.73,2024,2,16,Late Night,Low Discount,Hot
103431,2024-02-05 17:30:00,Alex-Stanly,Qishtouza Lotus,Small,166.03,10,0.0,none,70296,71.0,Female,Bronze,Instapay,Mobile App,117,10.8,125,21.1,68.3,2.0,0,Modern,Alexandria,0,17,232.44,1892.74,2024,2,5,Evening,No Discount,Moderate
108191,2024-03-26 07:30:00,Giza-Zayed,Qishtouza Lotus,Medium,53.47,8,0.0,none,61769,13.0,Female,Bronze,Credit Card,ElMenus,77,13.0,142,23.4,30.1,4.0,0,Modern,Greater Cairo,0,7,59.89,487.65,2024,3,26,Morning,No Discount,Moderate
108754,2024-04-01 04:15:00,Riyadh-Olaya,Rice Pudding Nuts,Small,96.83,1,0.1,none,73304,51.0,Female,Unknown,Credit Card,Talabat,77,13.5,139,16.0,60.6,3.0,0,Traditional,KSA,0,4,13.56,110.39,2024,4,1,Late Night,Medium Discount,Cold
107070,2024-03-14 15:15:00,Riyadh-Olaya,Qishtouza Nutella,Large,118.48,6,0.1,Nutella,50368,74.0,Female,Silver,Credit Card,Talabat,66,4.6,109,18.4,28.6,1.0,0,Modern,KSA,0,15,99.52,810.4,2024,3,14,Afternoon,Medium Discount,Cold
104362,2024-02-15 10:15:00,Dubai-Marina,Om Ali Cream,Large,142.1,6,0.15,Pistachio,71758,69.0,Female,Unknown,Instapay,Talabat,29,5.1,147,22.0,29.2,4.0,1,Traditional,UAE,0,10,119.36,971.9599999999999,2024,2,15,Morning,Medium Discount,Moderate
101772,2024-01-19 10:45:00,Alex-Stanly,Qishtouza Lotus,Small,177.98,8,0.05,Lotus,82405,45.0,Male,Gold,Credit Card,Mobile App,44,9.4,133,22.8,31.1,1.0,0,Modern,Alexandria,1,10,199.34,1623.1799999999998,2024,1,19,Morning,Low Discount,Moderate
103512,2024-02-06 13:45:00,Mansoura-Mashaya,Rice Pudding Nuts,Large,91.68,6,0.0,Pistachio,70509,43.5,Female,Silver,Instapay,Talabat,24,14.9,137,26.3,71.0,5.0,0,Traditional,Delta,0,13,77.01,627.09,2024,2,6,Afternoon,No Discount,Hot
100272,2024-01-03 19:45:00,Riyadh-Olaya,Sweet Koshary Mix,Medium,155.17,7,0.0,Nutella,87235,50.0,Female,Silver,Credit Card,In-store,36,5.1,138,33.0,27.1,4.0,0,Signature,KSA,0,19,152.07,1238.2599999999998,2024,1,3,Evening,No Discount,Hot
108437,2024-03-28 21:00:00,Riyadh-Olaya,Ice Cream Mango,Medium,54.46,7,0.05,none,82051,23.0,Female,Gold,Instapay,Mobile App,55,8.3,129,26.8,49.3,1.0,0,Ice Cream,KSA,0,21,53.37,434.59000000000003,2024,3,28,Evening,Low Discount,Hot
102033,2024-01-22 04:00:00,Dubai-Marina,Ice Cream Mango,Large,135.38,5,0.05,Nutella,77215,40.0,Female,Gold,Credit Card,Talabat,11,6.5,124,40.6,50.8,3.0,0,Ice Cream,UAE,0,4,94.77,771.67,2024,1,22,Late Night,Low Discount,Hot
109665,2024-04-10 16:00:00,Giza-Zayed,Qishtouza Lotus,Medium,79.8,11,0.1,Lotus,58420,43.5,Male,Bronze,Instapay,Talabat,95,12.0,140,44.0,55.6,5.0,0,Modern,Greater Cairo,0,16,122.89,1000.6899999999999,2024,4,10,Afternoon,Medium Discount,Hot
103811,2024-02-09 16:30:00,Tanta-Saeed,Rice Pudding Oven,Large,94.64,5,0.15,Lotus,76999,67.0,Female,Gold,Wallet,In-store,42,1.2,108,30.0,23.5,3.0,0,Traditional,Delta,1,16,66.25,539.45,2024,2,9,Afternoon,Medium Discount,Hot
104347,2024-02-15 06:30:00,Cairo-Nasr City,Rice Pudding Nuts,Small,172.81,9,0.0,Pistachio,86631,22.0,Female,Unknown,Credit Card,Mobile App,99,12.1,113,23.5,76.4,3.0,0,Traditional,Greater Cairo,0,6,217.74,1773.03,2024,2,15,Morning,No Discount,Moderate
100546,2024-01-06 16:15:00,Riyadh-Olaya,Om Ali Cream,Medium,148.69,11,0.0,Lotus,78577,38.0,Female,Bronze,Cash,Talabat,93,4.3,122,19.5,61.2,1.0,0,Traditional,KSA,1,16,228.98,1864.57,2024,1,6,Afternoon,No Discount,Cold
103242,2024-02-03 18:15:00,Giza-Zayed,Super B.Laban,Small,97.47,6,0.0,Nuts,66993,66.0,Female,Bronze,Instapay,ElMenus,104,11.8,107,40.9,47.2,3.0,0,Signature,Greater Cairo,1,18,81.87,666.6899999999999,2024,2,3,Evening,No Discount,Hot
108503,2024-03-29 13:30:00,Tanta-Saeed,Om Ali Cream,Large,55.87,2,0.0,none,86538,42.0,Male,Silver,Wallet,Talabat,40,13.4,102,32.1,68.3,5.0,0,Traditional,Delta,1,13,15.64,127.38,2024,3,29,Afternoon,No Discount,Hot
109919,2024-04-13 07:30:00,Cairo-Nasr City,Om Ali Cream,Large,119.96,3,0.1,Lotus,82751,57.0,Female,Gold,Wallet,In-store,49,6.2,119,16.7,81.0,5.0,0,Traditional,Greater Cairo,1,7,50.38,410.26,2024,4,13,Morning,Medium Discount,Cold
107565,2024-03-19 19:00:00,Cairo-Nasr City,Qishtouza Nutella,Large,93.36,4,0.15,Nutella,82373,72.0,Male,Silver,Wallet,In-store,111,10.4,115,27.2,23.1,4.0,0,Modern,Greater Cairo,0,19,52.28,425.72,2024,3,19,Evening,Medium Discount,Hot
100921,2024-01-10 14:00:00,Mansoura-Mashaya,Rice Pudding Nuts,Large,171.91,7,0.05,Nuts,68761,17.0,Female,Silver,Credit Card,Mobile App,89,8.3,110,34.9,65.2,4.0,0,Traditional,Delta,0,14,168.47,1371.84,2024,1,10,Afternoon,Low Discount,Hot
109119,2024-04-04 23:30:00,Cairo-Zamalek,Sweet Koshary Mix,Medium,57.39,7,0.0,Lotus,58456,43.5,Male,Bronze,Cash,In-store,67,11.8,141,15.5,46.4,5.0,0,Signature,Greater Cairo,0,23,56.24,457.97,2024,4,4,Late Night,No Discount,Cold
106641,2024-03-10 04:00:00,Dubai-Marina,Rice Pudding Oven,Medium,109.89,6,0.0,Lotus,65154,74.0,Male,Gold,Wallet,Talabat,115,11.0,112,23.5,54.9,3.0,0,Traditional,UAE,1,4,92.31,751.6500000000001,2024,3,10,Late Night,No Discount,Moderate
107695,2024-03-21 03:30:00,Cairo-Nasr City,Qishtouza Nutella,Small,83.47,7,0.15,none,76854,28.0,Male,Bronze,Cash,Talabat,59,6.1,136,33.1,86.4,1.0,0,Modern,Greater Cairo,0,3,81.8,666.0899999999999,2024,3,21,Late Night,Medium Discount,Hot
108231,2024-03-26 17:30:00,Tanta-Saeed,Ice Cream Mango,Small,69.36,10,0.0,Nuts,59191,49.0,Male,Silver,Credit Card,ElMenus,115,3.6,134,27.3,41.3,3.0,0,Ice Cream,Delta,0,17,97.1,790.7,2024,3,26,Evening,No Discount,Hot
107127,2024-03-15 05:30:00,Riyadh-Olaya,Ice Cream Mango,Small,119.16,1,0.0,Pistachio,81181,65.0,Male,Unknown,Cash,Mobile App,23,14.6,142,39.6,50.1,2.0,0,Ice Cream,KSA,1,5,16.68,135.84,2024,3,15,Morning,No Discount,Hot
104279,2024-02-14 13:30:00,Mansoura-Mashaya,Sweet Koshary Mix,Large,75.27,6,0.05,Pistachio,76215,56.0,Female,Unknown,Wallet,In-store,24,5.0,127,29.4,56.0,1.0,0,Signature,Delta,0,13,63.23,514.85,2024,2,14,Afternoon,Low Discount,Hot
102984,2024-02-01 01:45:00,Alex-Stanly,Rice Pudding Oven,Large,53.78,2,0.0,Pistachio,81819,31.0,Female,Unknown,Credit Card,Mobile App,107,14.2,105,41.4,23.4,2.0,0,Traditional,Alexandria,0,1,15.06,122.62,2024,2,1,Late Night,No Discount,Hot
100131,2024-01-02 08:30:00,Giza-Zayed,Super B.Laban,Large,83.44,4,0.0,none,52017,25.0,Male,Gold,Credit Card,In-store,80,1.9,129,19.6,66.7,5.0,0,Signature,Greater Cairo,0,8,46.73,380.49,2024,1,2,Morning,No Discount,Cold
107981,2024-03-24 03:00:00,Tanta-Saeed,Qishtouza Lotus,Medium,127.87,11,0.0,Pistachio,81480,43.5,Male,Unknown,Credit Card,Mobile App,73,2.0,129,31.3,87.1,4.0,0,Modern,Delta,1,3,196.92,1603.4900000000002,2024,3,24,Late Night,No Discount,Hot
102668,2024-01-28 18:45:00,Riyadh-Olaya,Sweet Koshary Mix,Large,163.39,6,0.0,Nuts,86277,34.0,Female,Unknown,Instapay,ElMenus,47,4.7,130,17.9,64.9,2.0,0,Signature,KSA,1,18,137.25,1117.59,2024,1,28,Evening,No Discount,Cold
107139,2024-03-15 08:30:00,Dubai-Marina,Qishtouza Lotus,Large,105.42,7,0.0,Nuts,56944,43.5,Male,Silver,Wallet,ElMenus,44,14.0,127,34.6,45.0,1.0,0,Modern,UAE,1,8,103.31,841.25,2024,3,15,Morning,No Discount,Hot
103224,2024-02-03 13:45:00,Alex-Stanly,Qishtouza Lotus,Large,70.85,7,0.0,Nuts,88435,38.0,Female,Silver,Wallet,Talabat,47,9.5,118,43.6,52.8,4.0,0,Modern,Alexandria,1,13,69.43,565.3799999999999,2024,2,3,Afternoon,No Discount,Hot
107694,2024-03-21 03:15:00,Giza-Zayed,Qishtouza Nutella,Medium,85.15,5,0.0,none,88070,53.0,Female,Bronze,Credit Card,ElMenus,82,2.7,104,30.3,33.6,1.0,0,Modern,Greater Cairo,0,3,59.6,485.35,2024,3,21,Late Night,No Discount,Hot
105393,2024-02-26 04:00:00,Tanta-Saeed,Rice Pudding Nuts,Medium,101.15,3,0.0,Nuts,73102,27.0,Female,Unknown,Cash,Mobile App,57,4.0,112,42.6,30.9,3.0,0,Traditional,Delta,0,4,42.48,345.93000000000006,2024,2,26,Late Night,No Discount,Hot
100615,2024-01-07 09:30:00,Tanta-Saeed,Qishtouza Nutella,Medium,95.74,5,0.0,none,73267,49.0,Female,Unknown,Credit Card,Mobile App,56,6.2,141,22.4,71.0,5.0,0,Modern,Delta,1,9,67.02,545.72,2024,1,7,Morning,No Discount,Moderate
109903,2024-04-13 03:30:00,Cairo-Nasr City,Qishtouza Nutella,Small,148.72,5,0.05,Nutella,63352,58.0,Male,Gold,Wallet,In-store,29,12.0,107,36.8,73.8,1.0,0,Modern,Greater Cairo,1,3,104.1,847.7,2024,4,13,Late Night,Low Discount,Hot
101467,2024-01-16 06:30:00,Cairo-Zamalek,Super B.Laban,Small,42.55,11,0.0,Lotus,60084,43.5,Female,Unknown,Credit Card,Mobile App,10,5.3,105,31.2,64.8,4.0,0,Signature,Greater Cairo,0,6,65.53,533.5799999999999,2024,1,16,Morning,No Discount,Hot
104498,2024-02-16 20:15:00,Giza-Zayed,Qishtouza Lotus,Medium,175.68,9,0.0,Nuts,86263,37.0,Male,Gold,Cash,ElMenus,95,11.7,141,21.7,66.4,1.0,0,Modern,Greater Cairo,1,20,221.36,1802.48,2024,2,16,Evening,No Discount,Moderate
103043,2024-02-01 16:30:00,Mansoura-Mashaya,Rice Pudding Nuts,Large,138.65,6,0.0,Nutella,65130,73.0,Female,Bronze,Credit Card,ElMenus,91,14.4,146,18.0,75.3,1.0,0,Traditional,Delta,0,16,116.47,948.3700000000001,2024,2,1,Afternoon,No Discount,Cold
102420,2024-01-26 04:45:00,Giza-Zayed,Ice Cream Mango,Medium,112.14,6,0.0,Lotus,72712,43.5,Male,Silver,Wallet,Talabat,81,4.3,141,18.4,22.6,3.0,0,Ice Cream,Greater Cairo,1,4,94.2,767.0400000000001,2024,1,26,Late Night,No Discount,Cold
105086,2024-02-22 23:15:00,Alex-Stanly,Om Ali Cream,Small,145.81,11,0.0,Nutella,81845,43.5,Female,Silver,Credit Card,Mobile App,106,13.0,128,36.7,64.7,1.0,0,Traditional,Alexandria,0,23,224.55,1828.46,2024,2,22,Late Night,No Discount,Hot
103295,2024-02-04 07:30:00,Riyadh-Olaya,Qishtouza Nutella,Medium,168.9,2,0.15,none,54521,63.0,Male,Silver,Credit Card,In-store,53,12.9,116,30.4,43.0,4.0,0,Modern,KSA,1,7,47.29,385.09000000000003,2024,2,4,Morning,Medium Discount,Hot
106738,2024-03-11 04:15:00,Mansoura-Mashaya,Rice Pudding Oven,Medium,126.58,4,0.0,Lotus,76074,42.0,Female,Silver,Cash,Talabat,55,4.2,141,29.2,59.3,3.0,0,Traditional,Delta,0,4,70.88,577.2,2024,3,11,Late Night,No Discount,Hot
101501,2024-01-16 15:00:00,Alex-Stanly,Rice Pudding Oven,Medium,83.77,11,0.0,Nuts,86617,42.0,Female,Unknown,Wallet,In-store,89,1.9,142,20.8,88.1,3.0,0,Traditional,Alexandria,0,15,129.01,1050.48,2024,1,16,Afternoon,No Discount,Moderate
101522,2024-01-16 20:15:00,Cairo-Nasr City,Qishtouza Nutella,Small,176.78,10,0.05,Pistachio,69545,51.0,Female,Unknown,Cash,In-store,40,1.0,101,22.9,85.2,5.0,0,Modern,Greater Cairo,0,20,247.49,2015.29,2024,1,16,Evening,Low Discount,Moderate
109118,2024-04-04 23:15:00,Giza-Zayed,Qishtouza Nutella,Small,76.22,4,0.0,Nutella,77293,43.5,Female,Bronze,Credit Card,Mobile App,86,1.4,115,40.3,74.6,5.0,0,Modern,Greater Cairo,0,23,42.68,347.56,2024,4,4,Late Night,No Discount,Hot
104233,2024-02-14 02:00:00,Giza-Zayed,Om Ali Cream,Medium,63.46,8,0.05,Nutella,52475,38.0,Male,Bronze,Credit Card,ElMenus,88,8.5,112,28.9,65.3,5.0,0,Traditional,Greater Cairo,0,2,71.08,578.76,2024,2,14,Late Night,Low Discount,Hot
107687,2024-03-21 01:30:00,Giza-Zayed,Qishtouza Lotus,Small,138.86,8,0.0,Nuts,62044,47.0,Male,Gold,Instapay,In-store,105,13.2,145,30.0,70.8,5.0,0,Modern,Greater Cairo,0,1,155.52,1266.4,2024,3,21,Late Night,No Discount,Hot
104431,2024-02-16 03:30:00,Alex-Stanly,Om Ali Cream,Large,126.11,8,0.1,Nuts,63510,18.0,Female,Unknown,Instapay,Mobile App,24,6.1,134,18.3,46.6,1.0,0,Traditional,Alexandria,1,3,141.24,1150.12,2024,2,16,Late Night,Medium Discount,Cold
100391,2024-01-05 01:30:00,Alex-Stanly,Qishtouza Lotus,Large,87.97,4,0.15,Pistachio,55485,40.0,Male,Unknown,Credit Card,Talabat,53,10.7,139,18.2,33.5,3.0,0,Modern,Alexandria,1,1,49.26,401.14,2024,1,5,Late Night,Medium Discount,Cold
109859,2024-04-12 16:30:00,Giza-Zayed,Rice Pudding Oven,Large,138.48,4,0.0,Lotus,54579,72.0,Male,Silver,Credit Card,Talabat,75,9.2,108,21.1,87.6,5.0,0,Traditional,Greater Cairo,1,16,77.55,631.4699999999999,2024,4,12,Afternoon,No Discount,Moderate
107125,2024-03-15 05:00:00,Cairo-Zamalek,Sweet Koshary Mix,Medium,72.6,10,0.0,none,86331,61.0,Male,Unknown,Instapay,In-store,53,11.3,101,20.3,34.7,4.0,0,Signature,Greater Cairo,1,5,101.64,827.64,2024,3,15,Morning,No Discount,Moderate
105914,2024-03-02 14:15:00,Mansoura-Mashaya,Rice Pudding Oven,Small,127.74,1,0.15,Pistachio,69549,61.0,Female,Silver,Credit Card,Mobile App,30,7.0,116,16.7,82.5,3.0,0,Traditional,Delta,1,14,17.88,145.62,2024,3,2,Afternoon,Medium Discount,Cold
108593,2024-03-30 12:00:00,Riyadh-Olaya,Sweet Koshary Mix,Medium,86.2,5,0.0,Nuts,86949,19.0,Male,Silver,Instapay,In-store,48,1.8,110,36.9,48.4,5.0,1,Signature,KSA,1,12,60.34,491.34000000000003,2024,3,30,Afternoon,No Discount,Hot
104807,2024-02-20 01:30:00,Cairo-Nasr City,Super B.Laban,Medium,116.0,2,0.0,Lotus,60761,68.0,Female,Gold,Wallet,Mobile App,115,3.4,121,34.3,86.3,1.0,0,Signature,Greater Cairo,0,1,32.48,264.48,2024,2,20,Late Night,No Discount,Hot
108955,2024-04-03 06:30:00,Tanta-Saeed,Rice Pudding Nuts,Medium,121.83,3,0.05,Lotus,78117,15.0,Female,Bronze,Credit Card,Mobile App,30,15.0,117,18.1,25.5,4.0,0,Traditional,Delta,0,6,51.17,416.66,2024,4,3,Morning,Low Discount,Cold
108239,2024-03-26 19:30:00,Giza-Zayed,Om Ali Cream,Small,148.23,7,0.0,Nuts,51489,43.0,Male,Silver,Instapay,ElMenus,54,6.0,123,23.1,35.4,2.0,0,Traditional,Greater Cairo,0,19,145.27,1182.8799999999999,2024,3,26,Evening,No Discount,Moderate
108045,2024-03-24 19:00:00,Dubai-Marina,Rice Pudding Oven,Large,134.53,11,0.0,Lotus,67356,30.0,Female,Silver,Instapay,Mobile App,38,10.7,129,27.2,34.7,3.0,0,Traditional,UAE,1,19,207.18,1687.01,2024,3,24,Evening,No Discount,Hot
109783,2024-04-11 21:30:00,Cairo-Zamalek,Super B.Laban,Medium,57.4,11,0.0,Nuts,60375,43.5,Female,Unknown,Credit Card,Talabat,115,3.5,129,40.3,62.6,4.0,0,Signature,Greater Cairo,0,21,88.4,719.8,2024,4,11,Evening,No Discount,Hot
103994,2024-02-11 14:15:00,Mansoura-Mashaya,Qishtouza Nutella,Medium,174.76,6,0.0,Lotus,72291,22.0,Male,Bronze,Instapay,ElMenus,94,4.1,111,28.3,68.1,5.0,0,Modern,Delta,1,14,146.8,1195.36,2024,2,11,Afternoon,No Discount,Hot
109552,2024-04-09 11:45:00,Alex-Stanly,Qishtouza Nutella,Small,123.73,2,0.05,Nuts,58796,43.5,Female,Bronze,Cash,ElMenus,106,3.4,142,22.5,24.7,2.0,0,Modern,Alexandria,0,11,34.64,282.1,2024,4,9,Morning,Low Discount,Moderate
106610,2024-03-09 20:15:00,Alex-Stanly,Qishtouza Lotus,Medium,127.3,7,0.0,Nuts,82592,62.0,Female,Unknown,Credit Card,Talabat,57,4.8,135,30.8,80.3,3.0,1,Modern,Alexandria,1,20,124.75,1015.85,2024,3,9,Evening,No Discount,Hot
105320,2024-02-25 09:45:00,Tanta-Saeed,Super B.Laban,Medium,111.88,3,0.0,none,52295,60.0,Female,Silver,Instapay,Mobile App,72,3.5,103,23.2,62.4,4.0,0,Signature,Delta,1,9,46.99,382.63,2024,2,25,Morning,No Discount,Moderate
107120,2024-03-15 03:45:00,Dubai-Marina,Qishtouza Lotus,Medium,156.32,5,0.05,Lotus,64056,61.0,Female,Gold,Credit Card,Talabat,77,6.7,146,39.2,76.8,3.0,0,Modern,UAE,1,3,109.42,891.0199999999999,2024,3,15,Late Night,Low Discount,Hot
102422,2024-01-26 05:15:00,Alex-Stanly,Super B.Laban,Medium,171.55,2,0.15,Lotus,80265,71.0,Male,Unknown,Wallet,ElMenus,111,10.1,137,36.4,43.1,2.0,0,Signature,Alexandria,1,5,48.03,391.13,2024,1,26,Morning,Medium Discount,Hot
105605,2024-02-28 09:00:00,Cairo-Zamalek,Qishtouza Lotus,Medium,141.81,7,0.0,Nutella,83468,53.0,Male,Silver,Credit Card,Talabat,58,1.4,146,28.0,70.2,4.0,0,Modern,Greater Cairo,0,9,138.97,1131.64,2024,2,28,Morning,No Discount,Hot
101751,2024-01-19 05:30:00,Giza-Zayed,Super B.Laban,Medium,46.77,8,0.0,Pistachio,80539,37.0,Male,Unknown,Instapay,Mobile App,24,4.2,115,26.6,26.1,5.0,0,Signature,Greater Cairo,1,5,52.38,426.54,2024,1,19,Morning,No Discount,Hot
109016,2024-04-03 21:45:00,Alex-Stanly,Qishtouza Lotus,Medium,66.68,3,0.1,Lotus,58516,58.0,Male,Unknown,Credit Card,Mobile App,29,7.1,120,30.2,69.0,4.0,0,Modern,Alexandria,0,21,28.01,228.05,2024,4,3,Evening,Medium Discount,Hot
109719,2024-04-11 05:30:00,Alex-Stanly,Super B.Laban,Large,124.16,11,0.15,Lotus,75659,47.0,Male,Unknown,Wallet,Talabat,41,2.8,115,32.9,59.8,4.0,0,Signature,Alexandria,0,5,191.21,1556.97,2024,4,11,Morning,Medium Discount,Hot
100339,2024-01-04 12:30:00,Giza-Zayed,Sweet Koshary Mix,Medium,117.16,7,0.0,Pistachio,52947,61.0,Male,Unknown,Wallet,ElMenus,111,8.8,103,32.9,50.2,2.0,0,Signature,Greater Cairo,0,12,114.82,934.94,2024,1,4,Afternoon,No Discount,Hot
108408,2024-03-28 13:45:00,Cairo-Zamalek,Super B.Laban,Large,45.87,5,0.0,none,70250,39.0,Male,Bronze,Credit Card,In-store,93,1.1,109,19.0,57.5,1.0,0,Signature,Greater Cairo,0,13,32.11,261.46,2024,3,28,Afternoon,No Discount,Cold
101342,2024-01-14 23:15:00,Riyadh-Olaya,Ice Cream Mango,Small,128.55,8,0.0,Nutella,79447,69.0,Female,Unknown,Wallet,ElMenus,91,1.7,108,33.7,45.4,5.0,0,Ice Cream,KSA,1,23,143.98,1172.38,2024,1,14,Late Night,No Discount,Hot
109545,2024-04-09 10:00:00,Alex-Stanly,Qishtouza Lotus,Large,80.24,11,0.0,Lotus,68416,12.0,Female,Unknown,Cash,In-store,112,5.9,102,29.9,60.1,1.0,0,Modern,Alexandria,0,10,123.57,1006.21,2024,4,9,Morning,No Discount,Hot
107983,2024-03-24 03:30:00,Riyadh-Olaya,Rice Pudding Nuts,Large,150.86,8,0.0,none,69501,73.0,Male,Bronze,Instapay,In-store,76,10.0,105,25.2,25.0,5.0,0,Traditional,KSA,1,3,168.96,1375.8400000000001,2024,3,24,Late Night,No Discount,Hot
103641,2024-02-07 22:00:00,Cairo-Zamalek,Rice Pudding Oven,Medium,59.84,5,0.0,Pistachio,55878,43.5,Male,Bronze,Wallet,ElMenus,28,12.5,139,22.6,78.3,4.0,0,Traditional,Greater Cairo,0,22,41.89,341.09000000000003,2024,2,7,Late Night,No Discount,Moderate
100330,2024-01-04 10:15:00,Riyadh-Olaya,Qishtouza Lotus,Large,125.27,1,0.0,Nuts,82295,52.0,Male,Silver,Instapay,In-store,47,13.9,128,40.4,81.4,2.0,0,Modern,KSA,0,10,17.54,142.81,2024,1,4,Morning,No Discount,Hot
108829,2024-04-01 23:00:00,Alex-Stanly,Sweet Koshary Mix,Large,54.23,5,0.15,Nutella,61989,43.5,Male,Bronze,Cash,In-store,43,4.0,111,17.5,22.8,2.0,0,Signature,Alexandria,0,23,37.96,309.10999999999996,2024,4,1,Late Night,Medium Discount,Cold
103005,2024-02-01 07:00:00,Mansoura-Mashaya,Qishtouza Nutella,Small,142.9,4,0.1,none,56007,62.0,Female,Unknown,Instapay,Mobile App,73,6.3,142,31.7,23.2,5.0,0,Modern,Delta,0,7,80.02,651.62,2024,2,1,Morning,Medium Discount,Hot
106961,2024-03-13 12:00:00,Mansoura-Mashaya,Super B.Laban,Medium,175.86,1,0.0,Nuts,57459,17.0,Female,Silver,Instapay,In-store,32,12.1,139,35.7,22.8,2.0,0,Signature,Delta,0,12,24.62,200.48000000000002,2024,3,13,Afternoon,No Discount,Hot
104091,2024-02-12 14:30:00,Cairo-Zamalek,Qishtouza Lotus,Large,68.0,7,0.0,Nutella,64759,31.0,Male,Gold,Cash,Mobile App,96,3.7,124,42.7,24.0,4.0,0,Modern,Greater Cairo,0,14,66.64,542.64,2024,2,12,Afternoon,No Discount,Hot
102323,2024-01-25 04:30:00,Cairo-Zamalek,Om Ali Cream,Small,67.34,2,0.0,none,73599,43.5,Male,Silver,Instapay,In-store,43,11.4,122,44.4,50.2,5.0,0,Traditional,Greater Cairo,0,4,18.86,153.54000000000002,2024,1,25,Late Night,No Discount,Hot
106668,2024-03-10 10:45:00,Dubai-Marina,Qishtouza Nutella,Large,130.34,4,0.0,Nuts,77408,64.0,Female,Gold,Credit Card,ElMenus,63,11.1,137,41.8,39.9,3.0,0,Modern,UAE,1,10,72.99,594.35,2024,3,10,Morning,No Discount,Hot
107010,2024-03-14 00:15:00,Cairo-Nasr City,Rice Pudding Nuts,Large,135.65,6,0.0,Lotus,75782,39.0,Female,Gold,Credit Card,In-store,67,3.8,140,29.5,67.5,1.0,1,Traditional,Greater Cairo,0,0,113.95,927.8500000000001,2024,3,14,Late Night,No Discount,Hot
104198,2024-02-13 17:15:00,Cairo-Nasr City,Rice Pudding Oven,Large,114.38,1,0.1,none,81463,38.0,Male,Gold,Credit Card,Mobile App,100,10.2,123,43.3,27.3,4.0,0,Traditional,Greater Cairo,0,17,16.01,130.39,2024,2,13,Evening,Medium Discount,Hot
103550,2024-02-06 23:15:00,Riyadh-Olaya,Rice Pudding Nuts,Small,102.98,1,0.0,Pistachio,83082,12.0,Male,Gold,Wallet,Talabat,31,13.6,120,40.4,57.4,2.0,0,Traditional,KSA,0,23,14.42,117.4,2024,2,6,Late Night,No Discount,Hot
108364,2024-03-28 02:45:00,Giza-Zayed,Qishtouza Lotus,Small,72.28,8,0.0,none,89821,27.0,Male,Bronze,Wallet,ElMenus,116,2.1,108,27.5,58.8,4.0,1,Modern,Greater Cairo,0,2,80.95,659.19,2024,3,28,Late Night,No Discount,Hot
104204,2024-02-13 18:45:00,Cairo-Zamalek,Super B.Laban,Large,143.17,7,0.0,Nutella,70075,41.0,Male,Unknown,Cash,In-store,62,5.9,122,29.2,50.6,3.0,0,Signature,Greater Cairo,0,18,140.31,1142.5,2024,2,13,Evening,No Discount,Hot
109311,2024-04-06 23:30:00,Cairo-Nasr City,Qishtouza Nutella,Large,111.1,8,0.0,Nutella,88995,45.0,Female,Unknown,Instapay,In-store,80,6.2,142,24.8,81.2,4.0,0,Modern,Greater Cairo,1,23,124.43,1013.23,2024,4,6,Late Night,No Discount,Moderate
108937,2024-04-03 02:00:00,Dubai-Marina,Sweet Koshary Mix,Large,107.86,10,0.05,Nutella,73106,28.0,Male,Unknown,Wallet,ElMenus,14,12.1,130,30.1,59.6,4.0,0,Signature,UAE,0,2,151.0,1229.6,2024,4,3,Late Night,Low Discount,Hot
106186,2024-03-05 10:15:00,Cairo-Nasr City,Sweet Koshary Mix,Medium,78.17,10,0.0,Pistachio,65546,48.0,Male,Gold,Instapay,ElMenus,24,10.8,136,32.7,77.0,5.0,0,Signature,Greater Cairo,0,10,109.44,891.1400000000001,2024,3,5,Morning,No Discount,Hot
101640,2024-01-18 01:45:00,Cairo-Zamalek,Sweet Koshary Mix,Medium,73.58,5,0.0,Nuts,77832,53.0,Female,Unknown,Cash,Mobile App,40,0.9,137,37.1,22.0,4.0,0,Signature,Greater Cairo,0,1,51.51,419.40999999999997,2024,1,18,Late Night,No Discount,Hot
100061,2024-01-01 15:00:00,Alex-Stanly,Super B.Laban,Medium,101.32,1,0.0,Nuts,66348,27.0,Female,Silver,Credit Card,In-store,107,9.8,132,18.1,23.0,1.0,0,Signature,Alexandria,0,15,14.18,115.5,2024,1,1,Afternoon,No Discount,Cold
101241,2024-01-13 22:00:00,Mansoura-Mashaya,Sweet Koshary Mix,Medium,156.93,7,0.0,Lotus,78955,29.0,Female,Unknown,Instapay,In-store,46,14.0,120,36.2,89.7,2.0,0,Signature,Delta,1,22,153.79,1252.3,2024,1,13,Late Night,No Discount,Hot
105761,2024-03-01 00:00:00,Alex-Stanly,Super B.Laban,Small,154.31,8,0.0,Lotus,54000,17.0,Female,Silver,Credit Card,In-store,71,13.0,119,31.7,67.6,4.0,0,Signature,Alexandria,1,0,172.83,1407.31,2024,3,1,Late Night,No Discount,Hot
105137,2024-02-23 12:00:00,Riyadh-Olaya,Super B.Laban,Small,105.03,7,0.0,Lotus,88235,23.0,Female,Gold,Credit Card,In-store,75,6.7,107,33.0,38.6,3.0,0,Signature,KSA,1,12,102.93,838.1400000000001,2024,2,23,Afternoon,No Discount,Hot
102344,2024-01-25 09:45:00,Cairo-Nasr City,Qishtouza Lotus,Medium,131.86,7,0.1,Lotus,52558,38.0,Female,Unknown,Instapay,Mobile App,100,9.2,112,20.2,76.1,1.0,0,Modern,Greater Cairo,0,9,129.22,1052.24,2024,1,25,Morning,Medium Discount,Moderate
102121,2024-01-23 02:00:00,Riyadh-Olaya,Qishtouza Nutella,Medium,157.2,10,0.0,Nuts,54017,47.0,Female,Gold,Instapay,ElMenus,66,5.2,104,28.2,71.5,3.0,0,Modern,KSA,0,2,220.08,1792.08,2024,1,23,Late Night,No Discount,Hot
101525,2024-01-16 21:00:00,Mansoura-Mashaya,Qishtouza Nutella,Medium,120.78,11,0.0,Lotus,74864,70.0,Male,Bronze,Wallet,Talabat,85,8.4,108,19.1,55.4,1.0,0,Modern,Delta,0,21,186.0,1514.58,2024,1,16,Evening,No Discount,Cold
107618,2024-03-20 08:15:00,Dubai-Marina,Qishtouza Nutella,Medium,90.24,1,0.0,Nutella,75561,15.0,Female,Silver,Wallet,In-store,83,4.2,102,35.6,29.5,1.0,0,Modern,UAE,0,8,12.63,102.86999999999999,2024,3,20,Morning,No Discount,Hot
100154,2024-01-02 14:15:00,Alex-Stanly,Qishtouza Lotus,Small,128.62,6,0.0,Nutella,65441,15.0,Male,Unknown,Wallet,Talabat,101,9.9,114,24.9,46.0,2.0,0,Modern,Alexandria,0,14,108.04,879.76,2024,1,2,Afternoon,No Discount,Moderate
100482,2024-01-06 00:15:00,Tanta-Saeed,Ice Cream Mango,Medium,52.3,9,0.0,Nuts,53142,48.0,Female,Gold,Credit Card,Mobile App,20,5.9,142,24.9,50.2,2.0,0,Ice Cream,Delta,1,0,65.9,536.6,2024,1,6,Late Night,No Discount,Moderate
106123,2024-03-04 18:30:00,Tanta-Saeed,Om Ali Cream,Medium,118.03,8,0.0,Pistachio,76534,41.0,Female,Unknown,Instapay,Mobile App,84,3.3,121,31.9,21.2,3.0,0,Traditional,Delta,0,18,132.19,1076.43,2024,3,4,Evening,No Discount,Hot
107675,2024-03-20 22:30:00,Tanta-Saeed,Sweet Koshary Mix,Medium,168.3,5,0.0,Pistachio,86198,43.5,Female,Unknown,Instapay,Talabat,109,3.1,118,31.4,88.0,3.0,0,Signature,Delta,0,22,117.81,959.31,2024,3,20,Late Night,No Discount,Hot
107102,2024-03-14 23:15:00,Tanta-Saeed,Sweet Koshary Mix,Large,78.5,2,0.0,Nuts,84371,46.0,Male,Silver,Cash,Talabat,90,0.8,130,41.2,84.1,2.0,0,Signature,Delta,0,23,21.98,178.98,2024,3,14,Late Night,No Discount,Hot
101763,2024-01-19 08:30:00,Alex-Stanly,Super B.Laban,Medium,113.67,2,0.15,Pistachio,81211,40.0,Male,Bronze,Wallet,ElMenus,92,1.3,113,27.8,25.6,3.0,0,Signature,Alexandria,1,8,31.83,259.17,2024,1,19,Morning,Medium Discount,Hot
107716,2024-03-21 08:45:00,Alex-Stanly,Rice Pudding Oven,Medium,59.43,11,0.15,none,54073,21.0,Female,Unknown,Wallet,Talabat,56,9.7,117,32.1,49.6,3.0,0,Traditional,Alexandria,0,8,91.52,745.25,2024,3,21,Morning,Medium Discount,Hot
109082,2024-04-04 14:15:00,Cairo-Zamalek,Om Ali Cream,Large,115.98,5,0.0,Lotus,88924,43.5,Male,Gold,Wallet,In-store,90,4.5,114,26.7,46.6,4.0,0,Traditional,Greater Cairo,0,14,81.19,661.0899999999999,2024,4,4,Afternoon,No Discount,Hot
107480,2024-03-18 21:45:00,Alex-Stanly,Rice Pudding Oven,Small,153.49,11,0.15,none,54839,74.0,Male,Gold,Wallet,In-store,18,14.9,148,27.0,54.0,2.0,0,Traditional,Alexandria,0,21,236.37,1924.7600000000002,2024,3,18,Evening,Medium Discount,Hot
106213,2024-03-05 17:00:00,Cairo-Nasr City,Rice Pudding Nuts,Medium,85.25,3,0.0,Nutella,89655,58.0,Male,Bronze,Instapay,ElMenus,88,3.0,116,42.5,45.9,4.0,0,Traditional,Greater Cairo,0,17,35.81,291.56,2024,3,5,Evening,No Discount,Hot
104854,2024-02-20 13:15:00,Mansoura-Mashaya,Om Ali Cream,Small,117.45,2,0.0,Nuts,59837,22.0,Female,Silver,Credit Card,In-store,60,7.7,109,18.7,46.8,1.0,0,Traditional,Delta,0,13,32.89,267.79,2024,2,20,Afternoon,No Discount,Cold
102712,2024-01-29 05:45:00,Dubai-Marina,Qishtouza Nutella,Small,116.83,8,0.0,Pistachio,88927,43.5,Male,Silver,Wallet,In-store,82,14.5,115,20.2,79.3,1.0,0,Modern,UAE,0,5,130.85,1065.49,2024,1,29,Morning,No Discount,Moderate
106767,2024-03-11 11:30:00,Dubai-Marina,Om Ali Cream,Medium,63.46,5,0.0,Nutella,58861,72.0,Female,Gold,Cash,In-store,83,2.2,149,15.2,85.9,3.0,0,Traditional,UAE,0,11,44.42,361.72,2024,3,11,Morning,No Discount,Cold
104151,2024-02-13 05:30:00,Giza-Zayed,Qishtouza Lotus,Medium,121.94,6,0.05,Nutella,78122,26.0,Male,Silver,Wallet,ElMenus,30,10.9,143,44.7,50.5,2.0,0,Modern,Greater Cairo,0,5,102.43,834.0699999999999,2024,2,13,Morning,Low Discount,Hot
101334,2024-01-14 21:15:00,Riyadh-Olaya,Qishtouza Nutella,Large,132.72,9,0.0,Nutella,54858,43.5,Male,Gold,Wallet,Talabat,93,14.1,147,36.1,58.0,4.0,0,Modern,KSA,1,21,167.23,1361.71,2024,1,14,Evening,No Discount,Hot
108379,2024-03-28 06:30:00,Mansoura-Mashaya,Qishtouza Lotus,Medium,120.43,6,0.15,Nuts,74888,61.0,Male,Gold,Cash,Talabat,15,0.5,107,26.4,24.1,3.0,0,Modern,Delta,0,6,101.16,823.74,2024,3,28,Morning,Medium Discount,Hot
109390,2024-04-07 19:15:00,Dubai-Marina,Qishtouza Nutella,Medium,170.6,2,0.0,none,79920,53.0,Female,Silver,Credit Card,ElMenus,43,14.4,148,38.8,65.2,3.0,0,Modern,UAE,1,19,47.77,388.96999999999997,2024,4,7,Evening,No Discount,Hot
109708,2024-04-11 02:45:00,Alex-Stanly,Super B.Laban,Medium,132.45,7,0.0,none,85549,44.0,Male,Silver,Cash,In-store,36,8.8,116,22.0,42.8,3.0,0,Signature,Alexandria,0,2,129.8,1056.9499999999998,2024,4,11,Late Night,No Discount,Moderate
109122,2024-04-05 00:15:00,Mansoura-Mashaya,Om Ali Cream,Small,42.78,3,0.0,Lotus,53810,30.0,Female,Unknown,Wallet,Mobile App,117,8.4,110,43.1,77.4,3.0,0,Traditional,Delta,1,0,17.97,146.31,2024,4,5,Late Night,No Discount,Hot
103851,2024-02-10 02:30:00,Giza-Zayed,Sweet Koshary Mix,Small,122.96,10,0.0,none,66507,57.0,Female,Unknown,Credit Card,ElMenus,92,1.2,149,15.7,87.2,5.0,0,Signature,Greater Cairo,1,2,172.14,1401.7399999999998,2024,2,10,Late Night,No Discount,Cold
108341,2024-03-27 21:00:00,Alex-Stanly,Rice Pudding Oven,Medium,42.99,5,0.15,Nuts,56463,13.0,Male,Unknown,Wallet,ElMenus,17,6.7,103,19.8,33.5,3.0,0,Traditional,Alexandria,0,21,30.09,245.04000000000002,2024,3,27,Evening,Medium Discount,Cold
104125,2024-02-12 23:00:00,Giza-Zayed,Om Ali Cream,Medium,62.32,1,0.0,none,85827,29.0,Female,Gold,Cash,Mobile App,81,11.9,149,34.6,28.6,3.0,0,Traditional,Greater Cairo,0,23,8.72,71.04,2024,2,12,Late Night,No Discount,Hot
108964,2024-04-03 08:45:00,Dubai-Marina,Om Ali Cream,Small,168.21,2,0.0,none,71668,33.0,Female,Unknown,Wallet,ElMenus,74,3.6,112,25.7,54.3,1.0,0,Traditional,UAE,0,8,47.1,383.52000000000004,2024,4,3,Morning,No Discount,Hot
104789,2024-02-19 21:00:00,Riyadh-Olaya,Om Ali Cream,Small,91.44,10,0.0,Pistachio,55983,59.0,Male,Bronze,Wallet,Mobile App,74,13.9,145,24.9,82.6,3.0,0,Traditional,KSA,0,21,128.02,1042.42,2024,2,19,Evening,No Discount,Moderate
102867,2024-01-30 20:30:00,Giza-Zayed,Om Ali Cream,Medium,146.91,8,0.15,none,53307,14.0,Male,Gold,Instapay,ElMenus,52,4.3,142,31.1,71.6,3.0,0,Traditional,Greater Cairo,0,20,164.54,1339.82,2024,1,30,Evening,Medium Discount,Hot
101387,2024-01-15 10:30:00,Cairo-Nasr City,Rice Pudding Nuts,Small,158.24,1,0.0,none,50715,58.0,Female,Unknown,Instapay,Mobile App,68,3.4,136,39.2,60.3,3.0,0,Traditional,Greater Cairo,0,10,22.15,180.39000000000001,2024,1,15,Morning,No Discount,Hot
105942,2024-03-02 21:15:00,Cairo-Zamalek,Super B.Laban,Medium,100.93,6,0.0,none,85655,68.0,Male,Gold,Credit Card,In-store,69,3.3,120,18.8,29.0,1.0,0,Signature,Greater Cairo,1,21,84.78,690.36,2024,3,2,Evening,No Discount,Cold
103068,2024-02-01 22:45:00,Mansoura-Mashaya,Qishtouza Nutella,Medium,48.65,10,0.0,Lotus,55221,20.0,Male,Silver,Credit Card,Talabat,40,14.5,136,31.2,61.9,5.0,0,Modern,Delta,0,22,68.11,554.61,2024,2,1,Late Night,No Discount,Hot
109059,2024-04-04 08:30:00,Alex-Stanly,Qishtouza Lotus,Small,83.48,4,0.0,Lotus,63207,23.0,Male,Silver,Cash,Mobile App,37,11.7,139,20.8,32.7,2.0,0,Modern,Alexandria,0,8,46.75,380.67,2024,4,4,Morning,No Discount,Moderate
103630,2024-02-07 19:15:00,Riyadh-Olaya,Qishtouza Nutella,Large,128.54,1,0.15,Pistachio,54336,43.5,Male,Gold,Instapay,Mobile App,24,6.5,147,34.3,67.3,3.0,0,Modern,KSA,0,19,18.0,146.54,2024,2,7,Evening,Medium Discount,Hot
109456,2024-04-08 11:45:00,Tanta-Saeed,Qishtouza Nutella,Medium,124.24,4,0.0,Nuts,73135,17.0,Female,Bronze,Cash,ElMenus,33,10.5,133,31.9,37.5,3.0,0,Modern,Delta,0,11,69.57,566.53,2024,4,8,Morning,No Discount,Hot
108950,2024-04-03 05:15:00,Dubai-Marina,Rice Pudding Nuts,Medium,165.55,8,0.1,Nutella,85624,36.0,Male,Gold,Wallet,ElMenus,74,11.2,148,40.0,55.8,3.0,0,Traditional,UAE,0,5,185.42,1509.8200000000002,2024,4,3,Morning,Medium Discount,Hot
103029,2024-02-01 13:00:00,Dubai-Marina,Rice Pudding Oven,Small,40.88,3,0.0,Lotus,83837,30.0,Female,Unknown,Cash,Talabat,68,13.7,143,40.2,36.2,3.0,0,Traditional,UAE,0,13,17.17,139.81,2024,2,1,Afternoon,No Discount,Hot
102970,2024-01-31 22:15:00,Cairo-Nasr City,Ice Cream Mango,Medium,96.67,8,0.0,Nutella,76843,43.5,Female,Bronze,Cash,In-store,36,14.2,147,30.3,52.8,3.0,0,Ice Cream,Greater Cairo,0,22,108.27,881.63,2024,1,31,Late Night,No Discount,Hot
108647,2024-03-31 01:30:00,Cairo-Nasr City,Qishtouza Nutella,Medium,157.62,6,0.0,none,84656,74.0,Female,Unknown,Cash,ElMenus,81,10.7,110,34.4,57.7,2.0,0,Modern,Greater Cairo,1,1,132.4,1078.1200000000001,2024,3,31,Late Night,No Discount,Hot
106137,2024-03-04 22:00:00,Dubai-Marina,Qishtouza Lotus,Medium,130.47,4,0.05,none,78801,52.0,Female,Unknown,Wallet,ElMenus,76,8.1,106,18.2,79.0,1.0,0,Modern,UAE,0,22,73.06,594.94,2024,3,4,Late Night,Low Discount,Cold
108802,2024-04-01 16:15:00,Tanta-Saeed,Rice Pudding Nuts,Large,90.4,5,0.0,none,54829,73.0,Female,Bronze,Credit Card,Mobile App,29,12.1,125,28.6,37.3,3.0,0,Traditional,Delta,0,16,63.28,515.28,2024,4,1,Afternoon,No Discount,Hot
104264,2024-02-14 09:45:00,Mansoura-Mashaya,Ice Cream Mango,Large,125.43,5,0.0,Pistachio,71587,45.0,Female,Silver,Cash,In-store,118,12.7,106,21.6,52.9,4.0,0,Ice Cream,Delta,0,9,87.8,714.95,2024,2,14,Morning,No Discount,Moderate
100646,2024-01-07 17:15:00,Mansoura-Mashaya,Qishtouza Lotus,Small,157.29,8,0.0,Pistachio,66472,50.0,Male,Unknown,Instapay,In-store,30,2.4,135,34.7,33.0,3.0,0,Modern,Delta,1,17,176.16,1434.48,2024,1,7,Evening,No Discount,Hot
109654,2024-04-10 13:15:00,Cairo-Zamalek,Qishtouza Nutella,Medium,46.55,2,0.0,none,57486,49.0,Male,Unknown,Instapay,Talabat,64,0.6,116,21.2,27.1,4.0,0,Modern,Greater Cairo,0,13,13.03,106.13,2024,4,10,Afternoon,No Discount,Moderate
102075,2024-01-22 14:30:00,Dubai-Marina,Ice Cream Mango,Medium,161.92,2,0.0,Pistachio,54142,37.0,Female,Silver,Wallet,Mobile App,31,1.0,145,36.8,46.8,2.0,0,Ice Cream,UAE,0,14,45.34,369.17999999999995,2024,1,22,Afternoon,No Discount,Hot
100342,2024-01-04 13:15:00,Giza-Zayed,Ice Cream Mango,Medium,79.45,9,0.0,Nuts,60633,43.0,Female,Unknown,Cash,In-store,53,5.5,101,28.5,32.3,4.0,0,Ice Cream,Greater Cairo,0,13,100.11,815.1600000000001,2024,1,4,Afternoon,No Discount,Hot
108042,2024-03-24 18:15:00,Tanta-Saeed,Rice Pudding Nuts,Large,139.7,6,0.0,Pistachio,71344,44.0,Female,Gold,Wallet,In-store,46,5.2,129,17.7,32.1,1.0,0,Traditional,Delta,1,18,117.35,955.55,2024,3,24,Evening,No Discount,Cold
101623,2024-01-17 21:30:00,Tanta-Saeed,Om Ali Cream,Small,158.55,11,0.0,none,61611,45.0,Female,Gold,Credit Card,Mobile App,108,6.6,125,16.0,67.3,4.0,0,Traditional,Delta,0,21,244.17,1988.2200000000003,2024,1,17,Evening,No Discount,Cold
107142,2024-03-15 09:15:00,Dubai-Marina,Qishtouza Lotus,Large,56.88,9,0.0,none,73979,44.0,Female,Unknown,Wallet,ElMenus,116,8.4,149,16.9,55.5,5.0,0,Modern,UAE,1,9,71.67,583.59,2024,3,15,Morning,No Discount,Cold
105797,2024-03-01 09:00:00,Dubai-Marina,Rice Pudding Oven,Medium,142.69,9,0.0,Pistachio,86392,43.5,Female,Unknown,Wallet,In-store,29,10.0,143,19.1,22.3,5.0,0,Traditional,UAE,1,9,179.79,1464.0,2024,3,1,Morning,No Discount,Cold
107185,2024-03-15 20:00:00,Alex-Stanly,Om Ali Cream,Medium,50.32,10,0.0,Nuts,77267,12.0,Male,Unknown,Credit Card,In-store,28,5.4,110,33.0,75.7,3.0,0,Traditional,Alexandria,1,20,70.45,573.65,2024,3,15,Evening,No Discount,Hot
108233,2024-03-26 18:00:00,Riyadh-Olaya,Super B.Laban,Large,104.55,9,0.0,Nuts,83557,49.0,Male,Unknown,Instapay,ElMenus,113,2.7,116,41.8,45.0,1.0,0,Signature,KSA,0,18,131.73,1072.6799999999998,2024,3,26,Evening,No Discount,Hot
105476,2024-02-27 00:45:00,Alex-Stanly,Rice Pudding Nuts,Small,152.61,8,0.0,Nutella,54322,67.0,Female,Unknown,Cash,In-store,98,5.2,113,34.8,80.5,2.0,0,Traditional,Alexandria,0,0,170.92,1391.8000000000002,2024,2,27,Late Night,No Discount,Hot
109253,2024-04-06 09:00:00,Cairo-Nasr City,Super B.Laban,Medium,44.88,11,0.0,none,65964,26.0,Male,Bronze,Instapay,Mobile App,110,4.2,103,16.1,61.1,3.0,0,Signature,Greater Cairo,1,9,69.12,562.8,2024,4,6,Morning,No Discount,Cold
100075,2024-01-01 18:30:00,Mansoura-Mashaya,Om Ali Cream,Large,151.9,8,0.0,Nuts,69358,43.5,Male,Unknown,Credit Card,In-store,40,0.7,137,19.5,31.2,4.0,0,Traditional,Delta,0,18,170.13,1385.33,2024,1,1,Evening,No Discount,Cold
108634,2024-03-30 22:15:00,Giza-Zayed,Rice Pudding Oven,Large,54.94,6,0.0,Pistachio,81424,53.0,Male,Bronze,Cash,In-store,45,2.2,106,28.2,88.0,5.0,0,Traditional,Greater Cairo,1,22,46.15,375.78999999999996,2024,3,30,Late Night,No Discount,Hot
109230,2024-04-06 03:15:00,Cairo-Zamalek,Qishtouza Nutella,Large,150.76,8,0.0,Nuts,85872,50.0,Female,Gold,Credit Card,Mobile App,16,14.0,111,19.6,51.6,3.0,0,Modern,Greater Cairo,1,3,168.85,1374.9299999999998,2024,4,6,Late Night,No Discount,Cold
102052,2024-01-22 08:45:00,Dubai-Marina,Ice Cream Mango,Medium,72.7,7,0.0,Lotus,50822,43.5,Female,Gold,Cash,In-store,59,13.0,140,41.3,83.0,3.0,0,Ice Cream,UAE,0,8,71.25,580.1500000000001,2024,1,22,Morning,No Discount,Hot
102542,2024-01-27 11:15:00,Cairo-Nasr City,Qishtouza Nutella,Medium,70.61,3,0.05,Lotus,62749,54.0,Female,Bronze,Credit Card,Mobile App,96,2.7,143,39.6,37.4,5.0,0,Modern,Greater Cairo,1,11,29.66,241.48999999999998,2024,1,27,Morning,Low Discount,Hot
101302,2024-01-14 13:15:00,Giza-Zayed,Sweet Koshary Mix,Small,154.03,8,0.15,Nutella,76879,71.0,Male,Unknown,Credit Card,Mobile App,30,6.9,139,43.5,63.8,5.0,0,Signature,Greater Cairo,1,13,172.51,1404.75,2024,1,14,Afternoon,Medium Discount,Hot
105878,2024-03-02 05:15:00,Riyadh-Olaya,Rice Pudding Oven,Small,88.66,11,0.0,Nuts,70708,22.0,Female,Unknown,Credit Card,In-store,95,4.0,105,16.4,36.3,1.0,0,Traditional,KSA,1,5,136.54,1111.8,2024,3,2,Morning,No Discount,Cold
107369,2024-03-17 18:00:00,Mansoura-Mashaya,Super B.Laban,Medium,126.68,8,0.0,Lotus,56464,73.0,Female,Gold,Cash,Talabat,61,8.0,114,42.3,48.6,2.0,0,Signature,Delta,1,18,141.88,1155.3200000000002,2024,3,17,Evening,No Discount,Hot
101305,2024-01-14 14:00:00,Cairo-Zamalek,Rice Pudding Oven,Small,54.16,1,0.15,none,81884,53.0,Female,Silver,Credit Card,Mobile App,81,10.8,143,24.5,44.7,5.0,0,Traditional,Greater Cairo,1,14,7.58,61.739999999999995,2024,1,14,Afternoon,Medium Discount,Moderate
108429,2024-03-28 19:00:00,Cairo-Zamalek,Ice Cream Mango,Medium,94.51,4,0.0,none,89443,21.0,Male,Gold,Cash,Talabat,27,6.2,107,34.7,73.7,4.0,0,Ice Cream,Greater Cairo,0,19,52.93,430.97,2024,3,28,Evening,No Discount,Hot
109095,2024-04-04 17:30:00,Dubai-Marina,Super B.Laban,Medium,62.6,4,0.1,Lotus,55336,30.0,Female,Gold,Instapay,Mobile App,111,13.0,133,31.2,54.5,5.0,0,Signature,UAE,0,17,35.06,285.46000000000004,2024,4,4,Evening,Medium Discount,Hot
102600,2024-01-28 01:45:00,Alex-Stanly,Super B.Laban,Medium,125.38,2,0.15,Lotus,77558,39.0,Female,Bronze,Cash,ElMenus,19,13.3,111,40.0,81.0,5.0,0,Signature,Alexandria,1,1,35.11,285.87,2024,1,28,Late Night,Medium Discount,Hot
102574,2024-01-27 19:15:00,Cairo-Nasr City,Qishtouza Lotus,Small,132.74,9,0.0,Lotus,82984,71.0,Female,Unknown,Cash,Mobile App,39,14.3,112,20.4,84.9,1.0,0,Modern,Greater Cairo,1,19,167.25,1361.91,2024,1,27,Evening,No Discount,Moderate
103187,2024-02-03 04:30:00,Alex-Stanly,Rice Pudding Oven,Medium,158.81,10,0.0,Nuts,58595,47.0,Male,Unknown,Instapay,In-store,26,7.2,142,23.1,80.3,1.0,0,Traditional,Alexandria,1,4,222.33,1810.4299999999998,2024,2,3,Late Night,No Discount,Moderate
102769,2024-01-29 20:00:00,Mansoura-Mashaya,Rice Pudding Oven,Medium,116.25,8,0.0,Nuts,77010,30.0,Male,Unknown,Cash,ElMenus,32,2.7,121,37.9,62.2,5.0,0,Traditional,Delta,0,20,130.2,1060.2,2024,1,29,Evening,No Discount,Hot
104832,2024-02-20 07:45:00,Mansoura-Mashaya,Rice Pudding Nuts,Medium,115.77,7,0.05,Lotus,55281,49.0,Male,Silver,Cash,Mobile App,37,14.6,122,37.0,81.6,3.0,0,Traditional,Delta,0,7,113.45,923.84,2024,2,20,Morning,Low Discount,Hot
104224,2024-02-13 23:45:00,Dubai-Marina,Rice Pudding Nuts,Medium,160.56,5,0.1,none,63006,69.0,Male,Gold,Wallet,Mobile App,40,2.6,139,17.9,82.3,3.0,0,Traditional,UAE,0,23,112.39,915.1899999999999,2024,2,13,Late Night,Medium Discount,Cold
109650,2024-04-10 12:15:00,Riyadh-Olaya,Sweet Koshary Mix,Small,172.46,8,0.0,Lotus,88802,43.5,Male,Unknown,Wallet,Talabat,11,1.7,130,28.9,38.3,4.0,0,Signature,KSA,0,12,193.16,1572.8400000000001,2024,4,10,Afternoon,No Discount,Hot
102107,2024-01-22 22:30:00,Alex-Stanly,Om Ali Cream,Large,48.82,4,0.0,Lotus,52501,61.0,Male,Gold,Instapay,In-store,99,6.7,115,31.8,74.4,1.0,0,Traditional,Alexandria,0,22,27.34,222.62,2024,1,22,Late Night,No Discount,Hot
102680,2024-01-28 21:45:00,Dubai-Marina,Om Ali Cream,Medium,149.0,4,0.0,none,89050,55.0,Male,Bronze,Instapay,ElMenus,88,8.6,134,23.6,89.6,2.0,0,Traditional,UAE,1,21,83.44,679.44,2024,1,28,Evening,No Discount,Moderate
101388,2024-01-15 10:45:00,Giza-Zayed,Qishtouza Lotus,Large,40.61,11,0.0,Pistachio,58297,16.0,Male,Silver,Wallet,In-store,21,1.5,141,41.4,53.8,3.0,0,Modern,Greater Cairo,0,10,62.54,509.25,2024,1,15,Morning,No Discount,Hot
108932,2024-04-03 00:45:00,Mansoura-Mashaya,Super B.Laban,Large,98.74,10,0.0,none,83846,25.0,Female,Silver,Instapay,In-store,106,6.0,134,18.2,87.3,3.0,1,Signature,Delta,0,0,138.24,1125.6399999999999,2024,4,3,Late Night,No Discount,Cold
109660,2024-04-10 14:45:00,Giza-Zayed,Qishtouza Nutella,Medium,129.63,10,0.15,none,50801,43.0,Female,Silver,Cash,Mobile App,118,9.8,125,38.9,57.4,5.0,1,Modern,Greater Cairo,0,14,181.48,1477.78,2024,4,10,Afternoon,Medium Discount,Hot
107084,2024-03-14 18:45:00,Giza-Zayed,Super B.Laban,Large,111.01,9,0.05,Nuts,63085,12.0,Male,Gold,Cash,In-store,116,6.6,102,33.4,21.0,1.0,0,Signature,Greater Cairo,0,18,139.87,1138.96,2024,3,14,Evening,Low Discount,Hot
101280,2024-01-14 07:45:00,Giza-Zayed,Ice Cream Mango,Large,69.17,4,0.05,none,77790,36.0,Female,Unknown,Cash,In-store,81,5.6,118,43.7,36.9,1.0,0,Ice Cream,Greater Cairo,1,7,38.74,315.42,2024,1,14,Morning,Low Discount,Hot
100805,2024-01-09 09:00:00,Tanta-Saeed,Rice Pudding Nuts,Large,115.36,2,0.0,Nutella,89541,32.0,Female,Gold,Cash,Mobile App,30,2.9,102,19.6,83.8,1.0,0,Traditional,Delta,0,9,32.3,263.02,2024,1,9,Morning,No Discount,Cold
101556,2024-01-17 04:45:00,Mansoura-Mashaya,Qishtouza Lotus,Medium,79.31,10,0.0,Nuts,72864,53.0,Female,Bronze,Credit Card,In-store,70,13.9,103,25.5,24.2,1.0,0,Modern,Delta,0,4,111.03,904.13,2024,1,17,Late Night,No Discount,Hot
109487,2024-04-08 19:30:00,Tanta-Saeed,Qishtouza Lotus,Large,149.78,8,0.1,none,83296,43.5,Female,Unknown,Credit Card,ElMenus,97,5.1,111,36.3,52.8,4.0,0,Modern,Delta,0,19,167.75,1365.99,2024,4,8,Evening,Medium Discount,Hot
104567,2024-02-17 13:30:00,Cairo-Zamalek,Qishtouza Lotus,Large,89.91,1,0.0,none,77793,43.0,Male,Silver,Instapay,ElMenus,108,9.1,119,37.5,65.1,3.0,0,Modern,Greater Cairo,1,13,12.59,102.5,2024,2,17,Afternoon,No Discount,Hot
109670,2024-04-10 17:15:00,Cairo-Zamalek,Om Ali Cream,Large,90.35,6,0.15,none,67106,68.0,Female,Silver,Wallet,ElMenus,45,13.0,122,29.6,85.0,4.0,0,Traditional,Greater Cairo,0,17,75.89,617.9899999999999,2024,4,10,Evening,Medium Discount,Hot
104842,2024-02-20 10:15:00,Alex-Stanly,Rice Pudding Oven,Medium,73.9,1,0.0,Lotus,61493,22.0,Female,Unknown,Wallet,ElMenus,23,7.0,136,39.3,31.5,3.0,0,Traditional,Alexandria,0,10,10.35,84.25,2024,2,20,Morning,No Discount,Hot
103595,2024-02-07 10:30:00,Mansoura-Mashaya,Ice Cream Mango,Medium,110.76,2,0.05,Nuts,66287,68.0,Female,Unknown,Wallet,Talabat,82,2.0,115,22.2,62.0,1.0,0,Ice Cream,Delta,0,10,31.01,252.53,2024,2,7,Morning,Low Discount,Moderate
106036,2024-03-03 20:45:00,Mansoura-Mashaya,Super B.Laban,Medium,155.08,1,0.0,Nutella,55267,12.0,Female,Gold,Credit Card,Talabat,68,4.7,104,31.4,82.9,2.0,0,Signature,Delta,1,20,21.71,176.79000000000002,2024,3,3,Evening,No Discount,Hot
106853,2024-03-12 09:00:00,Alex-Stanly,Rice Pudding Nuts,Medium,98.4,10,0.0,Lotus,62429,36.0,Male,Unknown,Instapay,In-store,59,14.5,110,32.0,51.2,2.0,0,Traditional,Alexandria,0,9,137.76,1121.76,2024,3,12,Morning,No Discount,Hot
108706,2024-03-31 16:15:00,Alex-Stanly,Rice Pudding Oven,Medium,116.22,11,0.05,none,89661,51.0,Female,Bronze,Wallet,In-store,22,10.2,127,31.5,36.9,4.0,0,Traditional,Alexandria,1,16,178.98,1457.4,2024,3,31,Afternoon,Low Discount,Hot
104178,2024-02-13 12:15:00,Alex-Stanly,Qishtouza Nutella,Medium,160.0,8,0.0,none,81520,16.0,Female,Silver,Cash,In-store,65,12.1,116,19.9,63.9,5.0,0,Modern,Alexandria,0,12,179.2,1459.2,2024,2,13,Afternoon,No Discount,Cold
101309,2024-01-14 15:00:00,Cairo-Nasr City,Rice Pudding Nuts,Large,172.7,1,0.0,Pistachio,62421,51.0,Female,Bronze,Wallet,ElMenus,62,7.0,108,22.9,26.3,3.0,0,Traditional,Greater Cairo,1,15,24.18,196.88,2024,1,14,Afternoon,No Discount,Moderate
103453,2024-02-05 23:00:00,Giza-Zayed,Super B.Laban,Large,40.53,6,0.1,Pistachio,62817,59.0,Male,Gold,Instapay,In-store,41,3.7,137,22.8,47.9,3.0,0,Signature,Greater Cairo,0,23,34.05,277.23,2024,2,5,Late Night,Medium Discount,Moderate
103696,2024-02-08 11:45:00,Alex-Stanly,Sweet Koshary Mix,Small,108.84,4,0.15,none,56055,60.0,Male,Unknown,Cash,ElMenus,23,8.4,110,36.8,29.4,3.0,0,Signature,Alexandria,0,11,60.95,496.31,2024,2,8,Morning,Medium Discount,Hot
104243,2024-02-14 04:30:00,Tanta-Saeed,Sweet Koshary Mix,Large,97.5,3,0.05,none,84954,43.5,Female,Silver,Credit Card,ElMenus,92,11.1,126,26.6,33.4,3.0,0,Signature,Delta,0,4,40.95,333.45,2024,2,14,Late Night,Low Discount,Hot
102199,2024-01-23 21:30:00,Tanta-Saeed,Super B.Laban,Medium,127.51,4,0.0,Lotus,66270,55.0,Female,Bronze,Credit Card,ElMenus,25,2.5,119,35.7,20.1,3.0,0,Signature,Delta,0,21,71.41,581.45,2024,1,23,Evening,No Discount,Hot
104426,2024-02-16 02:15:00,Mansoura-Mashaya,Sweet Koshary Mix,Large,74.17,4,0.0,none,64112,62.0,Male,Gold,Cash,Mobile App,41,10.5,116,37.3,33.7,5.0,0,Signature,Delta,1,2,41.54,338.22,2024,2,16,Late Night,No Discount,Hot
106151,2024-03-05 01:30:00,Mansoura-Mashaya,Super B.Laban,Large,176.32,4,0.1,none,52308,26.0,Male,Unknown,Cash,Mobile App,47,5.7,140,38.5,56.2,1.0,0,Signature,Delta,0,1,98.74,804.02,2024,3,5,Late Night,Medium Discount,Hot
100944,2024-01-10 19:45:00,Mansoura-Mashaya,Qishtouza Lotus,Medium,133.22,9,0.15,Lotus,87544,20.0,Male,Unknown,Instapay,Mobile App,38,10.5,147,38.9,79.0,3.0,0,Modern,Delta,0,19,167.86,1366.8400000000001,2024,1,10,Evening,Medium Discount,Hot
100823,2024-01-09 13:30:00,Tanta-Saeed,Rice Pudding Oven,Large,161.16,6,0.0,none,74413,62.0,Female,Silver,Wallet,In-store,87,14.9,138,22.5,73.6,1.0,0,Traditional,Delta,0,13,135.37,1102.33,2024,1,9,Afternoon,No Discount,Moderate
105006,2024-02-22 03:15:00,Dubai-Marina,Qishtouza Lotus,Medium,47.21,4,0.0,Lotus,80450,49.0,Male,Silver,Credit Card,ElMenus,46,12.6,118,40.7,76.8,1.0,0,Modern,UAE,0,3,26.44,215.28,2024,2,22,Late Night,No Discount,Hot
106613,2024-03-09 21:00:00,Riyadh-Olaya,Super B.Laban,Medium,114.33,1,0.15,Pistachio,68558,67.0,Female,Unknown,Wallet,Talabat,33,6.0,134,31.4,53.9,2.0,0,Signature,KSA,1,21,16.01,130.34,2024,3,9,Evening,Medium Discount,Hot
108357,2024-03-28 01:00:00,Cairo-Zamalek,Ice Cream Mango,Small,74.76,2,0.0,Pistachio,52355,22.0,Female,Silver,Wallet,In-store,18,5.9,145,24.7,56.7,1.0,0,Ice Cream,Greater Cairo,0,1,20.93,170.45000000000002,2024,3,28,Late Night,No Discount,Moderate
105620,2024-02-28 12:45:00,Giza-Zayed,Qishtouza Nutella,Medium,142.34,6,0.1,Pistachio,50448,54.0,Female,Unknown,Credit Card,In-store,89,11.7,122,29.6,83.2,1.0,0,Modern,Greater Cairo,0,12,119.57,973.6099999999999,2024,2,28,Afternoon,Medium Discount,Hot
104548,2024-02-17 08:45:00,Giza-Zayed,Qishtouza Nutella,Medium,133.15,4,0.0,Pistachio,59283,56.0,Male,Gold,Cash,Talabat,96,5.4,110,35.2,43.3,3.0,0,Modern,Greater Cairo,1,8,74.56,607.1600000000001,2024,2,17,Morning,No Discount,Hot
102539,2024-01-27 10:30:00,Riyadh-Olaya,Sweet Koshary Mix,Medium,168.27,9,0.0,none,54782,29.0,Female,Silver,Wallet,ElMenus,18,13.1,143,29.6,79.4,3.0,0,Signature,KSA,1,10,212.02,1726.45,2024,1,27,Morning,No Discount,Hot
105208,2024-02-24 05:45:00,Cairo-Nasr City,Rice Pudding Oven,Large,87.05,2,0.0,Lotus,58771,26.0,Male,Unknown,Cash,Talabat,111,1.9,124,33.0,81.9,1.0,0,Traditional,Greater Cairo,1,5,24.37,198.47,2024,2,24,Morning,No Discount,Hot
109515,2024-04-09 02:30:00,Cairo-Zamalek,Qishtouza Lotus,Medium,120.52,2,0.15,Nutella,80188,36.0,Male,Silver,Wallet,Talabat,90,2.7,124,44.4,80.1,5.0,0,Modern,Greater Cairo,0,2,33.75,274.78999999999996,2024,4,9,Late Night,Medium Discount,Hot
109010,2024-04-03 20:15:00,Alex-Stanly,Super B.Laban,Small,43.91,1,0.0,Nuts,62461,56.0,Male,Silver,Wallet,Talabat,109,6.4,114,28.2,31.5,3.0,0,Signature,Alexandria,0,20,6.15,50.059999999999995,2024,4,3,Evening,No Discount,Hot
103055,2024-02-01 19:30:00,Alex-Stanly,Rice Pudding Nuts,Small,59.62,4,0.0,none,63527,32.0,Male,Silver,Credit Card,ElMenus,114,3.0,149,26.8,61.6,1.0,0,Traditional,Alexandria,0,19,33.39,271.87,2024,2,1,Evening,No Discount,Hot
103676,2024-02-08 06:45:00,Cairo-Nasr City,Rice Pudding Nuts,Medium,99.8,4,0.05,Nuts,68201,30.0,Female,Silver,Wallet,Talabat,28,11.8,114,42.0,70.0,5.0,0,Traditional,Greater Cairo,0,6,55.89,455.09,2024,2,8,Morning,Low Discount,Hot
107777,2024-03-22 00:00:00,Cairo-Nasr City,Rice Pudding Oven,Large,62.58,1,0.0,none,51915,71.0,Female,Unknown,Instapay,Mobile App,90,1.3,103,30.9,66.2,3.0,0,Traditional,Greater Cairo,1,0,8.76,71.34,2024,3,22,Late Night,No Discount,Hot
107219,2024-03-16 04:30:00,Riyadh-Olaya,Om Ali Cream,Medium,112.22,3,0.0,Nutella,66806,27.0,Female,Bronze,Instapay,ElMenus,114,9.0,120,38.4,42.6,3.0,0,Traditional,KSA,1,4,47.13,383.78999999999996,2024,3,16,Late Night,No Discount,Hot
106723,2024-03-11 00:30:00,Riyadh-Olaya,Qishtouza Lotus,Medium,63.49,5,0.0,Pistachio,86180,30.0,Female,Unknown,Cash,Mobile App,93,14.5,108,37.5,67.9,4.0,0,Modern,KSA,0,0,44.44,361.89,2024,3,11,Late Night,No Discount,Hot
103301,2024-02-04 09:00:00,Tanta-Saeed,Rice Pudding Oven,Medium,53.09,5,0.0,Nutella,89427,45.0,Male,Bronze,Cash,Mobile App,111,3.0,148,43.7,31.4,1.0,0,Traditional,Delta,1,9,37.16,302.61,2024,2,4,Morning,No Discount,Hot
103311,2024-02-04 11:30:00,Alex-Stanly,Qishtouza Nutella,Medium,47.78,1,0.0,Lotus,83579,39.0,Male,Silver,Instapay,Mobile App,105,1.8,112,30.7,41.6,1.0,0,Modern,Alexandria,1,11,6.69,54.47,2024,2,4,Morning,No Discount,Hot
107222,2024-03-16 05:15:00,Tanta-Saeed,Rice Pudding Oven,Medium,109.93,5,0.0,Nuts,86058,43.0,Male,Bronze,Credit Card,Talabat,71,14.3,117,41.8,58.2,4.0,1,Traditional,Delta,1,5,76.95,626.6000000000001,2024,3,16,Morning,No Discount,Hot
108520,2024-03-29 17:45:00,Mansoura-Mashaya,Om Ali Cream,Medium,112.25,7,0.0,Nutella,61990,16.0,Male,Bronze,Instapay,Mobile App,59,8.1,128,27.1,34.2,1.0,0,Traditional,Delta,1,17,110.01,895.76,2024,3,29,Evening,No Discount,Hot
105955,2024-03-03 00:30:00,Riyadh-Olaya,Sweet Koshary Mix,Small,84.49,11,0.1,none,75597,56.0,Male,Silver,Credit Card,In-store,62,8.7,106,38.4,61.2,3.0,0,Signature,KSA,1,0,130.11,1059.5,2024,3,3,Late Night,Medium Discount,Hot
100833,2024-01-09 16:00:00,Alex-Stanly,Qishtouza Lotus,Medium,178.65,9,0.1,Nutella,74861,72.0,Female,Bronze,Instapay,In-store,116,10.4,103,32.5,50.3,1.0,0,Modern,Alexandria,0,16,225.1,1832.95,2024,1,9,Afternoon,Medium Discount,Hot
103463,2024-02-06 01:30:00,Giza-Zayed,Qishtouza Nutella,Medium,45.87,6,0.15,none,82027,40.0,Male,Silver,Instapay,Mobile App,79,10.1,126,17.5,21.7,1.0,0,Modern,Greater Cairo,0,1,38.53,313.75,2024,2,6,Late Night,Medium Discount,Cold
107644,2024-03-20 14:45:00,Tanta-Saeed,Super B.Laban,Small,81.31,8,0.0,Pistachio,66527,67.0,Female,Bronze,Wallet,ElMenus,85,5.9,127,22.1,81.7,1.0,0,Signature,Delta,0,14,91.07,741.55,2024,3,20,Afternoon,No Discount,Moderate
100055,2024-01-01 13:30:00,Dubai-Marina,Qishtouza Lotus,Medium,144.17,7,0.0,Nutella,58402,74.0,Female,Gold,Instapay,Mobile App,13,14.3,138,20.4,83.3,3.0,0,Modern,UAE,0,13,141.29,1150.48,2024,1,1,Afternoon,No Discount,Moderate
103452,2024-02-05 22:45:00,Cairo-Nasr City,Super B.Laban,Medium,172.71,3,0.0,none,86313,43.5,Female,Unknown,Credit Card,Talabat,63,4.7,110,42.7,77.9,3.0,0,Signature,Greater Cairo,0,22,72.54,590.67,2024,2,5,Late Night,No Discount,Hot
106306,2024-03-06 16:15:00,Tanta-Saeed,Rice Pudding Nuts,Medium,44.95,4,0.1,none,87886,69.0,Female,Unknown,Wallet,Mobile App,34,11.9,111,29.9,36.0,1.0,0,Traditional,Delta,0,16,25.17,204.97000000000003,2024,3,6,Afternoon,Medium Discount,Hot
101482,2024-01-16 10:15:00,Mansoura-Mashaya,Om Ali Cream,Medium,67.71,7,0.0,Lotus,61447,43.5,Female,Gold,Instapay,ElMenus,21,4.4,133,42.0,40.2,3.0,0,Traditional,Delta,0,10,66.36,540.3299999999999,2024,1,16,Morning,No Discount,Hot
104874,2024-02-20 18:15:00,Riyadh-Olaya,Rice Pudding Nuts,Large,82.06,2,0.0,none,78575,67.0,Male,Bronze,Instapay,Mobile App,67,8.8,127,36.5,78.8,3.0,0,Traditional,KSA,0,18,22.98,187.1,2024,2,20,Evening,No Discount,Hot
108039,2024-03-24 17:30:00,Dubai-Marina,Rice Pudding Oven,Large,107.32,9,0.0,Lotus,89847,15.0,Female,Silver,Cash,ElMenus,99,9.1,135,15.5,28.8,1.0,0,Traditional,UAE,1,17,135.22,1101.1,2024,3,24,Evening,No Discount,Cold
103336,2024-02-04 17:45:00,Cairo-Nasr City,Om Ali Cream,Large,173.8,6,0.0,Nuts,70814,59.0,Female,Unknown,Credit Card,Mobile App,118,9.7,125,24.5,68.0,5.0,1,Traditional,Greater Cairo,1,17,145.99,1188.7900000000002,2024,2,4,Evening,No Discount,Moderate
106017,2024-03-03 16:00:00,Riyadh-Olaya,Ice Cream Mango,Large,111.73,3,0.05,Nutella,85341,55.0,Female,Gold,Wallet,Mobile App,102,11.3,129,27.7,89.5,1.0,0,Ice Cream,KSA,1,16,46.93,382.12,2024,3,3,Afternoon,Low Discount,Hot
104927,2024-02-21 07:30:00,Cairo-Nasr City,Super B.Laban,Large,83.27,6,0.0,Lotus,75595,70.0,Female,Silver,Instapay,Mobile App,55,10.5,125,40.5,79.2,4.0,0,Signature,Greater Cairo,0,7,69.95,569.57,2024,2,21,Morning,No Discount,Hot
105798,2024-03-01 09:15:00,Mansoura-Mashaya,Sweet Koshary Mix,Large,83.38,9,0.0,Lotus,51610,72.0,Female,Gold,Instapay,Mobile App,62,3.6,124,43.4,40.0,2.0,0,Signature,Delta,1,9,105.06,855.48,2024,3,1,Morning,No Discount,Hot
109832,2024-04-12 09:45:00,Mansoura-Mashaya,Super B.Laban,Medium,171.47,3,0.0,Nuts,84795,17.0,Female,Bronze,Cash,Talabat,19,9.3,117,23.5,60.3,5.0,0,Signature,Delta,1,9,72.02,586.43,2024,4,12,Morning,No Discount,Moderate
105084,2024-02-22 22:45:00,Cairo-Nasr City,Rice Pudding Nuts,Small,145.64,7,0.0,Nuts,60839,43.5,Male,Unknown,Cash,Mobile App,15,10.8,121,42.8,88.4,3.0,0,Traditional,Greater Cairo,0,22,142.73,1162.2099999999998,2024,2,22,Late Night,No Discount,Hot
106646,2024-03-10 05:15:00,Cairo-Nasr City,Qishtouza Lotus,Large,77.24,7,0.15,none,78901,53.0,Female,Silver,Credit Card,Talabat,20,13.5,136,40.1,55.8,3.0,0,Modern,Greater Cairo,1,5,75.7,616.38,2024,3,10,Morning,Medium Discount,Hot
105491,2024-02-27 04:30:00,Cairo-Zamalek,Qishtouza Lotus,Medium,103.32,9,0.0,Pistachio,68750,38.0,Female,Silver,Instapay,Talabat,11,1.2,134,25.6,55.7,3.0,0,Modern,Greater Cairo,0,4,130.18,1060.06,2024,2,27,Late Night,No Discount,Hot
100769,2024-01-09 00:00:00,Giza-Zayed,Super B.Laban,Medium,129.36,5,0.0,Lotus,70462,23.0,Female,Gold,Cash,Mobile App,82,14.8,102,26.0,53.1,1.0,0,Signature,Greater Cairo,0,0,90.55,737.35,2024,1,9,Late Night,No Discount,Hot
102066,2024-01-22 12:15:00,Giza-Zayed,Rice Pudding Oven,Medium,78.48,1,0.0,Lotus,62342,59.0,Male,Silver,Cash,In-store,33,7.0,112,36.8,88.3,3.0,0,Traditional,Greater Cairo,0,12,10.99,89.47,2024,1,22,Afternoon,No Discount,Hot
109501,2024-04-08 23:00:00,Mansoura-Mashaya,Sweet Koshary Mix,Small,152.86,10,0.0,Lotus,79714,46.0,Female,Unknown,Credit Card,Mobile App,113,1.4,138,42.5,61.3,1.0,0,Signature,Delta,0,23,214.0,1742.6000000000001,2024,4,8,Late Night,No Discount,Hot
107312,2024-03-17 03:45:00,Riyadh-Olaya,Om Ali Cream,Medium,43.42,7,0.0,Lotus,66953,36.0,Female,Gold,Cash,In-store,30,6.9,144,16.3,21.3,4.0,0,Traditional,KSA,1,3,42.55,346.49,2024,3,17,Late Night,No Discount,Cold
108478,2024-03-29 07:15:00,Tanta-Saeed,Rice Pudding Nuts,Medium,130.7,5,0.0,none,89971,64.0,Female,Unknown,Credit Card,In-store,21,14.8,121,39.3,43.5,4.0,0,Traditional,Delta,1,7,91.49,744.99,2024,3,29,Morning,No Discount,Hot
104525,2024-02-17 03:00:00,Cairo-Zamalek,Super B.Laban,Medium,172.59,2,0.0,Nuts,61677,43.5,Male,Bronze,Wallet,Mobile App,45,5.0,116,44.6,20.2,3.0,0,Signature,Greater Cairo,1,3,48.33,393.51,2024,2,17,Late Night,No Discount,Hot
102718,2024-01-29 07:15:00,Alex-Stanly,Sweet Koshary Mix,Large,75.71,3,0.0,Nutella,66547,43.5,Female,Silver,Cash,Talabat,15,9.7,121,21.0,62.0,3.0,0,Signature,Alexandria,0,7,31.8,258.93,2024,1,29,Morning,No Discount,Moderate
102080,2024-01-22 15:45:00,Riyadh-Olaya,Om Ali Cream,Large,87.3,1,0.15,Nutella,80243,60.0,Male,Unknown,Credit Card,Mobile App,78,6.5,130,29.1,29.6,5.0,0,Traditional,KSA,0,15,12.22,99.52,2024,1,22,Afternoon,Medium Discount,Hot
108915,2024-04-02 20:30:00,Cairo-Zamalek,Sweet Koshary Mix,Medium,93.76,9,0.1,none,58237,53.0,Female,Bronze,Credit Card,ElMenus,10,13.8,107,41.9,52.6,3.0,0,Signature,Greater Cairo,0,20,118.14,961.98,2024,4,2,Evening,Medium Discount,Hot
100952,2024-01-10 21:45:00,Giza-Zayed,Qishtouza Nutella,Large,178.36,9,0.0,Nuts,69414,48.0,Male,Silver,Credit Card,ElMenus,33,4.0,148,43.4,69.8,4.0,0,Modern,Greater Cairo,0,21,224.73,1829.9700000000003,2024,1,10,Evening,No Discount,Hot
108059,2024-03-24 22:30:00,Mansoura-Mashaya,Sweet Koshary Mix,Medium,53.19,5,0.0,none,87121,23.0,Female,Bronze,Wallet,In-store,24,10.9,127,39.5,89.6,5.0,0,Signature,Delta,1,22,37.23,303.18,2024,3,24,Late Night,No Discount,Hot
102483,2024-01-26 20:30:00,Mansoura-Mashaya,Super B.Laban,Medium,151.38,9,0.0,Lotus,87783,18.0,Female,Gold,Wallet,Talabat,27,4.0,122,27.2,79.1,1.0,0,Signature,Delta,1,20,190.74,1553.16,2024,1,26,Evening,No Discount,Hot
101760,2024-01-19 07:45:00,Alex-Stanly,Qishtouza Nutella,Medium,91.08,4,0.0,Nutella,54800,49.0,Female,Unknown,Wallet,In-store,46,11.7,126,41.0,21.7,1.0,0,Modern,Alexandria,1,7,51.0,415.32,2024,1,19,Morning,No Discount,Hot
104423,2024-02-16 01:30:00,Cairo-Nasr City,Qishtouza Lotus,Medium,142.33,7,0.0,Nuts,68933,14.0,Female,Gold,Cash,Mobile App,63,0.7,104,33.4,39.0,3.0,0,Modern,Greater Cairo,1,1,139.48,1135.79,2024,2,16,Late Night,No Discount,Hot
106705,2024-03-10 20:00:00,Giza-Zayed,Qishtouza Lotus,Large,42.65,11,0.0,Nuts,79527,17.0,Male,Bronze,Instapay,In-store,31,14.9,105,41.5,34.9,4.0,0,Modern,Greater Cairo,1,20,65.68,534.8299999999999,2024,3,10,Evening,No Discount,Hot
105183,2024-02-23 23:30:00,Riyadh-Olaya,Rice Pudding Oven,Large,149.91,5,0.0,none,66648,12.0,Female,Unknown,Instapay,Talabat,105,12.3,130,29.9,36.9,3.0,0,Traditional,KSA,1,23,104.94,854.49,2024,2,23,Late Night,No Discount,Hot
108534,2024-03-29 21:15:00,Cairo-Zamalek,Ice Cream Mango,Medium,146.19,2,0.0,Pistachio,62665,47.0,Male,Bronze,Credit Card,ElMenus,10,5.5,113,35.9,67.3,3.0,0,Ice Cream,Greater Cairo,1,21,40.93,333.31,2024,3,29,Evening,No Discount,Hot
103702,2024-02-08 13:15:00,Cairo-Zamalek,Rice Pudding Oven,Large,82.14,9,0.0,none,60862,48.0,Male,Silver,Credit Card,Talabat,86,2.4,120,18.6,58.1,1.0,0,Traditional,Greater Cairo,0,13,103.5,842.76,2024,2,8,Afternoon,No Discount,Cold
104244,2024-02-14 04:45:00,Dubai-Marina,Ice Cream Mango,Medium,72.62,10,0.05,Pistachio,54227,72.0,Female,Bronze,Instapay,ElMenus,38,2.7,103,18.8,20.9,1.0,0,Ice Cream,UAE,0,4,101.67,827.87,2024,2,14,Late Night,Low Discount,Cold
100689,2024-01-08 04:00:00,Dubai-Marina,Qishtouza Nutella,Large,156.23,7,0.0,none,89698,17.0,Female,Silver,Cash,Talabat,106,14.2,133,27.3,28.3,4.0,0,Modern,UAE,0,4,153.11,1246.7199999999998,2024,1,8,Late Night,No Discount,Hot
103433,2024-02-05 18:00:00,Mansoura-Mashaya,Rice Pudding Nuts,Medium,146.2,11,0.0,none,53037,66.0,Female,Silver,Wallet,In-store,88,4.3,131,26.0,47.4,1.0,0,Traditional,Delta,0,18,225.15,1833.35,2024,2,5,Evening,No Discount,Hot
104945,2024-02-21 12:00:00,Mansoura-Mashaya,Ice Cream Mango,Small,90.01,9,0.15,none,74656,28.0,Female,Unknown,Credit Card,Mobile App,84,5.4,127,31.1,73.6,3.0,0,Ice Cream,Delta,0,12,113.41,923.5,2024,2,21,Afternoon,Medium Discount,Hot
100967,2024-01-11 01:30:00,Mansoura-Mashaya,Ice Cream Mango,Small,140.23,11,0.0,Nuts,67191,43.5,Female,Bronze,Cash,Talabat,73,13.0,133,18.9,23.5,2.0,0,Ice Cream,Delta,0,1,215.95,1758.48,2024,1,11,Late Night,No Discount,Cold
109485,2024-04-08 19:00:00,Giza-Zayed,Om Ali Cream,Medium,47.43,4,0.0,Pistachio,71696,51.0,Female,Bronze,Wallet,ElMenus,10,2.9,135,44.3,68.5,4.0,0,Traditional,Greater Cairo,0,19,26.56,216.28,2024,4,8,Evening,No Discount,Hot
102714,2024-01-29 06:15:00,Giza-Zayed,Qishtouza Lotus,Medium,167.78,4,0.15,none,57438,67.0,Female,Bronze,Instapay,Talabat,25,13.2,129,40.3,24.5,2.0,0,Modern,Greater Cairo,0,6,93.96,765.08,2024,1,29,Morning,Medium Discount,Hot
104758,2024-02-19 13:15:00,Giza-Zayed,Rice Pudding Oven,Medium,62.19,9,0.0,Nutella,59710,43.5,Female,Unknown,Credit Card,In-store,39,13.8,140,28.7,36.0,4.0,0,Traditional,Greater Cairo,0,13,78.36,638.07,2024,2,19,Afternoon,No Discount,Hot
109546,2024-04-09 10:15:00,Riyadh-Olaya,Sweet Koshary Mix,Small,89.25,2,0.0,Nutella,69947,19.0,Female,Silver,Credit Card,In-store,59,12.7,123,29.6,51.9,3.0,0,Signature,KSA,0,10,24.99,203.49,2024,4,9,Morning,No Discount,Hot
106321,2024-03-06 20:00:00,Alex-Stanly,Sweet Koshary Mix,Large,63.99,6,0.0,Nutella,59762,14.0,Male,Unknown,Wallet,ElMenus,63,5.9,111,38.9,85.2,1.0,0,Signature,Alexandria,0,20,53.75,437.69,2024,3,6,Evening,No Discount,Hot
105976,2024-03-03 05:45:00,Mansoura-Mashaya,Sweet Koshary Mix,Large,179.72,7,0.0,Nuts,55785,70.0,Male,Silver,Instapay,In-store,87,4.6,134,16.6,27.5,3.0,0,Signature,Delta,1,5,176.13,1434.17,2024,3,3,Morning,No Discount,Cold
103573,2024-02-07 05:00:00,Riyadh-Olaya,Qishtouza Lotus,Large,177.1,3,0.1,Lotus,62225,23.0,Male,Unknown,Cash,Mobile App,51,4.8,140,42.8,34.7,1.0,0,Modern,KSA,0,5,74.38,605.68,2024,2,7,Morning,Medium Discount,Hot
105300,2024-02-25 04:45:00,Riyadh-Olaya,Ice Cream Mango,Medium,133.01,8,0.15,Lotus,68633,43.0,Female,Gold,Cash,Talabat,53,2.3,142,16.0,49.5,3.0,0,Ice Cream,KSA,1,4,148.97,1213.05,2024,2,25,Late Night,Medium Discount,Cold
101991,2024-01-21 17:30:00,Giza-Zayed,Qishtouza Nutella,Small,132.82,11,0.0,none,79401,73.0,Male,Bronze,Cash,In-store,21,6.3,138,24.6,24.2,3.0,0,Modern,Greater Cairo,1,17,204.54,1665.56,2024,1,21,Evening,No Discount,Moderate
101206,2024-01-13 13:15:00,Tanta-Saeed,Rice Pudding Oven,Large,52.67,4,0.0,Lotus,50720,34.0,Female,Unknown,Cash,In-store,52,8.0,121,29.5,33.9,3.0,0,Traditional,Delta,1,13,29.5,240.18,2024,1,13,Afternoon,No Discount,Hot
104972,2024-02-21 18:45:00,Giza-Zayed,Qishtouza Nutella,Medium,46.95,10,0.0,Lotus,54411,56.0,Female,Unknown,Credit Card,Mobile App,79,8.2,140,33.1,52.6,4.0,0,Modern,Greater Cairo,0,18,65.73,535.23,2024,2,21,Evening,No Discount,Hot
106784,2024-03-11 15:45:00,Tanta-Saeed,Ice Cream Mango,Medium,45.65,8,0.0,Lotus,58550,61.0,Male,Silver,Cash,Talabat,45,9.3,123,40.0,56.0,4.0,0,Ice Cream,Delta,0,15,51.13,416.33,2024,3,11,Afternoon,No Discount,Hot
103601,2024-02-07 12:00:00,Mansoura-Mashaya,Sweet Koshary Mix,Small,115.75,3,0.0,Pistachio,54507,65.0,Male,Bronze,Wallet,In-store,27,4.1,124,41.4,27.1,2.0,0,Signature,Delta,0,12,48.62,395.87,2024,2,7,Afternoon,No Discount,Hot
106491,2024-03-08 14:30:00,Cairo-Nasr City,Sweet Koshary Mix,Small,113.39,5,0.0,Lotus,77495,69.0,Female,Gold,Cash,Mobile App,39,12.5,148,28.4,36.1,1.0,0,Signature,Greater Cairo,1,14,79.37,646.32,2024,3,8,Afternoon,No Discount,Hot
108610,2024-03-30 16:15:00,Tanta-Saeed,Super B.Laban,Medium,44.45,4,0.0,Nutella,74625,57.0,Female,Unknown,Credit Card,Talabat,66,12.3,110,27.0,79.4,3.0,0,Signature,Delta,1,16,24.89,202.69,2024,3,30,Afternoon,No Discount,Hot
109979,2024-04-13 22:30:00,Cairo-Zamalek,Super B.Laban,Small,74.09,1,0.05,Pistachio,75211,71.0,Male,Silver,Instapay,Talabat,41,12.9,134,29.5,80.9,3.0,0,Signature,Greater Cairo,1,22,10.37,84.46000000000001,2024,4,13,Late Night,Low Discount,Hot
108071,2024-03-25 01:30:00,Dubai-Marina,Sweet Koshary Mix,Large,76.3,9,0.0,Pistachio,52269,61.0,Female,Silver,Wallet,Talabat,61,2.6,123,16.8,57.7,1.0,0,Signature,UAE,0,1,96.14,782.8399999999999,2024,3,25,Late Night,No Discount,Cold
108578,2024-03-30 08:15:00,Riyadh-Olaya,Rice Pudding Oven,Medium,154.87,6,0.0,Nuts,53585,34.0,Male,Unknown,Instapay,Talabat,37,10.5,144,41.9,64.2,3.0,0,Traditional,KSA,1,8,130.09,1059.31,2024,3,30,Morning,No Discount,Hot
107974,2024-03-24 01:15:00,Giza-Zayed,Rice Pudding Nuts,Large,169.05,4,0.0,Nutella,54026,39.0,Male,Gold,Cash,In-store,96,8.6,145,21.2,47.5,1.0,0,Traditional,Greater Cairo,1,1,94.67,770.87,2024,3,24,Late Night,No Discount,Moderate
101626,2024-01-17 22:15:00,Dubai-Marina,Rice Pudding Oven,Small,66.25,1,0.0,Nuts,55933,69.0,Male,Unknown,Wallet,ElMenus,57,4.2,136,16.7,72.8,2.0,0,Traditional,UAE,0,22,9.28,75.53,2024,1,17,Late Night,No Discount,Cold
100537,2024-01-06 14:00:00,Riyadh-Olaya,Sweet Koshary Mix,Medium,49.93,4,0.15,Nutella,85494,13.0,Male,Silver,Instapay,ElMenus,50,10.9,109,25.0,67.3,1.0,0,Signature,KSA,1,14,27.96,227.68,2024,1,6,Afternoon,Medium Discount,Hot
108767,2024-04-01 07:30:00,Mansoura-Mashaya,Qishtouza Lotus,Medium,79.13,9,0.0,Nutella,68150,47.0,Female,Silver,Instapay,Mobile App,45,9.5,110,24.5,84.5,2.0,0,Modern,Delta,0,7,99.7,811.87,2024,4,1,Morning,No Discount,Moderate
107971,2024-03-24 00:30:00,Mansoura-Mashaya,Om Ali Cream,Small,114.02,10,0.1,none,81772,43.5,Female,Gold,Instapay,In-store,107,6.5,125,24.5,76.2,1.0,1,Traditional,Delta,1,0,159.63,1299.83,2024,3,24,Late Night,Medium Discount,Moderate
104213,2024-02-13 21:00:00,Alex-Stanly,Qishtouza Nutella,Medium,141.51,2,0.0,Nuts,88774,62.0,Male,Unknown,Instapay,Mobile App,47,2.4,113,18.6,69.3,2.0,0,Modern,Alexandria,0,21,39.62,322.64,2024,2,13,Evening,No Discount,Cold
106457,2024-03-08 06:00:00,Giza-Zayed,Super B.Laban,Medium,52.28,9,0.0,Nutella,85520,59.0,Female,Gold,Credit Card,In-store,106,2.7,136,34.2,59.6,3.0,0,Signature,Greater Cairo,1,6,65.87,536.39,2024,3,8,Morning,No Discount,Hot
103508,2024-02-06 12:45:00,Mansoura-Mashaya,Ice Cream Mango,Large,137.05,5,0.0,none,53836,43.5,Male,Silver,Wallet,In-store,68,9.1,133,35.1,51.6,5.0,0,Ice Cream,Delta,0,12,95.94,781.19,2024,2,6,Afternoon,No Discount,Hot
108394,2024-03-28 10:15:00,Cairo-Nasr City,Super B.Laban,Medium,81.44,5,0.0,Lotus,72777,65.0,Female,Silver,Cash,Talabat,29,8.2,148,26.2,24.1,2.0,0,Signature,Greater Cairo,0,10,57.01,464.21,2024,3,28,Morning,No Discount,Hot
107113,2024-03-15 02:00:00,Riyadh-Olaya,Rice Pudding Oven,Medium,179.35,3,0.0,Lotus,56342,72.0,Female,Bronze,Credit Card,ElMenus,109,13.9,120,21.9,72.0,3.0,0,Traditional,KSA,1,2,75.33,613.38,2024,3,15,Late Night,No Discount,Moderate
102709,2024-01-29 05:00:00,Riyadh-Olaya,Qishtouza Nutella,Medium,67.44,1,0.0,Nuts,80324,26.0,Male,Unknown,Cash,Talabat,113,3.0,131,33.1,89.4,1.0,0,Modern,KSA,0,5,9.44,76.88,2024,1,29,Morning,No Discount,Hot
105032,2024-02-22 09:45:00,Dubai-Marina,Rice Pudding Oven,Large,137.76,6,0.0,Nuts,66916,49.0,Male,Unknown,Wallet,Talabat,61,3.3,108,34.8,22.7,5.0,0,Traditional,UAE,0,9,115.72,942.28,2024,2,22,Morning,No Discount,Hot
106515,2024-03-08 20:30:00,Dubai-Marina,Ice Cream Mango,Large,59.82,7,0.05,none,60814,61.0,Male,Unknown,Cash,Talabat,32,4.1,126,42.2,66.5,2.0,0,Ice Cream,UAE,1,20,58.62,477.36,2024,3,8,Evening,Low Discount,Hot
104663,2024-02-18 13:30:00,Dubai-Marina,Qishtouza Lotus,Medium,120.07,7,0.0,Nuts,62873,49.0,Female,Silver,Wallet,ElMenus,55,1.2,109,27.7,58.6,3.0,0,Modern,UAE,1,13,117.67,958.16,2024,2,18,Afternoon,No Discount,Hot
104022,2024-02-11 21:15:00,Alex-Stanly,Qishtouza Lotus,Medium,94.95,10,0.0,none,88791,74.0,Female,Bronze,Cash,In-store,89,2.5,145,32.8,76.9,1.0,0,Modern,Alexandria,1,21,132.93,1082.43,2024,2,11,Evening,No Discount,Hot
101855,2024-01-20 07:30:00,Riyadh-Olaya,Rice Pudding Nuts,Medium,143.96,10,0.0,none,80183,43.5,Female,Bronze,Instapay,ElMenus,69,4.2,144,36.3,65.1,1.0,0,Traditional,KSA,1,7,201.54,1641.14,2024,1,20,Morning,No Discount,Hot
109426,2024-04-08 04:15:00,Dubai-Marina,Ice Cream Mango,Medium,162.38,3,0.05,Pistachio,66656,38.0,Female,Unknown,Wallet,ElMenus,102,13.3,139,40.2,55.3,1.0,0,Ice Cream,UAE,0,4,68.2,555.34,2024,4,8,Late Night,Low Discount,Hot
102873,2024-01-30 22:00:00,Mansoura-Mashaya,Sweet Koshary Mix,Medium,134.64,3,0.0,Lotus,70486,43.5,Female,Gold,Credit Card,In-store,102,9.0,127,39.8,57.7,1.0,0,Signature,Delta,0,22,56.55,460.46999999999997,2024,1,30,Late Night,No Discount,Hot
103031,2024-02-01 13:30:00,Dubai-Marina,Ice Cream Mango,Medium,71.26,3,0.15,Pistachio,50085,12.0,Female,Unknown,Cash,ElMenus,102,1.2,103,24.8,28.4,3.0,0,Ice Cream,UAE,0,13,29.93,243.71000000000004,2024,2,1,Afternoon,Medium Discount,Moderate
101646,2024-01-18 03:15:00,Alex-Stanly,Qishtouza Nutella,Small,177.76,10,0.0,Pistachio,87945,56.0,Male,Unknown,Wallet,In-store,12,2.1,115,43.8,81.6,4.0,0,Modern,Alexandria,0,3,248.86,2026.46,2024,1,18,Late Night,No Discount,Hot
103418,2024-02-05 14:15:00,Cairo-Zamalek,Om Ali Cream,Large,174.2,9,0.0,Nutella,89044,63.0,Male,Gold,Credit Card,ElMenus,114,9.1,143,36.1,50.0,4.0,0,Traditional,Greater Cairo,0,14,219.49,1787.29,2024,2,5,Afternoon,No Discount,Hot
103477,2024-02-06 05:00:00,Dubai-Marina,Rice Pudding Nuts,Small,83.43,4,0.0,none,74298,56.0,Male,Gold,Wallet,Talabat,43,1.4,108,42.0,38.7,1.0,0,Traditional,UAE,0,5,46.72,380.44000000000005,2024,2,6,Morning,No Discount,Hot
109553,2024-04-09 12:00:00,Tanta-Saeed,Ice Cream Mango,Large,57.5,10,0.05,Pistachio,86008,13.0,Male,Unknown,Cash,Mobile App,94,6.6,148,38.8,33.0,2.0,0,Ice Cream,Delta,0,12,80.5,655.5,2024,4,9,Afternoon,Low Discount,Hot
101793,2024-01-19 16:00:00,Dubai-Marina,Super B.Laban,Large,77.2,9,0.0,none,72564,70.0,Female,Silver,Cash,Talabat,91,13.8,121,41.6,83.3,3.0,0,Signature,UAE,1,16,97.27,792.07,2024,1,19,Afternoon,No Discount,Hot
103798,2024-02-09 13:15:00,Riyadh-Olaya,Qishtouza Nutella,Medium,102.16,9,0.15,Lotus,67017,14.0,Male,Unknown,Wallet,In-store,93,6.2,135,41.2,24.6,1.0,0,Modern,KSA,1,13,128.72,1048.1599999999999,2024,2,9,Afternoon,Medium Discount,Hot
103369,2024-02-05 02:00:00,Cairo-Nasr City,Sweet Koshary Mix,Large,42.92,3,0.0,none,50527,54.0,Female,Gold,Instapay,Mobile App,58,1.9,142,36.2,36.4,3.0,0,Signature,Greater Cairo,0,2,18.03,146.79,2024,2,5,Late Night,No Discount,Hot
107197,2024-03-15 23:00:00,Cairo-Nasr City,Super B.Laban,Small,148.38,9,0.15,Nuts,71763,43.5,Female,Bronze,Wallet,Mobile App,83,7.1,143,29.1,41.2,1.0,0,Signature,Greater Cairo,1,23,186.96,1522.38,2024,3,15,Late Night,Medium Discount,Hot
109642,2024-04-10 10:15:00,Giza-Zayed,Sweet Koshary Mix,Large,167.23,1,0.0,Pistachio,52479,58.0,Male,Unknown,Instapay,ElMenus,47,12.4,114,33.6,30.7,5.0,0,Signature,Greater Cairo,0,10,23.41,190.64,2024,4,10,Morning,No Discount,Hot
105110,2024-02-23 05:15:00,Mansoura-Mashaya,Sweet Koshary Mix,Small,41.36,7,0.0,none,74677,61.0,Male,Unknown,Instapay,Mobile App,107,1.8,102,28.7,58.8,2.0,0,Signature,Delta,1,5,40.53,330.04999999999995,2024,2,23,Morning,No Discount,Hot
106025,2024-03-03 18:00:00,Alex-Stanly,Sweet Koshary Mix,Large,61.95,1,0.0,none,73527,50.0,Male,Gold,Credit Card,Talabat,26,3.9,116,43.3,51.8,5.0,0,Signature,Alexandria,1,18,8.67,70.62,2024,3,3,Evening,No Discount,Hot
108796,2024-04-01 14:45:00,Cairo-Zamalek,Om Ali Cream,Medium,71.03,2,0.1,Nuts,55188,26.0,Female,Bronze,Wallet,ElMenus,55,5.4,120,21.3,29.7,4.0,0,Traditional,Greater Cairo,0,14,19.89,161.95,2024,4,1,Afternoon,Medium Discount,Moderate
109295,2024-04-06 19:30:00,Giza-Zayed,Qishtouza Lotus,Large,44.15,3,0.05,Lotus,63185,43.5,Male,Silver,Cash,Talabat,92,7.8,149,19.8,39.8,1.0,1,Modern,Greater Cairo,1,19,18.54,150.98999999999998,2024,4,6,Evening,Low Discount,Cold
100127,2024-01-02 07:30:00,Cairo-Zamalek,Qishtouza Lotus,Medium,137.34,10,0.05,Nutella,70140,49.0,Male,Bronze,Instapay,Mobile App,57,12.0,133,26.9,85.8,4.0,0,Modern,Greater Cairo,0,7,192.28,1565.68,2024,1,2,Morning,Low Discount,Hot
105960,2024-03-03 01:45:00,Cairo-Zamalek,Super B.Laban,Small,143.88,2,0.0,Nuts,87542,19.0,Female,Gold,Wallet,Mobile App,104,13.9,108,35.9,34.9,5.0,0,Signature,Greater Cairo,1,1,40.29,328.05,2024,3,3,Late Night,No Discount,Hot
103877,2024-02-10 09:00:00,Cairo-Nasr City,Qishtouza Nutella,Medium,87.72,9,0.15,none,50428,28.0,Male,Silver,Cash,Mobile App,12,10.8,124,15.9,72.4,2.0,0,Modern,Greater Cairo,1,9,110.53,900.01,2024,2,10,Morning,Medium Discount,Cold
104452,2024-02-16 08:45:00,Giza-Zayed,Sweet Koshary Mix,Small,91.02,2,0.0,Lotus,56236,35.0,Female,Silver,Wallet,ElMenus,105,12.2,128,43.4,44.9,3.0,0,Signature,Greater Cairo,1,8,25.49,207.53,2024,2,16,Morning,No Discount,Hot
107148,2024-03-15 10:45:00,Riyadh-Olaya,Super B.Laban,Medium,131.3,5,0.0,none,70442,13.0,Female,Unknown,Wallet,ElMenus,83,4.8,119,44.6,75.3,3.0,0,Signature,KSA,1,10,91.91,748.41,2024,3,15,Morning,No Discount,Hot
103532,2024-02-06 18:45:00,Riyadh-Olaya,Qishtouza Nutella,Medium,175.53,4,0.0,Nuts,69053,18.0,Female,Silver,Cash,ElMenus,49,6.3,124,19.1,74.5,3.0,0,Modern,KSA,0,18,98.3,800.42,2024,2,6,Evening,No Discount,Cold
100828,2024-01-09 14:45:00,Cairo-Zamalek,Rice Pudding Oven,Large,79.46,9,0.05,Nuts,50643,43.5,Female,Gold,Wallet,Talabat,62,10.2,109,16.7,46.7,4.0,0,Traditional,Greater Cairo,0,14,100.12,815.26,2024,1,9,Afternoon,Low Discount,Cold
107791,2024-03-22 03:30:00,Alex-Stanly,Qishtouza Lotus,Large,123.1,11,0.0,Nutella,52291,71.0,Male,Unknown,Credit Card,In-store,60,2.3,115,29.1,89.7,5.0,0,Modern,Alexandria,1,3,189.57,1543.6699999999998,2024,3,22,Late Night,No Discount,Hot
100985,2024-01-11 06:00:00,Riyadh-Olaya,Ice Cream Mango,Medium,167.82,1,0.05,none,67909,18.0,Female,Gold,Cash,Mobile App,45,11.5,106,31.6,38.7,3.0,0,Ice Cream,KSA,0,6,23.49,191.31,2024,1,11,Morning,Low Discount,Hot
107784,2024-03-22 01:45:00,Cairo-Zamalek,Rice Pudding Nuts,Small,168.65,6,0.15,Nuts,53411,54.0,Female,Bronze,Wallet,ElMenus,82,8.2,105,23.2,87.7,3.0,0,Traditional,Greater Cairo,1,1,141.67,1153.5700000000002,2024,3,22,Late Night,Medium Discount,Moderate
102444,2024-01-26 10:45:00,Riyadh-Olaya,Ice Cream Mango,Medium,143.37,6,0.0,none,67523,16.0,Female,Bronze,Instapay,Talabat,37,8.6,123,21.2,86.3,5.0,0,Ice Cream,KSA,1,10,120.43,980.6500000000001,2024,1,26,Morning,No Discount,Moderate
108555,2024-03-30 02:30:00,Giza-Zayed,Ice Cream Mango,Medium,120.36,10,0.0,Nutella,72386,20.0,Female,Silver,Instapay,In-store,119,7.0,118,25.5,78.1,4.0,0,Ice Cream,Greater Cairo,1,2,168.5,1372.1,2024,3,30,Late Night,No Discount,Hot
100346,2024-01-04 14:15:00,Dubai-Marina,Qishtouza Nutella,Medium,119.6,8,0.15,Nutella,68087,46.0,Female,Bronze,Wallet,ElMenus,104,8.9,121,32.6,23.1,3.0,0,Modern,UAE,0,14,133.95,1090.75,2024,1,4,Afternoon,Medium Discount,Hot
100815,2024-01-09 11:30:00,Giza-Zayed,Qishtouza Lotus,Large,59.43,3,0.0,Nutella,59675,61.0,Female,Unknown,Cash,Talabat,98,8.3,147,29.6,68.4,2.0,0,Modern,Greater Cairo,0,11,24.96,203.25,2024,1,9,Morning,No Discount,Hot
106167,2024-03-05 05:30:00,Tanta-Saeed,Om Ali Cream,Medium,169.59,11,0.0,Nutella,52202,43.5,Male,Bronze,Credit Card,In-store,16,8.6,137,37.9,75.2,3.0,0,Traditional,Delta,0,5,261.17,2126.66,2024,3,5,Morning,No Discount,Hot
105780,2024-03-01 04:45:00,Dubai-Marina,Super B.Laban,Large,92.14,5,0.0,Nuts,60588,46.0,Female,Unknown,Credit Card,ElMenus,25,3.8,130,19.4,42.0,4.0,0,Signature,UAE,1,4,64.5,525.2,2024,3,1,Late Night,No Discount,Cold
102117,2024-01-23 01:00:00,Mansoura-Mashaya,Super B.Laban,Medium,165.77,7,0.0,Nutella,63414,61.0,Female,Silver,Cash,In-store,64,6.1,104,21.0,38.5,3.0,0,Signature,Delta,0,1,162.45,1322.8400000000001,2024,1,23,Late Night,No Discount,Moderate
100794,2024-01-09 06:15:00,Giza-Zayed,Om Ali Cream,Small,84.13,11,0.0,Nutella,50215,43.5,Female,Gold,Wallet,Mobile App,101,2.5,112,35.8,67.0,3.0,0,Traditional,Greater Cairo,0,6,129.56,1054.99,2024,1,9,Morning,No Discount,Hot
106899,2024-03-12 20:30:00,Alex-Stanly,Ice Cream Mango,Large,89.04,11,0.15,Nuts,84233,64.0,Female,Unknown,Credit Card,Mobile App,88,3.9,115,26.3,23.0,5.0,0,Ice Cream,Alexandria,0,20,137.12,1116.56,2024,3,12,Evening,Medium Discount,Hot
102675,2024-01-28 20:30:00,Alex-Stanly,Ice Cream Mango,Medium,96.61,9,0.0,Pistachio,63326,73.0,Female,Unknown,Credit Card,Mobile App,91,4.8,146,21.6,46.2,1.0,0,Ice Cream,Alexandria,1,20,121.73,991.22,2024,1,28,Evening,No Discount,Moderate
100095,2024-01-01 23:30:00,Tanta-Saeed,Ice Cream Mango,Large,128.44,4,0.0,Pistachio,80949,52.0,Female,Gold,Instapay,In-store,41,9.8,134,16.7,85.1,1.0,0,Ice Cream,Delta,0,23,71.93,585.69,2024,1,1,Late Night,No Discount,Cold
104226,2024-02-14 00:15:00,Riyadh-Olaya,Rice Pudding Nuts,Medium,62.95,11,0.0,Nutella,81412,43.5,Female,Gold,Instapay,Talabat,35,7.0,124,23.2,48.3,5.0,0,Traditional,KSA,0,0,96.94,789.3900000000001,2024,2,14,Late Night,No Discount,Moderate
103757,2024-02-09 03:00:00,Dubai-Marina,Ice Cream Mango,Medium,83.26,11,0.0,Pistachio,61782,36.0,Female,Gold,Instapay,Talabat,50,10.5,116,42.4,35.6,3.0,0,Ice Cream,UAE,1,3,128.22,1044.08,2024,2,9,Late Night,No Discount,Hot
102892,2024-01-31 02:45:00,Dubai-Marina,Qishtouza Nutella,Medium,57.44,4,0.0,Pistachio,52960,67.0,Male,Bronze,Instapay,ElMenus,42,3.5,115,27.8,81.0,3.0,0,Modern,UAE,0,2,32.17,261.93,2024,1,31,Late Night,No Discount,Hot
102372,2024-01-25 16:45:00,Giza-Zayed,Ice Cream Mango,Medium,168.79,1,0.05,Nuts,82736,16.0,Female,Bronze,Cash,Talabat,28,7.9,134,29.7,48.5,4.0,0,Ice Cream,Greater Cairo,0,16,23.63,192.42,2024,1,25,Afternoon,Low Discount,Hot
109389,2024-04-07 19:00:00,Tanta-Saeed,Sweet Koshary Mix,Medium,115.35,3,0.0,Pistachio,85476,19.0,Male,Unknown,Wallet,In-store,62,1.5,123,33.7,50.4,5.0,0,Signature,Delta,1,19,48.45,394.49999999999994,2024,4,7,Evening,No Discount,Hot
103229,2024-02-03 15:00:00,Alex-Stanly,Super B.Laban,Small,59.43,4,0.0,Lotus,65754,74.0,Female,Silver,Cash,ElMenus,78,4.0,133,26.6,81.9,3.0,0,Signature,Alexandria,1,15,33.28,271.0,2024,2,3,Afternoon,No Discount,Hot
107864,2024-03-22 21:45:00,Cairo-Zamalek,Rice Pudding Oven,Small,126.02,8,0.1,none,75362,59.0,Female,Bronze,Instapay,In-store,61,13.7,140,26.0,35.4,2.0,0,Traditional,Greater Cairo,1,21,141.14,1149.3,2024,3,22,Evening,Medium Discount,Hot
106360,2024-03-07 05:45:00,Alex-Stanly,Rice Pudding Oven,Large,87.27,4,0.0,Nuts,71579,50.0,Male,Bronze,Cash,Mobile App,14,0.7,107,23.0,46.9,1.0,0,Traditional,Alexandria,0,5,48.87,397.95,2024,3,7,Morning,No Discount,Moderate
109197,2024-04-05 19:00:00,Alex-Stanly,Ice Cream Mango,Small,162.28,8,0.0,none,84824,68.0,Female,Gold,Credit Card,Mobile App,56,11.5,108,22.0,26.2,2.0,0,Ice Cream,Alexandria,1,19,181.75,1479.99,2024,4,5,Evening,No Discount,Moderate
107327,2024-03-17 07:30:00,Giza-Zayed,Om Ali Cream,Medium,110.01,10,0.0,Pistachio,59094,33.0,Female,Silver,Wallet,Talabat,94,4.0,144,16.7,70.2,4.0,0,Traditional,Greater Cairo,1,7,154.01,1254.1100000000001,2024,3,17,Morning,No Discount,Cold
106029,2024-03-03 19:00:00,Cairo-Nasr City,Super B.Laban,Medium,92.04,10,0.05,none,61444,30.0,Female,Bronze,Instapay,ElMenus,76,15.0,108,36.0,70.5,4.0,0,Signature,Greater Cairo,1,19,128.86,1049.2600000000002,2024,3,3,Evening,Low Discount,Hot
101866,2024-01-20 10:15:00,Cairo-Zamalek,Ice Cream Mango,Small,178.67,1,0.0,Nuts,72266,19.0,Female,Bronze,Credit Card,Talabat,58,4.0,134,22.6,82.2,3.0,0,Ice Cream,Greater Cairo,1,10,25.01,203.67999999999998,2024,1,20,Morning,No Discount,Moderate
104613,2024-02-18 01:00:00,Mansoura-Mashaya,Rice Pudding Nuts,Medium,114.42,2,0.1,Pistachio,67498,67.0,Female,Silver,Cash,Mobile App,96,7.2,117,44.2,83.9,3.0,0,Traditional,Delta,1,1,32.04,260.88,2024,2,18,Late Night,Medium Discount,Hot
102646,2024-01-28 13:15:00,Alex-Stanly,Om Ali Cream,Medium,42.8,10,0.0,Nuts,73303,43.5,Male,Bronze,Wallet,Talabat,21,7.5,120,37.0,28.3,2.0,0,Traditional,Alexandria,1,13,59.92,487.92,2024,1,28,Afternoon,No Discount,Hot
102244,2024-01-24 08:45:00,Cairo-Zamalek,Om Ali Cream,Large,139.27,9,0.1,Lotus,79830,53.0,Female,Bronze,Instapay,Mobile App,44,14.1,130,32.1,48.5,3.0,0,Traditional,Greater Cairo,0,8,175.48,1428.91,2024,1,24,Morning,Medium Discount,Hot
105374,2024-02-25 23:15:00,Tanta-Saeed,Rice Pudding Nuts,Medium,122.67,11,0.05,none,63164,69.0,Female,Unknown,Credit Card,Mobile App,88,5.0,131,28.9,42.3,5.0,0,Traditional,Delta,1,23,188.91,1538.2800000000002,2024,2,25,Late Night,Low Discount,Hot
102337,2024-01-25 08:00:00,Dubai-Marina,Sweet Koshary Mix,Small,165.91,2,0.0,Pistachio,69227,14.0,Female,Unknown,Credit Card,In-store,70,5.0,105,43.7,84.1,3.0,0,Signature,UAE,0,8,46.45,378.27,2024,1,25,Morning,No Discount,Hot
100951,2024-01-10 21:30:00,Alex-Stanly,Om Ali Cream,Small,176.55,3,0.0,Pistachio,73828,18.0,Female,Unknown,Cash,In-store,14,8.8,108,37.9,89.7,3.0,0,Traditional,Alexandria,0,21,74.15,603.8000000000001,2024,1,10,Evening,No Discount,Hot
101121,2024-01-12 16:00:00,Cairo-Zamalek,Rice Pudding Nuts,Large,97.56,10,0.0,Pistachio,53006,73.0,Female,Silver,Wallet,Mobile App,77,1.7,101,26.3,36.0,3.0,0,Traditional,Greater Cairo,1,16,136.58,1112.18,2024,1,12,Afternoon,No Discount,Hot
102205,2024-01-23 23:00:00,Cairo-Nasr City,Ice Cream Mango,Small,132.1,6,0.0,none,51068,43.5,Male,Unknown,Cash,In-store,67,7.7,140,31.3,84.5,3.0,0,Ice Cream,Greater Cairo,0,23,110.96,903.56,2024,1,23,Late Night,No Discount,Hot
100420,2024-01-05 08:45:00,Tanta-Saeed,Rice Pudding Nuts,Medium,85.0,-5,0.0,Lotus,89721,55.0,Male,Bronze,Cash,In-store,42,3.9,117,38.4,24.4,1.0,0,Traditional,Delta,1,8,11.9,-413.1,2024,1,5,Morning,No Discount,Hot
100923,2024-01-10 14:30:00,Cairo-Nasr City,Qishtouza Lotus,Medium,73.16,10,0.0,Nuts,75755,53.0,Male,Bronze,Cash,In-store,37,3.2,118,36.8,69.1,1.0,0,Modern,Greater Cairo,0,14,102.42,834.0199999999999,2024,1,10,Afternoon,No Discount,Hot
108670,2024-03-31 07:15:00,Giza-Zayed,Sweet Koshary Mix,Large,121.14,6,0.0,Nuts,75132,59.0,Female,Bronze,Instapay,In-store,58,12.9,144,30.4,53.5,3.0,0,Signature,Greater Cairo,1,7,101.76,828.6,2024,3,31,Morning,No Discount,Hot
105409,2024-02-26 08:00:00,Alex-Stanly,Om Ali Cream,Medium,99.74,7,0.1,Nuts,73974,67.0,Female,Bronze,Instapay,ElMenus,101,14.7,125,42.7,26.0,4.0,0,Traditional,Alexandria,0,8,97.75,795.93,2024,2,26,Morning,Medium Discount,Hot
105789,2024-03-01 07:00:00,Alex-Stanly,Super B.Laban,Medium,155.15,10,0.0,Nutella,74397,52.0,Female,Gold,Credit Card,In-store,28,5.0,141,19.6,66.0,3.0,0,Signature,Alexandria,1,7,217.21,1768.71,2024,3,1,Morning,No Discount,Cold
105743,2024-02-29 19:30:00,Dubai-Marina,Rice Pudding Nuts,Large,51.12,4,0.15,Nutella,53934,30.0,Male,Gold,Instapay,ElMenus,64,9.1,139,27.5,28.4,1.0,0,Traditional,UAE,0,19,28.63,233.10999999999999,2024,2,29,Evening,Medium Discount,Hot
107668,2024-03-20 20:45:00,Mansoura-Mashaya,Qishtouza Nutella,Medium,78.18,9,0.1,Nutella,76754,24.0,Male,Bronze,Credit Card,Mobile App,38,2.6,127,17.3,53.2,1.0,0,Modern,Delta,0,20,98.51,802.1300000000001,2024,3,20,Evening,Medium Discount,Cold
105568,2024-02-27 23:45:00,Cairo-Zamalek,Rice Pudding Oven,Medium,102.21,6,0.0,Nutella,60853,70.0,Female,Unknown,Cash,Mobile App,49,3.8,113,30.0,28.6,1.0,0,Traditional,Greater Cairo,0,23,85.86,699.12,2024,2,27,Late Night,No Discount,Hot
108136,2024-03-25 17:45:00,Cairo-Zamalek,Om Ali Cream,Large,65.53,7,0.0,Pistachio,53694,43.0,Female,Bronze,Cash,ElMenus,23,14.3,127,36.4,73.3,5.0,0,Traditional,Greater Cairo,0,17,64.22,522.9300000000001,2024,3,25,Evening,No Discount,Hot
101203,2024-01-13 12:30:00,Giza-Zayed,Ice Cream Mango,Medium,160.84,8,0.05,none,83079,70.0,Female,Silver,Cash,Mobile App,49,8.3,118,25.0,45.8,3.0,0,Ice Cream,Greater Cairo,1,12,180.14,1466.8600000000001,2024,1,13,Afternoon,Low Discount,Hot
105766,2024-03-01 01:15:00,Tanta-Saeed,Ice Cream Mango,Small,87.45,4,0.0,Nutella,62441,41.0,Female,Unknown,Cash,In-store,34,11.1,114,42.9,52.5,2.0,0,Ice Cream,Delta,1,1,48.97,398.77,2024,3,1,Late Night,No Discount,Hot
108390,2024-03-28 09:15:00,Alex-Stanly,Super B.Laban,Large,71.86,10,0.0,none,82252,43.5,Female,Unknown,Cash,In-store,16,6.6,149,44.7,28.2,4.0,0,Signature,Alexandria,0,9,100.6,819.2,2024,3,28,Morning,No Discount,Hot
101971,2024-01-21 12:30:00,Cairo-Nasr City,Qishtouza Nutella,Small,73.98,3,0.15,none,81146,13.0,Male,Unknown,Instapay,Mobile App,21,4.3,148,41.0,29.7,2.0,0,Modern,Greater Cairo,1,12,31.07,253.01,2024,1,21,Afternoon,Medium Discount,Hot
104019,2024-02-11 20:30:00,Mansoura-Mashaya,Om Ali Cream,Large,75.71,8,0.0,none,60632,43.5,Female,Unknown,Credit Card,ElMenus,30,4.1,127,40.5,78.2,4.0,0,Traditional,Delta,1,20,84.8,690.4799999999999,2024,2,11,Evening,No Discount,Hot
103688,2024-02-08 09:45:00,Cairo-Zamalek,Super B.Laban,Large,106.52,3,0.0,Lotus,86877,34.0,Male,Unknown,Instapay,Mobile App,104,14.3,142,34.7,84.9,4.0,0,Signature,Greater Cairo,0,9,44.74,364.3,2024,2,8,Morning,No Discount,Hot
101998,2024-01-21 19:15:00,Cairo-Nasr City,Qishtouza Lotus,Medium,143.88,3,0.15,Nutella,54984,35.0,Male,Unknown,Instapay,In-store,111,12.1,114,22.7,35.8,1.0,0,Modern,Greater Cairo,1,19,60.43,492.07,2024,1,21,Evening,Medium Discount,Moderate
104034,2024-02-12 00:15:00,Tanta-Saeed,Sweet Koshary Mix,Medium,98.95,1,0.0,Nutella,76823,45.0,Male,Bronze,Credit Card,Talabat,36,10.8,119,36.8,22.8,3.0,0,Signature,Delta,0,0,13.85,112.8,2024,2,12,Late Night,No Discount,Hot
101249,2024-01-14 00:00:00,Cairo-Zamalek,Om Ali Cream,Medium,65.92,10,0.0,none,76489,31.0,Female,Silver,Wallet,Talabat,14,13.3,142,25.1,28.3,1.0,1,Traditional,Greater Cairo,1,0,92.29,751.49,2024,1,14,Late Night,No Discount,Hot
102193,2024-01-23 20:00:00,Cairo-Zamalek,Rice Pudding Oven,Large,72.25,5,0.0,Nutella,75160,43.5,Male,Unknown,Wallet,ElMenus,40,14.4,117,24.4,40.9,3.0,0,Traditional,Greater Cairo,0,20,50.58,411.83,2024,1,23,Evening,No Discount,Moderate
102713,2024-01-29 06:00:00,Cairo-Zamalek,Ice Cream Mango,Medium,166.86,2,0.0,none,55230,43.5,Female,Unknown,Cash,Mobile App,34,2.0,126,27.3,35.9,3.0,0,Ice Cream,Greater Cairo,0,6,46.72,380.44000000000005,2024,1,29,Morning,No Discount,Hot
102191,2024-01-23 19:30:00,Cairo-Zamalek,Qishtouza Nutella,Medium,74.67,3,0.15,Nutella,53724,20.0,Male,Gold,Wallet,Mobile App,81,10.6,149,25.6,33.8,1.0,0,Modern,Greater Cairo,0,19,31.36,255.37,2024,1,23,Evening,Medium Discount,Hot
104671,2024-02-18 15:30:00,Tanta-Saeed,Qishtouza Nutella,Medium,44.1,7,0.1,Pistachio,84596,52.0,Female,Silver,Credit Card,Mobile App,62,9.6,130,23.2,68.5,3.0,0,Modern,Delta,1,15,43.22,351.91999999999996,2024,2,18,Afternoon,Medium Discount,Moderate
105143,2024-02-23 13:30:00,Alex-Stanly,Om Ali Cream,Large,124.09,7,0.0,none,76125,22.0,Male,Gold,Cash,Talabat,32,11.0,144,16.3,85.9,2.0,0,Traditional,Alexandria,1,13,121.61,990.24,2024,2,23,Afternoon,No Discount,Cold
105985,2024-03-03 08:00:00,Alex-Stanly,Om Ali Cream,Medium,174.32,8,0.1,none,71433,43.5,Female,Gold,Wallet,Talabat,45,3.8,145,34.4,66.1,2.0,1,Traditional,Alexandria,1,8,195.24,1589.8,2024,3,3,Morning,Medium Discount,Hot
106566,2024-03-09 09:15:00,Cairo-Nasr City,Rice Pudding Nuts,Large,153.19,8,0.0,Nuts,73790,68.0,Female,Unknown,Instapay,Mobile App,21,1.6,128,36.0,66.0,2.0,0,Traditional,Greater Cairo,1,9,171.57,1397.09,2024,3,9,Morning,No Discount,Hot
107805,2024-03-22 07:00:00,Dubai-Marina,Rice Pudding Nuts,Large,95.25,2,0.05,none,67873,15.0,Female,Gold,Wallet,Talabat,98,10.7,115,33.2,37.9,3.0,0,Traditional,UAE,1,7,26.67,217.17000000000002,2024,3,22,Morning,Low Discount,Hot
106944,2024-03-13 07:45:00,Cairo-Nasr City,Ice Cream Mango,Medium,151.66,2,0.1,Pistachio,73199,32.0,Female,Bronze,Cash,In-store,85,14.1,132,16.9,43.7,3.0,0,Ice Cream,Greater Cairo,0,7,42.46,345.78,2024,3,13,Morning,Medium Discount,Cold
102137,2024-01-23 06:00:00,Tanta-Saeed,Om Ali Cream,Large,69.41,11,0.05,Pistachio,79057,43.5,Female,Silver,Cash,In-store,78,8.0,144,20.6,57.1,5.0,0,Traditional,Delta,0,6,106.89,870.4,2024,1,23,Morning,Low Discount,Moderate
101066,2024-01-12 02:15:00,Alex-Stanly,Om Ali Cream,Small,121.23,4,0.0,none,77394,28.0,Female,Silver,Cash,ElMenus,101,5.5,140,19.5,86.9,4.0,0,Traditional,Alexandria,1,2,67.89,552.8100000000001,2024,1,12,Late Night,No Discount,Cold
100601,2024-01-07 06:00:00,Mansoura-Mashaya,Om Ali Cream,Small,159.17,1,0.0,none,73907,14.0,Female,Gold,Instapay,In-store,38,9.1,144,40.6,89.0,2.0,0,Traditional,Delta,1,6,22.28,181.45,2024,1,7,Morning,No Discount,Hot
104228,2024-02-14 00:45:00,Riyadh-Olaya,Sweet Koshary Mix,Small,135.78,11,0.0,Lotus,85208,49.0,Female,Bronze,Cash,ElMenus,31,5.1,122,42.5,42.9,3.0,0,Signature,KSA,0,0,209.1,1702.6799999999998,2024,2,14,Late Night,No Discount,Hot
107578,2024-03-19 22:15:00,Alex-Stanly,Rice Pudding Nuts,Small,84.6,8,0.1,Lotus,53997,43.5,Male,Bronze,Wallet,Talabat,23,1.9,116,39.4,63.8,1.0,0,Traditional,Alexandria,0,22,94.75,771.55,2024,3,19,Late Night,Medium Discount,Hot
100078,2024-01-01 19:15:00,Giza-Zayed,Rice Pudding Nuts,Medium,98.06,11,0.05,none,53409,13.0,Male,Silver,Wallet,In-store,42,3.3,108,37.3,37.5,5.0,0,Traditional,Greater Cairo,0,19,151.01,1229.67,2024,1,1,Evening,Low Discount,Hot
107547,2024-03-19 14:30:00,Dubai-Marina,Om Ali Cream,Large,88.44,9,0.05,Nuts,82325,55.0,Female,Gold,Instapay,ElMenus,77,7.5,128,26.1,45.6,5.0,0,Traditional,UAE,0,14,111.43,907.3900000000001,2024,3,19,Afternoon,Low Discount,Hot
102899,2024-01-31 04:30:00,Cairo-Zamalek,Super B.Laban,Large,41.26,4,0.05,none,60636,65.0,Female,Silver,Cash,Mobile App,42,8.9,134,37.4,41.8,2.0,0,Signature,Greater Cairo,0,4,23.11,188.14999999999998,2024,1,31,Late Night,Low Discount,Hot
104821,2024-02-20 05:00:00,Giza-Zayed,Qishtouza Nutella,Medium,89.51,7,0.0,none,72778,43.5,Female,Unknown,Credit Card,Talabat,83,1.8,141,20.1,54.9,4.0,0,Modern,Greater Cairo,0,5,87.72,714.2900000000001,2024,2,20,Morning,No Discount,Moderate
109303,2024-04-06 21:30:00,Alex-Stanly,Ice Cream Mango,Large,90.56,5,0.0,Nuts,85284,29.0,Male,Bronze,Cash,ElMenus,102,14.7,104,33.0,75.4,4.0,0,Ice Cream,Alexandria,1,21,63.39,516.19,2024,4,6,Evening,No Discount,Hot
106414,2024-03-07 19:15:00,Riyadh-Olaya,Qishtouza Lotus,Large,44.71,3,0.0,Pistachio,76095,33.0,Male,Bronze,Instapay,ElMenus,60,4.7,118,17.3,81.8,5.0,0,Modern,KSA,0,19,18.78,152.91,2024,3,7,Evening,No Discount,Cold
109065,2024-04-04 10:00:00,Dubai-Marina,Sweet Koshary Mix,Small,95.05,5,0.0,Nuts,50860,21.0,Female,Bronze,Instapay,ElMenus,87,4.6,101,30.4,65.7,3.0,0,Signature,UAE,0,10,66.54,541.79,2024,4,4,Morning,No Discount,Hot
108008,2024-03-24 09:45:00,Mansoura-Mashaya,Rice Pudding Oven,Large,172.63,8,0.0,Nutella,50237,60.0,Female,Unknown,Credit Card,Talabat,51,12.5,102,23.2,20.7,4.0,0,Traditional,Delta,1,9,193.35,1574.3899999999999,2024,3,24,Morning,No Discount,Moderate
105469,2024-02-26 23:00:00,Cairo-Nasr City,Ice Cream Mango,Large,146.64,7,0.0,none,61867,71.0,Male,Silver,Wallet,Talabat,91,0.5,115,29.4,35.4,2.0,0,Ice Cream,Greater Cairo,0,23,143.71,1170.19,2024,2,26,Late Night,No Discount,Hot
105952,2024-03-02 23:45:00,Alex-Stanly,Qishtouza Lotus,Small,121.66,11,0.0,none,76328,31.0,Male,Silver,Cash,Mobile App,113,9.8,104,18.3,23.5,5.0,0,Modern,Alexandria,1,23,187.36,1525.62,2024,3,2,Late Night,No Discount,Cold
103392,2024-02-05 07:45:00,Mansoura-Mashaya,Qishtouza Nutella,Medium,77.0,5,0.1,none,68433,67.0,Male,Unknown,Wallet,Mobile App,45,9.0,141,26.9,69.2,5.0,0,Modern,Delta,0,7,53.9,438.9,2024,2,5,Morning,Medium Discount,Hot
105416,2024-02-26 09:45:00,Dubai-Marina,Super B.Laban,Large,69.38,3,0.0,Pistachio,87004,31.0,Female,Bronze,Credit Card,Mobile App,91,0.9,120,38.9,60.7,5.0,1,Signature,UAE,0,9,29.14,237.27999999999997,2024,2,26,Morning,No Discount,Hot
102561,2024-01-27 16:00:00,Tanta-Saeed,Ice Cream Mango,Large,154.57,7,0.0,Nuts,88422,22.0,Male,Unknown,Cash,Mobile App,65,14.9,107,28.2,23.2,3.0,0,Ice Cream,Delta,1,16,151.48,1233.47,2024,1,27,Afternoon,No Discount,Hot
108163,2024-03-26 00:30:00,Riyadh-Olaya,Ice Cream Mango,Large,79.03,4,0.0,none,63992,43.5,Female,Silver,Credit Card,Talabat,32,13.5,128,17.2,27.4,1.0,0,Ice Cream,KSA,0,0,44.26,360.38,2024,3,26,Late Night,No Discount,Cold
102636,2024-01-28 10:45:00,Tanta-Saeed,Qishtouza Nutella,Medium,95.9,2,0.0,none,72553,43.5,Female,Gold,Cash,ElMenus,98,10.0,101,34.1,52.9,2.0,0,Modern,Delta,1,10,26.85,218.65,2024,1,28,Morning,No Discount,Hot
105257,2024-02-24 18:00:00,Cairo-Zamalek,Qishtouza Nutella,Large,134.21,7,0.05,Lotus,87035,72.0,Female,Bronze,Wallet,ElMenus,86,12.1,112,28.3,58.1,4.0,0,Modern,Greater Cairo,1,18,131.53,1071.0,2024,2,24,Evening,Low Discount,Hot
103531,2024-02-06 18:30:00,Giza-Zayed,Sweet Koshary Mix,Large,40.29,6,0.0,Pistachio,59340,49.0,Male,Gold,Wallet,Mobile App,66,13.5,142,31.8,26.3,1.0,0,Signature,Greater Cairo,0,18,33.84,275.58000000000004,2024,2,6,Evening,No Discount,Hot
108568,2024-03-30 05:45:00,Giza-Zayed,Ice Cream Mango,Large,97.84,11,0.0,Nuts,72872,43.5,Female,Unknown,Instapay,Mobile App,21,2.4,132,41.4,81.6,2.0,0,Ice Cream,Greater Cairo,1,5,150.67,1226.91,2024,3,30,Morning,No Discount,Hot
101909,2024-01-20 21:00:00,Cairo-Zamalek,Qishtouza Lotus,Medium,87.94,3,0.05,none,75696,33.0,Male,Bronze,Credit Card,In-store,110,8.2,135,31.6,36.0,3.0,0,Modern,Greater Cairo,1,21,36.93,300.75,2024,1,20,Evening,Low Discount,Hot
100236,2024-01-03 10:45:00,Giza-Zayed,Qishtouza Nutella,Medium,42.0,4,0.0,Lotus,87705,20.0,Male,Unknown,Credit Card,Talabat,67,10.0,132,42.3,54.2,2.0,0,Modern,Greater Cairo,0,10,23.52,191.52,2024,1,3,Morning,No Discount,Hot
101605,2024-01-17 17:00:00,Giza-Zayed,Om Ali Cream,Medium,46.87,10,0.1,Lotus,88970,62.0,Male,Bronze,Cash,Talabat,77,6.9,101,27.2,49.0,4.0,0,Traditional,Greater Cairo,0,17,65.62,534.3199999999999,2024,1,17,Evening,Medium Discount,Hot
107985,2024-03-24 04:00:00,Cairo-Zamalek,Sweet Koshary Mix,Large,64.7,3,0.05,none,61709,26.0,Male,Gold,Instapay,Mobile App,118,11.0,126,26.8,29.3,2.0,0,Signature,Greater Cairo,1,4,27.17,221.27000000000004,2024,3,24,Late Night,Low Discount,Hot
103491,2024-02-06 08:30:00,Alex-Stanly,Qishtouza Lotus,Large,146.25,4,0.1,none,57127,32.0,Female,Gold,Wallet,In-store,38,8.6,142,24.2,62.7,5.0,0,Modern,Alexandria,0,8,81.9,666.9,2024,2,6,Morning,Medium Discount,Moderate
101995,2024-01-21 18:30:00,Mansoura-Mashaya,Ice Cream Mango,Large,72.95,9,0.0,Lotus,89047,59.0,Male,Unknown,Cash,Mobile App,76,8.9,141,33.8,47.5,5.0,0,Ice Cream,Delta,1,18,91.92,748.47,2024,1,21,Evening,No Discount,Hot
102825,2024-01-30 10:00:00,Cairo-Zamalek,Om Ali Cream,Large,61.08,6,0.0,none,66937,18.0,Female,Unknown,Credit Card,ElMenus,46,12.9,124,23.6,88.7,1.0,0,Traditional,Greater Cairo,0,10,51.31,417.79,2024,1,30,Morning,No Discount,Moderate
109286,2024-04-06 17:15:00,Dubai-Marina,Qishtouza Nutella,Large,125.42,2,0.0,Nutella,63841,58.0,Female,Bronze,Wallet,ElMenus,34,8.7,122,26.8,23.7,1.0,0,Modern,UAE,1,17,35.12,285.96,2024,4,6,Evening,No Discount,Hot
101343,2024-01-14 23:30:00,Dubai-Marina,Ice Cream Mango,Medium,117.31,4,0.1,Nuts,75312,56.0,Female,Bronze,Credit Card,In-store,78,1.3,106,15.2,80.5,4.0,0,Ice Cream,UAE,1,23,65.69,534.9300000000001,2024,1,14,Late Night,Medium Discount,Cold
108513,2024-03-29 16:00:00,Cairo-Nasr City,Om Ali Cream,Large,173.09,11,0.15,Pistachio,87078,60.0,Female,Unknown,Credit Card,In-store,81,12.8,126,33.6,26.7,4.0,0,Traditional,Greater Cairo,1,16,266.56,2170.55,2024,3,29,Afternoon,Medium Discount,Hot
101620,2024-01-17 20:45:00,Mansoura-Mashaya,Rice Pudding Nuts,Small,106.78,7,0.1,Nuts,68608,35.0,Female,Gold,Wallet,Mobile App,48,2.3,115,38.1,58.1,5.0,0,Traditional,Delta,0,20,104.64,852.1,2024,1,17,Evening,Medium Discount,Hot
105288,2024-02-25 01:45:00,Mansoura-Mashaya,Sweet Koshary Mix,Large,147.93,9,0.0,Nuts,56740,43.5,Female,Bronze,Instapay,In-store,59,2.3,122,19.8,43.3,1.0,0,Signature,Delta,1,1,186.39,1517.7600000000002,2024,2,25,Late Night,No Discount,Cold
102061,2024-01-22 11:00:00,Cairo-Nasr City,Sweet Koshary Mix,Large,104.39,8,0.0,Pistachio,85501,14.0,Male,Silver,Instapay,ElMenus,89,3.0,119,29.5,81.4,5.0,0,Signature,Greater Cairo,0,11,116.92,952.04,2024,1,22,Morning,No Discount,Hot
109956,2024-04-13 16:45:00,Riyadh-Olaya,Super B.Laban,Large,136.51,11,0.0,Pistachio,71544,49.0,Female,Silver,Credit Card,ElMenus,67,1.1,142,23.3,64.5,5.0,0,Signature,KSA,1,16,210.23,1711.84,2024,4,13,Afternoon,No Discount,Moderate
102220,2024-01-24 02:45:00,Alex-Stanly,Rice Pudding Oven,Medium,172.6,10,0.1,none,82992,43.5,Female,Unknown,Wallet,In-store,112,9.5,109,27.0,75.5,5.0,0,Traditional,Alexandria,0,2,241.64,1967.6399999999999,2024,1,24,Late Night,Medium Discount,Hot
106039,2024-03-03 21:30:00,Alex-Stanly,Sweet Koshary Mix,Medium,86.12,9,0.05,Pistachio,72277,43.5,Female,Unknown,Cash,Mobile App,19,2.2,144,16.4,33.0,5.0,1,Signature,Alexandria,1,21,108.51,883.59,2024,3,3,Evening,Low Discount,Cold
100261,2024-01-03 17:00:00,Cairo-Nasr City,Rice Pudding Nuts,Medium,157.52,9,0.0,none,63063,51.0,Male,Unknown,Credit Card,Talabat,93,1.8,104,24.6,41.7,3.0,0,Traditional,Greater Cairo,0,17,198.48,1616.16,2024,1,3,Evening,No Discount,Moderate
109366,2024-04-07 13:15:00,Mansoura-Mashaya,Super B.Laban,Medium,49.46,9,0.0,Nuts,68448,43.5,Male,Bronze,Cash,ElMenus,105,10.2,113,19.1,23.5,2.0,0,Signature,Delta,1,13,62.32,507.46,2024,4,7,Afternoon,No Discount,Cold
109094,2024-04-04 17:15:00,Giza-Zayed,Rice Pudding Oven,Medium,170.47,1,0.0,none,71209,45.0,Female,Silver,Credit Card,Mobile App,92,5.7,138,20.1,47.6,3.0,0,Traditional,Greater Cairo,0,17,23.87,194.34,2024,4,4,Evening,No Discount,Moderate
103745,2024-02-09 00:00:00,Alex-Stanly,Sweet Koshary Mix,Small,60.3,2,0.0,Nuts,66677,16.0,Male,Unknown,Instapay,In-store,70,11.4,113,26.7,30.1,4.0,0,Signature,Alexandria,1,0,16.88,137.48,2024,2,9,Late Night,No Discount,Hot
102027,2024-01-22 02:30:00,Dubai-Marina,Rice Pudding Oven,Large,112.84,2,0.0,Nutella,76051,17.0,Male,Unknown,Wallet,Mobile App,108,5.5,113,31.6,35.0,5.0,0,Traditional,UAE,0,2,31.6,257.28000000000003,2024,1,22,Late Night,No Discount,Hot
106989,2024-03-13 19:00:00,Tanta-Saeed,Rice Pudding Nuts,Large,140.07,10,0.0,Pistachio,53567,16.0,Male,Gold,Cash,In-store,78,1.8,106,37.9,62.2,4.0,0,Traditional,Delta,0,19,196.1,1596.7999999999997,2024,3,13,Evening,No Discount,Hot
104235,2024-02-14 02:30:00,Tanta-Saeed,Qishtouza Lotus,Large,94.79,9,0.0,none,83083,35.0,Male,Gold,Wallet,Talabat,40,10.6,127,42.7,84.8,3.0,0,Modern,Delta,0,2,119.44,972.55,2024,2,14,Late Night,No Discount,Hot
101918,2024-01-20 23:15:00,Tanta-Saeed,Sweet Koshary Mix,Large,169.84,9,0.0,none,55933,43.5,Female,Unknown,Credit Card,ElMenus,97,14.1,142,33.1,33.6,4.0,1,Signature,Delta,1,23,214.0,1742.56,2024,1,20,Late Night,No Discount,Hot
101829,2024-01-20 01:00:00,Tanta-Saeed,Super B.Laban,Small,144.87,9,0.0,Nuts,55906,43.5,Female,Bronze,Wallet,ElMenus,83,7.3,125,43.9,60.3,3.0,0,Signature,Delta,1,1,182.54,1486.37,2024,1,20,Late Night,No Discount,Hot
106234,2024-03-05 22:15:00,Giza-Zayed,Qishtouza Lotus,Medium,176.44,3,0.1,Pistachio,85775,29.0,Female,Unknown,Instapay,In-store,100,7.5,113,33.4,35.4,4.0,0,Modern,Greater Cairo,0,22,74.1,603.42,2024,3,5,Late Night,Medium Discount,Hot
109333,2024-04-07 05:00:00,Tanta-Saeed,Sweet Koshary Mix,Medium,94.34,1,0.15,none,75039,71.0,Female,Silver,Credit Card,In-store,72,5.2,116,44.9,59.7,1.0,0,Signature,Delta,1,5,13.21,107.55000000000001,2024,4,7,Morning,Medium Discount,Hot
106284,2024-03-06 10:45:00,Mansoura-Mashaya,Sweet Koshary Mix,Medium,99.02,4,0.0,Lotus,89419,32.0,Male,Bronze,Cash,Mobile App,39,10.5,117,44.2,87.4,2.0,0,Signature,Delta,0,10,55.45,451.53,2024,3,6,Morning,No Discount,Hot
104209,2024-02-13 20:00:00,Giza-Zayed,Om Ali Cream,Large,50.31,7,0.0,Lotus,52007,43.5,Female,Silver,Wallet,Talabat,19,9.1,121,16.8,32.0,4.0,0,Traditional,Greater Cairo,0,20,49.3,401.47,2024,2,13,Evening,No Discount,Cold
100225,2024-01-03 08:00:00,Cairo-Zamalek,Rice Pudding Oven,Small,131.22,4,0.0,none,53074,73.0,Female,Gold,Instapay,Talabat,56,14.1,132,32.5,28.6,2.0,0,Traditional,Greater Cairo,0,8,73.48,598.36,2024,1,3,Morning,No Discount,Hot
108916,2024-04-02 20:45:00,Dubai-Marina,Rice Pudding Nuts,Medium,104.62,6,0.0,none,52083,57.0,Female,Unknown,Instapay,ElMenus,86,0.9,123,41.0,27.8,3.0,0,Traditional,UAE,0,20,87.88,715.6,2024,4,2,Evening,No Discount,Hot
106470,2024-03-08 09:15:00,Dubai-Marina,Ice Cream Mango,Medium,96.77,2,0.0,Pistachio,63407,15.0,Male,Silver,Instapay,Talabat,82,9.0,108,21.8,78.1,5.0,0,Ice Cream,UAE,1,9,27.1,220.64,2024,3,8,Morning,No Discount,Moderate
109414,2024-04-08 01:15:00,Tanta-Saeed,Om Ali Cream,Medium,144.14,9,0.0,Pistachio,68535,44.0,Female,Gold,Cash,Mobile App,47,9.7,109,40.9,48.6,5.0,0,Traditional,Delta,0,1,181.62,1478.8799999999997,2024,4,8,Late Night,No Discount,Hot
100847,2024-01-09 19:30:00,Cairo-Zamalek,Qishtouza Nutella,Medium,153.56,8,0.0,none,84047,43.5,Female,Bronze,Wallet,Talabat,82,2.2,144,39.9,34.3,1.0,0,Modern,Greater Cairo,0,19,171.99,1400.47,2024,1,9,Evening,No Discount,Hot
104290,2024-02-14 16:15:00,Cairo-Zamalek,Qishtouza Lotus,Medium,98.3,10,0.0,Lotus,56247,69.0,Female,Silver,Wallet,ElMenus,23,1.4,110,33.6,41.7,3.0,0,Modern,Greater Cairo,0,16,137.62,1120.62,2024,2,14,Afternoon,No Discount,Hot
105561,2024-02-27 22:00:00,Alex-Stanly,Qishtouza Nutella,Medium,149.2,1,0.0,Pistachio,84176,22.0,Female,Bronze,Credit Card,In-store,86,11.3,145,20.3,23.4,3.0,0,Modern,Alexandria,0,22,20.89,170.08999999999997,2024,2,27,Late Night,No Discount,Moderate
102552,2024-01-27 13:45:00,Cairo-Nasr City,Ice Cream Mango,Small,100.42,5,0.0,none,75335,53.0,Male,Bronze,Instapay,Talabat,73,1.7,136,32.0,70.2,5.0,1,Ice Cream,Greater Cairo,1,13,70.29,572.39,2024,1,27,Afternoon,No Discount,Hot
100118,2024-01-02 05:15:00,Tanta-Saeed,Om Ali Cream,Medium,104.69,5,0.05,Pistachio,74532,24.0,Male,Silver,Instapay,ElMenus,109,8.0,146,18.8,83.6,5.0,0,Traditional,Delta,0,5,73.28,596.73,2024,1,2,Morning,Low Discount,Cold
108838,2024-04-02 01:15:00,Giza-Zayed,Super B.Laban,Medium,153.32,4,0.0,Pistachio,79374,43.5,Male,Unknown,Cash,In-store,13,5.2,125,21.2,40.0,2.0,0,Signature,Greater Cairo,0,1,85.86,699.14,2024,4,2,Late Night,No Discount,Moderate
105967,2024-03-03 03:30:00,Alex-Stanly,Ice Cream Mango,Medium,49.22,9,0.0,Pistachio,88752,38.0,Female,Gold,Wallet,Mobile App,27,14.1,107,20.2,71.3,5.0,0,Ice Cream,Alexandria,1,3,62.02,505.0,2024,3,3,Late Night,No Discount,Moderate
108196,2024-03-26 08:45:00,Cairo-Nasr City,Ice Cream Mango,Medium,81.39,1,0.0,Nutella,51399,46.0,Female,Bronze,Wallet,ElMenus,36,14.9,143,18.2,72.8,3.0,0,Ice Cream,Greater Cairo,0,8,11.39,92.78,2024,3,26,Morning,No Discount,Cold
108660,2024-03-31 04:45:00,Mansoura-Mashaya,Rice Pudding Oven,Large,127.11,1,0.05,Nuts,59817,59.0,Male,Bronze,Wallet,In-store,103,13.1,114,32.8,33.5,1.0,0,Traditional,Delta,1,4,17.8,144.91,2024,3,31,Late Night,Low Discount,Hot
107490,2024-03-19 00:15:00,Alex-Stanly,Om Ali Cream,Large,125.56,4,0.15,Nuts,58966,44.0,Male,Bronze,Wallet,Mobile App,65,3.7,111,24.1,74.9,2.0,0,Traditional,Alexandria,0,0,70.31,572.55,2024,3,19,Late Night,Medium Discount,Moderate
100006,2024-01-01 01:15:00,Riyadh-Olaya,Rice Pudding Nuts,Large,143.4,4,0.0,none,83743,22.0,Female,Unknown,Instapay,Mobile App,25,13.9,137,42.7,48.8,5.0,0,Traditional,KSA,0,1,80.3,653.9,2024,1,1,Late Night,No Discount,Hot
105343,2024-02-25 15:30:00,Mansoura-Mashaya,Sweet Koshary Mix,Medium,93.21,8,0.05,Lotus,51529,16.0,Female,Bronze,Wallet,Talabat,89,13.3,122,30.3,48.6,5.0,0,Signature,Delta,1,15,104.4,850.0799999999999,2024,2,25,Afternoon,Low Discount,Hot
109112,2024-04-04 21:45:00,Dubai-Marina,Qishtouza Lotus,Medium,127.35,1,0.0,none,66730,66.0,Female,Gold,Instapay,In-store,85,5.1,142,32.2,50.1,4.0,0,Modern,UAE,0,21,17.83,145.18,2024,4,4,Evening,No Discount,Hot
104325,2024-02-15 01:00:00,Tanta-Saeed,Om Ali Cream,Large,150.56,2,0.0,Nutella,69893,16.0,Male,Unknown,Wallet,ElMenus,61,12.7,104,31.6,32.2,1.0,0,Traditional,Delta,0,1,42.16,343.28,2024,2,15,Late Night,No Discount,Hot
101064,2024-01-12 01:45:00,Mansoura-Mashaya,Rice Pudding Nuts,Large,93.17,5,0.0,Nuts,70816,63.0,Male,Silver,Cash,Mobile App,77,14.3,147,37.9,86.8,5.0,0,Traditional,Delta,1,1,65.22,531.07,2024,1,12,Late Night,No Discount,Hot
102591,2024-01-27 23:30:00,Cairo-Zamalek,Qishtouza Lotus,Large,109.58,2,0.0,Nutella,79394,28.0,Female,Gold,Instapay,Mobile App,59,2.8,146,38.7,88.4,1.0,0,Modern,Greater Cairo,1,23,30.68,249.84,2024,1,27,Late Night,No Discount,Hot
108435,2024-03-28 20:30:00,Alex-Stanly,Rice Pudding Nuts,Large,120.27,9,0.0,Lotus,75875,43.5,Male,Gold,Wallet,Mobile App,38,9.6,135,32.2,58.3,3.0,0,Traditional,Alexandria,0,20,151.54,1233.97,2024,3,28,Evening,No Discount,Hot
103736,2024-02-08 21:45:00,Cairo-Zamalek,Qishtouza Nutella,Small,151.76,10,0.05,Lotus,66684,63.0,Male,Bronze,Wallet,Talabat,56,13.4,113,44.6,33.1,5.0,0,Modern,Greater Cairo,0,21,212.46,1730.06,2024,2,8,Evening,Low Discount,Hot
103518,2024-02-06 15:15:00,Cairo-Nasr City,Qishtouza Lotus,Large,73.59,6,0.0,Lotus,70151,56.0,Male,Gold,Instapay,Mobile App,51,6.4,127,27.2,57.7,2.0,0,Modern,Greater Cairo,0,15,61.82,503.36,2024,2,6,Afternoon,No Discount,Hot
106987,2024-03-13 18:30:00,Riyadh-Olaya,Sweet Koshary Mix,Medium,130.52,11,0.1,Pistachio,83502,65.0,Female,Gold,Wallet,Talabat,111,13.3,130,29.7,83.9,2.0,0,Signature,KSA,0,18,201.0,1636.72,2024,3,13,Evening,Medium Discount,Hot
106768,2024-03-11 11:45:00,Tanta-Saeed,Qishtouza Lotus,Medium,91.38,9,0.0,Nutella,76155,25.0,Male,Bronze,Credit Card,In-store,35,10.0,125,24.9,52.1,3.0,0,Modern,Delta,0,11,115.14,937.56,2024,3,11,Morning,No Discount,Moderate
105623,2024-02-28 13:30:00,Cairo-Nasr City,Qishtouza Lotus,Large,106.46,9,0.0,Nuts,76633,47.0,Female,Silver,Cash,In-store,73,13.0,132,30.3,30.3,5.0,0,Modern,Greater Cairo,0,13,134.14,1092.28,2024,2,28,Afternoon,No Discount,Hot
101606,2024-01-17 17:15:00,Dubai-Marina,Sweet Koshary Mix,Large,157.26,11,0.0,Nuts,61115,21.0,Female,Gold,Wallet,Talabat,80,13.6,144,21.6,50.2,5.0,0,Signature,UAE,0,17,242.18,1972.04,2024,1,17,Evening,No Discount,Moderate
101734,2024-01-19 01:15:00,Giza-Zayed,Qishtouza Lotus,Medium,175.74,8,0.0,none,80150,69.0,Female,Unknown,Wallet,ElMenus,22,15.0,147,38.2,40.8,2.0,0,Modern,Greater Cairo,1,1,196.83,1602.75,2024,1,19,Late Night,No Discount,Hot
109342,2024-04-07 07:15:00,Dubai-Marina,Super B.Laban,Medium,166.95,5,0.15,Nuts,76212,57.0,Male,Gold,Wallet,Talabat,66,9.3,106,38.7,60.6,3.0,0,Signature,UAE,1,7,116.86,951.61,2024,4,7,Morning,Medium Discount,Hot
103813,2024-02-09 17:00:00,Cairo-Zamalek,Qishtouza Lotus,Medium,110.95,10,0.0,Pistachio,67215,21.0,Male,Unknown,Credit Card,Talabat,68,10.5,144,27.0,75.7,1.0,1,Modern,Greater Cairo,1,17,155.33,1264.83,2024,2,9,Evening,No Discount,Hot
109625,2024-04-10 06:00:00,Riyadh-Olaya,Ice Cream Mango,Small,120.59,6,0.1,Nutella,68401,58.0,Female,Unknown,Wallet,In-store,77,11.9,107,28.9,53.5,1.0,0,Ice Cream,KSA,0,6,101.3,824.8399999999999,2024,4,10,Morning,Medium Discount,Hot
101762,2024-01-19 08:15:00,Dubai-Marina,Sweet Koshary Mix,Small,94.88,2,0.0,none,67300,13.0,Female,Unknown,Instapay,Talabat,26,5.0,114,22.0,84.8,4.0,0,Signature,UAE,1,8,26.57,216.32999999999998,2024,1,19,Morning,No Discount,Moderate
105402,2024-02-26 06:15:00,Giza-Zayed,Sweet Koshary Mix,Small,130.27,1,0.0,Nuts,56614,19.0,Female,Unknown,Cash,Talabat,109,2.1,134,38.4,23.2,4.0,0,Signature,Greater Cairo,0,6,18.24,148.51000000000002,2024,2,26,Morning,No Discount,Hot
102740,2024-01-29 12:45:00,Tanta-Saeed,Qishtouza Nutella,Large,161.69,8,0.1,none,71526,36.0,Male,Silver,Credit Card,In-store,77,6.8,113,22.7,24.1,3.0,0,Modern,Delta,0,12,181.09,1474.61,2024,1,29,Afternoon,Medium Discount,Moderate
102473,2024-01-26 18:00:00,Dubai-Marina,Ice Cream Mango,Medium,161.26,7,0.0,none,73851,34.0,Female,Silver,Wallet,Talabat,40,2.3,140,19.7,41.8,1.0,0,Ice Cream,UAE,1,18,158.03,1286.85,2024,1,26,Evening,No Discount,Cold
106739,2024-03-11 04:30:00,Cairo-Zamalek,Super B.Laban,Large,93.24,9,0.0,Lotus,56358,54.0,Female,Gold,Instapay,ElMenus,30,13.6,121,32.9,74.3,3.0,0,Signature,Greater Cairo,0,4,117.48,956.64,2024,3,11,Late Night,No Discount,Hot
106892,2024-03-12 18:45:00,Tanta-Saeed,Qishtouza Lotus,Medium,167.35,8,0.0,Lotus,62538,58.0,Female,Unknown,Credit Card,In-store,66,2.6,125,21.6,71.3,1.0,0,Modern,Delta,0,18,187.43,1526.23,2024,3,12,Evening,No Discount,Moderate
107944,2024-03-23 17:45:00,Cairo-Zamalek,Rice Pudding Oven,Medium,95.27,1,0.0,none,69130,28.0,Male,Bronze,Instapay,Talabat,25,13.7,148,17.6,60.5,3.0,0,Traditional,Greater Cairo,1,17,13.34,108.61,2024,3,23,Evening,No Discount,Cold
104207,2024-02-13 19:30:00,Giza-Zayed,Qishtouza Nutella,Medium,54.94,2,0.1,none,64378,34.0,Female,Silver,Credit Card,Talabat,61,10.0,121,31.7,65.0,1.0,0,Modern,Greater Cairo,0,19,15.38,125.25999999999999,2024,2,13,Evening,Medium Discount,Hot
106372,2024-03-07 08:45:00,Cairo-Nasr City,Ice Cream Mango,Large,85.62,2,0.0,Nuts,82613,43.5,Male,Gold,Cash,Mobile App,72,0.6,137,22.8,47.2,2.0,0,Ice Cream,Greater Cairo,0,8,23.97,195.21,2024,3,7,Morning,No Discount,Moderate
100233,2024-01-03 10:00:00,Giza-Zayed,Sweet Koshary Mix,Large,155.81,9,0.0,Pistachio,77613,29.0,Female,Bronze,Cash,Mobile App,45,7.3,119,38.6,45.7,1.0,0,Signature,Greater Cairo,0,10,196.32,1598.61,2024,1,3,Morning,No Discount,Hot
108259,2024-03-27 00:30:00,Riyadh-Olaya,Om Ali Cream,Large,103.7,3,0.0,none,65539,53.0,Male,Unknown,Instapay,ElMenus,113,4.5,102,17.9,84.3,5.0,0,Traditional,KSA,0,0,43.55,354.65000000000003,2024,3,27,Late Night,No Discount,Cold
107562,2024-03-19 18:15:00,Cairo-Zamalek,Super B.Laban,Medium,71.29,4,0.0,Pistachio,68727,68.0,Female,Silver,Cash,Mobile App,101,7.2,138,23.7,80.6,5.0,0,Signature,Greater Cairo,0,18,39.92,325.08000000000004,2024,3,19,Evening,No Discount,Moderate
106169,2024-03-05 06:00:00,Cairo-Zamalek,Ice Cream Mango,Medium,101.1,11,0.0,Nuts,71481,23.0,Female,Silver,Wallet,Talabat,23,13.8,115,24.4,82.9,3.0,0,Ice Cream,Greater Cairo,0,6,155.69,1267.79,2024,3,5,Morning,No Discount,Moderate
103597,2024-02-07 11:00:00,Riyadh-Olaya,Rice Pudding Nuts,Medium,40.82,4,0.0,Lotus,54747,59.0,Female,Unknown,Wallet,Mobile App,85,3.8,149,27.5,34.2,5.0,0,Traditional,KSA,0,11,22.86,186.14,2024,2,7,Morning,No Discount,Hot
106289,2024-03-06 12:00:00,Cairo-Nasr City,Qishtouza Lotus,Small,73.6,5,0.0,Pistachio,82069,43.5,Male,Unknown,Credit Card,In-store,61,13.2,142,22.9,71.4,3.0,0,Modern,Greater Cairo,0,12,51.52,419.52,2024,3,6,Afternoon,No Discount,Moderate
104633,2024-02-18 06:00:00,Tanta-Saeed,Super B.Laban,Small,93.82,8,0.0,none,79220,38.0,Male,Silver,Cash,In-store,17,2.1,103,24.6,88.5,3.0,0,Signature,Delta,1,6,105.08,855.64,2024,2,18,Morning,No Discount,Moderate
100126,2024-01-02 07:15:00,Riyadh-Olaya,Qishtouza Lotus,Large,66.0,3,0.0,Nutella,84405,66.0,Female,Unknown,Instapay,Talabat,94,1.4,138,16.6,24.8,2.0,0,Modern,KSA,0,7,27.72,225.72,2024,1,2,Morning,No Discount,Cold
107642,2024-03-20 14:15:00,Riyadh-Olaya,Ice Cream Mango,Medium,92.48,9,0.0,Nuts,76586,43.5,Female,Unknown,Instapay,In-store,89,14.4,102,26.0,43.1,3.0,0,Ice Cream,KSA,0,14,116.52,948.84,2024,3,20,Afternoon,No Discount,Hot
106230,2024-03-05 21:15:00,Mansoura-Mashaya,Om Ali Cream,Large,48.25,4,0.0,Nutella,76012,61.0,Male,Unknown,Credit Card,Talabat,116,3.3,113,43.9,57.1,3.0,0,Traditional,Delta,0,21,27.02,220.02,2024,3,5,Evening,No Discount,Hot
101297,2024-01-14 12:00:00,Alex-Stanly,Rice Pudding Nuts,Medium,86.24,1,0.05,Nuts,55949,12.0,Female,Gold,Instapay,In-store,76,7.7,115,27.2,25.5,3.0,0,Traditional,Alexandria,1,12,12.07,98.31,2024,1,14,Afternoon,Low Discount,Hot
101977,2024-01-21 14:00:00,Dubai-Marina,Rice Pudding Oven,Medium,68.05,6,0.15,none,82796,34.0,Female,Gold,Credit Card,Talabat,17,1.3,103,39.1,24.1,3.0,1,Traditional,UAE,1,14,57.16,465.4599999999999,2024,1,21,Afternoon,Medium Discount,Hot
109481,2024-04-08 18:00:00,Giza-Zayed,Ice Cream Mango,Medium,74.52,1,0.0,Nutella,56253,43.5,Female,Unknown,Instapay,Talabat,56,7.6,137,33.4,36.5,4.0,0,Ice Cream,Greater Cairo,0,18,10.43,84.94999999999999,2024,4,8,Evening,No Discount,Hot
109582,2024-04-09 19:15:00,Cairo-Nasr City,Om Ali Cream,Medium,94.24,7,0.0,none,50017,43.0,Female,Gold,Credit Card,Mobile App,110,12.3,134,18.4,38.8,5.0,0,Traditional,Greater Cairo,0,19,92.36,752.04,2024,4,9,Evening,No Discount,Cold
105751,2024-02-29 21:30:00,Cairo-Zamalek,Super B.Laban,Medium,165.32,10,0.0,none,74376,30.0,Female,Silver,Credit Card,Talabat,58,3.5,116,26.2,62.4,3.0,0,Signature,Greater Cairo,0,21,231.45,1884.6499999999999,2024,2,29,Evening,No Discount,Hot
108153,2024-03-25 22:00:00,Tanta-Saeed,Ice Cream Mango,Medium,79.8,1,0.0,none,58908,52.0,Female,Bronze,Credit Card,In-store,70,11.4,105,18.9,61.9,3.0,0,Ice Cream,Delta,0,22,11.17,90.97,2024,3,25,Late Night,No Discount,Cold
103087,2024-02-02 03:30:00,Cairo-Zamalek,Om Ali Cream,Medium,90.23,1,0.15,Lotus,66752,27.0,Male,Silver,Credit Card,Talabat,96,12.5,125,37.4,34.1,5.0,0,Traditional,Greater Cairo,1,3,12.63,102.86,2024,2,2,Late Night,Medium Discount,Hot
109277,2024-04-06 15:00:00,Tanta-Saeed,Rice Pudding Nuts,Large,76.08,3,0.0,none,85677,21.0,Male,Bronze,Wallet,Mobile App,35,14.7,102,41.1,88.4,4.0,0,Traditional,Delta,1,15,31.95,260.19,2024,4,6,Afternoon,No Discount,Hot
106883,2024-03-12 16:30:00,Mansoura-Mashaya,Sweet Koshary Mix,Large,126.66,2,0.0,none,73939,32.0,Male,Unknown,Credit Card,Mobile App,93,7.2,143,28.0,66.5,2.0,0,Signature,Delta,0,16,35.46,288.78,2024,3,12,Afternoon,No Discount,Hot
109306,2024-04-06 22:15:00,Riyadh-Olaya,Ice Cream Mango,Medium,117.38,10,0.15,Nutella,78141,58.0,Female,Unknown,Instapay,ElMenus,81,5.8,123,16.6,53.9,2.0,0,Ice Cream,KSA,1,22,164.33,1338.1299999999999,2024,4,6,Late Night,Medium Discount,Cold
107674,2024-03-20 22:15:00,Giza-Zayed,Sweet Koshary Mix,Small,130.4,3,0.1,none,85693,51.0,Male,Unknown,Credit Card,Mobile App,61,10.0,130,18.0,37.5,2.0,0,Signature,Greater Cairo,0,22,54.77,445.97,2024,3,20,Late Night,Medium Discount,Cold
103346,2024-02-04 20:15:00,Tanta-Saeed,Rice Pudding Nuts,Medium,62.39,-5,0.15,Lotus,70634,17.0,Female,Bronze,Instapay,Mobile App,57,3.0,136,42.8,45.2,4.0,0,Traditional,Delta,1,20,87.35,-224.6,2024,2,4,Evening,Medium Discount,Hot
108173,2024-03-26 03:00:00,Riyadh-Olaya,Sweet Koshary Mix,Small,172.89,2,0.0,none,61007,49.0,Female,Bronze,Wallet,Mobile App,52,9.5,136,26.8,55.9,2.0,0,Signature,KSA,0,3,48.41,394.18999999999994,2024,3,26,Late Night,No Discount,Hot
109422,2024-04-08 03:15:00,Alex-Stanly,Super B.Laban,Medium,167.11,4,0.1,Lotus,74150,73.0,Female,Bronze,Instapay,Talabat,45,14.8,129,21.3,42.7,5.0,0,Signature,Alexandria,0,3,93.58,762.0200000000001,2024,4,8,Late Night,Medium Discount,Moderate
105871,2024-03-02 03:30:00,Alex-Stanly,Rice Pudding Oven,Medium,72.4,8,0.0,Nuts,56366,60.0,Female,Gold,Credit Card,In-store,15,8.2,131,36.8,56.1,3.0,1,Traditional,Alexandria,1,3,81.09,660.2900000000001,2024,3,2,Late Night,No Discount,Hot
106507,2024-03-08 18:30:00,Riyadh-Olaya,Om Ali Cream,Medium,114.25,8,0.15,Nuts,84791,67.0,Male,Bronze,Instapay,In-store,50,4.6,138,35.8,39.7,2.0,0,Traditional,KSA,1,18,127.96,1041.96,2024,3,8,Evening,Medium Discount,Hot
102798,2024-01-30 03:15:00,Giza-Zayed,Om Ali Cream,Medium,41.27,3,0.0,Pistachio,58364,36.0,Female,Silver,Wallet,ElMenus,90,3.5,126,44.6,54.7,3.0,0,Traditional,Greater Cairo,0,3,17.33,141.14,2024,1,30,Late Night,No Discount,Hot
100919,2024-01-10 13:30:00,Giza-Zayed,Rice Pudding Nuts,Medium,118.14,2,0.0,none,52057,48.0,Female,Bronze,Cash,In-store,52,3.9,126,43.1,63.6,3.0,0,Traditional,Greater Cairo,0,13,33.08,269.36,2024,1,10,Afternoon,No Discount,Hot
101647,2024-01-18 03:30:00,Dubai-Marina,Ice Cream Mango,Medium,158.62,2,0.0,Pistachio,56542,37.0,Male,Silver,Wallet,ElMenus,16,8.8,101,30.2,38.7,4.0,0,Ice Cream,UAE,0,3,44.41,361.65,2024,1,18,Late Night,No Discount,Hot
105123,2024-02-23 08:30:00,Riyadh-Olaya,Rice Pudding Nuts,Medium,170.88,3,0.0,Nuts,86126,72.0,Male,Gold,Wallet,ElMenus,51,2.7,149,41.8,60.2,3.0,0,Traditional,KSA,1,8,71.77,584.41,2024,2,23,Morning,No Discount,Hot
105127,2024-02-23 09:30:00,Cairo-Zamalek,Qishtouza Lotus,Medium,168.92,6,0.1,none,53276,46.0,Female,Unknown,Wallet,Mobile App,91,2.1,109,27.8,59.1,4.0,0,Modern,Greater Cairo,1,9,141.89,1155.4099999999999,2024,2,23,Morning,Medium Discount,Hot
104622,2024-02-18 03:15:00,Dubai-Marina,Qishtouza Nutella,Medium,154.1,7,0.05,Lotus,54646,41.0,Female,Bronze,Instapay,Mobile App,48,10.5,133,22.3,61.2,1.0,0,Modern,UAE,1,3,151.02,1229.72,2024,2,18,Late Night,Low Discount,Moderate
106810,2024-03-11 22:15:00,Alex-Stanly,Sweet Koshary Mix,Small,126.9,8,0.0,Lotus,83111,23.0,Female,Gold,Wallet,In-store,69,13.2,120,17.3,21.6,1.0,0,Signature,Alexandria,0,22,142.13,1157.33,2024,3,11,Late Night,No Discount,Cold
100365,2024-01-04 19:00:00,Dubai-Marina,Sweet Koshary Mix,Small,58.75,9,0.0,Nutella,89265,35.0,Male,Unknown,Cash,ElMenus,37,8.1,121,37.1,48.0,5.0,1,Signature,UAE,0,19,74.03,602.78,2024,1,4,Evening,No Discount,Hot
102126,2024-01-23 03:15:00,Tanta-Saeed,Super B.Laban,Large,51.41,11,0.15,none,89710,43.5,Female,Gold,Wallet,In-store,52,4.2,126,17.1,74.5,1.0,0,Signature,Delta,0,3,79.17,644.68,2024,1,23,Late Night,Medium Discount,Cold
108151,2024-03-25 21:30:00,Giza-Zayed,Rice Pudding Oven,Large,83.11,5,0.1,Lotus,86469,51.0,Male,Bronze,Cash,Mobile App,21,14.3,126,40.9,46.1,4.0,0,Traditional,Greater Cairo,0,21,58.18,473.73,2024,3,25,Evening,Medium Discount,Hot
108718,2024-03-31 19:15:00,Cairo-Zamalek,Qishtouza Nutella,Small,176.1,3,0.0,none,69229,13.0,Female,Bronze,Instapay,Mobile App,116,3.1,126,28.9,86.8,2.0,0,Modern,Greater Cairo,1,19,73.96,602.26,2024,3,31,Evening,No Discount,Hot
100056,2024-01-01 13:45:00,Giza-Zayed,Qishtouza Nutella,Medium,175.22,11,0.0,Nuts,57949,50.0,Female,Unknown,Credit Card,Mobile App,74,4.1,127,42.3,22.9,1.0,0,Modern,Greater Cairo,0,13,269.84,2197.26,2024,1,1,Afternoon,No Discount,Hot
100639,2024-01-07 15:30:00,Cairo-Zamalek,Qishtouza Nutella,Large,161.5,9,0.15,Nuts,51578,41.0,Female,Silver,Instapay,Talabat,32,14.3,116,25.3,77.7,3.0,0,Modern,Greater Cairo,1,15,203.49,1656.99,2024,1,7,Afternoon,Medium Discount,Hot
100303,2024-01-04 03:30:00,Alex-Stanly,Qishtouza Nutella,Small,131.68,8,0.0,none,63437,66.0,Male,Silver,Cash,In-store,55,11.8,113,25.0,55.2,5.0,0,Modern,Alexandria,0,3,147.48,1200.92,2024,1,4,Late Night,No Discount,Hot
105812,2024-03-01 12:45:00,Cairo-Nasr City,Sweet Koshary Mix,Small,163.33,6,0.0,Nuts,72401,24.0,Male,Bronze,Instapay,Talabat,110,8.3,113,27.9,57.7,2.0,0,Signature,Greater Cairo,1,12,137.2,1117.18,2024,3,1,Afternoon,No Discount,Hot
101277,2024-01-14 07:00:00,Cairo-Nasr City,Ice Cream Mango,Medium,116.82,6,0.0,none,79782,38.0,Female,Gold,Credit Card,Talabat,17,5.3,124,24.9,79.3,2.0,0,Ice Cream,Greater Cairo,1,7,98.13,799.05,2024,1,14,Morning,No Discount,Moderate
104433,2024-02-16 04:00:00,Dubai-Marina,Rice Pudding Nuts,Small,62.21,8,0.0,Nutella,63151,31.0,Female,Unknown,Credit Card,ElMenus,89,3.4,111,28.7,89.8,2.0,0,Traditional,UAE,1,4,69.68,567.36,2024,2,16,Late Night,No Discount,Hot
103645,2024-02-07 23:00:00,Tanta-Saeed,Rice Pudding Nuts,Medium,178.38,6,0.0,Pistachio,54614,23.0,Male,Bronze,Wallet,Talabat,30,5.4,116,19.9,21.8,2.0,0,Traditional,Delta,0,23,149.84,1220.12,2024,2,7,Late Night,No Discount,Cold
104144,2024-02-13 03:45:00,Dubai-Marina,Rice Pudding Oven,Medium,71.54,2,0.1,Pistachio,54888,73.0,Female,Unknown,Cash,ElMenus,93,5.9,119,28.5,66.0,5.0,0,Traditional,UAE,0,3,20.03,163.11,2024,2,13,Late Night,Medium Discount,Hot
102879,2024-01-30 23:30:00,Dubai-Marina,Ice Cream Mango,Medium,141.47,9,0.0,Pistachio,62779,62.0,Male,Unknown,Cash,ElMenus,91,7.6,101,20.1,37.4,2.0,0,Ice Cream,UAE,0,23,178.25,1451.48,2024,1,30,Late Night,No Discount,Moderate
106494,2024-03-08 15:15:00,Cairo-Zamalek,Sweet Koshary Mix,Medium,123.5,8,0.0,Pistachio,89012,67.0,Female,Unknown,Instapay,In-store,33,9.3,119,42.0,39.5,2.0,0,Signature,Greater Cairo,1,15,138.32,1126.32,2024,3,8,Afternoon,No Discount,Hot
105241,2024-02-24 14:00:00,Giza-Zayed,Ice Cream Mango,Large,138.97,6,0.15,Nutella,56619,46.0,Female,Silver,Credit Card,In-store,101,8.3,147,38.6,34.3,5.0,0,Ice Cream,Greater Cairo,1,14,116.73,950.55,2024,2,24,Afternoon,Medium Discount,Hot
109409,2024-04-08 00:00:00,Mansoura-Mashaya,Sweet Koshary Mix,Medium,78.39,9,0.05,Nuts,83546,29.0,Female,Gold,Wallet,Mobile App,61,1.6,102,17.0,29.9,5.0,0,Signature,Delta,0,0,98.77,804.28,2024,4,8,Late Night,Low Discount,Cold
106938,2024-03-13 06:15:00,Tanta-Saeed,Rice Pudding Nuts,Medium,153.96,6,0.15,Nuts,67491,55.0,Male,Silver,Wallet,In-store,83,13.7,121,23.9,24.9,1.0,0,Traditional,Delta,0,6,129.33,1053.09,2024,3,13,Morning,Medium Discount,Moderate
107241,2024-03-16 10:00:00,Cairo-Nasr City,Qishtouza Lotus,Small,40.02,6,0.0,Lotus,62362,37.0,Female,Silver,Instapay,In-store,41,10.8,135,37.8,36.2,1.0,0,Modern,Greater Cairo,1,10,33.62,273.74,2024,3,16,Morning,No Discount,Hot
102594,2024-01-28 00:15:00,Giza-Zayed,Super B.Laban,Medium,70.77,8,0.0,Nuts,77970,34.0,Female,Bronze,Credit Card,Mobile App,101,8.4,125,38.5,31.0,1.0,0,Signature,Greater Cairo,1,0,79.26,645.42,2024,1,28,Late Night,No Discount,Hot
102394,2024-01-25 22:15:00,Dubai-Marina,Qishtouza Nutella,Large,62.87,10,0.1,Pistachio,70607,27.0,Female,Gold,Credit Card,In-store,111,9.9,137,25.1,68.8,3.0,0,Modern,UAE,0,22,88.02,716.7199999999999,2024,1,25,Late Night,Medium Discount,Hot
100524,2024-01-06 10:45:00,Dubai-Marina,Super B.Laban,Medium,147.18,4,0.05,Nutella,86463,20.0,Female,Unknown,Cash,ElMenus,100,3.6,148,23.6,50.3,4.0,0,Signature,UAE,1,10,82.42,671.14,2024,1,6,Morning,Low Discount,Moderate
106377,2024-03-07 10:00:00,Giza-Zayed,Qishtouza Nutella,Small,145.63,11,0.0,Nuts,80293,43.5,Male,Unknown,Wallet,ElMenus,103,14.8,145,16.6,64.2,1.0,0,Modern,Greater Cairo,0,10,224.27,1826.1999999999998,2024,3,7,Morning,No Discount,Cold
106982,2024-03-13 17:15:00,Cairo-Nasr City,Sweet Koshary Mix,Medium,80.35,6,0.0,Nutella,51485,36.0,Female,Gold,Instapay,ElMenus,10,11.5,146,24.0,27.7,4.0,0,Signature,Greater Cairo,0,17,67.49,549.5899999999999,2024,3,13,Evening,No Discount,Moderate
106678,2024-03-10 13:15:00,Mansoura-Mashaya,Sweet Koshary Mix,Medium,46.2,6,0.0,Lotus,74351,34.0,Female,Bronze,Cash,ElMenus,29,1.3,108,36.9,53.1,5.0,0,Signature,Delta,1,13,38.81,316.01000000000005,2024,3,10,Afternoon,No Discount,Hot
103901,2024-02-10 15:00:00,Cairo-Zamalek,Qishtouza Nutella,Medium,136.75,5,0.0,none,57698,44.0,Female,Silver,Cash,Mobile App,76,4.1,117,27.2,69.8,2.0,0,Modern,Greater Cairo,1,15,95.72,779.47,2024,2,10,Afternoon,No Discount,Hot
109635,2024-04-10 08:30:00,Cairo-Nasr City,Rice Pudding Nuts,Medium,113.54,4,0.0,Nutella,70735,33.0,Male,Unknown,Instapay,In-store,89,2.3,145,31.6,47.6,2.0,0,Traditional,Greater Cairo,0,8,63.58,517.74,2024,4,10,Morning,No Discount,Hot
105586,2024-02-28 04:15:00,Giza-Zayed,Qishtouza Nutella,Medium,166.38,5,0.0,none,70426,14.0,Male,Unknown,Credit Card,Mobile App,36,12.1,140,16.5,74.6,5.0,0,Modern,Greater Cairo,0,4,116.47,948.37,2024,2,28,Late Night,No Discount,Cold
109361,2024-04-07 12:00:00,Riyadh-Olaya,Rice Pudding Oven,Small,79.65,3,0.0,Nutella,66538,61.0,Male,Unknown,Credit Card,ElMenus,56,12.6,107,42.5,30.8,3.0,0,Traditional,KSA,1,12,33.45,272.40000000000003,2024,4,7,Afternoon,No Discount,Hot
107957,2024-03-23 21:00:00,Riyadh-Olaya,Rice Pudding Oven,Medium,121.26,3,0.0,Nuts,73352,56.0,Female,Gold,Wallet,Mobile App,45,1.9,140,42.0,72.6,5.0,0,Traditional,KSA,1,21,50.93,414.71000000000004,2024,3,23,Evening,No Discount,Hot
107571,2024-03-19 20:30:00,Mansoura-Mashaya,Ice Cream Mango,Large,113.28,7,0.0,Nutella,57009,18.0,Female,Bronze,Wallet,In-store,68,12.7,101,33.7,77.2,5.0,0,Ice Cream,Delta,0,20,111.01,903.97,2024,3,19,Evening,No Discount,Hot
106778,2024-03-11 14:15:00,Tanta-Saeed,Om Ali Cream,Large,161.9,4,0.05,none,89229,20.0,Male,Bronze,Cash,ElMenus,57,3.0,110,31.9,31.0,3.0,0,Traditional,Delta,0,14,90.66,738.26,2024,3,11,Afternoon,Low Discount,Hot
100672,2024-01-07 23:45:00,Tanta-Saeed,Super B.Laban,Medium,96.15,6,0.0,none,84196,59.0,Male,Unknown,Wallet,Talabat,89,6.5,122,31.2,52.4,1.0,0,Signature,Delta,1,23,80.77,657.6700000000001,2024,1,7,Late Night,No Discount,Hot
104189,2024-02-13 15:00:00,Riyadh-Olaya,Om Ali Cream,Medium,157.77,9,0.0,Nuts,88505,24.0,Male,Bronze,Instapay,ElMenus,119,8.0,119,34.8,48.3,5.0,0,Traditional,KSA,0,15,198.79,1618.72,2024,2,13,Afternoon,No Discount,Hot
100667,2024-01-07 22:30:00,Tanta-Saeed,Sweet Koshary Mix,Small,163.19,1,0.0,Nuts,50889,28.0,Female,Gold,Instapay,Talabat,30,10.1,125,24.6,72.9,2.0,0,Signature,Delta,1,22,22.85,186.04,2024,1,7,Late Night,No Discount,Moderate
103267,2024-02-04 00:30:00,Giza-Zayed,Qishtouza Nutella,Small,73.58,9,0.1,none,80063,58.0,Female,Silver,Wallet,Mobile App,23,12.1,132,19.0,39.7,3.0,0,Modern,Greater Cairo,1,0,92.71,754.9300000000001,2024,2,4,Late Night,Medium Discount,Cold
101888,2024-01-20 15:45:00,Giza-Zayed,Qishtouza Lotus,Medium,138.04,1,0.1,Nuts,75499,20.0,Male,Bronze,Wallet,Talabat,108,11.8,128,37.2,87.0,3.0,0,Modern,Greater Cairo,1,15,19.33,157.37,2024,1,20,Afternoon,Medium Discount,Hot
108473,2024-03-29 06:00:00,Cairo-Nasr City,Super B.Laban,Medium,137.77,6,0.0,Nutella,79456,43.5,Female,Unknown,Credit Card,In-store,43,11.7,104,35.6,33.0,2.0,0,Signature,Greater Cairo,1,6,115.73,942.3500000000001,2024,3,29,Morning,No Discount,Hot
109092,2024-04-04 16:45:00,Dubai-Marina,Sweet Koshary Mix,Large,171.28,9,0.0,none,82493,19.0,Female,Gold,Wallet,Talabat,14,7.4,147,31.4,46.9,3.0,0,Signature,UAE,0,16,215.81,1757.33,2024,4,4,Afternoon,No Discount,Hot
107688,2024-03-21 01:45:00,Tanta-Saeed,Qishtouza Nutella,Large,80.75,6,0.0,Nutella,61890,12.0,Male,Unknown,Wallet,Talabat,11,8.1,115,18.7,76.1,1.0,0,Modern,Delta,0,1,67.83,552.33,2024,3,21,Late Night,No Discount,Cold
106032,2024-03-03 19:45:00,Mansoura-Mashaya,Ice Cream Mango,Medium,162.66,9,0.0,Pistachio,67522,54.0,Female,Gold,Cash,In-store,31,0.7,130,34.2,37.0,1.0,0,Ice Cream,Delta,1,19,204.95,1668.89,2024,3,3,Evening,No Discount,Hot
106091,2024-03-04 10:30:00,Cairo-Zamalek,Super B.Laban,Medium,82.21,1,0.0,Pistachio,50098,61.0,Male,Unknown,Wallet,Talabat,65,10.1,129,23.3,62.4,5.0,0,Signature,Greater Cairo,0,10,11.51,93.72,2024,3,4,Morning,No Discount,Moderate
106239,2024-03-05 23:30:00,Cairo-Nasr City,Qishtouza Lotus,Medium,50.51,2,0.0,Lotus,78370,64.0,Male,Bronze,Cash,Mobile App,57,0.6,116,30.4,23.0,3.0,0,Modern,Greater Cairo,0,23,14.14,115.16,2024,3,5,Late Night,No Discount,Hot
107351,2024-03-17 13:30:00,Riyadh-Olaya,Ice Cream Mango,Large,79.23,1,0.15,Lotus,89261,22.0,Female,Bronze,Wallet,Mobile App,46,4.6,105,18.4,69.3,3.0,0,Ice Cream,KSA,1,13,11.09,90.32000000000001,2024,3,17,Afternoon,Medium Discount,Cold
107831,2024-03-22 13:30:00,Giza-Zayed,Rice Pudding Oven,Medium,53.0,6,0.0,Nuts,62218,43.5,Male,Gold,Cash,ElMenus,107,14.0,132,39.1,65.7,3.0,0,Traditional,Greater Cairo,1,13,44.52,362.52,2024,3,22,Afternoon,No Discount,Hot
100761,2024-01-08 22:00:00,Giza-Zayed,Qishtouza Lotus,Small,92.79,8,0.15,Nutella,55586,40.0,Female,Gold,Instapay,Talabat,20,8.1,148,25.4,86.5,2.0,0,Modern,Greater Cairo,0,22,103.92,846.24,2024,1,8,Late Night,Medium Discount,Hot
106255,2024-03-06 03:30:00,Cairo-Zamalek,Qishtouza Nutella,Small,71.41,1,0.0,Lotus,54880,22.0,Male,Unknown,Wallet,In-store,78,2.3,123,39.0,58.0,4.0,0,Modern,Greater Cairo,0,3,10.0,81.41,2024,3,6,Late Night,No Discount,Hot
101907,2024-01-20 20:30:00,Mansoura-Mashaya,Qishtouza Lotus,Large,84.78,8,0.15,none,82338,20.0,Male,Gold,Credit Card,Talabat,25,12.4,136,25.6,48.4,3.0,0,Modern,Delta,1,20,94.95,773.19,2024,1,20,Evening,Medium Discount,Hot
103819,2024-02-09 18:30:00,Alex-Stanly,Super B.Laban,Medium,135.93,5,0.15,Pistachio,75068,29.0,Male,Gold,Instapay,Mobile App,106,2.2,131,32.3,27.5,3.0,0,Signature,Alexandria,1,18,95.15,774.8000000000001,2024,2,9,Evening,Medium Discount,Hot
106270,2024-03-06 07:15:00,Alex-Stanly,Super B.Laban,Medium,153.51,10,0.0,Lotus,53302,43.5,Female,Unknown,Wallet,In-store,52,0.9,102,15.2,20.2,4.0,0,Signature,Alexandria,0,7,214.91,1750.01,2024,3,6,Morning,No Discount,Cold
104301,2024-02-14 19:00:00,Giza-Zayed,Om Ali Cream,Small,176.17,6,0.0,Nuts,56636,41.0,Male,Gold,Cash,Mobile App,50,9.2,104,37.3,69.7,1.0,0,Traditional,Greater Cairo,0,19,147.98,1205.0,2024,2,14,Evening,No Discount,Hot
105570,2024-02-28 00:15:00,Dubai-Marina,Rice Pudding Oven,Medium,142.94,5,0.0,Lotus,82376,35.0,Male,Gold,Cash,In-store,119,13.1,145,18.8,78.1,2.0,0,Traditional,UAE,0,0,100.06,814.76,2024,2,28,Late Night,No Discount,Cold
107942,2024-03-23 17:15:00,Tanta-Saeed,Om Ali Cream,Medium,124.16,4,0.0,Pistachio,83024,40.0,Male,Silver,Cash,In-store,98,2.4,106,19.4,40.5,4.0,0,Traditional,Delta,1,17,69.53,566.17,2024,3,23,Evening,No Discount,Cold
104165,2024-02-13 09:00:00,Tanta-Saeed,Rice Pudding Oven,Medium,116.09,6,0.0,Nuts,75185,59.0,Male,Silver,Cash,Talabat,20,14.7,141,44.8,40.8,1.0,0,Traditional,Delta,0,9,97.52,794.06,2024,2,13,Morning,No Discount,Hot
105972,2024-03-03 04:45:00,Riyadh-Olaya,Sweet Koshary Mix,Small,154.33,4,0.1,Pistachio,71002,73.0,Male,Bronze,Credit Card,ElMenus,72,8.5,118,34.5,47.1,5.0,0,Signature,KSA,1,4,86.42,703.74,2024,3,3,Late Night,Medium Discount,Hot
103580,2024-02-07 06:45:00,Mansoura-Mashaya,Rice Pudding Oven,Medium,112.53,8,0.0,none,76737,36.0,Male,Unknown,Wallet,Talabat,25,4.1,142,42.7,71.1,3.0,0,Traditional,Delta,0,6,126.03,1026.27,2024,2,7,Morning,No Discount,Hot
102833,2024-01-30 12:00:00,Mansoura-Mashaya,Om Ali Cream,Medium,93.75,11,0.0,Nutella,84166,56.0,Female,Unknown,Instapay,Mobile App,92,6.2,117,38.3,65.7,3.0,0,Traditional,Delta,0,12,144.38,1175.63,2024,1,30,Afternoon,No Discount,Hot
105450,2024-02-26 18:15:00,Alex-Stanly,Qishtouza Nutella,Medium,179.04,5,0.0,none,57868,74.0,Male,Gold,Wallet,In-store,99,14.5,136,32.7,44.0,4.0,0,Modern,Alexandria,0,18,125.33,1020.53,2024,2,26,Evening,No Discount,Hot
103473,2024-02-06 04:00:00,Tanta-Saeed,Qishtouza Lotus,Medium,162.85,9,0.15,Pistachio,51119,46.0,Female,Gold,Instapay,In-store,95,6.9,110,21.7,33.5,3.0,0,Modern,Delta,0,4,205.19,1670.84,2024,2,6,Late Night,Medium Discount,Moderate
106328,2024-03-06 21:45:00,Dubai-Marina,Qishtouza Lotus,Small,124.49,3,0.05,Pistachio,70999,15.0,Female,Gold,Wallet,Mobile App,71,12.2,136,21.0,60.1,2.0,0,Modern,UAE,0,21,52.29,425.76,2024,3,6,Evening,Low Discount,Moderate
100138,2024-01-02 10:15:00,Cairo-Nasr City,Super B.Laban,Medium,64.92,8,0.0,none,52151,72.0,Female,Gold,Credit Card,In-store,89,8.4,140,22.7,65.1,1.0,0,Signature,Greater Cairo,0,10,72.71,592.07,2024,1,2,Morning,No Discount,Moderate
107044,2024-03-14 08:45:00,Cairo-Zamalek,Rice Pudding Oven,Large,133.93,6,0.0,Nuts,60562,17.0,Male,Bronze,Wallet,In-store,72,5.4,137,31.1,86.3,3.0,0,Traditional,Greater Cairo,0,8,112.5,916.08,2024,3,14,Morning,No Discount,Hot
104893,2024-02-20 23:00:00,Riyadh-Olaya,Sweet Koshary Mix,Small,60.21,11,0.0,Pistachio,75988,35.0,Female,Bronze,Credit Card,ElMenus,53,12.6,148,30.9,33.0,3.0,0,Signature,KSA,0,23,92.72,755.0300000000001,2024,2,20,Late Night,No Discount,Hot
102181,2024-01-23 17:00:00,Giza-Zayed,Rice Pudding Nuts,Medium,170.3,7,0.15,Nutella,64767,65.0,Male,Silver,Instapay,Talabat,15,3.9,119,33.5,72.8,3.0,0,Traditional,Greater Cairo,0,17,166.89,1358.9900000000002,2024,1,23,Evening,Medium Discount,Hot
107731,2024-03-21 12:30:00,Riyadh-Olaya,Super B.Laban,Medium,67.28,1,0.15,Nuts,72903,23.0,Female,Silver,Instapay,In-store,56,1.5,111,39.6,30.9,4.0,0,Signature,KSA,0,12,9.42,76.7,2024,3,21,Afternoon,Medium Discount,Hot
103178,2024-02-03 02:15:00,Mansoura-Mashaya,Sweet Koshary Mix,Medium,82.6,7,0.1,Pistachio,58042,43.5,Male,Bronze,Credit Card,ElMenus,94,8.1,118,23.4,27.9,1.0,0,Signature,Delta,1,2,80.95,659.15,2024,2,3,Late Night,Medium Discount,Moderate
104855,2024-02-20 13:30:00,Cairo-Zamalek,Rice Pudding Nuts,Medium,86.48,1,0.0,none,78548,25.0,Male,Silver,Cash,ElMenus,92,7.1,110,29.6,44.3,3.0,0,Traditional,Greater Cairo,0,13,12.11,98.59,2024,2,20,Afternoon,No Discount,Hot
104638,2024-02-18 07:15:00,Alex-Stanly,Ice Cream Mango,Medium,105.32,2,0.15,Pistachio,86936,55.0,Female,Unknown,Cash,In-store,30,9.3,137,41.8,70.9,1.0,0,Ice Cream,Alexandria,1,7,29.49,240.13,2024,2,18,Morning,Medium Discount,Hot
105116,2024-02-23 06:45:00,Cairo-Zamalek,Om Ali Cream,Large,145.43,11,0.0,Lotus,66660,17.0,Female,Silver,Credit Card,Talabat,74,5.1,126,43.7,61.4,1.0,0,Traditional,Greater Cairo,1,6,223.96,1823.69,2024,2,23,Morning,No Discount,Hot
107649,2024-03-20 16:00:00,Cairo-Zamalek,Super B.Laban,Medium,107.02,9,0.0,Nuts,65676,43.5,Female,Unknown,Instapay,Mobile App,12,4.2,146,15.4,73.7,1.0,1,Signature,Greater Cairo,0,16,134.85,1098.03,2024,3,20,Afternoon,No Discount,Cold
104262,2024-02-14 09:15:00,Riyadh-Olaya,Qishtouza Nutella,Large,86.21,2,0.0,Nutella,60690,45.0,Female,Unknown,Credit Card,In-store,78,5.9,105,35.0,42.7,3.0,0,Modern,KSA,0,9,24.14,196.56,2024,2,14,Morning,No Discount,Hot
101332,2024-01-14 20:45:00,Tanta-Saeed,Qishtouza Nutella,Small,72.26,10,0.15,Nutella,84015,43.0,Female,Gold,Credit Card,In-store,48,10.6,108,21.5,27.9,3.0,0,Modern,Delta,1,20,101.16,823.76,2024,1,14,Evening,Medium Discount,Moderate
107003,2024-03-13 22:30:00,Dubai-Marina,Rice Pudding Oven,Large,167.54,3,0.0,Lotus,75111,52.0,Female,Unknown,Instapay,Mobile App,11,7.2,117,34.9,54.2,4.0,1,Traditional,UAE,0,22,70.37,572.99,2024,3,13,Late Night,No Discount,Hot
106942,2024-03-13 07:15:00,Cairo-Zamalek,Om Ali Cream,Small,74.96,11,0.0,Lotus,72012,57.0,Male,Unknown,Cash,In-store,67,7.4,123,40.0,49.2,5.0,0,Traditional,Greater Cairo,0,7,115.44,940.0,2024,3,13,Morning,No Discount,Hot
108018,2024-03-24 12:15:00,Cairo-Zamalek,Sweet Koshary Mix,Large,144.62,7,0.0,Nuts,55578,19.0,Female,Gold,Cash,In-store,73,14.8,121,16.4,52.3,1.0,0,Signature,Greater Cairo,1,12,141.73,1154.07,2024,3,24,Afternoon,No Discount,Cold
106242,2024-03-06 00:15:00,Alex-Stanly,Rice Pudding Oven,Medium,125.41,8,0.0,Nutella,50001,41.0,Female,Bronze,Wallet,Talabat,78,9.6,109,16.1,66.6,2.0,0,Traditional,Alexandria,0,0,140.46,1143.74,2024,3,6,Late Night,No Discount,Cold
109988,2024-04-14 00:45:00,Tanta-Saeed,Super B.Laban,Large,52.68,6,0.0,none,60995,31.0,Male,Silver,Cash,Talabat,100,7.9,106,19.0,49.1,1.0,0,Signature,Delta,1,0,44.25,360.33,2024,4,14,Late Night,No Discount,Cold
106882,2024-03-12 16:15:00,Giza-Zayed,Rice Pudding Nuts,Large,72.89,3,0.0,none,76956,43.5,Female,Gold,Credit Card,ElMenus,59,9.5,117,35.9,89.8,1.0,0,Traditional,Greater Cairo,0,16,30.61,249.28000000000003,2024,3,12,Afternoon,No Discount,Hot
104531,2024-02-17 04:30:00,Alex-Stanly,Super B.Laban,Medium,104.69,8,0.0,Nuts,65719,65.0,Female,Silver,Wallet,Mobile App,84,1.7,107,33.8,32.1,1.0,0,Signature,Alexandria,1,4,117.25,954.77,2024,2,17,Late Night,No Discount,Hot
104674,2024-02-18 16:15:00,Giza-Zayed,Om Ali Cream,Large,124.98,8,0.0,Lotus,73765,73.0,Female,Bronze,Credit Card,Talabat,44,2.3,136,44.1,41.4,3.0,0,Traditional,Greater Cairo,1,16,139.98,1139.82,2024,2,18,Afternoon,No Discount,Hot
106997,2024-03-13 21:00:00,Riyadh-Olaya,Rice Pudding Oven,Medium,107.17,11,0.0,Lotus,59165,70.0,Male,Unknown,Instapay,ElMenus,47,1.6,138,29.2,82.1,2.0,0,Traditional,KSA,0,21,165.04,1343.91,2024,3,13,Evening,No Discount,Hot
101253,2024-01-14 01:00:00,Riyadh-Olaya,Rice Pudding Oven,Large,57.8,6,0.0,Lotus,83298,13.0,Male,Gold,Instapay,In-store,83,10.8,103,21.1,28.5,2.0,0,Traditional,KSA,1,1,48.55,395.34999999999997,2024,1,14,Late Night,No Discount,Moderate
103375,2024-02-05 03:30:00,Tanta-Saeed,Om Ali Cream,Medium,61.71,3,0.15,Pistachio,83395,43.0,Female,Unknown,Credit Card,ElMenus,10,4.7,115,43.4,56.5,2.0,0,Traditional,Delta,0,3,25.92,211.05,2024,2,5,Late Night,Medium Discount,Hot
102815,2024-01-30 07:30:00,Giza-Zayed,Super B.Laban,Small,105.09,3,0.0,Lotus,88416,12.0,Male,Gold,Instapay,In-store,81,2.6,102,38.3,52.3,3.0,0,Signature,Greater Cairo,0,7,44.14,359.40999999999997,2024,1,30,Morning,No Discount,Hot
104720,2024-02-19 03:45:00,Cairo-Zamalek,Rice Pudding Oven,Medium,41.37,7,0.1,Nutella,56328,12.0,Female,Gold,Wallet,In-store,103,4.6,117,33.9,43.8,2.0,0,Traditional,Greater Cairo,0,3,40.54,330.13,2024,2,19,Late Night,Medium Discount,Hot
106545,2024-03-09 04:00:00,Giza-Zayed,Rice Pudding Oven,Medium,112.04,7,0.05,Pistachio,74168,64.0,Female,Unknown,Instapay,ElMenus,19,10.5,115,44.7,59.5,1.0,0,Traditional,Greater Cairo,1,4,109.8,894.08,2024,3,9,Late Night,Low Discount,Hot
104859,2024-02-20 14:30:00,Dubai-Marina,Ice Cream Mango,Medium,108.23,11,0.0,Nutella,69571,69.0,Female,Silver,Instapay,Talabat,41,9.6,124,39.2,73.8,4.0,0,Ice Cream,UAE,0,14,166.67,1357.2,2024,2,20,Afternoon,No Discount,Hot
107902,2024-03-23 07:15:00,Mansoura-Mashaya,Super B.Laban,Medium,144.53,6,0.0,Nutella,76274,15.0,Male,Silver,Cash,In-store,115,12.0,113,40.0,20.4,2.0,0,Signature,Delta,1,7,121.41,988.59,2024,3,23,Morning,No Discount,Hot
108581,2024-03-30 09:00:00,Cairo-Zamalek,Sweet Koshary Mix,Medium,45.68,11,0.0,Lotus,62822,28.0,Female,Bronze,Instapay,In-store,112,9.5,116,38.1,61.4,5.0,0,Signature,Greater Cairo,1,9,70.35,572.83,2024,3,30,Morning,No Discount,Hot
108428,2024-03-28 18:45:00,Alex-Stanly,Rice Pudding Nuts,Medium,122.09,11,0.0,Lotus,86225,58.0,Male,Gold,Credit Card,Mobile App,56,10.1,149,38.5,21.4,3.0,1,Traditional,Alexandria,0,18,188.02,1531.01,2024,3,28,Evening,No Discount,Hot
101078,2024-01-12 05:15:00,Cairo-Nasr City,Sweet Koshary Mix,Medium,131.7,11,0.0,Lotus,56791,39.0,Female,Unknown,Cash,ElMenus,27,5.8,114,30.4,71.4,1.0,0,Signature,Greater Cairo,1,5,202.82,1651.5199999999998,2024,1,12,Morning,No Discount,Hot
104364,2024-02-15 10:45:00,Mansoura-Mashaya,Sweet Koshary Mix,Large,69.61,5,0.0,Nuts,70544,74.0,Female,Gold,Cash,In-store,28,2.6,119,30.0,50.3,3.0,0,Signature,Delta,0,10,48.73,396.78000000000003,2024,2,15,Morning,No Discount,Hot
100771,2024-01-09 00:30:00,Mansoura-Mashaya,Om Ali Cream,Medium,60.29,7,0.05,Nuts,54092,71.0,Female,Unknown,Credit Card,Talabat,37,9.1,144,43.9,65.1,2.0,0,Traditional,Delta,0,0,59.08,481.10999999999996,2024,1,9,Late Night,Low Discount,Hot
108866,2024-04-02 08:15:00,Dubai-Marina,Qishtouza Lotus,Small,148.33,2,0.0,Lotus,65849,27.0,Female,Unknown,Instapay,In-store,104,13.9,106,25.8,79.4,5.0,1,Modern,UAE,0,8,41.53,338.19000000000005,2024,4,2,Morning,No Discount,Hot
100250,2024-01-03 14:15:00,Alex-Stanly,Ice Cream Mango,Small,94.17,4,0.1,none,51686,36.0,Male,Unknown,Wallet,ElMenus,55,9.1,121,40.1,33.0,1.0,0,Ice Cream,Alexandria,0,14,52.74,429.42,2024,1,3,Afternoon,Medium Discount,Hot
107240,2024-03-16 09:45:00,Giza-Zayed,Sweet Koshary Mix,Large,74.38,10,0.0,Nuts,82268,19.0,Female,Gold,Instapay,ElMenus,29,13.8,144,28.0,59.6,2.0,0,Signature,Greater Cairo,1,9,104.13,847.93,2024,3,16,Morning,No Discount,Hot
103420,2024-02-05 14:45:00,Dubai-Marina,Sweet Koshary Mix,Large,118.62,1,0.0,none,71861,36.0,Male,Silver,Instapay,In-store,63,8.2,133,19.9,68.8,1.0,0,Signature,UAE,0,14,16.61,135.23000000000002,2024,2,5,Afternoon,No Discount,Cold
104977,2024-02-21 20:00:00,Dubai-Marina,Rice Pudding Nuts,Medium,49.14,2,0.0,Lotus,83536,40.0,Female,Silver,Cash,In-store,97,5.6,123,22.4,24.8,3.0,0,Traditional,UAE,0,20,13.76,112.04,2024,2,21,Evening,No Discount,Moderate
104545,2024-02-17 08:00:00,Mansoura-Mashaya,Qishtouza Nutella,Medium,81.07,8,0.0,Lotus,79743,24.0,Female,Gold,Instapay,Talabat,103,5.7,145,15.1,80.1,2.0,0,Modern,Delta,1,8,90.8,739.3599999999999,2024,2,17,Morning,No Discount,Cold
105566,2024-02-27 23:15:00,Alex-Stanly,Om Ali Cream,Medium,110.35,6,0.0,Pistachio,53074,25.0,Female,Gold,Credit Card,Mobile App,84,5.8,104,26.1,50.3,5.0,0,Traditional,Alexandria,0,23,92.69,754.79,2024,2,27,Late Night,No Discount,Hot
107940,2024-03-23 16:45:00,Giza-Zayed,Rice Pudding Oven,Large,75.75,1,0.0,Nuts,57360,50.0,Female,Gold,Credit Card,ElMenus,103,5.4,136,38.1,39.8,3.0,1,Traditional,Greater Cairo,1,16,10.6,86.35,2024,3,23,Afternoon,No Discount,Hot
100717,2024-01-08 11:00:00,Alex-Stanly,Sweet Koshary Mix,Medium,55.31,7,0.0,Nuts,54908,24.0,Male,Unknown,Credit Card,ElMenus,107,11.8,110,25.1,20.9,1.0,0,Signature,Alexandria,0,11,54.2,441.37,2024,1,8,Morning,No Discount,Hot
109653,2024-04-10 13:00:00,Alex-Stanly,Qishtouza Nutella,Medium,99.88,11,0.0,none,86943,49.0,Male,Gold,Credit Card,Talabat,39,12.5,136,20.0,65.7,1.0,0,Modern,Alexandria,0,13,153.82,1252.4999999999998,2024,4,10,Afternoon,No Discount,Moderate
102049,2024-01-22 08:00:00,Dubai-Marina,Ice Cream Mango,Large,164.72,11,0.05,Lotus,78160,36.0,Female,Bronze,Wallet,Talabat,87,2.5,118,16.7,39.2,2.0,0,Ice Cream,UAE,0,8,253.67,2065.59,2024,1,22,Morning,Low Discount,Cold
105998,2024-03-03 11:15:00,Cairo-Zamalek,Qishtouza Nutella,Large,137.87,11,0.1,none,81441,68.0,Female,Unknown,Credit Card,Talabat,25,11.5,115,16.6,54.4,4.0,0,Modern,Greater Cairo,1,11,212.32,1728.89,2024,3,3,Morning,Medium Discount,Cold
106601,2024-03-09 18:00:00,Dubai-Marina,Rice Pudding Oven,Medium,171.18,11,0.0,Pistachio,61548,47.0,Male,Unknown,Instapay,Mobile App,80,7.2,119,26.8,47.8,2.0,0,Traditional,UAE,1,18,263.62,2146.6,2024,3,9,Evening,No Discount,Hot
107246,2024-03-16 11:15:00,Mansoura-Mashaya,Rice Pudding Nuts,Medium,124.68,5,0.15,Pistachio,72917,62.0,Male,Unknown,Wallet,In-store,75,4.1,136,44.3,73.0,3.0,0,Traditional,Delta,1,11,87.28,710.6800000000001,2024,3,16,Morning,Medium Discount,Hot
104179,2024-02-13 12:30:00,Cairo-Zamalek,Qishtouza Lotus,Small,160.79,9,0.0,Lotus,51613,35.0,Male,Unknown,Credit Card,ElMenus,103,5.2,113,37.9,34.9,4.0,0,Modern,Greater Cairo,0,12,202.6,1649.7099999999998,2024,2,13,Afternoon,No Discount,Hot
104810,2024-02-20 02:15:00,Riyadh-Olaya,Rice Pudding Nuts,Large,165.16,9,0.0,none,58577,13.0,Male,Gold,Cash,Talabat,112,1.6,139,34.9,28.6,2.0,0,Traditional,KSA,0,2,208.1,1694.54,2024,2,20,Late Night,No Discount,Hot
109483,2024-04-08 18:30:00,Cairo-Nasr City,Om Ali Cream,Medium,116.6,6,0.0,Nuts,50763,40.0,Male,Unknown,Cash,Mobile App,44,13.5,148,20.7,36.9,3.0,0,Traditional,Greater Cairo,0,18,97.94,797.54,2024,4,8,Evening,No Discount,Moderate
107141,2024-03-15 09:00:00,Dubai-Marina,Ice Cream Mango,Medium,117.8,4,0.0,none,59592,35.0,Male,Unknown,Wallet,In-store,90,12.0,129,39.2,32.8,3.0,0,Ice Cream,UAE,1,9,65.97,537.17,2024,3,15,Morning,No Discount,Hot
107191,2024-03-15 21:30:00,Dubai-Marina,Rice Pudding Nuts,Small,81.87,8,0.0,Nuts,67146,15.0,Female,Unknown,Wallet,Talabat,16,3.6,129,23.2,52.8,2.0,0,Traditional,UAE,1,21,91.69,746.6500000000001,2024,3,15,Evening,No Discount,Moderate
101461,2024-01-16 05:00:00,Mansoura-Mashaya,Sweet Koshary Mix,Medium,140.83,10,0.0,none,77365,36.0,Male,Gold,Wallet,ElMenus,63,4.9,132,16.0,25.1,4.0,0,Signature,Delta,0,5,197.16,1605.4600000000003,2024,1,16,Morning,No Discount,Cold
105990,2024-03-03 09:15:00,Alex-Stanly,Qishtouza Nutella,Medium,49.32,7,0.1,Pistachio,71492,46.0,Male,Unknown,Wallet,ElMenus,106,14.2,130,29.0,54.7,5.0,0,Modern,Alexandria,1,9,48.33,393.57,2024,3,3,Morning,Medium Discount,Hot
102001,2024-01-21 20:00:00,Dubai-Marina,Qishtouza Lotus,Medium,147.05,2,0.0,Nuts,83097,49.0,Female,Unknown,Cash,Mobile App,97,0.8,146,33.7,83.5,1.0,0,Modern,UAE,1,20,41.17,335.27000000000004,2024,1,21,Evening,No Discount,Hot
108176,2024-03-26 03:45:00,Cairo-Nasr City,Om Ali Cream,Large,133.76,10,0.0,Pistachio,57101,74.0,Male,Gold,Wallet,Talabat,84,8.0,109,16.6,85.4,1.0,0,Traditional,Greater Cairo,0,3,187.26,1524.86,2024,3,26,Late Night,No Discount,Cold
100405,2024-01-05 05:00:00,Riyadh-Olaya,Qishtouza Nutella,Large,99.05,4,0.0,Nuts,81741,57.0,Male,Bronze,Cash,Mobile App,89,8.4,118,42.1,42.8,1.0,0,Modern,KSA,1,5,55.47,451.66999999999996,2024,1,5,Morning,No Discount,Hot
100385,2024-01-05 00:00:00,Mansoura-Mashaya,Ice Cream Mango,Large,127.18,10,0.05,Pistachio,66891,74.0,Male,Silver,Instapay,Talabat,50,5.1,120,41.0,24.1,3.0,0,Ice Cream,Delta,1,0,178.05,1449.8500000000001,2024,1,5,Late Night,Low Discount,Hot
109449,2024-04-08 10:00:00,Cairo-Nasr City,Super B.Laban,Small,45.7,4,0.0,Nuts,68856,17.0,Male,Gold,Credit Card,ElMenus,119,7.2,149,22.7,30.6,3.0,0,Signature,Greater Cairo,0,10,25.59,208.39000000000001,2024,4,8,Morning,No Discount,Moderate
109488,2024-04-08 19:45:00,Tanta-Saeed,Sweet Koshary Mix,Small,160.33,5,0.0,Nutella,85214,60.0,Female,Silver,Cash,Talabat,85,3.8,149,25.1,89.0,4.0,0,Signature,Delta,0,19,112.23,913.8800000000001,2024,4,8,Evening,No Discount,Hot
101634,2024-01-18 00:15:00,Dubai-Marina,Rice Pudding Oven,Large,54.76,10,0.0,Nuts,69365,42.0,Male,Gold,Cash,ElMenus,86,11.5,127,15.5,41.7,5.0,0,Traditional,UAE,0,0,76.66,624.26,2024,1,18,Late Night,No Discount,Cold
109854,2024-04-12 15:15:00,Giza-Zayed,Qishtouza Nutella,Medium,71.61,3,0.0,Lotus,70668,71.0,Male,Bronze,Credit Card,ElMenus,40,0.7,127,38.7,29.5,4.0,0,Modern,Greater Cairo,1,15,30.08,244.90999999999997,2024,4,12,Afternoon,No Discount,Hot
104785,2024-02-19 20:00:00,Mansoura-Mashaya,Super B.Laban,Medium,77.62,11,0.05,Nutella,64858,49.0,Male,Silver,Instapay,ElMenus,87,9.3,107,16.5,39.5,5.0,0,Signature,Delta,0,20,119.53,973.35,2024,2,19,Evening,Low Discount,Cold
109457,2024-04-08 12:00:00,Tanta-Saeed,Super B.Laban,Small,63.4,11,0.1,none,73366,62.0,Female,Bronze,Cash,ElMenus,82,10.8,106,15.4,87.1,3.0,0,Signature,Delta,0,12,97.64,795.04,2024,4,8,Afternoon,Medium Discount,Cold
106971,2024-03-13 14:30:00,Riyadh-Olaya,Om Ali Cream,Medium,146.72,6,0.0,none,67228,43.5,Male,Unknown,Wallet,ElMenus,17,14.9,143,41.9,67.0,2.0,0,Traditional,KSA,0,14,123.24,1003.56,2024,3,13,Afternoon,No Discount,Hot
103926,2024-02-10 21:15:00,Giza-Zayed,Om Ali Cream,Small,88.67,4,0.0,Lotus,80110,28.0,Female,Bronze,Credit Card,Talabat,93,14.8,129,35.4,51.0,4.0,0,Traditional,Greater Cairo,1,21,49.66,404.34000000000003,2024,2,10,Evening,No Discount,Hot
104159,2024-02-13 07:30:00,Cairo-Zamalek,Qishtouza Lotus,Large,170.93,4,0.15,Nutella,88997,54.0,Female,Unknown,Wallet,ElMenus,51,12.4,142,38.5,45.4,2.0,0,Modern,Greater Cairo,0,7,95.72,779.44,2024,2,13,Morning,Medium Discount,Hot
107450,2024-03-18 14:15:00,Cairo-Zamalek,Om Ali Cream,Medium,67.54,6,0.1,Lotus,78595,16.0,Female,Gold,Credit Card,Mobile App,79,2.6,114,42.5,54.1,2.0,0,Traditional,Greater Cairo,0,14,56.73,461.97,2024,3,18,Afternoon,Medium Discount,Hot
108416,2024-03-28 15:45:00,Cairo-Nasr City,Super B.Laban,Large,103.85,6,0.0,Pistachio,81415,74.0,Male,Bronze,Instapay,ElMenus,26,11.0,145,18.2,83.6,4.0,0,Signature,Greater Cairo,0,15,87.23,710.3299999999999,2024,3,28,Afternoon,No Discount,Cold
102194,2024-01-23 20:15:00,Cairo-Nasr City,Sweet Koshary Mix,Medium,76.9,8,0.0,none,53467,61.0,Female,Gold,Credit Card,In-store,103,1.4,102,24.4,33.6,1.0,0,Signature,Greater Cairo,0,20,86.13,701.33,2024,1,23,Evening,No Discount,Moderate
101016,2024-01-11 13:45:00,Tanta-Saeed,Qishtouza Nutella,Large,82.0,4,0.1,Nuts,64018,72.0,Male,Unknown,Instapay,Mobile App,67,8.2,112,28.5,42.2,2.0,1,Modern,Delta,0,13,45.92,373.92,2024,1,11,Afternoon,Medium Discount,Hot
105125,2024-02-23 09:00:00,Giza-Zayed,Ice Cream Mango,Small,113.14,1,0.0,none,52763,73.0,Female,Unknown,Cash,Talabat,24,9.0,142,39.9,32.2,4.0,0,Ice Cream,Greater Cairo,1,9,15.84,128.98,2024,2,23,Morning,No Discount,Hot
107419,2024-03-18 06:30:00,Cairo-Zamalek,Ice Cream Mango,Medium,91.87,10,0.0,Nutella,74063,43.5,Male,Silver,Credit Card,In-store,64,8.0,129,18.5,32.3,2.0,0,Ice Cream,Greater Cairo,0,6,128.62,1047.3200000000002,2024,3,18,Morning,No Discount,Cold
107410,2024-03-18 04:15:00,Mansoura-Mashaya,Om Ali Cream,Medium,87.08,8,0.0,Lotus,63029,30.0,Male,Bronze,Instapay,Talabat,25,9.0,138,22.7,74.3,5.0,0,Traditional,Delta,0,4,97.53,794.17,2024,3,18,Late Night,No Discount,Moderate
108990,2024-04-03 15:15:00,Riyadh-Olaya,Super B.Laban,Small,72.86,4,0.05,Nuts,80709,43.5,Male,Unknown,Cash,ElMenus,36,11.4,139,17.6,73.5,5.0,0,Signature,KSA,0,15,40.8,332.24,2024,4,3,Afternoon,Low Discount,Cold
102872,2024-01-30 21:45:00,Tanta-Saeed,Om Ali Cream,Large,125.32,6,0.15,none,54627,62.0,Female,Bronze,Instapay,ElMenus,79,8.2,125,29.9,78.8,5.0,0,Traditional,Delta,0,21,105.27,857.1899999999999,2024,1,30,Evening,Medium Discount,Hot
100010,2024-01-01 02:15:00,Cairo-Zamalek,Sweet Koshary Mix,Large,72.25,3,0.0,Lotus,85716,41.0,Male,Unknown,Wallet,Mobile App,37,12.2,106,34.6,56.8,1.0,0,Signature,Greater Cairo,0,2,30.35,247.1,2024,1,1,Late Night,No Discount,Hot
101839,2024-01-20 03:30:00,Riyadh-Olaya,Qishtouza Lotus,Small,94.56,5,0.15,Pistachio,88260,54.0,Female,Unknown,Instapay,ElMenus,60,11.2,128,23.9,31.9,1.0,1,Modern,KSA,1,3,66.19,538.99,2024,1,20,Late Night,Medium Discount,Moderate
104805,2024-02-20 01:00:00,Tanta-Saeed,Rice Pudding Oven,Small,127.23,1,0.0,Pistachio,71955,57.0,Female,Silver,Wallet,Mobile App,58,0.8,141,18.7,73.6,1.0,0,Traditional,Delta,0,1,17.81,145.04,2024,2,20,Late Night,No Discount,Cold
100256,2024-01-03 15:45:00,Alex-Stanly,Rice Pudding Nuts,Small,126.17,6,0.15,Lotus,50762,17.0,Male,Unknown,Credit Card,In-store,98,14.1,116,27.5,75.7,2.0,0,Traditional,Alexandria,0,15,105.98,863.0,2024,1,3,Afternoon,Medium Discount,Hot
107027,2024-03-14 04:30:00,Cairo-Nasr City,Qishtouza Nutella,Large,9999.99,11,0.15,none,81920,33.0,Female,Unknown,Wallet,ElMenus,62,1.3,118,39.8,48.2,4.0,0,Modern,Greater Cairo,0,4,236.98,110236.87,2024,3,14,Late Night,Medium Discount,Hot
105714,2024-02-29 12:15:00,Cairo-Nasr City,Rice Pudding Oven,Large,62.66,4,0.0,Nutella,72431,50.0,Male,Silver,Instapay,Mobile App,56,7.3,148,21.8,65.1,1.0,0,Traditional,Greater Cairo,0,12,35.09,285.73,2024,2,29,Afternoon,No Discount,Moderate
103325,2024-02-04 15:00:00,Alex-Stanly,Qishtouza Nutella,Medium,58.14,8,0.0,none,70568,26.0,Female,Bronze,Credit Card,In-store,36,14.2,146,20.7,31.1,1.0,0,Modern,Alexandria,1,15,65.12,530.24,2024,2,4,Afternoon,No Discount,Moderate
107715,2024-03-21 08:30:00,Giza-Zayed,Rice Pudding Nuts,Medium,122.03,7,0.0,none,66708,62.0,Female,Silver,Credit Card,ElMenus,49,12.4,126,42.2,80.7,5.0,0,Traditional,Greater Cairo,0,8,119.59,973.8000000000001,2024,3,21,Morning,No Discount,Hot
101582,2024-01-17 11:15:00,Cairo-Zamalek,Rice Pudding Oven,Medium,127.59,5,0.0,none,68851,13.0,Female,Unknown,Wallet,ElMenus,58,9.5,116,41.1,34.0,4.0,0,Traditional,Greater Cairo,0,11,89.31,727.26,2024,1,17,Morning,No Discount,Hot
100925,2024-01-10 15:00:00,Cairo-Nasr City,Ice Cream Mango,Large,169.07,9,0.0,Lotus,60982,62.0,Female,Bronze,Cash,Talabat,25,7.8,142,39.5,68.6,4.0,0,Ice Cream,Greater Cairo,0,15,213.03,1734.6599999999999,2024,1,10,Afternoon,No Discount,Hot
102780,2024-01-29 22:45:00,Dubai-Marina,Super B.Laban,Medium,139.12,2,0.0,Nuts,64490,13.0,Female,Gold,Credit Card,In-store,110,7.4,141,22.1,25.4,5.0,0,Signature,UAE,0,22,38.95,317.19,2024,1,29,Late Night,No Discount,Moderate
107892,2024-03-23 04:45:00,Cairo-Nasr City,Rice Pudding Nuts,Medium,145.17,11,0.0,none,58360,39.0,Male,Unknown,Cash,Mobile App,84,8.1,108,37.8,69.4,3.0,0,Traditional,Greater Cairo,1,4,223.56,1820.4299999999998,2024,3,23,Late Night,No Discount,Hot
106133,2024-03-04 21:00:00,Cairo-Zamalek,Rice Pudding Nuts,Large,154.27,10,0.0,Nutella,50120,23.0,Female,Bronze,Credit Card,In-store,84,11.4,125,38.6,48.5,3.0,0,Traditional,Greater Cairo,0,21,215.98,1758.68,2024,3,4,Evening,No Discount,Hot
105321,2024-02-25 10:00:00,Alex-Stanly,Rice Pudding Oven,Large,49.76,5,0.0,Nuts,63676,15.0,Female,Bronze,Cash,In-store,32,9.2,116,28.9,71.6,5.0,0,Traditional,Alexandria,1,10,34.83,283.63,2024,2,25,Morning,No Discount,Hot
107313,2024-03-17 04:00:00,Dubai-Marina,Ice Cream Mango,Large,58.52,2,0.0,Nutella,54245,64.0,Male,Bronze,Wallet,Mobile App,11,4.8,141,32.3,29.9,3.0,0,Ice Cream,UAE,1,4,16.39,133.43,2024,3,17,Late Night,No Discount,Hot
107103,2024-03-14 23:30:00,Mansoura-Mashaya,Sweet Koshary Mix,Medium,72.01,6,0.0,Pistachio,79048,28.0,Male,Gold,Instapay,Mobile App,35,8.8,117,15.3,43.5,4.0,0,Signature,Delta,0,23,60.49,492.55000000000007,2024,3,14,Late Night,No Discount,Cold
106043,2024-03-03 22:30:00,Riyadh-Olaya,Rice Pudding Nuts,Small,75.12,3,0.1,Lotus,52055,55.0,Female,Silver,Cash,Mobile App,40,9.6,101,20.4,55.9,5.0,0,Traditional,KSA,1,22,31.55,256.91,2024,3,3,Late Night,Medium Discount,Moderate
103776,2024-02-09 07:45:00,Giza-Zayed,Qishtouza Lotus,Large,73.17,1,0.0,Nuts,83959,68.0,Male,Unknown,Cash,Talabat,96,1.7,125,34.1,35.4,4.0,0,Modern,Greater Cairo,1,7,10.24,83.41,2024,2,9,Morning,No Discount,Hot
104836,2024-02-20 08:45:00,Tanta-Saeed,Qishtouza Lotus,Medium,59.53,9,0.0,Nuts,81195,43.5,Male,Gold,Credit Card,ElMenus,93,8.5,127,18.7,82.5,5.0,0,Modern,Delta,0,8,75.01,610.78,2024,2,20,Morning,No Discount,Cold
104965,2024-02-21 17:00:00,Giza-Zayed,Om Ali Cream,Medium,94.35,11,0.0,none,81464,74.0,Female,Unknown,Cash,Talabat,92,11.2,138,17.8,81.5,1.0,0,Traditional,Greater Cairo,0,17,145.3,1183.1499999999999,2024,2,21,Evening,No Discount,Cold
100540,2024-01-06 14:45:00,Cairo-Zamalek,Sweet Koshary Mix,Medium,144.93,1,0.0,none,84691,16.0,Female,Unknown,Instapay,Talabat,35,2.1,145,43.8,72.3,5.0,0,Signature,Greater Cairo,1,14,20.29,165.22,2024,1,6,Afternoon,No Discount,Hot
107484,2024-03-18 22:45:00,Alex-Stanly,Super B.Laban,Small,127.64,6,0.0,Nutella,59483,34.0,Male,Silver,Wallet,Talabat,65,11.9,135,37.8,55.7,2.0,0,Signature,Alexandria,0,22,107.22,873.0600000000001,2024,3,18,Late Night,No Discount,Hot
102746,2024-01-29 14:15:00,Tanta-Saeed,Ice Cream Mango,Medium,98.7,9,0.15,Nutella,88415,39.0,Female,Gold,Wallet,Mobile App,115,2.3,138,38.5,81.9,1.0,0,Ice Cream,Delta,0,14,124.36,1012.6600000000001,2024,1,29,Afternoon,Medium Discount,Hot
103720,2024-02-08 17:45:00,Tanta-Saeed,Rice Pudding Oven,Small,53.67,1,0.0,Nutella,85392,43.5,Male,Bronze,Instapay,Talabat,99,13.7,103,16.0,32.7,1.0,0,Traditional,Delta,0,17,7.51,61.18,2024,2,8,Evening,No Discount,Cold
106820,2024-03-12 00:45:00,Riyadh-Olaya,Rice Pudding Nuts,Large,141.07,5,0.0,Nuts,82053,43.5,Male,Silver,Credit Card,Mobile App,26,12.6,149,38.5,63.3,3.0,0,Traditional,KSA,0,0,98.75,804.0999999999999,2024,3,12,Late Night,No Discount,Hot
109338,2024-04-07 06:15:00,Riyadh-Olaya,Super B.Laban,Medium,91.72,7,0.0,none,88554,53.0,Female,Silver,Wallet,Mobile App,89,3.5,145,42.3,47.3,2.0,0,Signature,KSA,1,6,89.89,731.93,2024,4,7,Morning,No Discount,Hot
104469,2024-02-16 13:00:00,Cairo-Nasr City,Rice Pudding Oven,Medium,130.03,9,0.0,none,89403,73.0,Female,Bronze,Credit Card,ElMenus,57,8.4,118,28.4,50.7,1.0,0,Traditional,Greater Cairo,1,13,163.84,1334.11,2024,2,16,Afternoon,No Discount,Hot
100668,2024-01-07 22:45:00,Giza-Zayed,Ice Cream Mango,Medium,104.4,9,0.1,none,73225,43.5,Male,Silver,Credit Card,Mobile App,105,1.4,140,36.7,21.4,2.0,0,Ice Cream,Greater Cairo,1,22,131.54,1071.14,2024,1,7,Late Night,Medium Discount,Hot
107576,2024-03-19 21:45:00,Mansoura-Mashaya,Rice Pudding Oven,Large,70.77,5,0.0,Nuts,86979,43.5,Female,Unknown,Wallet,ElMenus,54,13.0,118,36.5,74.9,5.0,1,Traditional,Delta,0,21,49.54,403.39,2024,3,19,Evening,No Discount,Hot
108550,2024-03-30 01:15:00,Riyadh-Olaya,Ice Cream Mango,Small,153.23,3,0.0,Nutella,67322,12.0,Female,Bronze,Cash,Talabat,13,10.9,107,39.8,65.7,5.0,0,Ice Cream,KSA,1,1,64.36,524.05,2024,3,30,Late Night,No Discount,Hot
105064,2024-02-22 17:45:00,Riyadh-Olaya,Qishtouza Lotus,Medium,77.71,3,0.1,Nuts,79513,59.0,Male,Bronze,Instapay,Talabat,66,12.0,117,17.2,34.4,5.0,0,Modern,KSA,0,17,32.64,265.77,2024,2,22,Evening,Medium Discount,Cold
101354,2024-01-15 02:15:00,Tanta-Saeed,Qishtouza Lotus,Medium,69.66,5,0.0,Lotus,69362,56.0,Female,Silver,Credit Card,Talabat,55,6.4,103,23.2,73.5,2.0,0,Modern,Delta,0,2,48.76,397.05999999999995,2024,1,15,Late Night,No Discount,Moderate
107115,2024-03-15 02:30:00,Tanta-Saeed,Rice Pudding Oven,Medium,170.57,2,0.05,none,60083,31.0,Female,Unknown,Instapay,In-store,44,11.3,146,35.5,37.2,3.0,0,Traditional,Delta,1,2,47.76,388.9,2024,3,15,Late Night,Low Discount,Hot
109774,2024-04-11 19:15:00,Cairo-Nasr City,Rice Pudding Oven,Large,109.72,3,0.0,Pistachio,51132,59.0,Female,Bronze,Credit Card,ElMenus,100,2.7,124,15.9,24.6,1.0,0,Traditional,Greater Cairo,0,19,46.08,375.23999999999995,2024,4,11,Evening,No Discount,Cold
108663,2024-03-31 05:30:00,Tanta-Saeed,Ice Cream Mango,Medium,158.96,11,0.1,Nutella,61275,40.0,Female,Unknown,Instapay,Mobile App,101,8.6,144,42.8,54.9,3.0,0,Ice Cream,Delta,1,5,244.8,1993.3600000000001,2024,3,31,Morning,Medium Discount,Hot
102704,2024-01-29 03:45:00,Cairo-Nasr City,Rice Pudding Oven,Large,179.57,11,0.0,Lotus,74836,42.0,Male,Unknown,Wallet,Talabat,110,1.9,109,41.0,44.3,3.0,0,Traditional,Greater Cairo,0,3,276.54,2251.81,2024,1,29,Late Night,No Discount,Hot
103331,2024-02-04 16:30:00,Mansoura-Mashaya,Ice Cream Mango,Small,95.48,6,0.0,Lotus,69062,35.0,Female,Gold,Cash,ElMenus,116,13.5,140,27.1,31.6,4.0,0,Ice Cream,Delta,1,16,80.2,653.08,2024,2,4,Afternoon,No Discount,Hot
108054,2024-03-24 21:15:00,Mansoura-Mashaya,Ice Cream Mango,Large,121.23,11,0.0,none,63901,13.0,Female,Gold,Instapay,In-store,34,12.0,118,36.0,25.6,3.0,0,Ice Cream,Delta,1,21,186.69,1520.22,2024,3,24,Evening,No Discount,Hot
103585,2024-02-07 08:00:00,Cairo-Nasr City,Qishtouza Lotus,Medium,126.54,4,0.0,Nuts,70056,34.0,Male,Unknown,Wallet,Talabat,113,6.5,132,41.0,85.7,3.0,0,Modern,Greater Cairo,0,8,70.86,577.02,2024,2,7,Morning,No Discount,Hot
109442,2024-04-08 08:15:00,Alex-Stanly,Sweet Koshary Mix,Medium,101.62,6,0.1,none,67121,54.0,Female,Gold,Instapay,Mobile App,77,4.1,141,43.2,73.2,4.0,0,Signature,Alexandria,0,8,85.36,695.08,2024,4,8,Morning,Medium Discount,Hot
105646,2024-02-28 19:15:00,Mansoura-Mashaya,Rice Pudding Oven,Large,166.45,2,0.0,Nutella,54146,39.0,Male,Silver,Cash,Mobile App,21,7.7,121,16.7,61.1,2.0,0,Traditional,Delta,0,19,46.61,379.51,2024,2,28,Evening,No Discount,Cold
103377,2024-02-05 04:00:00,Tanta-Saeed,Rice Pudding Nuts,Large,51.29,11,0.0,Nutella,89475,14.0,Male,Unknown,Cash,Mobile App,59,6.7,122,20.6,48.3,2.0,0,Traditional,Delta,0,4,78.99,643.18,2024,2,5,Late Night,No Discount,Moderate
101257,2024-01-14 02:00:00,Tanta-Saeed,Ice Cream Mango,Small,90.38,5,0.0,none,83385,65.0,Male,Bronze,Instapay,Talabat,67,13.7,113,41.9,69.1,2.0,0,Ice Cream,Delta,1,2,63.27,515.17,2024,1,14,Late Night,No Discount,Hot
106191,2024-03-05 11:30:00,Riyadh-Olaya,Sweet Koshary Mix,Medium,130.01,2,0.0,Lotus,74999,54.0,Female,Silver,Credit Card,Mobile App,67,14.2,138,28.2,20.3,1.0,0,Signature,KSA,0,11,36.4,296.41999999999996,2024,3,5,Morning,No Discount,Hot
105349,2024-02-25 17:00:00,Giza-Zayed,Ice Cream Mango,Medium,72.08,10,0.15,Nuts,75888,13.0,Male,Gold,Instapay,ElMenus,57,10.7,138,18.1,83.6,2.0,0,Ice Cream,Greater Cairo,1,17,100.91,821.7099999999999,2024,2,25,Evening,Medium Discount,Cold
104176,2024-02-13 11:45:00,Dubai-Marina,Super B.Laban,Large,170.61,4,0.15,Nutella,80537,43.5,Male,Gold,Wallet,Talabat,51,4.6,113,35.5,76.1,4.0,0,Signature,UAE,0,11,95.54,777.98,2024,2,13,Morning,Medium Discount,Hot
104911,2024-02-21 03:30:00,Riyadh-Olaya,Rice Pudding Oven,Medium,127.19,10,0.0,Nuts,71577,69.0,Male,Gold,Instapay,Mobile App,113,7.3,127,29.0,52.7,1.0,0,Traditional,KSA,0,3,178.07,1449.97,2024,2,21,Late Night,No Discount,Hot
101853,2024-01-20 07:00:00,Tanta-Saeed,Sweet Koshary Mix,Large,125.81,4,0.1,none,87098,43.0,Male,Silver,Instapay,Mobile App,25,7.9,148,16.2,30.5,1.0,0,Signature,Delta,1,7,70.45,573.69,2024,1,20,Morning,Medium Discount,Cold
106317,2024-03-06 19:00:00,Cairo-Zamalek,Rice Pudding Nuts,Medium,122.4,3,0.0,none,70410,24.0,Female,Silver,Cash,Mobile App,59,11.0,140,40.3,89.8,3.0,0,Traditional,Greater Cairo,0,19,51.41,418.61,2024,3,6,Evening,No Discount,Hot
109855,2024-04-12 15:30:00,Mansoura-Mashaya,Rice Pudding Oven,Medium,76.63,7,0.0,Nutella,55693,33.0,Male,Bronze,Instapay,Mobile App,69,2.1,143,20.0,20.3,4.0,0,Traditional,Delta,1,15,75.1,611.51,2024,4,12,Afternoon,No Discount,Moderate
102106,2024-01-22 22:15:00,Riyadh-Olaya,Sweet Koshary Mix,Large,92.54,2,0.0,Lotus,56358,34.0,Male,Gold,Wallet,In-store,46,12.8,131,21.8,41.5,3.0,0,Signature,KSA,0,22,25.91,210.99,2024,1,22,Late Night,No Discount,Moderate
100134,2024-01-02 09:15:00,Mansoura-Mashaya,Super B.Laban,Medium,83.45,8,0.0,Pistachio,80553,44.0,Male,Unknown,Cash,Talabat,19,1.9,138,29.6,74.0,1.0,0,Signature,Delta,0,9,93.46,761.0600000000001,2024,1,2,Morning,No Discount,Hot
105030,2024-02-22 09:15:00,Mansoura-Mashaya,Qishtouza Nutella,Medium,79.16,6,0.0,Nuts,56069,62.0,Male,Bronze,Cash,Mobile App,65,14.0,141,44.0,50.8,2.0,0,Modern,Delta,0,9,66.49,541.4499999999999,2024,2,22,Morning,No Discount,Hot
100929,2024-01-10 16:00:00,Tanta-Saeed,Rice Pudding Oven,Medium,46.79,2,0.0,none,80921,35.0,Male,Gold,Instapay,In-store,25,5.6,120,15.3,42.9,4.0,0,Traditional,Delta,0,16,13.1,106.67999999999999,2024,1,10,Afternoon,No Discount,Cold
100824,2024-01-09 13:45:00,Dubai-Marina,Ice Cream Mango,Small,111.59,4,0.0,Nutella,75684,43.5,Female,Silver,Cash,In-store,43,10.0,117,22.0,80.0,3.0,0,Ice Cream,UAE,0,13,62.49,508.85,2024,1,9,Afternoon,No Discount,Moderate
107577,2024-03-19 22:00:00,Riyadh-Olaya,Sweet Koshary Mix,Small,176.68,6,0.0,Pistachio,77606,55.0,Male,Bronze,Wallet,ElMenus,83,11.4,140,18.6,77.3,1.0,0,Signature,KSA,0,22,148.41,1208.49,2024,3,19,Late Night,No Discount,Cold
101532,2024-01-16 22:45:00,Cairo-Zamalek,Qishtouza Lotus,Small,62.33,7,0.0,none,89283,47.0,Female,Unknown,Cash,In-store,107,4.9,148,35.2,67.7,5.0,0,Modern,Greater Cairo,0,22,61.08,497.39,2024,1,16,Late Night,No Discount,Hot
101215,2024-01-13 15:30:00,Cairo-Zamalek,Rice Pudding Oven,Large,125.48,10,0.0,none,67433,35.0,Male,Gold,Instapay,Talabat,54,2.9,145,21.0,27.7,4.0,0,Traditional,Greater Cairo,1,15,175.67,1430.47,2024,1,13,Afternoon,No Discount,Moderate
100505,2024-01-06 06:00:00,Dubai-Marina,Super B.Laban,Large,99.68,1,0.0,Nutella,53097,31.0,Female,Gold,Cash,ElMenus,116,3.1,134,38.3,71.7,5.0,0,Signature,UAE,1,6,13.96,113.64000000000001,2024,1,6,Morning,No Discount,Hot
106531,2024-03-09 00:30:00,Cairo-Nasr City,Rice Pudding Oven,Large,46.05,9,0.0,Nutella,64795,52.0,Male,Unknown,Wallet,In-store,67,4.0,126,31.4,39.1,3.0,0,Traditional,Greater Cairo,1,0,58.02,472.46999999999997,2024,3,9,Late Night,No Discount,Hot
103073,2024-02-02 00:00:00,Alex-Stanly,Super B.Laban,Small,95.97,10,0.0,none,86715,49.0,Male,Bronze,Wallet,ElMenus,45,10.9,115,21.0,21.8,2.0,0,Signature,Alexandria,1,0,134.36,1094.06,2024,2,2,Late Night,No Discount,Moderate
109087,2024-04-04 15:30:00,Giza-Zayed,Om Ali Cream,Small,165.88,10,0.0,none,56337,43.5,Male,Bronze,Instapay,ElMenus,100,0.7,127,17.9,58.4,1.0,0,Traditional,Greater Cairo,0,15,232.23,1891.03,2024,4,4,Afternoon,No Discount,Cold
108648,2024-03-31 01:45:00,Cairo-Zamalek,Rice Pudding Nuts,Medium,114.31,8,0.05,Pistachio,87856,30.0,Male,Unknown,Wallet,Talabat,20,1.8,121,30.3,72.5,3.0,0,Traditional,Greater Cairo,1,1,128.03,1042.51,2024,3,31,Late Night,Low Discount,Hot
106620,2024-03-09 22:45:00,Giza-Zayed,Rice Pudding Oven,Large,120.7,6,0.0,Lotus,58391,62.0,Female,Gold,Instapay,ElMenus,87,3.7,130,31.1,87.6,2.0,0,Traditional,Greater Cairo,1,22,101.39,825.59,2024,3,9,Late Night,No Discount,Hot
109274,2024-04-06 14:15:00,Tanta-Saeed,Super B.Laban,Medium,119.53,4,0.0,none,72745,54.0,Male,Bronze,Wallet,Talabat,15,3.6,115,33.7,69.8,3.0,0,Signature,Delta,1,14,66.94,545.06,2024,4,6,Afternoon,No Discount,Hot
103710,2024-02-08 15:15:00,Dubai-Marina,Super B.Laban,Large,70.6,9,0.0,none,82236,31.0,Male,Unknown,Cash,ElMenus,119,2.7,105,29.3,22.0,1.0,0,Signature,UAE,0,15,88.96,724.36,2024,2,8,Afternoon,No Discount,Hot
104850,2024-02-20 12:15:00,Cairo-Zamalek,Sweet Koshary Mix,Medium,79.38,2,0.05,Pistachio,50990,62.0,Male,Bronze,Credit Card,Mobile App,13,9.7,117,19.3,80.6,3.0,0,Signature,Greater Cairo,0,12,22.23,180.98999999999998,2024,2,20,Afternoon,Low Discount,Cold
104749,2024-02-19 11:00:00,Alex-Stanly,Qishtouza Lotus,Small,129.86,10,0.0,Nuts,66470,280.0,Female,Unknown,Credit Card,ElMenus,88,3.2,108,31.3,44.7,5.0,1,Modern,Alexandria,0,11,181.8,1480.4,2024,2,19,Morning,No Discount,Hot
104269,2024-02-14 11:00:00,Cairo-Nasr City,Ice Cream Mango,Large,62.48,2,0.0,Pistachio,65448,41.0,Female,Unknown,Cash,In-store,108,3.3,133,20.2,36.9,1.0,0,Ice Cream,Greater Cairo,0,11,17.49,142.45,2024,2,14,Morning,No Discount,Moderate
109879,2024-04-12 21:30:00,Cairo-Nasr City,Sweet Koshary Mix,Medium,89.78,5,0.0,Nutella,53135,13.0,Female,Gold,Instapay,In-store,114,7.1,107,37.8,33.3,2.0,0,Signature,Greater Cairo,1,21,62.85,511.75,2024,4,12,Evening,No Discount,Hot
108906,2024-04-02 18:15:00,Giza-Zayed,Ice Cream Mango,Medium,130.34,4,0.0,Pistachio,60420,43.5,Male,Gold,Wallet,Talabat,100,13.3,101,34.1,69.7,2.0,1,Ice Cream,Greater Cairo,0,18,72.99,594.35,2024,4,2,Evening,No Discount,Hot
104187,2024-02-13 14:30:00,Cairo-Zamalek,Qishtouza Lotus,Medium,46.79,6,0.0,Pistachio,66418,43.5,Female,Gold,Cash,Talabat,72,0.9,128,21.9,80.1,2.0,0,Modern,Greater Cairo,0,14,39.3,320.04,2024,2,13,Afternoon,No Discount,Moderate
105302,2024-02-25 05:15:00,Riyadh-Olaya,Qishtouza Nutella,Medium,104.52,9,0.0,Lotus,80614,21.0,Female,Silver,Instapay,ElMenus,37,3.1,102,27.3,80.3,1.0,0,Modern,KSA,1,5,131.7,1072.3799999999999,2024,2,25,Morning,No Discount,Hot
102924,2024-01-31 10:45:00,Cairo-Nasr City,Super B.Laban,Large,82.29,11,0.0,Pistachio,63362,72.0,Male,Unknown,Wallet,Talabat,10,11.4,135,41.2,89.0,2.0,0,Signature,Greater Cairo,0,10,126.73,1031.92,2024,1,31,Morning,No Discount,Hot
106589,2024-03-09 15:00:00,Giza-Zayed,Sweet Koshary Mix,Small,166.2,11,0.15,Nuts,76604,43.5,Male,Bronze,Credit Card,Talabat,37,4.5,119,38.2,41.1,1.0,0,Signature,Greater Cairo,1,15,255.95,2084.1499999999996,2024,3,9,Afternoon,Medium Discount,Hot
101811,2024-01-19 20:30:00,Cairo-Zamalek,Sweet Koshary Mix,Large,41.57,3,0.0,none,61555,12.0,Female,Unknown,Credit Card,In-store,105,11.6,134,39.3,79.6,1.0,1,Signature,Greater Cairo,1,20,17.46,142.17000000000002,2024,1,19,Evening,No Discount,Hot
103487,2024-02-06 07:30:00,Tanta-Saeed,Qishtouza Lotus,Medium,101.67,1,0.05,none,83632,26.0,Male,Gold,Cash,In-store,102,7.7,142,40.7,26.5,1.0,0,Modern,Delta,0,7,14.23,115.9,2024,2,6,Morning,Low Discount,Hot
107420,2024-03-18 06:45:00,Mansoura-Mashaya,Sweet Koshary Mix,Medium,175.15,2,0.0,Nuts,61456,46.0,Female,Silver,Wallet,Talabat,42,14.2,127,34.3,82.9,3.0,0,Signature,Delta,0,6,49.04,399.34000000000003,2024,3,18,Morning,No Discount,Hot
103142,2024-02-02 17:15:00,Mansoura-Mashaya,Rice Pudding Oven,Medium,95.05,5,0.0,none,65446,27.0,Female,Silver,Credit Card,In-store,81,6.4,143,15.9,82.6,1.0,0,Traditional,Delta,1,17,66.54,541.79,2024,2,2,Evening,No Discount,Cold
109348,2024-04-07 08:45:00,Cairo-Zamalek,Super B.Laban,Medium,132.59,4,0.0,Nutella,64577,26.0,Female,Gold,Instapay,In-store,103,1.5,107,37.9,22.9,3.0,0,Signature,Greater Cairo,1,8,74.25,604.61,2024,4,7,Morning,No Discount,Hot
101325,2024-01-14 19:00:00,Mansoura-Mashaya,Rice Pudding Nuts,Large,137.71,4,0.15,Nutella,69813,43.5,Male,Gold,Cash,In-store,40,7.1,146,42.9,23.6,3.0,0,Traditional,Delta,1,19,77.12,627.96,2024,1,14,Evening,Medium Discount,Hot
104313,2024-02-14 22:00:00,Giza-Zayed,Rice Pudding Nuts,Medium,101.19,6,0.05,Pistachio,64265,73.0,Female,Unknown,Instapay,Talabat,64,4.1,135,30.9,62.0,4.0,0,Traditional,Greater Cairo,0,22,85.0,692.14,2024,2,14,Late Night,Low Discount,Hot
107495,2024-03-19 01:30:00,Cairo-Zamalek,Rice Pudding Nuts,Medium,57.91,9,0.15,none,86389,36.0,Male,Unknown,Cash,In-store,112,2.6,134,40.5,68.6,1.0,0,Traditional,Greater Cairo,0,1,72.97,594.16,2024,3,19,Late Night,Medium Discount,Hot
108703,2024-03-31 15:30:00,Cairo-Nasr City,Qishtouza Nutella,Medium,156.7,11,0.1,none,54394,62.0,Male,Unknown,Wallet,In-store,34,4.9,102,39.9,30.3,3.0,0,Modern,Greater Cairo,1,15,241.32,1965.0199999999998,2024,3,31,Afternoon,Medium Discount,Hot
108692,2024-03-31 12:45:00,Cairo-Zamalek,Rice Pudding Nuts,Large,69.73,5,0.05,none,53238,23.0,Female,Unknown,Wallet,ElMenus,28,12.5,136,31.8,51.5,4.0,0,Traditional,Greater Cairo,1,12,48.81,397.46000000000004,2024,3,31,Afternoon,Low Discount,Hot
109504,2024-04-08 23:45:00,Alex-Stanly,Qishtouza Nutella,Medium,144.44,3,0.1,Nuts,57489,43.5,Male,Silver,Wallet,Talabat,56,9.3,118,37.8,50.7,2.0,0,Modern,Alexandria,0,23,60.66,493.98,2024,4,8,Late Night,Medium Discount,Hot
105542,2024-02-27 17:15:00,Tanta-Saeed,Super B.Laban,Medium,136.64,4,0.0,Pistachio,70046,68.0,Female,Silver,Credit Card,Talabat,20,9.4,116,32.4,47.7,4.0,0,Signature,Delta,0,17,76.52,623.0799999999999,2024,2,27,Evening,No Discount,Hot
106173,2024-03-05 07:00:00,Giza-Zayed,Qishtouza Lotus,Large,66.53,5,0.0,none,74457,33.0,Male,Unknown,Credit Card,Mobile App,98,5.4,108,22.3,72.7,2.0,0,Modern,Greater Cairo,0,7,46.57,379.21999999999997,2024,3,5,Morning,No Discount,Moderate
101541,2024-01-17 01:00:00,Dubai-Marina,Sweet Koshary Mix,Large,141.67,7,0.15,Nuts,57203,31.0,Male,Bronze,Wallet,Mobile App,69,12.0,134,31.4,85.3,5.0,1,Signature,UAE,0,1,138.84,1130.53,2024,1,17,Late Night,Medium Discount,Hot
109410,2024-04-08 00:15:00,Giza-Zayed,Super B.Laban,Medium,103.41,6,0.0,Nutella,72086,66.0,Male,Bronze,Wallet,Talabat,72,12.1,124,30.7,33.9,4.0,0,Signature,Greater Cairo,0,0,86.86,707.32,2024,4,8,Late Night,No Discount,Hot
102682,2024-01-28 22:15:00,Dubai-Marina,Rice Pudding Nuts,Large,61.75,7,0.05,Nutella,84940,44.0,Male,Silver,Instapay,In-store,103,4.1,111,30.4,68.2,3.0,1,Traditional,UAE,1,22,60.52,492.77,2024,1,28,Late Night,Low Discount,Hot
109883,2024-04-12 22:30:00,Alex-Stanly,Sweet Koshary Mix,Large,96.82,11,0.0,none,51296,70.0,Female,Silver,Credit Card,ElMenus,103,8.7,110,15.2,60.4,3.0,0,Signature,Alexandria,1,22,149.1,1214.12,2024,4,12,Late Night,No Discount,Cold
106314,2024-03-06 18:15:00,Dubai-Marina,Qishtouza Nutella,Medium,80.86,11,0.1,none,78536,51.0,Male,Unknown,Credit Card,ElMenus,34,1.5,101,18.4,71.1,4.0,0,Modern,UAE,0,18,124.52,1013.98,2024,3,6,Evening,Medium Discount,Cold
101192,2024-01-13 09:45:00,Alex-Stanly,Sweet Koshary Mix,Small,90.46,11,0.0,none,80058,21.0,Male,Gold,Instapay,ElMenus,86,4.2,141,42.7,52.2,1.0,0,Signature,Alexandria,1,9,139.31,1134.37,2024,1,13,Morning,No Discount,Hot
105294,2024-02-25 03:15:00,Dubai-Marina,Super B.Laban,Medium,124.84,2,0.0,Nutella,82128,17.0,Male,Unknown,Credit Card,Talabat,96,14.2,142,35.0,40.7,4.0,0,Signature,UAE,1,3,34.96,284.64,2024,2,25,Late Night,No Discount,Hot
101543,2024-01-17 01:30:00,Giza-Zayed,Super B.Laban,Large,160.41,10,0.0,Pistachio,71457,43.5,Female,Bronze,Wallet,ElMenus,82,8.7,135,25.3,35.6,1.0,0,Signature,Greater Cairo,0,1,224.57,1828.6699999999998,2024,1,17,Late Night,No Discount,Hot
107057,2024-03-14 12:00:00,Riyadh-Olaya,Rice Pudding Oven,Medium,66.0,7,0.05,Nuts,54457,62.0,Female,Silver,Cash,Mobile App,117,3.0,135,16.2,83.6,4.0,0,Traditional,KSA,0,12,64.68,526.6800000000001,2024,3,14,Afternoon,Low Discount,Cold
102540,2024-01-27 10:45:00,Alex-Stanly,Rice Pudding Nuts,Small,41.53,9,0.0,none,61359,43.0,Male,Unknown,Cash,ElMenus,90,6.7,130,44.2,32.0,3.0,0,Traditional,Alexandria,1,10,52.33,426.09999999999997,2024,1,27,Morning,No Discount,Hot
100954,2024-01-10 22:15:00,Giza-Zayed,Om Ali Cream,Small,128.07,2,0.0,none,62404,31.0,Male,Silver,Credit Card,In-store,117,13.7,117,15.4,83.9,1.0,0,Traditional,Greater Cairo,0,22,35.86,292.0,2024,1,10,Late Night,No Discount,Cold
107242,2024-03-16 10:15:00,Dubai-Marina,Om Ali Cream,Medium,165.91,2,0.0,Pistachio,83403,53.0,Female,Unknown,Instapay,In-store,28,6.6,148,25.8,34.0,1.0,0,Traditional,UAE,1,10,46.45,378.27,2024,3,16,Morning,No Discount,Hot
106732,2024-03-11 02:45:00,Mansoura-Mashaya,Om Ali Cream,Small,105.24,6,0.0,Nuts,52471,73.0,Male,Silver,Cash,ElMenus,36,11.0,105,37.8,67.6,3.0,0,Traditional,Delta,0,2,88.4,719.8399999999999,2024,3,11,Late Night,No Discount,Hot
104847,2024-02-20 11:30:00,Dubai-Marina,Sweet Koshary Mix,Medium,160.1,9,0.15,none,74557,59.0,Female,Silver,Cash,Mobile App,72,8.2,120,36.7,75.2,1.0,0,Signature,UAE,0,11,201.73,1642.6299999999999,2024,2,20,Morning,Medium Discount,Hot
106802,2024-03-11 20:15:00,Tanta-Saeed,Super B.Laban,Medium,156.18,10,0.0,none,81304,31.0,Male,Unknown,Instapay,ElMenus,25,0.9,149,23.4,78.5,5.0,0,Signature,Delta,0,20,218.65,1780.4500000000003,2024,3,11,Evening,No Discount,Moderate
108011,2024-03-24 10:30:00,Tanta-Saeed,Qishtouza Lotus,Medium,91.18,10,0.0,Nutella,73851,49.0,Male,Bronze,Cash,In-store,29,14.5,116,22.9,54.8,4.0,0,Modern,Delta,1,10,127.65,1039.45,2024,3,24,Morning,No Discount,Moderate
104331,2024-02-15 02:30:00,Dubai-Marina,Rice Pudding Nuts,Small,84.14,6,0.0,Nutella,54676,49.0,Female,Unknown,Cash,ElMenus,101,2.3,130,40.9,52.2,1.0,0,Traditional,UAE,0,2,70.68,575.52,2024,2,15,Late Night,No Discount,Hot
108925,2024-04-02 23:00:00,Tanta-Saeed,Qishtouza Lotus,Medium,145.14,1,0.15,none,80158,43.5,Male,Silver,Cash,Talabat,92,13.1,149,29.9,72.2,2.0,0,Modern,Delta,0,23,20.32,165.45999999999998,2024,4,2,Late Night,Medium Discount,Hot
105335,2024-02-25 13:30:00,Dubai-Marina,Qishtouza Nutella,Medium,108.1,8,0.15,Nuts,60655,55.0,Female,Gold,Cash,Mobile App,91,7.1,117,29.8,35.5,4.0,0,Modern,UAE,1,13,121.07,985.8699999999999,2024,2,25,Afternoon,Medium Discount,Hot
107331,2024-03-17 08:30:00,Giza-Zayed,Qishtouza Nutella,Large,49.83,7,0.0,Nutella,81313,34.0,Male,Unknown,Cash,Talabat,17,3.3,113,19.0,68.0,3.0,0,Modern,Greater Cairo,1,8,48.83,397.64,2024,3,17,Morning,No Discount,Cold
109349,2024-04-07 09:00:00,Cairo-Zamalek,Sweet Koshary Mix,Medium,124.12,8,0.15,Lotus,53747,14.0,Female,Silver,Credit Card,In-store,18,1.5,130,37.4,51.1,1.0,0,Signature,Greater Cairo,1,9,139.01,1131.97,2024,4,7,Morning,Medium Discount,Hot
104730,2024-02-19 06:15:00,Dubai-Marina,Ice Cream Mango,Large,64.87,5,0.0,Pistachio,67267,46.0,Female,Silver,Wallet,In-store,13,14.8,128,31.1,65.7,1.0,0,Ice Cream,UAE,0,6,45.41,369.76,2024,2,19,Morning,No Discount,Hot
106542,2024-03-09 03:15:00,Riyadh-Olaya,Qishtouza Nutella,Medium,142.7,2,0.15,none,85543,29.0,Female,Unknown,Instapay,Mobile App,80,14.1,140,42.1,38.9,5.0,0,Modern,KSA,1,3,39.96,325.35999999999996,2024,3,9,Late Night,Medium Discount,Hot
105306,2024-02-25 06:15:00,Cairo-Nasr City,Rice Pudding Nuts,Small,62.27,5,0.0,none,80470,62.0,Male,Bronze,Credit Card,In-store,69,1.3,133,24.6,20.5,2.0,1,Traditional,Greater Cairo,1,6,43.59,354.94000000000005,2024,2,25,Morning,No Discount,Moderate
105162,2024-02-23 18:15:00,Dubai-Marina,Rice Pudding Nuts,Medium,135.23,7,0.0,Pistachio,65982,37.0,Female,Gold,Cash,ElMenus,41,8.4,148,36.6,42.4,2.0,0,Traditional,UAE,1,18,132.53,1079.1399999999999,2024,2,23,Evening,No Discount,Hot
107861,2024-03-22 21:00:00,Cairo-Nasr City,Om Ali Cream,Large,63.18,11,0.0,Lotus,53147,24.0,Male,Gold,Credit Card,Mobile App,70,14.8,119,23.6,22.8,4.0,1,Traditional,Greater Cairo,1,21,97.3,792.28,2024,3,22,Evening,No Discount,Moderate
102157,2024-01-23 11:00:00,Giza-Zayed,Ice Cream Mango,Small,141.25,7,0.0,none,86120,18.0,Male,Gold,Instapay,Talabat,54,6.1,103,20.1,81.0,2.0,0,Ice Cream,Greater Cairo,0,11,138.43,1127.18,2024,1,23,Morning,No Discount,Moderate
101063,2024-01-12 01:30:00,Dubai-Marina,Qishtouza Nutella,Large,79.02,6,0.0,Nutella,59153,16.0,Female,Unknown,Cash,ElMenus,106,6.6,107,41.2,47.2,5.0,0,Modern,UAE,1,1,66.38,540.5,2024,1,12,Late Night,No Discount,Hot
101168,2024-01-13 03:45:00,Tanta-Saeed,Sweet Koshary Mix,Medium,70.19,5,0.0,Nutella,65157,46.0,Male,Bronze,Credit Card,Mobile App,95,14.4,105,19.6,76.4,1.0,0,Signature,Delta,1,3,49.13,400.08,2024,1,13,Late Night,No Discount,Cold
103637,2024-02-07 21:00:00,Cairo-Nasr City,Qishtouza Lotus,Large,177.21,10,0.0,Lotus,54873,33.0,Female,Silver,Wallet,ElMenus,51,5.0,101,37.7,76.9,2.0,0,Modern,Greater Cairo,0,21,248.09,2020.19,2024,2,7,Evening,No Discount,Hot
107652,2024-03-20 16:45:00,Tanta-Saeed,Ice Cream Mango,Medium,50.07,9,0.0,Pistachio,80566,28.0,Female,Unknown,Instapay,ElMenus,75,13.3,129,18.2,66.1,5.0,0,Ice Cream,Delta,0,16,63.09,513.72,2024,3,20,Afternoon,No Discount,Cold
105589,2024-02-28 05:00:00,Cairo-Nasr City,Om Ali Cream,Small,52.71,1,0.0,Nuts,62984,69.0,Female,Unknown,Cash,ElMenus,117,0.8,103,25.5,38.1,3.0,0,Traditional,Greater Cairo,0,5,7.38,60.09,2024,2,28,Morning,No Discount,Hot
107193,2024-03-15 22:00:00,Giza-Zayed,Sweet Koshary Mix,Medium,172.6,6,0.0,Nuts,53689,57.0,Female,Bronze,Wallet,In-store,15,13.4,121,17.8,38.6,3.0,0,Signature,Greater Cairo,1,22,144.98,1180.58,2024,3,15,Late Night,No Discount,Cold
104492,2024-02-16 18:45:00,Mansoura-Mashaya,Super B.Laban,Large,40.99,9,0.15,Lotus,57622,14.0,Female,Gold,Credit Card,Talabat,102,13.6,120,38.6,61.8,1.0,0,Signature,Delta,1,18,51.65,420.56,2024,2,16,Evening,Medium Discount,Hot
107267,2024-03-16 16:30:00,Dubai-Marina,Ice Cream Mango,Medium,123.08,5,0.0,Nuts,71385,64.0,Female,Gold,Wallet,Talabat,40,10.2,103,42.3,44.6,2.0,0,Ice Cream,UAE,1,16,86.16,701.56,2024,3,16,Afternoon,No Discount,Hot
104981,2024-02-21 21:00:00,Tanta-Saeed,Ice Cream Mango,Medium,120.43,6,0.0,Pistachio,62193,73.0,Female,Unknown,Cash,In-store,77,4.9,133,16.7,60.7,3.0,0,Ice Cream,Delta,0,21,101.16,823.74,2024,2,21,Evening,No Discount,Cold
108336,2024-03-27 19:45:00,Cairo-Nasr City,Ice Cream Mango,Large,122.34,2,0.0,Lotus,56243,31.0,Female,Silver,Wallet,Talabat,106,3.0,105,34.8,28.0,2.0,0,Ice Cream,Greater Cairo,0,19,34.26,278.94,2024,3,27,Evening,No Discount,Hot
109953,2024-04-13 16:00:00,Cairo-Zamalek,Rice Pudding Nuts,Medium,89.2,6,0.0,Pistachio,63431,72.0,Male,Unknown,Wallet,In-store,62,1.9,113,20.8,38.4,5.0,0,Traditional,Greater Cairo,1,16,74.93,610.1300000000001,2024,4,13,Afternoon,No Discount,Moderate
104947,2024-02-21 12:30:00,Alex-Stanly,Qishtouza Lotus,Small,45.35,10,0.05,Lotus,70379,42.0,Female,Bronze,Wallet,In-store,112,6.7,130,36.8,45.1,1.0,0,Modern,Alexandria,0,12,63.49,516.99,2024,2,21,Afternoon,Low Discount,Hot
102783,2024-01-29 23:30:00,Alex-Stanly,Qishtouza Lotus,Small,77.08,6,0.05,none,53176,42.0,Female,Gold,Wallet,ElMenus,40,12.7,128,25.1,68.9,1.0,0,Modern,Alexandria,0,23,64.75,527.23,2024,1,29,Late Night,Low Discount,Hot
100718,2024-01-08 11:15:00,Giza-Zayed,Super B.Laban,Small,96.69,4,0.0,Pistachio,69077,29.0,Male,Silver,Wallet,Mobile App,103,11.2,105,25.4,59.1,4.0,0,Signature,Greater Cairo,0,11,54.15,440.90999999999997,2024,1,8,Morning,No Discount,Hot
102503,2024-01-27 01:30:00,Cairo-Nasr City,Rice Pudding Oven,Small,74.66,11,0.0,Pistachio,59847,43.0,Male,Bronze,Wallet,Talabat,45,12.0,146,23.6,89.2,3.0,0,Traditional,Greater Cairo,1,1,114.98,936.24,2024,1,27,Late Night,No Discount,Moderate
104361,2024-02-15 10:00:00,Tanta-Saeed,Qishtouza Lotus,Large,158.23,2,0.0,Nutella,59257,29.0,Female,Silver,Credit Card,Talabat,11,10.6,131,22.4,75.4,5.0,0,Modern,Delta,0,10,44.3,360.76,2024,2,15,Morning,No Discount,Moderate
104172,2024-02-13 10:45:00,Alex-Stanly,Sweet Koshary Mix,Small,112.66,1,0.0,none,53594,51.0,Female,Gold,Wallet,Mobile App,13,13.9,140,28.4,47.6,5.0,0,Signature,Alexandria,0,10,15.77,128.43,2024,2,13,Morning,No Discount,Hot
108083,2024-03-25 04:30:00,Alex-Stanly,Ice Cream Mango,Medium,79.81,7,0.0,none,65061,47.0,Female,Unknown,Wallet,Talabat,56,13.4,101,31.2,79.1,2.0,0,Ice Cream,Alexandria,0,4,78.21,636.8800000000001,2024,3,25,Late Night,No Discount,Hot
109761,2024-04-11 16:00:00,Cairo-Nasr City,Qishtouza Lotus,Large,171.67,10,0.0,Lotus,67852,21.0,Female,Silver,Cash,ElMenus,10,4.8,148,28.6,87.7,5.0,0,Modern,Greater Cairo,0,16,240.34,1957.0399999999997,2024,4,11,Afternoon,No Discount,Hot
100396,2024-01-05 02:45:00,Giza-Zayed,Sweet Koshary Mix,Large,101.06,6,0.0,none,87973,19.0,Male,Bronze,Cash,ElMenus,72,14.8,102,41.3,22.4,3.0,0,Signature,Greater Cairo,1,2,84.89,691.25,2024,1,5,Late Night,No Discount,Hot
107187,2024-03-15 20:30:00,Cairo-Nasr City,Rice Pudding Oven,Medium,78.85,8,0.0,Lotus,83226,20.0,Female,Unknown,Wallet,ElMenus,68,11.7,111,36.8,46.3,2.0,0,Traditional,Greater Cairo,1,20,88.31,719.1099999999999,2024,3,15,Evening,No Discount,Hot
109823,2024-04-12 07:30:00,Riyadh-Olaya,Qishtouza Lotus,Large,79.19,10,0.05,Nuts,70904,30.0,Female,Silver,Cash,In-store,70,10.9,113,20.3,81.1,1.0,0,Modern,KSA,1,7,110.87,902.77,2024,4,12,Morning,Low Discount,Moderate
104493,2024-02-16 19:00:00,Mansoura-Mashaya,Rice Pudding Nuts,Medium,44.78,3,0.0,none,86177,39.0,Male,Silver,Credit Card,Talabat,97,8.5,112,40.5,89.2,3.0,0,Traditional,Delta,1,19,18.81,153.15,2024,2,16,Evening,No Discount,Hot
101366,2024-01-15 05:15:00,Tanta-Saeed,Sweet Koshary Mix,Large,87.19,10,0.0,Pistachio,51746,42.0,Male,Silver,Instapay,In-store,78,13.6,146,16.2,56.3,3.0,1,Signature,Delta,0,5,122.07,993.97,2024,1,15,Morning,No Discount,Cold
109527,2024-04-09 05:30:00,Tanta-Saeed,Qishtouza Lotus,Medium,177.24,10,0.15,Pistachio,66741,47.0,Female,Bronze,Cash,In-store,29,6.8,101,40.2,33.3,2.0,0,Modern,Delta,0,5,248.14,2020.54,2024,4,9,Morning,Medium Discount,Hot
108788,2024-04-01 12:45:00,Cairo-Zamalek,Ice Cream Mango,Large,164.53,9,0.0,Nuts,88689,42.0,Female,Gold,Credit Card,In-store,116,6.5,109,29.0,80.1,5.0,0,Ice Cream,Greater Cairo,0,12,207.31,1688.08,2024,4,1,Afternoon,No Discount,Hot
105918,2024-03-02 15:15:00,Cairo-Zamalek,Rice Pudding Nuts,Medium,115.4,11,0.0,none,72585,54.0,Male,Silver,Instapay,ElMenus,25,4.4,111,20.7,54.1,2.0,0,Traditional,Greater Cairo,1,15,177.72,1447.1200000000001,2024,3,2,Afternoon,No Discount,Moderate
104969,2024-02-21 18:00:00,Alex-Stanly,Ice Cream Mango,Medium,92.66,2,0.0,Lotus,61319,31.0,Male,Bronze,Cash,Talabat,77,12.8,129,30.4,65.8,3.0,0,Ice Cream,Alexandria,0,18,25.94,211.26,2024,2,21,Evening,No Discount,Hot
102915,2024-01-31 08:30:00,Cairo-Nasr City,Rice Pudding Nuts,Large,9999.99,3,0.15,none,79589,51.0,Female,Bronze,Cash,Talabat,46,14.4,144,29.3,51.1,2.0,0,Traditional,Greater Cairo,0,8,57.05,30057.02,2024,1,31,Morning,Medium Discount,Hot
105645,2024-02-28 19:00:00,Alex-Stanly,Rice Pudding Oven,Medium,110.12,11,0.0,Pistachio,74388,43.5,Male,Unknown,Credit Card,Mobile App,11,10.3,103,42.7,82.5,3.0,0,Traditional,Alexandria,0,19,169.58,1380.9,2024,2,28,Evening,No Discount,Hot
103767,2024-02-09 05:30:00,Riyadh-Olaya,Rice Pudding Nuts,Small,160.31,9,0.0,Pistachio,71915,67.0,Female,Bronze,Credit Card,ElMenus,43,14.4,108,18.0,60.1,5.0,0,Traditional,KSA,1,5,201.99,1644.78,2024,2,9,Morning,No Discount,Cold
103441,2024-02-05 20:00:00,Alex-Stanly,Qishtouza Lotus,Medium,175.92,11,0.1,Nuts,58145,29.0,Female,Unknown,Credit Card,ElMenus,51,1.8,148,17.4,52.3,1.0,0,Modern,Alexandria,0,20,270.92,2206.04,2024,2,5,Evening,Medium Discount,Cold
107358,2024-03-17 15:15:00,Cairo-Zamalek,Rice Pudding Nuts,Medium,41.68,4,0.15,Nutella,64373,56.0,Male,Bronze,Cash,In-store,26,8.8,140,34.4,58.9,2.0,0,Traditional,Greater Cairo,1,15,23.34,190.06,2024,3,17,Afternoon,Medium Discount,Hot
106807,2024-03-11 21:30:00,Alex-Stanly,Qishtouza Nutella,Medium,64.21,7,0.05,Nuts,52210,51.0,Female,Unknown,Wallet,Talabat,81,13.0,130,18.8,75.0,2.0,0,Modern,Alexandria,0,21,62.93,512.4,2024,3,11,Evening,Low Discount,Cold
102144,2024-01-23 07:45:00,Mansoura-Mashaya,Ice Cream Mango,Small,156.22,3,0.0,Nuts,77775,37.0,Female,Bronze,Cash,Mobile App,17,3.6,103,37.5,72.8,3.0,0,Ice Cream,Delta,0,7,65.61,534.27,2024,1,23,Morning,No Discount,Hot
105105,2024-02-23 04:00:00,Giza-Zayed,Om Ali Cream,Large,128.64,7,0.0,Lotus,52680,67.0,Male,Bronze,Cash,In-store,46,9.7,141,33.5,48.0,4.0,0,Traditional,Greater Cairo,1,4,126.07,1026.55,2024,2,23,Late Night,No Discount,Hot
105074,2024-02-22 20:15:00,Dubai-Marina,Ice Cream Mango,Small,68.38,10,0.0,Nuts,72785,66.0,Male,Silver,Credit Card,Talabat,110,4.4,123,35.7,45.3,4.0,0,Ice Cream,UAE,0,20,95.73,779.53,2024,2,22,Evening,No Discount,Hot
101572,2024-01-17 08:45:00,Riyadh-Olaya,Qishtouza Nutella,Medium,42.69,2,0.0,none,77037,24.0,Male,Silver,Instapay,In-store,105,7.3,125,30.6,23.0,1.0,0,Modern,KSA,0,8,11.95,97.33,2024,1,17,Morning,No Discount,Hot
104080,2024-02-12 11:45:00,Cairo-Nasr City,Qishtouza Lotus,Medium,62.95,7,0.0,Nuts,67614,36.0,Male,Silver,Credit Card,In-store,43,3.5,108,27.7,83.8,4.0,0,Modern,Greater Cairo,0,11,61.69,502.34000000000003,2024,2,12,Morning,No Discount,Hot
101123,2024-01-12 16:30:00,Alex-Stanly,Om Ali Cream,Medium,111.99,2,0.0,Pistachio,84556,26.0,Male,Unknown,Credit Card,Mobile App,106,7.1,116,40.0,31.8,5.0,0,Traditional,Alexandria,1,16,31.36,255.33999999999997,2024,1,12,Afternoon,No Discount,Hot
102787,2024-01-30 00:30:00,Cairo-Zamalek,Super B.Laban,Small,129.28,6,0.15,none,73792,41.0,Female,Unknown,Cash,In-store,86,11.2,122,39.5,89.0,3.0,0,Signature,Greater Cairo,0,0,108.6,884.2800000000001,2024,1,30,Late Night,Medium Discount,Hot
102968,2024-01-31 21:45:00,Mansoura-Mashaya,Rice Pudding Oven,Large,127.3,3,0.0,Pistachio,75473,24.0,Female,Gold,Wallet,Talabat,27,13.4,110,20.9,79.2,5.0,0,Traditional,Delta,0,21,53.47,435.37,2024,1,31,Evening,No Discount,Moderate
102505,2024-01-27 02:00:00,Tanta-Saeed,Ice Cream Mango,Medium,90.52,10,0.0,Pistachio,66934,68.0,Female,Gold,Wallet,Mobile App,48,9.1,146,26.7,33.4,3.0,0,Ice Cream,Delta,1,2,126.73,1031.9299999999998,2024,1,27,Late Night,No Discount,Hot
105989,2024-03-03 09:00:00,Alex-Stanly,Qishtouza Lotus,Large,178.41,7,0.0,none,67209,40.0,Female,Gold,Credit Card,In-store,107,9.7,119,34.6,24.5,2.0,0,Modern,Alexandria,1,9,174.84,1423.7099999999998,2024,3,3,Morning,No Discount,Hot
108868,2024-04-02 08:45:00,Giza-Zayed,Super B.Laban,Large,172.27,10,0.0,Lotus,85165,43.5,Female,Bronze,Wallet,ElMenus,73,11.4,117,32.6,49.8,3.0,0,Signature,Greater Cairo,0,8,241.18,1963.88,2024,4,2,Morning,No Discount,Hot
107165,2024-03-15 15:00:00,Dubai-Marina,Qishtouza Lotus,Large,153.92,1,0.05,Nuts,82890,16.0,Male,Silver,Cash,ElMenus,41,2.0,111,15.2,49.3,3.0,0,Modern,UAE,1,15,21.55,175.47,2024,3,15,Afternoon,Low Discount,Cold
100729,2024-01-08 14:00:00,Mansoura-Mashaya,Qishtouza Nutella,Small,177.86,10,0.15,Nutella,62973,72.0,Female,Silver,Wallet,Mobile App,50,6.7,113,29.2,67.1,2.0,0,Modern,Delta,0,14,249.0,2027.6000000000001,2024,1,8,Afternoon,Medium Discount,Hot
107588,2024-03-20 00:45:00,Riyadh-Olaya,Ice Cream Mango,Medium,143.73,8,0.05,Nutella,66329,31.0,Male,Gold,Credit Card,Mobile App,66,3.1,109,32.8,48.6,5.0,0,Ice Cream,KSA,0,0,160.98,1310.82,2024,3,20,Late Night,Low Discount,Hot
107544,2024-03-19 13:45:00,Alex-Stanly,Rice Pudding Nuts,Large,113.24,3,0.0,none,57993,34.0,Female,Unknown,Cash,Talabat,36,10.8,124,25.4,86.8,2.0,0,Traditional,Alexandria,0,13,47.56,387.28,2024,3,19,Afternoon,No Discount,Hot
100413,2024-01-05 07:00:00,Tanta-Saeed,Om Ali Cream,Medium,125.1,9,0.0,Nutella,54582,43.5,Female,Gold,Instapay,Mobile App,44,11.7,118,20.5,61.0,1.0,0,Traditional,Delta,1,7,157.63,1283.5299999999997,2024,1,5,Morning,No Discount,Moderate
105746,2024-02-29 20:15:00,Mansoura-Mashaya,Ice Cream Mango,Large,118.32,10,0.0,none,71487,66.0,Female,Bronze,Credit Card,In-store,96,5.1,118,42.9,32.0,2.0,0,Ice Cream,Delta,0,20,165.65,1348.85,2024,2,29,Evening,No Discount,Hot
107669,2024-03-20 21:00:00,Cairo-Nasr City,Rice Pudding Oven,Medium,69.16,5,0.0,Nutella,63980,60.0,Female,Silver,Wallet,ElMenus,12,14.4,117,40.7,69.8,2.0,0,Traditional,Greater Cairo,0,21,48.41,394.2099999999999,2024,3,20,Evening,No Discount,Hot
100826,2024-01-09 14:15:00,Giza-Zayed,Sweet Koshary Mix,Medium,82.36,10,0.0,none,58755,71.0,Male,Unknown,Wallet,Talabat,52,2.6,125,17.3,56.8,3.0,0,Signature,Greater Cairo,0,14,115.3,938.9,2024,1,9,Afternoon,No Discount,Cold
103268,2024-02-04 00:45:00,Alex-Stanly,Qishtouza Lotus,Large,67.5,11,0.1,Pistachio,69255,73.0,Female,Unknown,Credit Card,ElMenus,80,5.7,132,41.1,61.8,1.0,0,Modern,Alexandria,1,0,103.95,846.45,2024,2,4,Late Night,Medium Discount,Hot
103975,2024-02-11 09:30:00,Cairo-Zamalek,Qishtouza Lotus,Large,78.53,4,0.1,Pistachio,74783,50.0,Male,Gold,Wallet,Mobile App,58,13.2,142,25.8,74.1,2.0,0,Modern,Greater Cairo,1,9,43.98,358.1,2024,2,11,Morning,Medium Discount,Hot
108809,2024-04-01 18:00:00,Alex-Stanly,Qishtouza Nutella,Small,179.14,7,0.05,Nutella,67741,43.5,Female,Gold,Wallet,Mobile App,27,12.4,116,40.3,71.9,1.0,0,Modern,Alexandria,0,18,175.56,1429.54,2024,4,1,Evening,Low Discount,Hot
108307,2024-03-27 12:30:00,Cairo-Nasr City,Qishtouza Lotus,Medium,97.4,9,0.0,Nutella,71950,14.0,Female,Silver,Instapay,ElMenus,76,10.3,142,18.6,49.2,4.0,0,Modern,Greater Cairo,0,12,122.72,999.32,2024,3,27,Afternoon,No Discount,Cold
100418,2024-01-05 08:15:00,Cairo-Zamalek,Sweet Koshary Mix,Small,172.74,10,0.0,Pistachio,60973,53.0,Male,Bronze,Wallet,Mobile App,42,3.3,106,44.6,54.0,2.0,1,Signature,Greater Cairo,1,8,241.84,1969.24,2024,1,5,Morning,No Discount,Hot
106749,2024-03-11 07:00:00,Dubai-Marina,Rice Pudding Nuts,Large,81.0,6,0.0,Lotus,71469,56.0,Female,Silver,Credit Card,Talabat,20,8.5,117,21.5,44.5,4.0,0,Traditional,UAE,0,7,68.04,554.04,2024,3,11,Morning,No Discount,Moderate
108968,2024-04-03 09:45:00,Giza-Zayed,Ice Cream Mango,Medium,177.13,5,0.0,Nutella,75017,72.0,Female,Bronze,Cash,Mobile App,91,6.5,125,22.1,73.6,2.0,0,Ice Cream,Greater Cairo,0,9,123.99,1009.64,2024,4,3,Morning,No Discount,Moderate
102083,2024-01-22 16:30:00,Mansoura-Mashaya,Om Ali Cream,Small,113.82,11,0.0,none,55036,55.0,Female,Unknown,Cash,In-store,90,14.1,127,23.7,68.2,1.0,0,Traditional,Delta,0,16,175.28,1427.3,2024,1,22,Afternoon,No Discount,Moderate
108946,2024-04-03 04:15:00,Tanta-Saeed,Qishtouza Lotus,Large,120.01,8,0.0,none,86312,64.0,Female,Silver,Cash,ElMenus,28,8.4,120,20.5,88.6,5.0,0,Modern,Delta,0,4,134.41,1094.49,2024,4,3,Late Night,No Discount,Moderate
103374,2024-02-05 03:15:00,Dubai-Marina,Qishtouza Nutella,Medium,139.5,6,0.0,Nuts,65616,21.0,Male,Unknown,Cash,ElMenus,117,4.4,126,39.4,71.0,4.0,0,Modern,UAE,0,3,117.18,954.1800000000001,2024,2,5,Late Night,No Discount,Hot
105727,2024-02-29 15:30:00,Mansoura-Mashaya,Om Ali Cream,Medium,78.11,11,0.0,none,51898,57.0,Female,Bronze,Instapay,ElMenus,36,8.9,138,27.7,33.7,1.0,0,Traditional,Delta,0,15,120.29,979.5,2024,2,29,Afternoon,No Discount,Hot
104108,2024-02-12 18:45:00,Tanta-Saeed,Qishtouza Lotus,Medium,117.3,2,0.0,none,74844,16.0,Female,Silver,Instapay,Talabat,84,10.1,147,27.3,22.9,3.0,0,Modern,Delta,0,18,32.84,267.44,2024,2,12,Evening,No Discount,Hot
104381,2024-02-15 15:00:00,Cairo-Zamalek,Rice Pudding Nuts,Large,72.34,3,0.05,Nutella,63598,28.0,Male,Bronze,Cash,Mobile App,118,10.6,113,36.4,81.1,3.0,0,Traditional,Greater Cairo,0,15,30.38,247.4,2024,2,15,Afternoon,Low Discount,Hot
107724,2024-03-21 10:45:00,Mansoura-Mashaya,Qishtouza Nutella,Large,80.41,11,0.0,Lotus,60018,41.0,Female,Silver,Credit Card,Talabat,82,4.5,120,23.9,51.2,2.0,0,Modern,Delta,0,10,123.83,1008.34,2024,3,21,Morning,No Discount,Moderate
101067,2024-01-12 02:30:00,Mansoura-Mashaya,Qishtouza Nutella,Small,129.1,8,0.0,none,72806,22.0,Female,Unknown,Credit Card,ElMenus,46,10.8,146,29.5,54.6,4.0,0,Modern,Delta,1,2,144.59,1177.3899999999999,2024,1,12,Late Night,No Discount,Hot
103914,2024-02-10 18:15:00,Cairo-Nasr City,Rice Pudding Nuts,Large,87.39,6,0.0,Pistachio,78120,64.0,Male,Unknown,Credit Card,ElMenus,26,3.1,112,43.3,25.9,4.0,0,Traditional,Greater Cairo,1,18,73.41,597.75,2024,2,10,Evening,No Discount,Hot
105537,2024-02-27 16:00:00,Mansoura-Mashaya,Qishtouza Lotus,Medium,135.24,8,0.0,Nutella,72743,43.5,Male,Bronze,Instapay,Talabat,51,8.7,126,19.3,81.6,1.0,0,Modern,Delta,0,16,151.47,1233.39,2024,2,27,Afternoon,No Discount,Cold
108003,2024-03-24 08:30:00,Riyadh-Olaya,Rice Pudding Oven,Medium,131.58,3,0.1,Nuts,73575,12.0,Male,Unknown,Cash,Mobile App,56,12.3,144,19.5,32.6,5.0,0,Traditional,KSA,1,8,55.26,450.0,2024,3,24,Morning,Medium Discount,Cold
105388,2024-02-26 02:45:00,Cairo-Nasr City,Rice Pudding Nuts,Medium,107.73,11,0.0,Nuts,75755,64.0,Female,Bronze,Instapay,Mobile App,22,1.0,116,31.4,39.6,3.0,0,Traditional,Greater Cairo,0,2,165.9,1350.93,2024,2,26,Late Night,No Discount,Hot
105733,2024-02-29 17:00:00,Alex-Stanly,Qishtouza Nutella,Large,86.38,6,0.0,Nutella,65317,56.0,Female,Silver,Credit Card,Mobile App,40,11.8,143,25.5,50.0,1.0,0,Modern,Alexandria,0,17,72.56,590.8399999999999,2024,2,29,Evening,No Discount,Hot
102739,2024-01-29 12:30:00,Giza-Zayed,Om Ali Cream,Large,40.14,3,0.0,Nuts,65704,61.0,Female,Unknown,Wallet,ElMenus,86,13.5,130,30.5,46.1,4.0,0,Traditional,Greater Cairo,0,12,16.86,137.28,2024,1,29,Afternoon,No Discount,Hot
105053,2024-02-22 15:00:00,Riyadh-Olaya,Qishtouza Lotus,Small,106.08,4,0.05,none,86275,32.0,Male,Silver,Credit Card,In-store,21,14.4,102,32.4,83.8,2.0,0,Modern,KSA,0,15,59.4,483.71999999999997,2024,2,22,Afternoon,Low Discount,Hot
104001,2024-02-11 16:00:00,Giza-Zayed,Rice Pudding Nuts,Small,135.97,10,0.0,Lotus,72611,64.0,Female,Silver,Wallet,Mobile App,42,14.5,120,28.2,76.3,3.0,0,Traditional,Greater Cairo,1,16,190.36,1550.06,2024,2,11,Afternoon,No Discount,Hot
102428,2024-01-26 06:45:00,Mansoura-Mashaya,Om Ali Cream,Medium,125.96,4,0.0,none,66941,39.0,Female,Gold,Instapay,Mobile App,97,5.9,146,29.9,71.2,1.0,0,Traditional,Delta,1,6,70.54,574.38,2024,1,26,Morning,No Discount,Hot
106834,2024-03-12 04:15:00,Giza-Zayed,Ice Cream Mango,Large,128.35,8,0.0,Pistachio,76455,38.0,Female,Unknown,Credit Card,In-store,44,4.5,141,33.0,60.0,5.0,0,Ice Cream,Greater Cairo,0,4,143.75,1170.55,2024,3,12,Late Night,No Discount,Hot
101688,2024-01-18 13:45:00,Cairo-Nasr City,Om Ali Cream,Large,174.77,4,0.0,Lotus,52026,47.0,Male,Silver,Wallet,In-store,38,11.9,101,38.4,72.9,5.0,0,Traditional,Greater Cairo,0,13,97.87,796.95,2024,1,18,Afternoon,No Discount,Hot
100852,2024-01-09 20:45:00,Cairo-Zamalek,Om Ali Cream,Medium,125.53,9,0.05,Lotus,70579,16.0,Female,Unknown,Instapay,Mobile App,82,2.9,138,31.6,70.2,2.0,0,Traditional,Greater Cairo,0,20,158.17,1287.94,2024,1,9,Evening,Low Discount,Hot
106304,2024-03-06 15:45:00,Alex-Stanly,Om Ali Cream,Medium,75.18,1,0.0,none,63789,72.0,Male,Unknown,Cash,ElMenus,58,14.7,128,30.6,81.8,5.0,0,Traditional,Alexandria,0,15,10.53,85.71000000000001,2024,3,6,Afternoon,No Discount,Hot
109088,2024-04-04 15:45:00,Riyadh-Olaya,Super B.Laban,Large,62.32,6,0.0,Nuts,78796,43.5,Female,Unknown,Instapay,Talabat,110,11.6,122,42.0,87.3,3.0,0,Signature,KSA,0,15,52.35,426.27000000000004,2024,4,4,Afternoon,No Discount,Hot
105879,2024-03-02 05:30:00,Cairo-Zamalek,Ice Cream Mango,Small,114.28,5,0.0,Nuts,88448,64.0,Female,Gold,Credit Card,Mobile App,71,5.1,149,38.4,27.4,3.0,0,Ice Cream,Greater Cairo,1,5,80.0,651.4,2024,3,2,Morning,No Discount,Hot
108528,2024-03-29 19:45:00,Alex-Stanly,Ice Cream Mango,Small,51.89,11,0.0,Nuts,60035,64.0,Female,Bronze,Instapay,Talabat,68,14.0,147,30.8,71.5,4.0,0,Ice Cream,Alexandria,1,19,79.91,650.6999999999999,2024,3,29,Evening,No Discount,Hot
102840,2024-01-30 13:45:00,Alex-Stanly,Super B.Laban,Medium,53.77,6,0.0,Pistachio,57170,31.0,Female,Unknown,Cash,Talabat,101,9.5,138,29.7,55.5,5.0,0,Signature,Alexandria,0,13,45.17,367.79,2024,1,30,Afternoon,No Discount,Hot
104612,2024-02-18 00:45:00,Riyadh-Olaya,Qishtouza Nutella,Large,78.84,3,0.0,Lotus,84543,56.0,Female,Unknown,Cash,Mobile App,12,4.0,121,17.0,83.2,3.0,0,Modern,KSA,1,0,33.11,269.63,2024,2,18,Late Night,No Discount,Cold
109541,2024-04-09 09:00:00,Alex-Stanly,Qishtouza Nutella,Large,85.26,11,0.0,Lotus,51227,40.0,Male,Bronze,Wallet,ElMenus,33,5.7,112,23.5,50.7,3.0,0,Modern,Alexandria,0,9,131.3,1069.16,2024,4,9,Morning,No Discount,Moderate
109208,2024-04-05 21:45:00,Dubai-Marina,Rice Pudding Oven,Large,136.45,5,0.0,Nutella,68281,49.0,Male,Silver,Wallet,ElMenus,104,8.3,115,23.1,28.0,3.0,0,Traditional,UAE,1,21,95.52,777.77,2024,4,5,Evening,No Discount,Moderate
102490,2024-01-26 22:15:00,Dubai-Marina,Rice Pudding Nuts,Large,166.64,4,0.05,none,70639,64.0,Female,Unknown,Credit Card,ElMenus,47,12.1,101,23.2,74.7,3.0,1,Traditional,UAE,1,22,93.32,759.8799999999999,2024,1,26,Late Night,Low Discount,Moderate
106906,2024-03-12 22:15:00,Tanta-Saeed,Rice Pudding Nuts,Large,121.95,9,0.15,Nuts,83017,52.0,Female,Gold,Wallet,Talabat,111,6.2,139,27.1,81.9,4.0,0,Traditional,Delta,0,22,153.66,1251.21,2024,3,12,Late Night,Medium Discount,Hot
107391,2024-03-17 23:30:00,Cairo-Nasr City,Qishtouza Lotus,Large,100.3,5,0.0,Nutella,61418,48.0,Male,Unknown,Credit Card,ElMenus,14,2.5,125,30.8,48.6,1.0,0,Modern,Greater Cairo,1,23,70.21,571.71,2024,3,17,Late Night,No Discount,Hot
102850,2024-01-30 16:15:00,Cairo-Zamalek,Qishtouza Lotus,Medium,118.16,3,0.15,Nutella,83236,22.0,Female,Unknown,Credit Card,Mobile App,41,11.5,104,44.4,50.3,5.0,0,Modern,Greater Cairo,0,16,49.63,404.11,2024,1,30,Afternoon,Medium Discount,Hot
106666,2024-03-10 10:15:00,Giza-Zayed,Sweet Koshary Mix,Small,106.51,10,0.0,Pistachio,70288,43.0,Male,Unknown,Instapay,In-store,64,11.8,134,32.8,77.4,1.0,0,Signature,Greater Cairo,1,10,149.11,1214.21,2024,3,10,Morning,No Discount,Hot
105882,2024-03-02 06:15:00,Cairo-Nasr City,Ice Cream Mango,Medium,141.71,3,0.15,Nuts,73846,280.0,Female,Unknown,Cash,ElMenus,55,12.2,148,36.2,70.5,5.0,0,Ice Cream,Greater Cairo,1,6,59.52,484.65,2024,3,2,Morning,Medium Discount,Hot
104453,2024-02-16 09:00:00,Cairo-Nasr City,Qishtouza Lotus,Medium,62.39,8,0.0,none,50645,16.0,Female,Bronze,Credit Card,Mobile App,55,8.3,125,21.5,26.8,1.0,0,Modern,Greater Cairo,1,9,69.88,569.0,2024,2,16,Morning,No Discount,Moderate
107422,2024-03-18 07:15:00,Cairo-Zamalek,Om Ali Cream,Small,115.79,11,0.15,Nuts,64214,54.0,Male,Bronze,Instapay,ElMenus,33,14.2,113,37.9,24.5,3.0,1,Traditional,Greater Cairo,0,7,178.32,1452.01,2024,3,18,Morning,Medium Discount,Hot
106485,2024-03-08 13:00:00,Alex-Stanly,Ice Cream Mango,Medium,123.31,10,0.0,Lotus,84970,43.5,Male,Silver,Cash,Talabat,89,6.0,130,31.5,25.2,1.0,0,Ice Cream,Alexandria,1,13,172.63,1405.73,2024,3,8,Afternoon,No Discount,Hot
102480,2024-01-26 19:45:00,Cairo-Nasr City,Rice Pudding Oven,Small,66.21,1,0.05,Lotus,82682,43.5,Male,Unknown,Wallet,ElMenus,71,9.5,103,30.9,59.7,3.0,0,Traditional,Greater Cairo,1,19,9.27,75.47999999999999,2024,1,26,Evening,Low Discount,Hot
106618,2024-03-09 22:15:00,Giza-Zayed,Rice Pudding Nuts,Medium,47.45,7,0.0,none,75302,41.0,Female,Gold,Credit Card,Talabat,96,5.3,134,26.9,67.5,3.0,0,Traditional,Greater Cairo,1,22,46.5,378.65000000000003,2024,3,9,Late Night,No Discount,Hot
102142,2024-01-23 07:15:00,Cairo-Zamalek,Rice Pudding Nuts,Large,81.72,4,0.0,none,77005,26.0,Female,Unknown,Cash,In-store,92,14.0,114,19.8,30.1,3.0,0,Traditional,Greater Cairo,0,7,45.76,372.64,2024,1,23,Morning,No Discount,Cold
105189,2024-02-24 01:00:00,Mansoura-Mashaya,Qishtouza Nutella,Medium,89.94,5,0.1,Nuts,82737,19.0,Male,Bronze,Credit Card,Talabat,93,8.3,110,43.8,27.9,4.0,0,Modern,Delta,1,1,62.96,512.66,2024,2,24,Late Night,Medium Discount,Hot
109705,2024-04-11 02:00:00,Tanta-Saeed,Sweet Koshary Mix,Large,107.52,8,0.1,Nuts,57851,15.0,Male,Unknown,Credit Card,Mobile App,100,1.2,106,35.5,44.4,3.0,0,Signature,Delta,0,2,120.42,980.5799999999999,2024,4,11,Late Night,Medium Discount,Hot
102745,2024-01-29 14:00:00,Mansoura-Mashaya,Ice Cream Mango,Large,9999.99,7,0.05,Lotus,58458,59.0,Male,Gold,Instapay,Talabat,82,8.1,109,31.6,85.4,3.0,0,Ice Cream,Delta,0,14,104.14,70104.06999999999,2024,1,29,Afternoon,Low Discount,Hot
107254,2024-03-16 13:15:00,Mansoura-Mashaya,Qishtouza Lotus,Medium,73.11,1,0.0,Lotus,85387,43.5,Female,Gold,Wallet,In-store,73,8.4,139,38.3,52.5,2.0,0,Modern,Delta,1,13,10.24,83.35,2024,3,16,Afternoon,No Discount,Hot
103507,2024-02-06 12:30:00,Cairo-Zamalek,Rice Pudding Oven,Medium,176.4,5,0.05,Nuts,81428,19.0,Female,Unknown,Cash,In-store,64,3.0,126,39.9,45.9,5.0,0,Traditional,Greater Cairo,0,12,123.48,1005.48,2024,2,6,Afternoon,Low Discount,Hot
101680,2024-01-18 11:45:00,Cairo-Zamalek,Qishtouza Nutella,Medium,48.52,9,0.05,Pistachio,64357,43.5,Male,Unknown,Credit Card,Talabat,117,7.2,112,36.3,57.9,3.0,0,Modern,Greater Cairo,0,11,61.14,497.82,2024,1,18,Morning,Low Discount,Hot
104250,2024-02-14 06:15:00,Mansoura-Mashaya,Qishtouza Nutella,Large,140.35,9,0.0,Lotus,80009,74.0,Female,Unknown,Wallet,Talabat,73,7.1,111,43.7,30.1,5.0,0,Modern,Delta,0,6,176.84,1439.9899999999998,2024,2,14,Morning,No Discount,Hot
103148,2024-02-02 18:45:00,Cairo-Nasr City,Qishtouza Lotus,Medium,9999.99,9,0.0,Nuts,87380,43.5,Female,Gold,Wallet,ElMenus,85,12.8,148,24.8,56.4,4.0,0,Modern,Greater Cairo,1,18,121.55,90121.46,2024,2,2,Evening,No Discount,Moderate
108131,2024-03-25 16:30:00,Giza-Zayed,Rice Pudding Oven,Medium,87.07,7,0.15,Nutella,77642,43.0,Female,Silver,Instapay,Mobile App,85,7.2,110,24.0,63.6,2.0,0,Traditional,Greater Cairo,0,16,85.33,694.82,2024,3,25,Afternoon,Medium Discount,Moderate
107005,2024-03-13 23:00:00,Alex-Stanly,Super B.Laban,Large,111.15,8,0.0,Nutella,65657,37.0,Female,Unknown,Instapay,Mobile App,94,4.9,131,29.0,23.5,3.0,0,Signature,Alexandria,0,23,124.49,1013.69,2024,3,13,Late Night,No Discount,Hot
100581,2024-01-07 01:00:00,Tanta-Saeed,Rice Pudding Oven,Medium,155.37,5,0.0,none,77938,24.0,Male,Bronze,Instapay,Mobile App,109,4.5,131,24.0,28.6,3.0,0,Traditional,Delta,1,1,108.76,885.61,2024,1,7,Late Night,No Discount,Moderate
104071,2024-02-12 09:30:00,Cairo-Nasr City,Om Ali Cream,Medium,175.44,9,0.0,Nuts,60479,43.0,Female,Unknown,Cash,Talabat,60,14.7,117,21.4,22.3,5.0,0,Traditional,Greater Cairo,0,9,221.05,1800.01,2024,2,12,Morning,No Discount,Moderate
103344,2024-02-04 19:45:00,Cairo-Zamalek,Om Ali Cream,Medium,149.22,11,0.0,none,87356,65.0,Female,Gold,Cash,Mobile App,103,3.8,111,27.0,52.8,4.0,0,Traditional,Greater Cairo,1,19,229.8,1871.22,2024,2,4,Evening,No Discount,Hot
107405,2024-03-18 03:00:00,Tanta-Saeed,Ice Cream Mango,Large,109.81,9,0.0,Nutella,63230,43.5,Female,Silver,Cash,ElMenus,112,7.2,125,17.6,56.9,5.0,0,Ice Cream,Delta,0,3,138.36,1126.65,2024,3,18,Late Night,No Discount,Cold
103673,2024-02-08 06:00:00,Alex-Stanly,Rice Pudding Oven,Small,137.26,7,0.0,Nuts,59100,28.0,Female,Gold,Wallet,Talabat,109,10.6,136,29.9,77.3,3.0,1,Traditional,Alexandria,0,6,134.51,1095.33,2024,2,8,Morning,No Discount,Hot
100560,2024-01-06 19:45:00,Tanta-Saeed,Rice Pudding Oven,Large,58.61,8,0.1,Pistachio,80325,35.0,Female,Bronze,Cash,Talabat,17,14.0,125,24.9,58.2,3.0,0,Traditional,Delta,1,19,65.64,534.52,2024,1,6,Evening,Medium Discount,Moderate
105238,2024-02-24 13:15:00,Cairo-Zamalek,Rice Pudding Nuts,Medium,127.38,5,0.0,Lotus,66477,60.0,Female,Silver,Cash,In-store,17,2.9,130,41.5,41.7,3.0,0,Traditional,Greater Cairo,1,13,89.17,726.0699999999999,2024,2,24,Afternoon,No Discount,Hot
107806,2024-03-22 07:15:00,Tanta-Saeed,Om Ali Cream,Medium,84.04,6,0.0,Nutella,87765,20.0,Female,Unknown,Cash,ElMenus,10,1.4,147,39.4,71.6,3.0,0,Traditional,Delta,1,7,70.59,574.83,2024,3,22,Morning,No Discount,Hot
100513,2024-01-06 08:00:00,Dubai-Marina,Qishtouza Lotus,Medium,179.22,10,0.0,Nuts,89562,47.0,Female,Gold,Credit Card,In-store,117,12.4,124,39.0,83.8,1.0,0,Modern,UAE,1,8,250.91,2043.1100000000001,2024,1,6,Morning,No Discount,Hot
101082,2024-01-12 06:15:00,Mansoura-Mashaya,Sweet Koshary Mix,Medium,150.78,1,0.1,none,53146,56.0,Male,Bronze,Wallet,In-store,69,0.9,125,18.6,34.8,1.0,0,Signature,Delta,1,6,21.11,171.89,2024,1,12,Morning,Medium Discount,Cold
101665,2024-01-18 08:00:00,Alex-Stanly,Super B.Laban,Large,48.25,1,0.0,Nuts,66519,19.0,Female,Bronze,Credit Card,Mobile App,90,10.2,138,42.0,82.7,3.0,0,Signature,Alexandria,0,8,6.76,55.01,2024,1,18,Morning,No Discount,Hot
109205,2024-04-05 21:00:00,Riyadh-Olaya,Sweet Koshary Mix,Medium,57.62,5,0.0,Lotus,51068,40.0,Female,Silver,Instapay,Talabat,83,3.2,104,43.1,48.9,3.0,1,Signature,KSA,1,21,40.33,328.42999999999995,2024,4,5,Evening,No Discount,Hot
101932,2024-01-21 02:45:00,Giza-Zayed,Qishtouza Lotus,Medium,9999.99,1,0.0,Nutella,84386,33.0,Female,Unknown,Instapay,ElMenus,24,4.7,115,25.1,23.2,5.0,0,Modern,Greater Cairo,1,2,22.96,10022.949999999999,2024,1,21,Late Night,No Discount,Hot
109667,2024-04-10 16:30:00,Tanta-Saeed,Qishtouza Nutella,Medium,113.0,4,0.0,Nutella,58129,50.0,Male,Gold,Instapay,Talabat,30,13.1,108,27.9,82.3,2.0,0,Modern,Delta,0,16,63.28,515.28,2024,4,10,Afternoon,No Discount,Hot
101151,2024-01-12 23:30:00,Mansoura-Mashaya,Rice Pudding Nuts,Small,138.42,7,0.0,none,78018,59.0,Male,Gold,Wallet,Mobile App,74,4.4,111,33.9,42.3,3.0,0,Traditional,Delta,1,23,135.65,1104.59,2024,1,12,Late Night,No Discount,Hot
102839,2024-01-30 13:30:00,Mansoura-Mashaya,Ice Cream Mango,Small,132.98,9,0.05,Nuts,75597,43.5,Female,Unknown,Wallet,ElMenus,113,9.4,126,27.2,78.3,3.0,0,Ice Cream,Delta,0,13,167.55,1364.37,2024,1,30,Afternoon,Low Discount,Hot
105950,2024-03-02 23:15:00,Cairo-Nasr City,Rice Pudding Oven,Large,103.85,7,0.1,none,84512,280.0,Female,Unknown,Instapay,In-store,47,10.1,107,40.4,22.5,2.0,0,Traditional,Greater Cairo,1,23,101.77,828.7199999999999,2024,3,2,Late Night,Medium Discount,Hot
108309,2024-03-27 13:00:00,Alex-Stanly,Sweet Koshary Mix,Medium,137.29,1,0.0,Nutella,76374,14.0,Male,Unknown,Cash,In-store,84,2.6,121,39.7,71.0,2.0,0,Signature,Alexandria,0,13,19.22,156.51,2024,3,27,Afternoon,No Discount,Hot
108933,2024-04-03 01:00:00,Tanta-Saeed,Rice Pudding Nuts,Medium,125.95,11,0.0,Nuts,80723,38.0,Female,Unknown,Cash,Talabat,15,1.7,124,22.4,40.7,1.0,0,Traditional,Delta,0,1,193.96,1579.41,2024,4,3,Late Night,No Discount,Moderate
109789,2024-04-11 23:00:00,Tanta-Saeed,Ice Cream Mango,Large,142.25,7,0.0,Pistachio,70699,23.0,Male,Unknown,Wallet,ElMenus,50,5.8,139,17.8,70.9,1.0,1,Ice Cream,Delta,0,23,139.4,1135.15,2024,4,11,Late Night,No Discount,Cold
105178,2024-02-23 22:15:00,Cairo-Zamalek,Qishtouza Lotus,Medium,153.13,2,0.0,Nuts,86122,63.0,Female,Bronze,Credit Card,Talabat,106,12.9,115,16.0,58.6,2.0,0,Modern,Greater Cairo,1,22,42.88,349.14,2024,2,23,Late Night,No Discount,Cold
100831,2024-01-09 15:30:00,Mansoura-Mashaya,Ice Cream Mango,Medium,163.35,7,0.0,Lotus,85944,43.5,Female,Gold,Wallet,Talabat,81,12.1,146,16.9,71.0,5.0,0,Ice Cream,Delta,0,15,160.08,1303.53,2024,1,9,Afternoon,No Discount,Cold
108312,2024-03-27 13:45:00,Tanta-Saeed,Sweet Koshary Mix,Large,123.3,9,0.0,Pistachio,75532,62.0,Female,Silver,Instapay,Talabat,30,9.8,122,37.4,47.7,4.0,0,Signature,Delta,0,13,155.36,1265.06,2024,3,27,Afternoon,No Discount,Hot
104753,2024-02-19 12:00:00,Mansoura-Mashaya,Rice Pudding Nuts,Medium,93.41,3,0.1,none,61940,56.0,Male,Bronze,Credit Card,ElMenus,18,1.4,122,37.3,27.7,2.0,0,Traditional,Delta,0,12,39.23,319.46000000000004,2024,2,19,Afternoon,Medium Discount,Hot
109851,2024-04-12 14:30:00,Dubai-Marina,Rice Pudding Nuts,Medium,91.39,4,0.1,Nuts,68927,66.0,Female,Gold,Cash,Talabat,13,10.3,137,24.7,56.5,2.0,0,Traditional,UAE,1,14,51.18,416.74,2024,4,12,Afternoon,Medium Discount,Moderate
100636,2024-01-07 14:45:00,Cairo-Zamalek,Sweet Koshary Mix,Large,94.77,5,0.0,Lotus,69678,35.0,Male,Unknown,Cash,Mobile App,50,6.4,114,36.8,78.4,4.0,0,Signature,Greater Cairo,1,14,66.34,540.1899999999999,2024,1,7,Afternoon,No Discount,Hot
104466,2024-02-16 12:15:00,Giza-Zayed,Qishtouza Nutella,Medium,138.09,1,0.0,none,54054,66.0,Female,Gold,Wallet,In-store,31,2.4,119,23.2,61.8,4.0,0,Modern,Greater Cairo,1,12,19.33,157.42000000000002,2024,2,16,Afternoon,No Discount,Moderate
106800,2024-03-11 19:45:00,Mansoura-Mashaya,Sweet Koshary Mix,Large,63.15,6,0.05,none,61432,23.0,Male,Bronze,Cash,In-store,85,7.7,105,15.0,75.6,4.0,0,Signature,Delta,0,19,53.05,431.95,2024,3,11,Evening,Low Discount,Cold
107988,2024-03-24 04:45:00,Giza-Zayed,Om Ali Cream,Large,155.6,1,0.0,none,52149,65.0,Female,Bronze,Cash,Talabat,37,8.9,115,41.0,65.3,1.0,0,Traditional,Greater Cairo,1,4,21.78,177.38,2024,3,24,Late Night,No Discount,Hot
107080,2024-03-14 17:45:00,Giza-Zayed,Qishtouza Lotus,Large,123.84,5,0.0,Lotus,54169,45.0,Female,Unknown,Instapay,In-store,57,9.2,113,15.4,33.3,1.0,1,Modern,Greater Cairo,0,17,86.69,705.8900000000001,2024,3,14,Evening,No Discount,Cold
106967,2024-03-13 13:30:00,Giza-Zayed,Rice Pudding Oven,Medium,170.68,8,0.0,Pistachio,78243,43.5,Female,Unknown,Wallet,Mobile App,19,7.5,148,17.7,84.6,4.0,0,Traditional,Greater Cairo,0,13,191.16,1556.6000000000001,2024,3,13,Afternoon,No Discount,Cold
104143,2024-02-13 03:30:00,Tanta-Saeed,Om Ali Cream,Medium,103.3,7,0.0,Lotus,88884,58.0,Female,Silver,Wallet,In-store,82,4.5,123,23.0,40.3,2.0,0,Traditional,Delta,0,3,101.23,824.33,2024,2,13,Late Night,No Discount,Moderate
107028,2024-03-14 04:45:00,Cairo-Nasr City,Rice Pudding Oven,Large,53.15,11,0.0,none,55201,38.0,Male,Bronze,Instapay,ElMenus,24,10.3,131,38.2,32.4,2.0,0,Traditional,Greater Cairo,0,4,81.85,666.5,2024,3,14,Late Night,No Discount,Hot
109184,2024-04-05 15:45:00,Dubai-Marina,Super B.Laban,Large,58.85,6,0.0,none,73254,59.0,Female,Gold,Wallet,Talabat,57,5.7,144,20.6,85.4,5.0,0,Signature,UAE,1,15,49.43,402.53000000000003,2024,4,5,Afternoon,No Discount,Moderate
100877,2024-01-10 03:00:00,Cairo-Zamalek,Super B.Laban,Medium,170.52,3,0.0,Nuts,84689,58.0,Male,Silver,Wallet,ElMenus,93,11.0,108,44.2,30.4,2.0,1,Signature,Greater Cairo,0,3,71.62,583.1800000000001,2024,1,10,Late Night,No Discount,Hot
104870,2024-02-20 17:15:00,Tanta-Saeed,Qishtouza Lotus,Medium,178.03,2,0.05,none,53927,55.0,Male,Silver,Cash,In-store,101,10.6,113,37.0,35.2,1.0,0,Modern,Delta,0,17,49.85,405.91,2024,2,20,Evening,Low Discount,Hot
105316,2024-02-25 08:45:00,Cairo-Zamalek,Rice Pudding Oven,Large,66.06,3,0.05,none,63163,42.0,Female,Unknown,Instapay,Mobile App,105,8.4,132,19.2,45.0,1.0,0,Traditional,Greater Cairo,1,8,27.75,225.93,2024,2,25,Morning,Low Discount,Cold
105223,2024-02-24 09:30:00,Cairo-Nasr City,Rice Pudding Oven,Large,83.05,1,0.0,Nutella,88238,53.0,Female,Bronze,Credit Card,In-store,82,5.8,140,17.9,22.8,4.0,0,Traditional,Greater Cairo,1,9,11.63,94.67999999999999,2024,2,24,Morning,No Discount,Cold
100005,2024-01-01 01:00:00,Alex-Stanly,Ice Cream Mango,Medium,107.49,4,0.05,Pistachio,83829,22.0,Female,Silver,Instapay,ElMenus,39,1.5,117,30.2,71.5,3.0,0,Ice Cream,Alexandria,0,1,60.19,490.15,2024,1,1,Late Night,Low Discount,Hot
103052,2024-02-01 18:45:00,Mansoura-Mashaya,Sweet Koshary Mix,Medium,73.78,7,0.1,Pistachio,84545,45.0,Female,Bronze,Credit Card,ElMenus,40,4.8,126,33.7,31.1,3.0,0,Signature,Delta,0,18,72.3,588.76,2024,2,1,Evening,Medium Discount,Hot
105692,2024-02-29 06:45:00,Cairo-Nasr City,Ice Cream Mango,Medium,109.77,10,0.1,none,85065,71.0,Female,Bronze,Credit Card,Mobile App,34,3.7,130,27.5,62.4,5.0,0,Ice Cream,Greater Cairo,0,6,153.68,1251.38,2024,2,29,Morning,Medium Discount,Hot
103125,2024-02-02 13:00:00,Mansoura-Mashaya,Qishtouza Lotus,Small,41.68,1,0.15,Pistachio,51831,56.0,Male,Silver,Wallet,Talabat,101,6.9,144,42.4,25.4,4.0,0,Modern,Delta,1,13,5.84,47.519999999999996,2024,2,2,Afternoon,Medium Discount,Hot
102492,2024-01-26 22:45:00,Mansoura-Mashaya,Qishtouza Lotus,Medium,80.62,10,0.0,Lotus,56898,28.0,Female,Unknown,Wallet,ElMenus,12,14.2,145,26.2,32.9,1.0,0,Modern,Delta,1,22,112.87,919.07,2024,1,26,Late Night,No Discount,Hot
103855,2024-02-10 03:30:00,Giza-Zayed,Om Ali Cream,Medium,62.24,5,0.0,Pistachio,84352,65.0,Female,Unknown,Wallet,ElMenus,83,6.2,142,20.0,82.7,3.0,0,Traditional,Greater Cairo,1,3,43.57,354.77,2024,2,10,Late Night,No Discount,Moderate
104778,2024-02-19 18:15:00,Giza-Zayed,Super B.Laban,Small,104.5,10,0.0,Pistachio,60430,43.5,Female,Gold,Wallet,In-store,49,10.7,122,19.5,49.2,4.0,0,Signature,Greater Cairo,0,18,146.3,1191.3,2024,2,19,Evening,No Discount,Cold
107510,2024-03-19 05:15:00,Tanta-Saeed,Super B.Laban,Large,154.72,4,0.0,none,76471,43.5,Female,Silver,Credit Card,In-store,48,2.8,149,40.3,45.6,1.0,0,Signature,Delta,0,5,86.64,705.52,2024,3,19,Morning,No Discount,Hot
106458,2024-03-08 06:15:00,Alex-Stanly,Rice Pudding Nuts,Large,87.42,9,0.0,none,68287,12.0,Male,Silver,Cash,Talabat,19,1.5,121,28.4,60.7,2.0,0,Traditional,Alexandria,1,6,110.15,896.93,2024,3,8,Morning,No Discount,Hot
106294,2024-03-06 13:15:00,Mansoura-Mashaya,Rice Pudding Nuts,Large,138.54,11,0.0,Pistachio,66401,21.0,Male,Gold,Instapay,Talabat,117,7.0,131,16.6,30.5,3.0,0,Traditional,Delta,0,13,213.35,1737.2899999999997,2024,3,6,Afternoon,No Discount,Cold
101149,2024-01-12 23:00:00,Alex-Stanly,Qishtouza Lotus,Large,176.41,3,0.0,Lotus,54123,59.0,Male,Gold,Credit Card,ElMenus,40,11.4,129,40.8,31.5,1.0,0,Modern,Alexandria,1,23,74.09,603.32,2024,1,12,Late Night,No Discount,Hot
100575,2024-01-06 23:30:00,Dubai-Marina,Rice Pudding Nuts,Large,171.93,2,0.0,none,85154,63.0,Female,Gold,Credit Card,Talabat,101,6.1,141,18.0,82.1,4.0,0,Traditional,UAE,1,23,48.14,392.0,2024,1,6,Late Night,No Discount,Cold
103770,2024-02-09 06:15:00,Riyadh-Olaya,Rice Pudding Oven,Small,87.62,7,0.0,Pistachio,72529,48.0,Female,Bronze,Instapay,Talabat,113,8.6,111,28.4,54.0,5.0,0,Traditional,KSA,1,6,85.87,699.21,2024,2,9,Morning,No Discount,Hot
104147,2024-02-13 04:30:00,Mansoura-Mashaya,Rice Pudding Oven,Medium,139.79,9,0.05,Lotus,82249,57.0,Female,Gold,Cash,Talabat,55,6.0,146,27.5,82.2,1.0,0,Traditional,Delta,0,4,176.14,1434.25,2024,2,13,Late Night,Low Discount,Hot
100854,2024-01-09 21:15:00,Alex-Stanly,Qishtouza Lotus,Large,175.72,3,0.0,Nuts,64504,43.5,Female,Unknown,Cash,ElMenus,97,3.7,112,16.1,41.7,1.0,0,Modern,Alexandria,0,21,73.8,600.9599999999999,2024,1,9,Evening,No Discount,Cold
105920,2024-03-02 15:45:00,Cairo-Nasr City,Super B.Laban,Large,116.64,5,0.0,Nuts,55261,43.5,Female,Bronze,Credit Card,ElMenus,20,4.2,133,23.6,69.8,4.0,0,Signature,Greater Cairo,1,15,81.65,664.85,2024,3,2,Afternoon,No Discount,Moderate
109359,2024-04-07 11:30:00,Giza-Zayed,Qishtouza Nutella,Medium,131.49,11,0.0,Nutella,77715,40.0,Male,Bronze,Instapay,In-store,89,9.7,115,41.3,41.0,3.0,0,Modern,Greater Cairo,1,11,202.49,1648.88,2024,4,7,Morning,No Discount,Hot
106615,2024-03-09 21:30:00,Alex-Stanly,Rice Pudding Nuts,Medium,51.04,3,0.0,Nutella,89784,28.0,Male,Unknown,Cash,ElMenus,95,7.7,133,34.9,40.8,2.0,0,Traditional,Alexandria,1,21,21.44,174.56,2024,3,9,Evening,No Discount,Hot
106003,2024-03-03 12:30:00,Mansoura-Mashaya,Qishtouza Nutella,Medium,108.78,4,0.0,none,86439,54.0,Male,Unknown,Wallet,Mobile App,106,14.8,113,17.7,42.7,3.0,0,Modern,Delta,1,12,60.92,496.04,2024,3,3,Afternoon,No Discount,Cold
109164,2024-04-05 10:45:00,Cairo-Zamalek,Rice Pudding Nuts,Small,122.51,9,0.0,Lotus,84151,64.0,Female,Silver,Cash,Talabat,102,5.4,118,16.0,48.7,5.0,0,Traditional,Greater Cairo,1,10,154.36,1256.9500000000003,2024,4,5,Morning,No Discount,Cold
104496,2024-02-16 19:45:00,Mansoura-Mashaya,Rice Pudding Oven,Medium,147.47,4,0.0,Lotus,62374,21.0,Male,Gold,Wallet,Talabat,77,0.5,114,25.6,62.0,1.0,0,Traditional,Delta,1,19,82.58,672.46,2024,2,16,Evening,No Discount,Hot
108174,2024-03-26 03:15:00,Mansoura-Mashaya,Super B.Laban,Small,178.03,9,0.0,Pistachio,63304,16.0,Female,Unknown,Wallet,Mobile App,76,4.1,114,20.6,76.9,5.0,0,Signature,Delta,0,3,224.32,1826.59,2024,3,26,Late Night,No Discount,Moderate
106656,2024-03-10 07:45:00,Giza-Zayed,Sweet Koshary Mix,Medium,63.66,5,0.0,Lotus,52743,37.0,Male,Gold,Wallet,Mobile App,96,12.0,134,40.0,64.1,1.0,0,Signature,Greater Cairo,1,7,44.56,362.85999999999996,2024,3,10,Morning,No Discount,Hot
102369,2024-01-25 16:00:00,Mansoura-Mashaya,Om Ali Cream,Medium,163.75,1,0.0,Nuts,58899,43.5,Male,Silver,Instapay,ElMenus,17,8.9,112,44.1,76.0,4.0,0,Traditional,Delta,0,16,22.92,186.67000000000002,2024,1,25,Afternoon,No Discount,Hot
104781,2024-02-19 19:00:00,Dubai-Marina,Ice Cream Mango,Large,128.17,8,0.1,none,75557,42.0,Female,Gold,Cash,ElMenus,25,7.3,116,23.7,57.8,2.0,0,Ice Cream,UAE,0,19,143.55,1168.9099999999999,2024,2,19,Evening,Medium Discount,Moderate
107993,2024-03-24 06:00:00,Alex-Stanly,Sweet Koshary Mix,Small,69.19,11,0.0,none,51804,35.0,Female,Unknown,Cash,In-store,67,13.4,106,27.8,74.8,4.0,0,Signature,Alexandria,1,6,106.55,867.6399999999999,2024,3,24,Morning,No Discount,Hot
102951,2024-01-31 17:30:00,Tanta-Saeed,Qishtouza Nutella,Medium,94.11,6,0.0,Lotus,79736,47.0,Female,Unknown,Instapay,ElMenus,22,5.6,128,19.7,62.4,1.0,0,Modern,Delta,0,17,79.05,643.7099999999999,2024,1,31,Evening,No Discount,Cold
105626,2024-02-28 14:15:00,Cairo-Nasr City,Qishtouza Nutella,Medium,60.52,3,0.0,Pistachio,71993,52.0,Female,Silver,Wallet,Talabat,42,5.3,134,29.1,24.1,3.0,0,Modern,Greater Cairo,0,14,25.42,206.98000000000002,2024,2,28,Afternoon,No Discount,Hot
106972,2024-03-13 14:45:00,Giza-Zayed,Sweet Koshary Mix,Large,69.19,10,0.0,Pistachio,86027,43.5,Female,Silver,Instapay,Mobile App,91,11.5,141,29.8,44.3,5.0,0,Signature,Greater Cairo,0,14,96.87,788.77,2024,3,13,Afternoon,No Discount,Hot
108717,2024-03-31 19:00:00,Cairo-Nasr City,Ice Cream Mango,Medium,138.78,2,0.0,none,58305,71.0,Female,Unknown,Wallet,Mobile App,21,12.6,110,31.4,39.4,3.0,0,Ice Cream,Greater Cairo,1,19,38.86,316.42,2024,3,31,Evening,No Discount,Hot
101842,2024-01-20 04:15:00,Tanta-Saeed,Qishtouza Nutella,Medium,155.97,7,0.15,none,57015,45.0,Female,Silver,Instapay,In-store,38,14.0,146,43.4,54.9,4.0,0,Modern,Delta,1,4,152.85,1244.6399999999999,2024,1,20,Late Night,Medium Discount,Hot
105987,2024-03-03 08:30:00,Giza-Zayed,Qishtouza Nutella,Large,81.48,5,0.0,none,55214,43.5,Female,Bronze,Credit Card,In-store,33,9.5,145,18.9,66.7,5.0,0,Modern,Greater Cairo,1,8,57.04,464.44000000000005,2024,3,3,Morning,No Discount,Cold
100538,2024-01-06 14:15:00,Dubai-Marina,Rice Pudding Nuts,Small,86.68,4,0.0,Lotus,56799,73.0,Female,Bronze,Instapay,In-store,89,10.5,102,42.2,86.6,3.0,0,Traditional,UAE,1,14,48.54,395.26000000000005,2024,1,6,Afternoon,No Discount,Hot
102807,2024-01-30 05:30:00,Mansoura-Mashaya,Om Ali Cream,Medium,110.45,6,0.0,Pistachio,72411,12.0,Female,Gold,Cash,Mobile App,69,9.2,121,30.7,38.3,3.0,0,Traditional,Delta,0,5,92.78,755.48,2024,1,30,Morning,No Discount,Hot
105802,2024-03-01 10:15:00,Mansoura-Mashaya,Qishtouza Lotus,Medium,109.66,1,0.0,none,70416,19.0,Male,Silver,Credit Card,Mobile App,47,8.1,111,30.9,25.2,4.0,0,Modern,Delta,1,10,15.35,125.00999999999999,2024,3,1,Morning,No Discount,Hot
105597,2024-02-28 07:00:00,Cairo-Zamalek,Om Ali Cream,Small,60.96,1,0.0,none,70654,21.0,Male,Bronze,Instapay,Talabat,76,14.9,139,40.7,72.1,4.0,0,Traditional,Greater Cairo,0,7,8.53,69.49,2024,2,28,Morning,No Discount,Hot
107207,2024-03-16 01:30:00,Tanta-Saeed,Qishtouza Nutella,Medium,168.78,2,0.15,Pistachio,86472,68.0,Female,Bronze,Instapay,ElMenus,80,12.9,123,21.7,51.9,3.0,0,Modern,Delta,1,1,47.26,384.82,2024,3,16,Late Night,Medium Discount,Moderate
107344,2024-03-17 11:45:00,Giza-Zayed,Rice Pudding Oven,Medium,168.98,6,0.0,none,83642,41.0,Male,Gold,Wallet,ElMenus,74,7.2,113,15.1,31.0,4.0,0,Traditional,Greater Cairo,1,11,141.94,1155.82,2024,3,17,Morning,No Discount,Cold
107561,2024-03-19 18:00:00,Cairo-Zamalek,Qishtouza Nutella,Medium,45.09,5,0.0,Nuts,58524,66.0,Male,Bronze,Wallet,In-store,11,0.8,132,33.3,81.7,5.0,1,Modern,Greater Cairo,0,18,31.56,257.01,2024,3,19,Evening,No Discount,Hot
108097,2024-03-25 08:00:00,Riyadh-Olaya,Om Ali Cream,Small,78.38,7,0.1,none,62636,49.0,Female,Unknown,Cash,In-store,31,6.4,144,42.4,37.4,1.0,0,Traditional,KSA,0,8,76.81,625.47,2024,3,25,Morning,Medium Discount,Hot
100785,2024-01-09 04:00:00,Cairo-Zamalek,Om Ali Cream,Large,136.45,6,0.0,Lotus,64140,50.0,Male,Unknown,Credit Card,In-store,28,9.0,128,30.2,84.6,3.0,0,Traditional,Greater Cairo,0,4,114.62,933.3199999999999,2024,1,9,Late Night,No Discount,Hot
101410,2024-01-15 16:15:00,Cairo-Zamalek,Om Ali Cream,Medium,88.56,6,0.0,Lotus,66883,45.0,Female,Silver,Cash,ElMenus,29,4.7,135,42.0,66.2,4.0,0,Traditional,Greater Cairo,0,16,74.39,605.75,2024,1,15,Afternoon,No Discount,Hot
100155,2024-01-02 14:30:00,Mansoura-Mashaya,Super B.Laban,Large,76.38,4,0.0,Pistachio,75854,58.0,Male,Silver,Cash,In-store,64,11.3,118,36.3,25.1,4.0,0,Signature,Delta,0,14,42.77,348.28999999999996,2024,1,2,Afternoon,No Discount,Hot
107807,2024-03-22 07:30:00,Riyadh-Olaya,Om Ali Cream,Medium,85.03,11,0.0,Pistachio,85635,38.0,Female,Bronze,Cash,ElMenus,82,8.5,138,26.9,84.0,3.0,0,Traditional,KSA,1,7,130.95,1066.28,2024,3,22,Morning,No Discount,Hot
103010,2024-02-01 08:15:00,Mansoura-Mashaya,Rice Pudding Nuts,Small,171.44,2,0.15,Pistachio,87248,17.0,Female,Unknown,Credit Card,Talabat,23,9.8,122,15.1,77.2,2.0,0,Traditional,Delta,0,8,48.0,390.88,2024,2,1,Morning,Medium Discount,Cold
101687,2024-01-18 13:30:00,Giza-Zayed,Super B.Laban,Small,72.72,6,0.0,Nutella,55341,19.0,Male,Unknown,Cash,Talabat,22,10.5,137,41.8,86.3,1.0,0,Signature,Greater Cairo,0,13,61.08,497.4,2024,1,18,Afternoon,No Discount,Hot
104015,2024-02-11 19:30:00,Mansoura-Mashaya,Sweet Koshary Mix,Medium,163.31,5,0.0,Lotus,57356,38.0,Male,Bronze,Instapay,Talabat,14,8.0,123,24.4,46.1,4.0,0,Signature,Delta,1,19,114.32,930.8699999999999,2024,2,11,Evening,No Discount,Moderate
107456,2024-03-18 15:45:00,Dubai-Marina,Ice Cream Mango,Medium,150.44,5,0.0,Lotus,87156,38.0,Female,Silver,Credit Card,Talabat,118,10.0,114,22.7,33.3,1.0,0,Ice Cream,UAE,0,15,105.31,857.51,2024,3,18,Afternoon,No Discount,Moderate
103864,2024-02-10 05:45:00,Giza-Zayed,Rice Pudding Oven,Large,64.93,11,0.0,none,62274,28.0,Female,Silver,Instapay,Mobile App,98,7.2,137,30.1,52.9,3.0,0,Traditional,Greater Cairo,1,5,99.99,814.22,2024,2,10,Morning,No Discount,Hot
102734,2024-01-29 11:15:00,Giza-Zayed,Rice Pudding Oven,Small,70.94,4,0.05,Pistachio,73374,70.0,Male,Unknown,Wallet,Mobile App,78,7.2,110,28.3,47.3,1.0,0,Traditional,Greater Cairo,0,11,39.73,323.49,2024,1,29,Morning,Low Discount,Hot
101896,2024-01-20 17:45:00,Dubai-Marina,Qishtouza Nutella,Medium,142.9,7,0.05,none,65402,43.5,Male,Unknown,Credit Card,Mobile App,17,6.3,103,15.5,47.3,3.0,0,Modern,UAE,1,17,140.04,1140.3400000000001,2024,1,20,Evening,Low Discount,Cold
105443,2024-02-26 16:30:00,Cairo-Nasr City,Rice Pudding Nuts,Medium,92.4,11,0.0,none,62796,74.0,Female,Gold,Wallet,Talabat,53,2.0,135,43.3,60.6,3.0,0,Traditional,Greater Cairo,0,16,142.3,1158.7,2024,2,26,Afternoon,No Discount,Hot
100570,2024-01-06 22:15:00,Dubai-Marina,Qishtouza Nutella,Medium,84.0,10,0.0,Lotus,82726,37.0,Male,Gold,Credit Card,In-store,106,0.7,136,43.4,20.4,3.0,0,Modern,UAE,1,22,117.6,957.6,2024,1,6,Late Night,No Discount,Hot
106710,2024-03-10 21:15:00,Riyadh-Olaya,Ice Cream Mango,Medium,133.65,7,0.0,none,60753,24.0,Female,Gold,Cash,Talabat,25,1.8,143,20.6,81.7,3.0,0,Ice Cream,KSA,1,21,130.98,1066.53,2024,3,10,Evening,No Discount,Moderate
105855,2024-03-01 23:30:00,Dubai-Marina,Rice Pudding Nuts,Medium,95.06,1,0.1,Nuts,74067,54.0,Male,Silver,Credit Card,Talabat,83,1.6,145,40.7,56.7,4.0,0,Traditional,UAE,1,23,13.31,108.37,2024,3,1,Late Night,Medium Discount,Hot
101817,2024-01-19 22:00:00,Cairo-Zamalek,Rice Pudding Nuts,Medium,53.59,5,0.05,Lotus,87258,43.5,Male,Silver,Cash,In-store,89,10.8,115,25.9,28.9,1.0,0,Traditional,Greater Cairo,1,22,37.51,305.46000000000004,2024,1,19,Late Night,Low Discount,Hot
108320,2024-03-27 15:45:00,Mansoura-Mashaya,Qishtouza Nutella,Small,124.91,11,0.0,Pistachio,85855,43.5,Female,Unknown,Instapay,ElMenus,86,10.9,125,44.4,77.5,5.0,0,Modern,Delta,0,15,192.36,1566.37,2024,3,27,Afternoon,No Discount,Hot
103395,2024-02-05 08:30:00,Cairo-Nasr City,Ice Cream Mango,Small,149.8,6,0.0,Nutella,66466,67.0,Female,Bronze,Instapay,ElMenus,89,13.8,141,24.9,47.6,3.0,0,Ice Cream,Greater Cairo,0,8,125.83,1024.63,2024,2,5,Morning,No Discount,Moderate
103328,2024-02-04 15:45:00,Dubai-Marina,Sweet Koshary Mix,Medium,132.42,7,0.0,Pistachio,72150,22.0,Male,Unknown,Cash,Talabat,80,6.9,139,29.4,30.8,3.0,0,Signature,UAE,1,15,129.77,1056.71,2024,2,4,Afternoon,No Discount,Hot
109983,2024-04-13 23:30:00,Riyadh-Olaya,Super B.Laban,Large,159.93,11,0.05,Nutella,60315,43.5,Male,Bronze,Instapay,ElMenus,117,8.4,108,24.3,34.7,4.0,0,Signature,KSA,1,23,246.29,2005.52,2024,4,13,Late Night,Low Discount,Moderate
106103,2024-03-04 13:30:00,Cairo-Nasr City,Qishtouza Lotus,Medium,109.71,10,0.0,Nuts,69463,13.0,Male,Silver,Credit Card,Mobile App,92,6.0,111,18.3,38.0,4.0,0,Modern,Greater Cairo,0,13,153.59,1250.6899999999998,2024,3,4,Afternoon,No Discount,Cold
102976,2024-01-31 23:45:00,Alex-Stanly,Rice Pudding Nuts,Large,176.9,6,0.0,Lotus,68589,44.0,Female,Silver,Credit Card,Mobile App,78,10.8,108,21.0,69.6,2.0,0,Traditional,Alexandria,0,23,148.6,1210.0,2024,1,31,Late Night,No Discount,Moderate
100981,2024-01-11 05:00:00,Giza-Zayed,Qishtouza Lotus,Medium,168.84,1,0.0,none,71528,20.0,Male,Silver,Credit Card,Talabat,94,5.4,148,16.4,79.8,1.0,0,Modern,Greater Cairo,0,5,23.64,192.48000000000002,2024,1,11,Morning,No Discount,Cold
100191,2024-01-02 23:30:00,Dubai-Marina,Ice Cream Mango,Medium,47.19,3,0.0,Nuts,85307,20.0,Male,Gold,Wallet,ElMenus,72,7.4,137,16.8,39.2,3.0,0,Ice Cream,UAE,0,23,19.82,161.39,2024,1,2,Late Night,No Discount,Cold
109332,2024-04-07 04:45:00,Dubai-Marina,Qishtouza Nutella,Large,90.08,6,0.0,Pistachio,73088,37.0,Male,Unknown,Cash,Talabat,116,5.1,144,18.1,42.7,4.0,0,Modern,UAE,1,4,75.67,616.15,2024,4,7,Late Night,No Discount,Cold
105089,2024-02-23 00:00:00,Riyadh-Olaya,Qishtouza Nutella,Medium,126.78,10,0.0,Nuts,78010,32.0,Male,Unknown,Wallet,Mobile App,58,14.3,129,28.3,59.0,5.0,1,Modern,KSA,1,0,177.49,1445.29,2024,2,23,Late Night,No Discount,Hot
100700,2024-01-08 06:45:00,Alex-Stanly,Rice Pudding Nuts,Medium,127.74,10,0.0,Nutella,79412,51.0,Male,Bronze,Cash,Talabat,67,3.0,149,25.5,70.1,3.0,0,Traditional,Alexandria,0,6,178.84,1456.2399999999998,2024,1,8,Morning,No Discount,Hot
109760,2024-04-11 15:45:00,Giza-Zayed,Super B.Laban,Medium,47.2,9,0.0,Lotus,77856,54.0,Male,Bronze,Cash,Talabat,22,10.4,133,41.5,30.9,3.0,0,Signature,Greater Cairo,0,15,59.47,484.27,2024,4,11,Afternoon,No Discount,Hot
100607,2024-01-07 07:30:00,Dubai-Marina,Qishtouza Lotus,Medium,42.31,5,0.15,none,89827,55.0,Male,Bronze,Wallet,ElMenus,18,13.4,113,35.7,31.5,3.0,0,Modern,UAE,1,7,29.62,241.17000000000002,2024,1,7,Morning,Medium Discount,Hot
100302,2024-01-04 03:15:00,Cairo-Nasr City,Rice Pudding Oven,Large,81.06,8,0.0,Pistachio,73130,43.0,Female,Bronze,Wallet,Mobile App,81,3.7,142,16.9,42.7,3.0,0,Traditional,Greater Cairo,0,3,90.79,739.27,2024,1,4,Late Night,No Discount,Cold
103421,2024-02-05 15:00:00,Alex-Stanly,Om Ali Cream,Large,98.19,3,0.0,none,72491,74.0,Female,Unknown,Instapay,Mobile App,109,4.8,144,16.8,24.2,1.0,0,Traditional,Alexandria,0,15,41.24,335.81,2024,2,5,Afternoon,No Discount,Cold
109805,2024-04-12 03:00:00,Tanta-Saeed,Rice Pudding Nuts,Medium,85.26,8,0.0,Lotus,85502,17.0,Female,Unknown,Wallet,Talabat,36,14.5,138,15.3,39.7,3.0,0,Traditional,Delta,1,3,95.49,777.57,2024,4,12,Late Night,No Discount,Cold
101061,2024-01-12 01:00:00,Cairo-Nasr City,Qishtouza Nutella,Large,101.33,8,0.0,Lotus,83468,48.0,Female,Silver,Cash,Talabat,76,3.0,138,34.6,64.5,5.0,0,Modern,Greater Cairo,1,1,113.49,924.13,2024,1,12,Late Night,No Discount,Hot
103445,2024-02-05 21:00:00,Tanta-Saeed,Rice Pudding Nuts,Medium,159.73,4,0.15,none,62028,43.5,Male,Unknown,Cash,In-store,88,9.6,131,39.8,66.6,1.0,0,Traditional,Delta,0,21,89.45,728.37,2024,2,5,Evening,Medium Discount,Hot
101070,2024-01-12 03:15:00,Mansoura-Mashaya,Ice Cream Mango,Medium,125.63,10,0.0,Nutella,84664,43.5,Female,Gold,Instapay,ElMenus,11,6.0,148,24.8,25.0,3.0,1,Ice Cream,Delta,1,3,175.88,1432.1799999999998,2024,1,12,Late Night,No Discount,Moderate
102206,2024-01-23 23:15:00,Cairo-Nasr City,Rice Pudding Nuts,Small,49.03,11,0.0,none,60895,66.0,Male,Unknown,Credit Card,In-store,13,4.5,123,34.3,82.9,4.0,0,Traditional,Greater Cairo,0,23,75.51,614.84,2024,1,23,Late Night,No Discount,Hot
109436,2024-04-08 06:45:00,Cairo-Nasr City,Rice Pudding Oven,Large,170.38,1,0.1,Pistachio,58159,24.0,Female,Unknown,Cash,Mobile App,107,5.3,118,15.4,55.7,1.0,0,Traditional,Greater Cairo,0,6,23.85,194.23,2024,4,8,Morning,Medium Discount,Cold
107340,2024-03-17 10:45:00,Riyadh-Olaya,Rice Pudding Nuts,Small,151.49,5,0.0,Nuts,82698,43.5,Female,Unknown,Wallet,Mobile App,51,11.0,106,15.4,49.0,2.0,0,Traditional,KSA,1,10,106.04,863.49,2024,3,17,Morning,No Discount,Cold
108209,2024-03-26 12:00:00,Alex-Stanly,Super B.Laban,Medium,61.68,7,0.0,none,64115,22.0,Male,Bronze,Instapay,Mobile App,105,8.2,139,18.5,61.6,3.0,0,Signature,Alexandria,0,12,60.45,492.21,2024,3,26,Afternoon,No Discount,Cold
107680,2024-03-20 23:45:00,Dubai-Marina,Qishtouza Lotus,Medium,98.53,9,0.15,Nuts,85505,43.5,Female,Silver,Credit Card,In-store,115,10.8,134,34.2,42.0,3.0,0,Modern,UAE,0,23,124.15,1010.92,2024,3,20,Late Night,Medium Discount,Hot
104643,2024-02-18 08:30:00,Mansoura-Mashaya,Qishtouza Lotus,Large,78.54,10,0.0,Nutella,79251,52.0,Male,Bronze,Wallet,Mobile App,115,12.1,105,38.1,23.6,1.0,0,Modern,Delta,1,8,109.96,895.3600000000001,2024,2,18,Morning,No Discount,Hot
107684,2024-03-21 00:45:00,Dubai-Marina,Om Ali Cream,Small,169.93,2,0.0,none,78026,39.0,Male,Silver,Cash,In-store,101,13.3,103,41.8,38.4,3.0,0,Traditional,UAE,0,0,47.58,387.44,2024,3,21,Late Night,No Discount,Hot
109008,2024-04-03 19:45:00,Cairo-Nasr City,Qishtouza Lotus,Medium,132.49,5,0.15,Lotus,74229,48.0,Male,Bronze,Cash,ElMenus,101,10.5,139,29.2,84.0,1.0,0,Modern,Greater Cairo,0,19,92.74,755.19,2024,4,3,Evening,Medium Discount,Hot
107997,2024-03-24 07:00:00,Tanta-Saeed,Sweet Koshary Mix,Large,153.43,5,0.0,none,70922,69.0,Male,Gold,Wallet,In-store,79,1.7,144,39.7,29.1,3.0,0,Signature,Delta,1,7,107.4,874.5500000000001,2024,3,24,Morning,No Discount,Hot
105601,2024-02-28 08:00:00,Alex-Stanly,Ice Cream Mango,Medium,57.65,11,0.0,Lotus,74017,57.0,Female,Silver,Credit Card,Talabat,71,12.1,104,34.6,72.6,5.0,0,Ice Cream,Alexandria,0,8,88.78,722.93,2024,2,28,Morning,No Discount,Hot
109152,2024-04-05 07:45:00,Tanta-Saeed,Qishtouza Nutella,Large,97.35,4,0.1,none,64242,17.0,Female,Gold,Cash,ElMenus,118,4.1,127,40.3,54.2,3.0,1,Modern,Delta,1,7,54.52,443.91999999999996,2024,4,5,Morning,Medium Discount,Hot
107023,2024-03-14 03:30:00,Dubai-Marina,Qishtouza Nutella,Medium,81.1,11,0.15,Nutella,72302,61.0,Male,Unknown,Instapay,Mobile App,40,9.2,128,44.6,81.5,5.0,0,Modern,UAE,0,3,124.89,1016.9899999999999,2024,3,14,Late Night,Medium Discount,Hot
104894,2024-02-20 23:15:00,Mansoura-Mashaya,Qishtouza Lotus,Large,123.29,9,0.05,Nutella,52582,32.0,Female,Silver,Credit Card,In-store,49,14.5,103,43.2,40.7,3.0,0,Modern,Delta,0,23,155.35,1264.96,2024,2,20,Late Night,Low Discount,Hot
100226,2024-01-03 08:15:00,Cairo-Zamalek,Sweet Koshary Mix,Medium,99.35,1,0.0,Lotus,50329,62.0,Female,Bronze,Wallet,In-store,36,11.4,121,25.8,41.1,3.0,0,Signature,Greater Cairo,0,8,13.91,113.25999999999999,2024,1,3,Morning,No Discount,Hot
103355,2024-02-04 22:30:00,Mansoura-Mashaya,Ice Cream Mango,Small,53.36,10,0.0,none,81967,12.0,Male,Gold,Wallet,ElMenus,20,12.1,124,24.9,89.1,2.0,0,Ice Cream,Delta,1,22,74.7,608.3000000000001,2024,2,4,Late Night,No Discount,Moderate
105896,2024-03-02 09:45:00,Alex-Stanly,Qishtouza Nutella,Medium,166.06,7,0.1,none,84962,18.0,Male,Gold,Cash,ElMenus,69,2.2,114,32.6,39.7,2.0,0,Modern,Alexandria,1,9,162.74,1325.16,2024,3,2,Morning,Medium Discount,Hot
108755,2024-04-01 04:30:00,Dubai-Marina,Super B.Laban,Large,69.72,7,0.0,Nutella,65549,50.0,Female,Silver,Wallet,Talabat,28,3.3,148,38.4,54.3,3.0,0,Signature,UAE,0,4,68.33,556.37,2024,4,1,Late Night,No Discount,Hot
103437,2024-02-05 19:00:00,Cairo-Nasr City,Rice Pudding Oven,Medium,58.68,2,0.0,none,89128,36.0,Male,Silver,Credit Card,Mobile App,79,1.6,130,36.9,85.9,1.0,0,Traditional,Greater Cairo,0,19,16.43,133.79,2024,2,5,Evening,No Discount,Hot
101694,2024-01-18 15:15:00,Dubai-Marina,Rice Pudding Nuts,Large,93.04,11,0.0,Pistachio,84414,16.0,Male,Bronze,Cash,Mobile App,102,6.5,132,37.7,77.2,3.0,0,Traditional,UAE,0,15,143.28,1166.72,2024,1,18,Afternoon,No Discount,Hot
106894,2024-03-12 19:15:00,Cairo-Zamalek,Super B.Laban,Large,128.18,10,0.0,Pistachio,50277,12.0,Female,Bronze,Credit Card,ElMenus,45,5.1,141,31.7,42.7,3.0,0,Signature,Greater Cairo,0,19,179.45,1461.2500000000002,2024,3,12,Evening,No Discount,Hot
101046,2024-01-11 21:15:00,Alex-Stanly,Qishtouza Lotus,Large,146.4,8,0.1,Lotus,82596,36.0,Female,Silver,Instapay,ElMenus,90,3.1,137,24.6,66.9,3.0,0,Modern,Alexandria,0,21,163.97,1335.17,2024,1,11,Evening,Medium Discount,Moderate
103447,2024-02-05 21:30:00,Alex-Stanly,Sweet Koshary Mix,Medium,112.56,5,0.05,Nuts,68729,40.0,Female,Gold,Wallet,Mobile App,62,7.0,113,25.6,68.9,5.0,0,Signature,Alexandria,0,21,78.79,641.5899999999999,2024,2,5,Evening,Low Discount,Hot
108051,2024-03-24 20:30:00,Giza-Zayed,Qishtouza Lotus,Small,73.54,4,0.0,Nuts,83785,43.5,Male,Gold,Cash,ElMenus,74,8.3,132,40.5,34.8,4.0,0,Modern,Greater Cairo,1,20,41.18,335.34000000000003,2024,3,24,Evening,No Discount,Hot
109147,2024-04-05 06:30:00,Riyadh-Olaya,Rice Pudding Oven,Medium,61.49,4,0.05,none,50839,34.0,Female,Unknown,Credit Card,Mobile App,96,7.0,116,30.4,87.6,1.0,1,Traditional,KSA,1,6,34.43,280.39,2024,4,5,Morning,Low Discount,Hot
109982,2024-04-13 23:15:00,Tanta-Saeed,Rice Pudding Nuts,Medium,94.3,4,0.0,Lotus,73012,58.0,Male,Silver,Credit Card,Mobile App,81,6.2,112,35.2,57.8,4.0,0,Traditional,Delta,1,23,52.81,430.01,2024,4,13,Late Night,No Discount,Hot
104736,2024-02-19 07:45:00,Dubai-Marina,Rice Pudding Nuts,Small,55.94,6,0.0,Nutella,74206,56.0,Female,Bronze,Wallet,ElMenus,18,10.8,111,21.1,48.8,4.0,0,Traditional,UAE,0,7,46.99,382.63,2024,2,19,Morning,No Discount,Moderate
104497,2024-02-16 20:00:00,Alex-Stanly,Qishtouza Nutella,Large,71.19,9,0.0,Pistachio,79022,55.0,Female,Gold,Instapay,In-store,96,13.3,122,26.1,23.2,5.0,0,Modern,Alexandria,1,20,89.7,730.4100000000001,2024,2,16,Evening,No Discount,Hot
101219,2024-01-13 16:30:00,Mansoura-Mashaya,Rice Pudding Oven,Medium,166.78,3,0.0,Nuts,51845,16.0,Female,Unknown,Wallet,Talabat,60,9.8,111,16.3,75.8,2.0,0,Traditional,Delta,1,16,70.05,570.39,2024,1,13,Afternoon,No Discount,Cold
106016,2024-03-03 15:45:00,Giza-Zayed,Qishtouza Nutella,Medium,72.13,4,0.0,Pistachio,52620,55.0,Male,Gold,Credit Card,ElMenus,66,7.1,134,42.2,51.7,5.0,0,Modern,Greater Cairo,1,15,40.39,328.90999999999997,2024,3,3,Afternoon,No Discount,Hot
109720,2024-04-11 05:45:00,Cairo-Zamalek,Sweet Koshary Mix,Medium,112.56,1,0.0,Nuts,67343,16.0,Female,Unknown,Wallet,ElMenus,63,8.4,128,29.0,57.9,2.0,0,Signature,Greater Cairo,0,5,15.76,128.32,2024,4,11,Morning,No Discount,Hot
103988,2024-02-11 12:45:00,Cairo-Nasr City,Super B.Laban,Medium,125.87,4,0.0,Pistachio,86749,15.0,Male,Gold,Wallet,ElMenus,12,9.7,142,37.0,65.9,2.0,0,Signature,Greater Cairo,1,12,70.49,573.97,2024,2,11,Afternoon,No Discount,Hot
104912,2024-02-21 03:45:00,Mansoura-Mashaya,Rice Pudding Oven,Medium,56.16,9,0.05,none,78466,45.0,Male,Unknown,Credit Card,Mobile App,31,6.9,133,18.7,79.4,3.0,0,Traditional,Delta,0,3,70.76,576.1999999999999,2024,2,21,Late Night,Low Discount,Cold
109493,2024-04-08 21:00:00,Cairo-Zamalek,Super B.Laban,Large,121.14,2,0.0,Lotus,70770,43.5,Male,Gold,Instapay,ElMenus,22,6.1,125,24.3,61.8,2.0,0,Signature,Greater Cairo,0,21,33.92,276.2,2024,4,8,Evening,No Discount,Moderate
104494,2024-02-16 19:15:00,Riyadh-Olaya,Rice Pudding Oven,Small,60.65,11,0.0,Nutella,63747,37.0,Female,Bronze,Cash,In-store,32,12.1,135,35.0,65.1,4.0,0,Traditional,KSA,1,19,93.4,760.55,2024,2,16,Evening,No Discount,Hot
106945,2024-03-13 08:00:00,Dubai-Marina,Om Ali Cream,Small,72.01,3,0.05,Nutella,67820,38.0,Male,Unknown,Wallet,ElMenus,10,7.3,137,15.9,79.2,5.0,0,Traditional,UAE,0,8,30.24,246.27000000000004,2024,3,13,Morning,Low Discount,Cold
105700,2024-02-29 08:45:00,Cairo-Zamalek,Qishtouza Lotus,Medium,145.72,9,0.0,Pistachio,52043,31.0,Male,Bronze,Credit Card,In-store,101,1.4,147,24.3,89.5,3.0,0,Modern,Greater Cairo,0,8,183.61,1495.0900000000001,2024,2,29,Morning,No Discount,Moderate
108353,2024-03-28 00:00:00,Tanta-Saeed,Qishtouza Nutella,Large,114.58,11,0.15,none,65201,71.0,Female,Bronze,Cash,In-store,76,0.6,106,21.9,58.2,2.0,0,Modern,Delta,0,0,176.45,1436.83,2024,3,28,Late Night,Medium Discount,Moderate
100957,2024-01-10 23:00:00,Giza-Zayed,Qishtouza Nutella,Medium,137.39,5,0.1,none,62458,32.0,Female,Gold,Wallet,Talabat,19,12.4,135,36.8,21.8,3.0,0,Modern,Greater Cairo,0,23,96.17,783.1199999999999,2024,1,10,Late Night,Medium Discount,Hot
102870,2024-01-30 21:15:00,Dubai-Marina,Super B.Laban,Medium,57.86,7,0.15,Lotus,72847,52.0,Female,Silver,Instapay,Talabat,64,0.8,132,34.4,22.8,2.0,0,Signature,UAE,0,21,56.7,461.71999999999997,2024,1,30,Evening,Medium Discount,Hot
104434,2024-02-16 04:15:00,Cairo-Nasr City,Sweet Koshary Mix,Large,114.46,8,0.0,none,66668,43.5,Male,Silver,Credit Card,Talabat,30,7.2,129,43.9,51.2,2.0,0,Signature,Greater Cairo,1,4,128.2,1043.8799999999999,2024,2,16,Late Night,No Discount,Hot
104974,2024-02-21 19:15:00,Giza-Zayed,Ice Cream Mango,Small,49.0,2,0.0,Pistachio,54495,58.0,Male,Bronze,Wallet,ElMenus,92,0.5,148,35.3,64.7,5.0,1,Ice Cream,Greater Cairo,0,19,13.72,111.72,2024,2,21,Evening,No Discount,Hot
102962,2024-01-31 20:15:00,Cairo-Nasr City,Rice Pudding Nuts,Small,174.66,11,0.1,none,50430,23.0,Female,Gold,Cash,ElMenus,71,8.2,109,27.2,82.0,2.0,0,Traditional,Greater Cairo,0,20,268.98,2190.24,2024,1,31,Evening,Medium Discount,Hot
102201,2024-01-23 22:00:00,Mansoura-Mashaya,Super B.Laban,Medium,49.14,4,0.15,Nuts,86807,34.0,Male,Silver,Cash,Mobile App,79,14.0,102,33.9,79.5,1.0,0,Signature,Delta,0,22,27.52,224.08,2024,1,23,Late Night,Medium Discount,Hot
100099,2024-01-02 00:30:00,Tanta-Saeed,Sweet Koshary Mix,Medium,172.61,7,0.0,Nutella,75827,43.5,Female,Gold,Credit Card,In-store,53,10.5,129,36.7,28.6,1.0,0,Signature,Delta,0,0,169.16,1377.43,2024,1,2,Late Night,No Discount,Hot
109850,2024-04-12 14:15:00,Mansoura-Mashaya,Rice Pudding Nuts,Medium,76.82,2,0.0,Pistachio,89680,43.5,Male,Silver,Cash,In-store,76,8.3,132,16.7,31.4,3.0,0,Traditional,Delta,1,14,21.51,175.14999999999998,2024,4,12,Afternoon,No Discount,Cold
102558,2024-01-27 15:15:00,Dubai-Marina,Super B.Laban,Medium,128.23,8,0.0,Lotus,50906,70.0,Female,Bronze,Instapay,ElMenus,116,1.2,125,16.0,33.4,3.0,0,Signature,UAE,1,15,143.62,1169.46,2024,1,27,Afternoon,No Discount,Cold
108446,2024-03-28 23:15:00,Alex-Stanly,Sweet Koshary Mix,Small,93.72,3,0.0,Lotus,64404,35.0,Female,Unknown,Credit Card,In-store,43,10.7,125,28.2,52.1,3.0,0,Signature,Alexandria,0,23,39.36,320.52,2024,3,28,Late Night,No Discount,Hot
104200,2024-02-13 17:45:00,Dubai-Marina,Super B.Laban,Medium,173.38,7,0.0,Lotus,57551,33.0,Female,Unknown,Credit Card,ElMenus,65,4.5,108,31.3,65.3,1.0,0,Signature,UAE,0,17,169.91,1383.57,2024,2,13,Evening,No Discount,Hot
109638,2024-04-10 09:15:00,Dubai-Marina,Qishtouza Nutella,Small,61.58,5,0.0,Lotus,52870,32.0,Male,Bronze,Cash,ElMenus,27,14.7,141,26.3,81.4,5.0,0,Modern,UAE,0,9,43.11,351.01,2024,4,10,Morning,No Discount,Hot
105540,2024-02-27 16:45:00,Tanta-Saeed,Rice Pudding Oven,Medium,112.73,6,0.0,none,62917,30.0,Female,Unknown,Instapay,Talabat,13,14.4,106,15.4,53.2,5.0,0,Traditional,Delta,0,16,94.69,771.0699999999999,2024,2,27,Afternoon,No Discount,Cold
101649,2024-01-18 04:00:00,Cairo-Nasr City,Rice Pudding Nuts,Small,172.69,5,0.0,Nutella,76286,13.0,Male,Unknown,Instapay,ElMenus,77,6.6,145,30.4,71.4,4.0,0,Traditional,Greater Cairo,0,4,120.88,984.33,2024,1,18,Late Night,No Discount,Hot
106198,2024-03-05 13:15:00,Alex-Stanly,Rice Pudding Oven,Small,125.32,10,0.0,Pistachio,81045,64.0,Female,Gold,Instapay,ElMenus,42,0.8,125,38.4,24.5,1.0,0,Traditional,Alexandria,0,13,175.45,1428.6499999999999,2024,3,5,Afternoon,No Discount,Hot
106296,2024-03-06 13:45:00,Cairo-Zamalek,Rice Pudding Nuts,Medium,124.08,4,0.0,Nuts,85675,46.0,Male,Unknown,Wallet,Mobile App,99,7.1,109,18.0,54.0,1.0,0,Traditional,Greater Cairo,0,13,69.48,565.8,2024,3,6,Afternoon,No Discount,Cold
104500,2024-02-16 20:45:00,Mansoura-Mashaya,Om Ali Cream,Medium,136.95,8,0.05,Pistachio,76408,34.0,Male,Unknown,Instapay,Mobile App,36,3.8,126,20.6,65.9,2.0,0,Traditional,Delta,1,20,153.38,1248.98,2024,2,16,Evening,Low Discount,Moderate
101155,2024-01-13 00:30:00,Riyadh-Olaya,Rice Pudding Oven,Large,71.33,6,0.0,Nuts,69303,27.0,Female,Unknown,Credit Card,ElMenus,67,9.0,126,40.5,39.6,1.0,0,Traditional,KSA,1,0,59.92,487.90000000000003,2024,1,13,Late Night,No Discount,Hot
102256,2024-01-24 11:45:00,Giza-Zayed,Rice Pudding Nuts,Medium,46.72,9,0.0,none,87225,56.0,Female,Silver,Cash,In-store,103,9.9,142,41.5,68.6,3.0,0,Traditional,Greater Cairo,0,11,58.87,479.35,2024,1,24,Morning,No Discount,Hot
103171,2024-02-03 00:30:00,Alex-Stanly,Super B.Laban,Medium,148.12,5,0.0,Lotus,83730,17.0,Male,Unknown,Cash,Mobile App,39,3.6,124,20.0,56.2,2.0,0,Signature,Alexandria,1,0,103.68,844.28,2024,2,3,Late Night,No Discount,Moderate
107401,2024-03-18 02:00:00,Cairo-Nasr City,Om Ali Cream,Large,167.09,11,0.0,none,76434,31.0,Female,Unknown,Instapay,ElMenus,35,1.7,136,44.1,89.5,3.0,0,Traditional,Greater Cairo,0,2,257.32,2095.31,2024,3,18,Late Night,No Discount,Hot
107159,2024-03-15 13:30:00,Dubai-Marina,Om Ali Cream,Medium,176.13,11,0.0,Nutella,72209,15.0,Female,Bronze,Instapay,Talabat,117,9.8,144,38.8,85.4,5.0,0,Traditional,UAE,1,13,271.24,2208.67,2024,3,15,Afternoon,No Discount,Hot
103109,2024-02-02 09:00:00,Cairo-Nasr City,Qishtouza Nutella,Large,141.04,3,0.15,Nutella,77764,52.0,Female,Silver,Cash,Talabat,17,10.8,130,42.0,26.1,1.0,0,Modern,Greater Cairo,1,9,59.24,482.36,2024,2,2,Morning,Medium Discount,Hot
104549,2024-02-17 09:00:00,Cairo-Zamalek,Ice Cream Mango,Medium,170.8,1,0.0,Nutella,75598,71.0,Male,Silver,Cash,ElMenus,90,8.5,120,22.0,45.8,3.0,0,Ice Cream,Greater Cairo,1,9,23.91,194.71,2024,2,17,Morning,No Discount,Moderate
105424,2024-02-26 11:45:00,Dubai-Marina,Rice Pudding Oven,Large,40.46,8,0.0,Lotus,78997,43.5,Male,Unknown,Credit Card,ElMenus,84,5.1,137,33.8,49.1,4.0,0,Traditional,UAE,0,11,45.32,369.0,2024,2,26,Morning,No Discount,Hot
102050,2024-01-22 08:15:00,Mansoura-Mashaya,Super B.Laban,Small,50.64,5,0.0,Pistachio,53895,47.0,Female,Silver,Wallet,ElMenus,44,12.8,108,42.0,74.1,3.0,0,Signature,Delta,0,8,35.45,288.65,2024,1,22,Morning,No Discount,Hot
109209,2024-04-05 22:00:00,Cairo-Nasr City,Sweet Koshary Mix,Medium,40.05,1,0.05,Pistachio,59708,24.0,Male,Gold,Instapay,In-store,100,8.3,129,34.7,32.5,3.0,0,Signature,Greater Cairo,1,22,5.61,45.66,2024,4,5,Late Night,Low Discount,Hot
108816,2024-04-01 19:45:00,Tanta-Saeed,Om Ali Cream,Small,144.49,4,0.15,Nuts,85762,70.0,Female,Bronze,Cash,ElMenus,115,7.1,143,44.1,44.3,5.0,0,Traditional,Delta,0,19,80.91,658.87,2024,4,1,Evening,Medium Discount,Hot
109798,2024-04-12 01:15:00,Riyadh-Olaya,Qishtouza Lotus,Medium,69.99,9,0.0,Pistachio,58206,27.0,Female,Unknown,Wallet,Mobile App,83,6.1,138,15.2,26.4,2.0,1,Modern,KSA,1,1,88.19,718.0999999999999,2024,4,12,Late Night,No Discount,Cold
100263,2024-01-03 17:30:00,Mansoura-Mashaya,Qishtouza Nutella,Medium,113.12,5,0.0,none,52626,51.0,Male,Unknown,Credit Card,ElMenus,93,9.6,116,25.1,76.0,1.0,0,Modern,Delta,0,17,79.18,644.78,2024,1,3,Evening,No Discount,Hot
104062,2024-02-12 07:15:00,Mansoura-Mashaya,Qishtouza Lotus,Large,144.99,4,0.0,Lotus,72178,43.5,Male,Unknown,Wallet,Talabat,87,13.3,111,29.4,61.4,3.0,0,Modern,Delta,0,7,81.19,661.1500000000001,2024,2,12,Morning,No Discount,Hot
105535,2024-02-27 15:30:00,Dubai-Marina,Rice Pudding Oven,Medium,121.55,4,0.0,Nutella,78110,12.0,Female,Gold,Cash,In-store,23,5.8,149,29.2,22.7,3.0,0,Traditional,UAE,0,15,68.07,554.27,2024,2,27,Afternoon,No Discount,Hot
106617,2024-03-09 22:00:00,Tanta-Saeed,Rice Pudding Oven,Small,139.94,10,0.0,Nutella,52224,66.0,Female,Unknown,Credit Card,Mobile App,79,8.9,113,31.5,54.2,1.0,0,Traditional,Delta,1,22,195.92,1595.3200000000002,2024,3,9,Late Night,No Discount,Hot
108121,2024-03-25 14:00:00,Cairo-Nasr City,Rice Pudding Oven,Large,99.66,9,0.0,none,55337,24.0,Female,Unknown,Wallet,In-store,28,14.1,122,39.0,21.5,3.0,0,Traditional,Greater Cairo,0,14,125.57,1022.51,2024,3,25,Afternoon,No Discount,Hot
108156,2024-03-25 22:45:00,Giza-Zayed,Rice Pudding Oven,Medium,58.53,10,0.0,Pistachio,89424,67.0,Female,Bronze,Cash,Talabat,52,11.0,140,38.4,58.0,2.0,0,Traditional,Greater Cairo,0,22,81.94,667.24,2024,3,25,Late Night,No Discount,Hot
101803,2024-01-19 18:30:00,Alex-Stanly,Super B.Laban,Medium,105.15,11,0.0,Nutella,60989,43.5,Male,Silver,Wallet,In-store,64,11.9,128,37.0,59.6,3.0,0,Signature,Alexandria,1,18,161.93,1318.5800000000002,2024,1,19,Evening,No Discount,Hot
104737,2024-02-19 08:00:00,Dubai-Marina,Sweet Koshary Mix,Small,111.86,10,0.0,none,71930,13.0,Female,Unknown,Wallet,ElMenus,30,11.4,140,28.5,72.4,4.0,0,Signature,UAE,0,8,156.6,1275.1999999999998,2024,2,19,Morning,No Discount,Hot
102386,2024-01-25 20:15:00,Tanta-Saeed,Ice Cream Mango,Medium,66.73,5,0.0,Lotus,89013,66.0,Female,Unknown,Credit Card,In-store,57,14.4,147,17.1,77.7,3.0,1,Ice Cream,Delta,0,20,46.71,380.36,2024,1,25,Evening,No Discount,Cold
106695,2024-03-10 17:30:00,Riyadh-Olaya,Om Ali Cream,Large,63.91,3,0.0,Pistachio,83086,37.0,Female,Unknown,Cash,ElMenus,53,2.7,139,30.1,61.3,5.0,0,Traditional,KSA,1,17,26.84,218.57,2024,3,10,Evening,No Discount,Hot
105760,2024-02-29 23:45:00,Riyadh-Olaya,Super B.Laban,Small,66.67,1,0.1,Pistachio,84533,38.0,Male,Silver,Wallet,ElMenus,28,6.5,119,29.7,78.7,5.0,0,Signature,KSA,0,23,9.33,76.0,2024,2,29,Late Night,Medium Discount,Hot
101960,2024-01-21 09:45:00,Alex-Stanly,Rice Pudding Oven,Large,177.97,6,0.15,Nutella,72425,26.0,Female,Unknown,Wallet,Talabat,65,9.0,132,36.4,34.7,5.0,1,Traditional,Alexandria,1,9,149.49,1217.31,2024,1,21,Morning,Medium Discount,Hot
102977,2024-02-01 00:00:00,Giza-Zayed,Rice Pudding Oven,Small,153.0,1,0.0,Nuts,82570,32.0,Male,Bronze,Wallet,Talabat,40,5.5,115,39.5,62.2,1.0,0,Traditional,Greater Cairo,0,0,21.42,174.42000000000002,2024,2,1,Late Night,No Discount,Hot
108681,2024-03-31 10:00:00,Cairo-Nasr City,Om Ali Cream,Small,115.37,9,0.0,Nutella,53530,12.0,Female,Silver,Wallet,ElMenus,99,6.2,113,17.3,87.4,3.0,0,Traditional,Greater Cairo,1,10,145.37,1183.6999999999998,2024,3,31,Morning,No Discount,Cold
101844,2024-01-20 04:45:00,Alex-Stanly,Qishtouza Lotus,Medium,81.39,4,0.0,none,88540,73.0,Male,Unknown,Wallet,Talabat,36,8.3,128,25.3,21.4,1.0,0,Modern,Alexandria,1,4,45.58,371.14,2024,1,20,Late Night,No Discount,Hot
101735,2024-01-19 01:30:00,Cairo-Nasr City,Rice Pudding Oven,Medium,116.63,1,0.0,Nuts,79665,56.0,Female,Gold,Cash,Talabat,99,10.5,129,40.1,39.9,2.0,0,Traditional,Greater Cairo,1,1,16.33,132.95999999999998,2024,1,19,Late Night,No Discount,Hot
102912,2024-01-31 07:45:00,Cairo-Nasr City,Super B.Laban,Large,87.22,7,0.0,Nuts,82653,19.0,Male,Gold,Instapay,In-store,77,3.2,132,39.7,50.1,2.0,0,Signature,Greater Cairo,0,7,85.48,696.02,2024,1,31,Morning,No Discount,Hot
108339,2024-03-27 20:30:00,Dubai-Marina,Sweet Koshary Mix,Medium,82.73,8,0.0,Lotus,67773,36.0,Male,Bronze,Cash,ElMenus,96,12.6,112,32.1,32.7,2.0,0,Signature,UAE,0,20,92.66,754.5,2024,3,27,Evening,No Discount,Hot
101987,2024-01-21 16:30:00,Cairo-Zamalek,Rice Pudding Oven,Medium,168.11,5,0.0,Pistachio,68325,46.0,Male,Unknown,Wallet,ElMenus,116,9.1,138,19.5,20.1,1.0,0,Traditional,Greater Cairo,1,16,117.68,958.23,2024,1,21,Afternoon,No Discount,Cold
109562,2024-04-09 14:15:00,Dubai-Marina,Sweet Koshary Mix,Small,77.22,7,0.0,Lotus,65268,51.0,Male,Unknown,Wallet,Talabat,83,0.8,144,32.4,74.2,2.0,0,Signature,UAE,0,14,75.68,616.22,2024,4,9,Afternoon,No Discount,Hot
106547,2024-03-09 04:30:00,Riyadh-Olaya,Qishtouza Nutella,Large,169.89,7,0.15,Nuts,56690,46.0,Female,Gold,Instapay,ElMenus,70,8.9,107,27.6,59.2,3.0,0,Modern,KSA,1,4,166.49,1355.72,2024,3,9,Late Night,Medium Discount,Hot
107099,2024-03-14 22:30:00,Giza-Zayed,Om Ali Cream,Medium,156.77,4,0.0,Nuts,87655,44.0,Male,Bronze,Cash,Mobile App,62,5.1,112,24.3,23.3,3.0,0,Traditional,Greater Cairo,0,22,87.79,714.87,2024,3,14,Late Night,No Discount,Moderate
102812,2024-01-30 06:45:00,Cairo-Nasr City,Ice Cream Mango,Medium,62.89,5,0.0,Nutella,80709,68.0,Female,Unknown,Wallet,Talabat,47,8.3,108,30.0,68.3,1.0,0,Ice Cream,Greater Cairo,0,6,44.02,358.46999999999997,2024,1,30,Morning,No Discount,Hot
100660,2024-01-07 20:45:00,Cairo-Zamalek,Sweet Koshary Mix,Medium,63.53,11,0.0,Pistachio,62666,43.5,Female,Bronze,Credit Card,Talabat,86,8.9,108,36.9,71.3,1.0,0,Signature,Greater Cairo,1,20,97.84,796.6700000000001,2024,1,7,Evening,No Discount,Hot
102512,2024-01-27 03:45:00,Cairo-Nasr City,Rice Pudding Nuts,Large,91.08,9,0.0,Nutella,64946,43.5,Male,Gold,Cash,Talabat,65,10.6,146,21.9,74.9,1.0,0,Traditional,Greater Cairo,1,3,114.76,934.48,2024,1,27,Late Night,No Discount,Moderate
104283,2024-02-14 14:30:00,Cairo-Zamalek,Qishtouza Lotus,Medium,125.05,6,0.15,none,80892,36.0,Male,Bronze,Cash,ElMenus,77,12.7,110,35.9,71.5,5.0,0,Modern,Greater Cairo,0,14,105.04,855.3399999999999,2024,2,14,Afternoon,Medium Discount,Hot
109340,2024-04-07 06:45:00,Mansoura-Mashaya,Rice Pudding Nuts,Medium,143.36,7,0.0,none,77326,64.0,Female,Bronze,Cash,Talabat,22,13.7,138,31.3,85.5,5.0,0,Traditional,Delta,1,6,140.49,1144.0100000000002,2024,4,7,Morning,No Discount,Hot
108801,2024-04-01 16:00:00,Cairo-Zamalek,Qishtouza Nutella,Medium,99.51,8,0.0,Lotus,89452,74.0,Male,Bronze,Wallet,ElMenus,29,9.1,105,36.0,72.4,3.0,0,Modern,Greater Cairo,0,16,111.45,907.5300000000001,2024,4,1,Afternoon,No Discount,Hot
106288,2024-03-06 11:45:00,Dubai-Marina,Super B.Laban,Medium,121.0,2,0.0,Nuts,77637,67.0,Female,Silver,Wallet,In-store,94,1.6,116,17.6,68.3,2.0,0,Signature,UAE,0,11,33.88,275.88,2024,3,6,Morning,No Discount,Cold
101931,2024-01-21 02:30:00,Riyadh-Olaya,Sweet Koshary Mix,Medium,140.29,2,0.0,none,76150,52.0,Male,Unknown,Credit Card,In-store,54,4.2,107,26.8,58.9,3.0,0,Signature,KSA,1,2,39.28,319.86,2024,1,21,Late Night,No Discount,Hot
107126,2024-03-15 05:15:00,Mansoura-Mashaya,Qishtouza Lotus,Medium,106.96,-5,0.0,Pistachio,67972,14.0,Male,Gold,Instapay,Mobile App,63,10.7,125,25.0,65.5,3.0,0,Modern,Delta,1,5,104.82,-429.97999999999996,2024,3,15,Morning,No Discount,Hot
100198,2024-01-03 01:15:00,Giza-Zayed,Sweet Koshary Mix,Large,54.77,6,0.0,Nutella,84379,52.0,Male,Silver,Wallet,In-store,52,12.4,139,21.0,45.4,1.0,0,Signature,Greater Cairo,0,1,46.01,374.63,2024,1,3,Late Night,No Discount,Moderate
107778,2024-03-22 00:15:00,Riyadh-Olaya,Om Ali Cream,Small,154.9,9,0.05,none,58194,45.0,Male,Unknown,Instapay,ElMenus,76,3.6,106,35.2,48.8,5.0,0,Traditional,KSA,1,0,195.17,1589.2700000000002,2024,3,22,Late Night,Low Discount,Hot
102932,2024-01-31 12:45:00,Dubai-Marina,Sweet Koshary Mix,Large,49.3,2,0.15,Nutella,50832,51.0,Female,Bronze,Instapay,ElMenus,61,15.0,144,29.1,31.6,4.0,0,Signature,UAE,0,12,13.8,112.39999999999999,2024,1,31,Afternoon,Medium Discount,Hot
108005,2024-03-24 09:00:00,Alex-Stanly,Sweet Koshary Mix,Large,88.32,6,0.0,none,68209,70.0,Female,Bronze,Credit Card,In-store,84,10.6,121,26.4,78.1,4.0,0,Signature,Alexandria,1,9,74.19,604.1099999999999,2024,3,24,Morning,No Discount,Hot
102328,2024-01-25 05:45:00,Dubai-Marina,Sweet Koshary Mix,Small,110.31,9,0.1,none,78191,65.0,Female,Bronze,Credit Card,ElMenus,21,8.3,108,25.0,36.8,1.0,0,Signature,UAE,0,5,138.99,1131.78,2024,1,25,Morning,Medium Discount,Hot
104390,2024-02-15 17:15:00,Cairo-Zamalek,Rice Pudding Nuts,Medium,172.56,11,0.0,Pistachio,51696,52.0,Male,Unknown,Credit Card,Mobile App,92,8.0,108,23.1,61.9,4.0,0,Traditional,Greater Cairo,0,17,265.74,2163.9,2024,2,15,Evening,No Discount,Moderate
108959,2024-04-03 07:30:00,Dubai-Marina,Sweet Koshary Mix,Medium,59.3,2,0.0,none,62337,17.0,Male,Unknown,Instapay,In-store,12,3.9,131,35.1,55.9,3.0,0,Signature,UAE,0,7,16.6,135.2,2024,4,3,Morning,No Discount,Hot
104219,2024-02-13 22:30:00,Riyadh-Olaya,Rice Pudding Oven,Medium,160.09,10,0.0,Nutella,63568,31.0,Male,Unknown,Cash,ElMenus,23,11.7,112,42.5,31.8,2.0,0,Traditional,KSA,0,22,224.13,1825.0300000000002,2024,2,13,Late Night,No Discount,Hot
100203,2024-01-03 02:30:00,Dubai-Marina,Qishtouza Nutella,Medium,108.25,10,0.0,none,59592,31.0,Female,Gold,Wallet,Mobile App,16,14.5,120,21.1,83.0,3.0,0,Modern,UAE,0,2,151.55,1234.05,2024,1,3,Late Night,No Discount,Moderate
103511,2024-02-06 13:30:00,Cairo-Zamalek,Qishtouza Lotus,Medium,46.21,10,0.0,none,75247,67.0,Female,Unknown,Instapay,In-store,106,9.8,138,17.3,62.5,1.0,0,Modern,Greater Cairo,0,13,64.69,526.79,2024,2,6,Afternoon,No Discount,Cold
104932,2024-02-21 08:45:00,Dubai-Marina,Super B.Laban,Medium,145.85,1,0.0,Lotus,73701,49.0,Male,Gold,Credit Card,Mobile App,114,8.4,148,31.2,36.4,2.0,1,Signature,UAE,0,8,20.42,166.26999999999998,2024,2,21,Morning,No Discount,Hot
105536,2024-02-27 15:45:00,Riyadh-Olaya,Rice Pudding Nuts,Large,135.63,3,0.0,none,60241,34.0,Female,Unknown,Instapay,Talabat,46,4.2,128,34.4,36.0,3.0,0,Traditional,KSA,0,15,56.96,463.84999999999997,2024,2,27,Afternoon,No Discount,Hot
105792,2024-03-01 07:45:00,Cairo-Nasr City,Rice Pudding Oven,Medium,109.69,7,0.0,Lotus,66253,43.5,Female,Unknown,Credit Card,Talabat,87,12.1,110,41.4,42.9,3.0,0,Traditional,Greater Cairo,1,7,107.5,875.3299999999999,2024,3,1,Morning,No Discount,Hot
101708,2024-01-18 18:45:00,Tanta-Saeed,Rice Pudding Nuts,Large,83.02,3,0.0,Pistachio,60319,280.0,Female,Silver,Credit Card,In-store,40,6.7,146,15.8,85.0,1.0,0,Traditional,Delta,0,18,34.87,283.93,2024,1,18,Evening,No Discount,Cold
105173,2024-02-23 21:00:00,Giza-Zayed,Ice Cream Mango,Large,46.74,2,0.0,Pistachio,50719,27.0,Male,Bronze,Wallet,ElMenus,21,8.0,116,44.9,70.8,4.0,0,Ice Cream,Greater Cairo,1,21,13.09,106.57000000000001,2024,2,23,Evening,No Discount,Hot
105250,2024-02-24 16:15:00,Riyadh-Olaya,Super B.Laban,Medium,71.86,3,0.0,Pistachio,75096,31.0,Female,Silver,Credit Card,Talabat,77,6.5,133,28.2,21.7,1.0,0,Signature,KSA,1,16,30.18,245.76,2024,2,24,Afternoon,No Discount,Hot
106529,2024-03-09 00:00:00,Cairo-Nasr City,Om Ali Cream,Small,61.21,5,0.1,Nutella,88685,53.0,Female,Gold,Cash,ElMenus,24,10.8,125,42.4,85.7,1.0,0,Traditional,Greater Cairo,1,0,42.85,348.90000000000003,2024,3,9,Late Night,Medium Discount,Hot
109849,2024-04-12 14:00:00,Cairo-Nasr City,Qishtouza Nutella,Small,52.35,9,0.05,Nutella,66038,67.0,Male,Unknown,Wallet,Talabat,18,5.6,122,39.7,64.8,4.0,0,Modern,Greater Cairo,1,14,65.96,537.11,2024,4,12,Afternoon,Low Discount,Hot
105856,2024-03-01 23:45:00,Riyadh-Olaya,Sweet Koshary Mix,Medium,101.59,3,0.0,Nutella,71416,72.0,Female,Bronze,Cash,Mobile App,96,3.8,115,21.4,61.6,3.0,0,Signature,KSA,1,23,42.67,347.44,2024,3,1,Late Night,No Discount,Moderate
108165,2024-03-26 01:00:00,Mansoura-Mashaya,Qishtouza Nutella,Medium,156.74,8,0.0,Pistachio,63969,43.5,Male,Gold,Instapay,In-store,14,1.0,126,15.4,87.7,4.0,1,Modern,Delta,0,1,175.55,1429.47,2024,3,26,Late Night,No Discount,Cold
100855,2024-01-09 21:30:00,Dubai-Marina,Om Ali Cream,Medium,168.61,7,0.0,Nutella,67640,43.5,Male,Unknown,Credit Card,ElMenus,85,5.8,109,35.6,38.1,3.0,0,Traditional,UAE,0,21,165.24,1345.51,2024,1,9,Evening,No Discount,Hot
104738,2024-02-19 08:15:00,Cairo-Nasr City,Ice Cream Mango,Large,112.95,10,0.0,Nuts,59894,69.0,Female,Unknown,Instapay,In-store,94,12.1,147,39.5,68.1,3.0,0,Ice Cream,Greater Cairo,0,8,158.13,1287.63,2024,2,19,Morning,No Discount,Hot
100699,2024-01-08 06:30:00,Cairo-Zamalek,Om Ali Cream,Large,177.31,6,0.0,Nuts,56353,51.0,Female,Bronze,Wallet,In-store,97,7.1,145,26.7,72.1,5.0,0,Traditional,Greater Cairo,0,6,148.94,1212.8000000000002,2024,1,8,Morning,No Discount,Hot
103697,2024-02-08 12:00:00,Tanta-Saeed,Sweet Koshary Mix,Large,148.77,9,0.0,Lotus,86451,45.0,Male,Unknown,Instapay,ElMenus,101,11.8,145,37.3,38.2,3.0,0,Signature,Delta,0,12,187.45,1526.38,2024,2,8,Afternoon,No Discount,Hot
101637,2024-01-18 01:00:00,Cairo-Nasr City,Qishtouza Nutella,Medium,41.22,6,0.0,Lotus,63388,20.0,Male,Silver,Wallet,Mobile App,32,9.4,111,38.7,74.1,5.0,0,Modern,Greater Cairo,0,1,34.62,281.94,2024,1,18,Late Night,No Discount,Hot
107281,2024-03-16 20:00:00,Cairo-Zamalek,Rice Pudding Nuts,Medium,148.8,9,0.1,none,65897,58.0,Male,Unknown,Wallet,ElMenus,81,5.9,141,30.2,40.3,1.0,0,Traditional,Greater Cairo,1,20,187.49,1526.69,2024,3,16,Evening,Medium Discount,Hot
107555,2024-03-19 16:30:00,Tanta-Saeed,Qishtouza Lotus,Large,140.26,5,0.1,Nuts,54999,18.0,Female,Bronze,Instapay,Talabat,118,10.5,117,18.7,65.0,3.0,0,Modern,Delta,0,16,98.18,799.48,2024,3,19,Afternoon,Medium Discount,Cold
103582,2024-02-07 07:15:00,Mansoura-Mashaya,Qishtouza Nutella,Small,179.12,9,0.0,Pistachio,55142,37.0,Female,Bronze,Credit Card,ElMenus,111,5.7,132,37.1,39.6,3.0,0,Modern,Delta,0,7,225.69,1837.77,2024,2,7,Morning,No Discount,Hot
101292,2024-01-14 10:45:00,Mansoura-Mashaya,Sweet Koshary Mix,Medium,83.45,10,0.1,none,64032,43.5,Female,Gold,Wallet,Talabat,106,0.5,112,37.1,64.1,1.0,0,Signature,Delta,1,10,116.83,951.33,2024,1,14,Morning,Medium Discount,Hot
106586,2024-03-09 14:15:00,Dubai-Marina,Ice Cream Mango,Large,81.48,6,0.0,Nuts,80050,49.0,Male,Gold,Credit Card,Mobile App,43,9.9,132,41.6,28.4,3.0,0,Ice Cream,UAE,1,14,68.44,557.3199999999999,2024,3,9,Afternoon,No Discount,Hot
101854,2024-01-20 07:15:00,Cairo-Nasr City,Qishtouza Lotus,Large,82.47,6,0.1,Nuts,63730,61.0,Female,Silver,Credit Card,Mobile App,53,3.7,146,24.1,21.8,3.0,0,Modern,Greater Cairo,1,7,69.27,564.09,2024,1,20,Morning,Medium Discount,Moderate
105233,2024-02-24 12:00:00,Cairo-Nasr City,Ice Cream Mango,Large,57.12,8,0.0,Pistachio,65396,35.0,Male,Unknown,Credit Card,In-store,11,7.6,136,21.1,76.6,2.0,0,Ice Cream,Greater Cairo,1,12,63.97,520.93,2024,2,24,Afternoon,No Discount,Moderate
103764,2024-02-09 04:45:00,Giza-Zayed,Qishtouza Nutella,Large,72.98,8,0.0,Pistachio,78604,43.5,Female,Silver,Wallet,Talabat,21,4.7,137,42.0,53.0,5.0,0,Modern,Greater Cairo,1,4,81.74,665.58,2024,2,9,Late Night,No Discount,Hot
103305,2024-02-04 10:00:00,Cairo-Zamalek,Om Ali Cream,Medium,133.6,1,0.0,Nutella,51265,74.0,Female,Gold,Wallet,In-store,74,8.2,140,28.7,64.4,3.0,0,Traditional,Greater Cairo,1,10,18.7,152.29999999999998,2024,2,4,Morning,No Discount,Hot
101496,2024-01-16 13:45:00,Mansoura-Mashaya,Qishtouza Lotus,Medium,137.05,11,0.0,Nutella,87891,55.0,Female,Silver,Wallet,In-store,89,5.6,123,40.3,56.8,5.0,0,Modern,Delta,0,13,211.06,1718.6100000000001,2024,1,16,Afternoon,No Discount,Hot
107995,2024-03-24 06:30:00,Giza-Zayed,Qishtouza Lotus,Large,160.06,11,0.0,Nutella,63785,62.0,Male,Unknown,Credit Card,Talabat,74,10.4,116,35.2,44.0,5.0,0,Modern,Greater Cairo,1,6,246.49,2007.15,2024,3,24,Morning,No Discount,Hot
101999,2024-01-21 19:30:00,Dubai-Marina,Qishtouza Lotus,Large,149.04,6,0.1,Lotus,73561,53.0,Female,Unknown,Instapay,ElMenus,111,10.5,103,40.8,24.3,3.0,0,Modern,UAE,1,19,125.19,1019.4300000000001,2024,1,21,Evening,Medium Discount,Hot
100664,2024-01-07 21:45:00,Tanta-Saeed,Om Ali Cream,Medium,83.4,1,0.1,none,51242,22.0,Male,Unknown,Credit Card,Talabat,110,1.5,140,16.6,33.3,3.0,0,Traditional,Delta,1,21,11.68,95.08000000000001,2024,1,7,Evening,Medium Discount,Cold
103749,2024-02-09 01:00:00,Mansoura-Mashaya,Ice Cream Mango,Large,170.34,2,0.15,Pistachio,82555,62.0,Male,Unknown,Wallet,Mobile App,41,6.4,124,29.9,60.2,3.0,0,Ice Cream,Delta,1,1,47.7,388.38,2024,2,9,Late Night,Medium Discount,Hot
104414,2024-02-15 23:15:00,Tanta-Saeed,Rice Pudding Oven,Medium,114.75,1,0.05,none,75117,21.0,Male,Unknown,Wallet,ElMenus,13,14.3,118,42.8,86.5,4.0,0,Traditional,Delta,0,23,16.07,130.82,2024,2,15,Late Night,Low Discount,Hot
105531,2024-02-27 14:30:00,Cairo-Zamalek,Qishtouza Lotus,Small,69.89,7,0.0,Lotus,89201,37.0,Female,Bronze,Cash,Talabat,38,8.7,116,20.9,85.9,4.0,0,Modern,Greater Cairo,0,14,68.49,557.72,2024,2,27,Afternoon,No Discount,Moderate
105576,2024-02-28 01:45:00,Giza-Zayed,Sweet Koshary Mix,Medium,55.17,3,0.0,Pistachio,89396,18.0,Male,Gold,Wallet,ElMenus,98,5.3,137,35.0,55.3,3.0,0,Signature,Greater Cairo,0,1,23.17,188.68,2024,2,28,Late Night,No Discount,Hot
108902,2024-04-02 17:15:00,Giza-Zayed,Ice Cream Mango,Medium,116.83,9,0.0,none,76597,38.0,Female,Bronze,Cash,Mobile App,44,10.5,149,20.6,46.7,4.0,0,Ice Cream,Greater Cairo,0,17,147.21,1198.68,2024,4,2,Evening,No Discount,Moderate
107527,2024-03-19 09:30:00,Tanta-Saeed,Qishtouza Lotus,Large,123.02,4,0.0,none,50214,40.0,Male,Unknown,Wallet,In-store,87,8.6,144,29.4,45.8,2.0,0,Modern,Delta,0,9,68.89,560.97,2024,3,19,Morning,No Discount,Hot
109475,2024-04-08 16:30:00,Cairo-Zamalek,Sweet Koshary Mix,Medium,109.24,1,0.05,none,82242,61.0,Female,Gold,Instapay,ElMenus,18,9.2,101,22.4,51.9,5.0,0,Signature,Greater Cairo,0,16,15.29,124.53,2024,4,8,Afternoon,Low Discount,Moderate
105865,2024-03-02 02:00:00,Alex-Stanly,Sweet Koshary Mix,Medium,74.23,9,0.0,Nutella,72047,55.0,Female,Silver,Instapay,ElMenus,41,10.3,104,15.4,59.5,5.0,0,Signature,Alexandria,1,2,93.53,761.6,2024,3,2,Late Night,No Discount,Cold
106777,2024-03-11 14:00:00,Riyadh-Olaya,Qishtouza Lotus,Medium,115.87,8,0.0,none,71543,23.0,Female,Unknown,Wallet,Talabat,27,13.9,145,26.0,38.1,3.0,0,Modern,KSA,0,14,129.77,1056.73,2024,3,11,Afternoon,No Discount,Hot
101307,2024-01-14 14:30:00,Riyadh-Olaya,Om Ali Cream,Large,56.84,1,0.0,Nuts,86112,64.0,Female,Unknown,Instapay,In-store,16,9.5,146,38.5,38.5,4.0,0,Traditional,KSA,1,14,7.96,64.8,2024,1,14,Afternoon,No Discount,Hot
107393,2024-03-18 00:00:00,Alex-Stanly,Rice Pudding Nuts,Large,157.15,4,0.0,Nutella,82725,35.0,Female,Unknown,Instapay,Mobile App,39,5.7,146,34.4,89.0,4.0,0,Traditional,Alexandria,0,0,88.0,716.6,2024,3,18,Late Night,No Discount,Hot
105593,2024-02-28 06:00:00,Dubai-Marina,Super B.Laban,Large,141.21,1,0.15,Lotus,68229,43.0,Male,Silver,Cash,ElMenus,59,5.3,147,32.4,52.5,1.0,0,Signature,UAE,0,6,19.77,160.98000000000002,2024,2,28,Morning,Medium Discount,Hot
109722,2024-04-11 06:15:00,Dubai-Marina,Qishtouza Lotus,Medium,58.11,10,0.0,none,65656,24.0,Male,Gold,Credit Card,In-store,64,9.0,113,32.5,27.2,2.0,0,Modern,UAE,0,6,81.35,662.45,2024,4,11,Morning,No Discount,Hot
101664,2024-01-18 07:45:00,Alex-Stanly,Qishtouza Lotus,Large,147.33,9,0.15,Nuts,85226,35.0,Male,Unknown,Credit Card,In-store,99,7.4,103,24.1,80.3,4.0,0,Modern,Alexandria,0,7,185.64,1511.6100000000001,2024,1,18,Morning,Medium Discount,Moderate
105451,2024-02-26 18:30:00,Giza-Zayed,Ice Cream Mango,Medium,145.9,5,0.1,Nuts,79179,44.0,Female,Unknown,Credit Card,Mobile App,114,8.1,117,42.4,78.9,1.0,0,Ice Cream,Greater Cairo,0,18,102.13,831.63,2024,2,26,Evening,Medium Discount,Hot
109955,2024-04-13 16:30:00,Giza-Zayed,Sweet Koshary Mix,Small,142.97,11,0.0,Nutella,62849,68.0,Male,Unknown,Credit Card,Talabat,49,5.4,115,29.0,51.5,1.0,0,Signature,Greater Cairo,1,16,220.17,1792.8400000000001,2024,4,13,Afternoon,No Discount,Hot
103628,2024-02-07 18:45:00,Dubai-Marina,Ice Cream Mango,Small,175.1,8,0.0,Lotus,79797,19.0,Female,Bronze,Credit Card,In-store,70,9.9,126,17.9,22.9,1.0,0,Ice Cream,UAE,0,18,196.11,1596.9099999999999,2024,2,7,Evening,No Discount,Cold
102694,2024-01-29 01:15:00,Giza-Zayed,Sweet Koshary Mix,Large,162.78,4,0.0,Lotus,88133,24.0,Female,Unknown,Instapay,Talabat,110,7.6,101,20.5,26.0,3.0,0,Signature,Greater Cairo,0,1,91.16,742.28,2024,1,29,Late Night,No Discount,Moderate
109790,2024-04-11 23:15:00,Cairo-Nasr City,Om Ali Cream,Medium,104.8,11,0.1,Lotus,85785,19.0,Male,Silver,Wallet,ElMenus,93,15.0,133,17.4,48.0,5.0,0,Traditional,Greater Cairo,0,23,161.39,1314.19,2024,4,11,Late Night,Medium Discount,Cold
105916,2024-03-02 14:45:00,Cairo-Nasr City,Rice Pudding Oven,Medium,164.75,10,0.15,Nuts,56963,41.0,Female,Silver,Cash,ElMenus,59,10.3,112,22.3,46.6,2.0,0,Traditional,Greater Cairo,1,14,230.65,1878.15,2024,3,2,Afternoon,Medium Discount,Moderate
103158,2024-02-02 21:15:00,Dubai-Marina,Ice Cream Mango,Small,107.32,9,0.0,none,81391,31.0,Female,Silver,Wallet,ElMenus,101,9.6,130,32.5,68.2,2.0,0,Ice Cream,UAE,1,21,135.22,1101.1,2024,2,2,Evening,No Discount,Hot
106669,2024-03-10 11:00:00,Giza-Zayed,Qishtouza Nutella,Large,109.58,2,0.0,none,63981,36.0,Male,Unknown,Credit Card,Mobile App,92,0.9,134,24.4,52.2,3.0,0,Modern,Greater Cairo,1,11,30.68,249.84,2024,3,10,Morning,No Discount,Moderate
101060,2024-01-12 00:45:00,Giza-Zayed,Ice Cream Mango,Large,84.77,4,0.1,Lotus,64458,55.0,Female,Unknown,Instapay,ElMenus,53,2.6,141,42.3,38.7,2.0,0,Ice Cream,Greater Cairo,1,0,47.47,386.54999999999995,2024,1,12,Late Night,Medium Discount,Hot
104637,2024-02-18 07:00:00,Giza-Zayed,Qishtouza Lotus,Medium,65.92,5,0.05,none,70968,70.0,Male,Bronze,Wallet,ElMenus,13,11.3,117,18.5,51.1,1.0,0,Modern,Greater Cairo,1,7,46.14,375.74,2024,2,18,Morning,Low Discount,Cold
103243,2024-02-03 18:30:00,Riyadh-Olaya,Sweet Koshary Mix,Small,110.56,1,0.0,Lotus,73064,37.0,Male,Silver,Cash,ElMenus,117,8.6,117,42.2,35.1,4.0,0,Signature,KSA,1,18,15.48,126.04,2024,2,3,Evening,No Discount,Hot
101679,2024-01-18 11:30:00,Tanta-Saeed,Rice Pudding Oven,Medium,148.58,4,0.1,none,65887,42.0,Female,Silver,Cash,ElMenus,62,11.5,136,15.9,23.7,1.0,0,Traditional,Delta,0,11,83.2,677.5200000000001,2024,1,18,Morning,Medium Discount,Cold
106893,2024-03-12 19:00:00,Cairo-Nasr City,Super B.Laban,Small,99.72,5,0.15,none,69223,61.0,Male,Unknown,Wallet,Mobile App,62,7.4,111,26.5,82.2,3.0,0,Signature,Greater Cairo,0,19,69.8,568.4,2024,3,12,Evening,Medium Discount,Hot
106375,2024-03-07 09:30:00,Dubai-Marina,Sweet Koshary Mix,Small,65.19,8,0.05,Lotus,60281,63.0,Female,Unknown,Credit Card,Talabat,89,10.9,110,43.3,89.0,4.0,0,Signature,UAE,0,9,73.01,594.53,2024,3,7,Morning,Low Discount,Hot
107575,2024-03-19 21:30:00,Dubai-Marina,Rice Pudding Nuts,Medium,137.68,8,0.0,Nuts,70823,38.0,Female,Unknown,Credit Card,ElMenus,10,1.9,112,43.1,66.9,5.0,0,Traditional,UAE,0,21,154.2,1255.64,2024,3,19,Evening,No Discount,Hot
101758,2024-01-19 07:15:00,Cairo-Nasr City,Qishtouza Lotus,Large,149.19,4,0.0,Nutella,55121,35.0,Female,Bronze,Instapay,Talabat,32,3.4,120,35.1,36.2,3.0,0,Modern,Greater Cairo,1,7,83.55,680.31,2024,1,19,Morning,No Discount,Hot
106020,2024-03-03 16:45:00,Cairo-Nasr City,Qishtouza Nutella,Large,62.03,7,0.0,Pistachio,68732,56.0,Female,Unknown,Wallet,Talabat,26,8.1,113,28.3,38.0,3.0,0,Modern,Greater Cairo,1,16,60.79,495.00000000000006,2024,3,3,Afternoon,No Discount,Hot
105117,2024-02-23 07:00:00,Riyadh-Olaya,Super B.Laban,Medium,40.63,10,0.0,Nuts,71075,33.0,Male,Unknown,Credit Card,ElMenus,54,12.5,115,44.6,29.8,1.0,0,Signature,KSA,1,7,56.88,463.18,2024,2,23,Morning,No Discount,Hot
108756,2024-04-01 04:45:00,Cairo-Zamalek,Rice Pudding Nuts,Medium,128.04,4,0.0,Lotus,87115,43.5,Male,Bronze,Cash,Talabat,56,5.8,106,18.6,64.6,4.0,0,Traditional,Greater Cairo,0,4,71.7,583.86,2024,4,1,Late Night,No Discount,Cold
107409,2024-03-18 04:00:00,Dubai-Marina,Super B.Laban,Small,44.37,6,0.05,Nuts,80638,50.0,Male,Silver,Instapay,Mobile App,90,8.5,121,16.2,85.6,3.0,0,Signature,UAE,0,4,37.27,303.48999999999995,2024,3,18,Late Night,Low Discount,Cold
102791,2024-01-30 01:30:00,Tanta-Saeed,Ice Cream Mango,Medium,149.78,7,0.0,none,62406,32.0,Female,Unknown,Credit Card,Mobile App,37,5.9,148,43.3,45.2,4.0,0,Ice Cream,Delta,0,1,146.78,1195.24,2024,1,30,Late Night,No Discount,Hot
100864,2024-01-09 23:45:00,Cairo-Zamalek,Rice Pudding Oven,Medium,174.31,2,0.0,Lotus,62043,13.0,Female,Unknown,Wallet,Talabat,40,7.6,139,36.2,80.3,4.0,0,Traditional,Greater Cairo,0,23,48.81,397.43,2024,1,9,Late Night,No Discount,Hot
107859,2024-03-22 20:30:00,Cairo-Nasr City,Om Ali Cream,Medium,120.38,11,0.0,Lotus,74592,43.5,Female,Unknown,Wallet,ElMenus,77,5.9,103,31.8,84.4,4.0,0,Traditional,Greater Cairo,1,20,185.39,1509.5699999999997,2024,3,22,Evening,No Discount,Hot
101485,2024-01-16 11:00:00,Dubai-Marina,Qishtouza Lotus,Small,165.25,7,0.0,none,50191,44.0,Male,Silver,Wallet,Mobile App,55,10.4,107,43.8,53.0,5.0,1,Modern,UAE,0,11,161.95,1318.7,2024,1,16,Morning,No Discount,Hot
107036,2024-03-14 06:45:00,Cairo-Zamalek,Rice Pudding Nuts,Large,108.45,7,0.0,Pistachio,77606,28.0,Female,Silver,Credit Card,In-store,16,0.6,120,38.8,83.4,5.0,0,Traditional,Greater Cairo,0,6,106.28,865.43,2024,3,14,Morning,No Discount,Hot
107722,2024-03-21 10:15:00,Riyadh-Olaya,Rice Pudding Nuts,Medium,126.82,6,0.15,none,77385,38.0,Male,Unknown,Wallet,In-store,29,2.4,126,39.1,38.8,3.0,0,Traditional,KSA,0,10,106.53,867.4499999999999,2024,3,21,Morning,Medium Discount,Hot
105978,2024-03-03 06:15:00,Riyadh-Olaya,Ice Cream Mango,Large,171.08,8,0.0,Nutella,54398,43.5,Male,Gold,Instapay,Talabat,48,0.7,131,42.5,35.6,3.0,0,Ice Cream,KSA,1,6,191.61,1560.25,2024,3,3,Morning,No Discount,Hot
105135,2024-02-23 11:30:00,Dubai-Marina,Ice Cream Mango,Large,55.8,2,0.0,none,67742,43.5,Male,Bronze,Cash,ElMenus,55,11.6,112,31.3,74.7,1.0,0,Ice Cream,UAE,1,11,15.62,127.22,2024,2,23,Morning,No Discount,Hot
100207,2024-01-03 03:30:00,Riyadh-Olaya,Super B.Laban,Large,149.62,7,0.0,none,63913,38.0,Female,Gold,Credit Card,Talabat,50,2.0,132,16.6,55.1,5.0,0,Signature,KSA,0,3,146.63,1193.9700000000003,2024,1,3,Late Night,No Discount,Cold
104489,2024-02-16 18:00:00,Cairo-Zamalek,Rice Pudding Nuts,Medium,76.15,1,0.0,none,87786,43.5,Female,Gold,Wallet,In-store,107,8.3,129,29.2,35.0,4.0,0,Traditional,Greater Cairo,1,18,10.66,86.81,2024,2,16,Evening,No Discount,Hot
106939,2024-03-13 06:30:00,Tanta-Saeed,Super B.Laban,Large,106.39,11,0.0,none,74024,68.0,Male,Gold,Cash,Mobile App,27,11.8,130,41.1,89.0,3.0,0,Signature,Delta,0,6,163.84,1334.1299999999999,2024,3,13,Morning,No Discount,Hot
109063,2024-04-04 09:30:00,Giza-Zayed,Super B.Laban,Large,101.4,8,0.0,Lotus,57296,73.0,Female,Gold,Wallet,ElMenus,60,0.9,145,27.6,48.9,1.0,0,Signature,Greater Cairo,0,9,113.57,924.77,2024,4,4,Morning,No Discount,Hot
106911,2024-03-12 23:30:00,Mansoura-Mashaya,Ice Cream Mango,Large,155.88,6,0.0,Nutella,54076,43.5,Female,Gold,Instapay,Talabat,84,6.3,143,25.8,79.7,2.0,0,Ice Cream,Delta,0,23,130.94,1066.22,2024,3,12,Late Night,No Discount,Hot
100503,2024-01-06 05:30:00,Mansoura-Mashaya,Om Ali Cream,Large,49.03,6,0.0,none,80733,19.0,Female,Gold,Instapay,Mobile App,93,5.6,138,42.5,37.3,2.0,0,Traditional,Delta,1,5,41.19,335.37,2024,1,6,Morning,No Discount,Hot
107386,2024-03-17 22:15:00,Cairo-Nasr City,Qishtouza Nutella,Large,47.59,8,0.0,Nuts,83215,58.0,Male,Unknown,Credit Card,In-store,42,8.4,135,21.9,81.1,2.0,0,Modern,Greater Cairo,1,22,53.3,434.02000000000004,2024,3,17,Late Night,No Discount,Moderate
101029,2024-01-11 17:00:00,Mansoura-Mashaya,Rice Pudding Nuts,Large,76.1,2,0.0,none,78203,26.0,Male,Unknown,Cash,ElMenus,90,4.0,140,21.6,73.1,3.0,0,Traditional,Delta,0,17,21.31,173.51,2024,1,11,Evening,No Discount,Moderate
103841,2024-02-10 00:00:00,Riyadh-Olaya,Om Ali Cream,Small,166.02,5,0.0,Nutella,63574,20.0,Female,Unknown,Instapay,In-store,16,9.2,119,34.8,61.9,1.0,0,Traditional,KSA,1,0,116.21,946.3100000000001,2024,2,10,Late Night,No Discount,Hot
108111,2024-03-25 11:30:00,Cairo-Zamalek,Qishtouza Lotus,Medium,158.68,5,0.0,Nutella,53445,31.0,Female,Unknown,Instapay,Mobile App,19,10.7,119,38.1,50.2,4.0,0,Modern,Greater Cairo,0,11,111.08,904.4800000000001,2024,3,25,Morning,No Discount,Hot
105057,2024-02-22 16:00:00,Dubai-Marina,Sweet Koshary Mix,Small,171.44,4,0.0,Nuts,55256,26.0,Female,Unknown,Cash,Mobile App,36,13.8,147,21.9,67.3,1.0,0,Signature,UAE,0,16,96.01,781.77,2024,2,22,Afternoon,No Discount,Moderate
109763,2024-04-11 16:30:00,Tanta-Saeed,Qishtouza Nutella,Large,134.48,4,0.05,none,84683,52.0,Male,Unknown,Wallet,Talabat,106,6.5,123,21.2,31.9,3.0,0,Modern,Delta,0,16,75.31,613.23,2024,4,11,Afternoon,Low Discount,Moderate
108155,2024-03-25 22:30:00,Tanta-Saeed,Rice Pudding Oven,Medium,108.0,10,0.0,Pistachio,55253,57.0,Male,Unknown,Credit Card,Mobile App,40,6.6,139,23.0,40.7,1.0,0,Traditional,Delta,0,22,151.2,1231.2,2024,3,25,Late Night,No Discount,Moderate
102732,2024-01-29 10:45:00,Cairo-Zamalek,Om Ali Cream,Medium,61.83,1,0.1,none,83915,39.0,Female,Bronze,Cash,ElMenus,44,6.7,120,18.6,65.8,3.0,0,Traditional,Greater Cairo,0,10,8.66,70.49,2024,1,29,Morning,Medium Discount,Cold
108997,2024-04-03 17:00:00,Mansoura-Mashaya,Rice Pudding Oven,Medium,75.07,4,0.1,none,73431,53.0,Male,Unknown,Credit Card,Talabat,20,6.0,118,44.5,69.1,5.0,0,Traditional,Delta,0,17,42.04,342.32,2024,4,3,Evening,Medium Discount,Hot
102455,2024-01-26 13:30:00,Cairo-Nasr City,Om Ali Cream,Medium,147.99,5,0.0,Nuts,55954,14.0,Male,Unknown,Credit Card,Mobile App,93,10.0,135,29.0,30.6,3.0,0,Traditional,Greater Cairo,1,13,103.59,843.5400000000001,2024,1,26,Afternoon,No Discount,Hot
107216,2024-03-16 03:45:00,Riyadh-Olaya,Ice Cream Mango,Medium,157.13,9,0.05,none,73022,25.0,Female,Silver,Wallet,In-store,62,11.6,109,43.3,33.0,2.0,0,Ice Cream,KSA,1,3,197.98,1612.15,2024,3,16,Late Night,Low Discount,Hot
103105,2024-02-02 08:00:00,Tanta-Saeed,Om Ali Cream,Large,95.41,11,0.0,Lotus,82056,41.0,Female,Silver,Credit Card,Mobile App,63,5.3,145,23.5,36.0,1.0,0,Traditional,Delta,1,8,146.93,1196.44,2024,2,2,Morning,No Discount,Moderate
108393,2024-03-28 10:00:00,Giza-Zayed,Om Ali Cream,Medium,163.3,10,0.05,none,50934,45.0,Female,Silver,Credit Card,ElMenus,77,1.5,144,39.3,54.1,2.0,0,Traditional,Greater Cairo,0,10,228.62,1861.62,2024,3,28,Morning,Low Discount,Hot
106279,2024-03-06 09:30:00,Alex-Stanly,Qishtouza Nutella,Small,145.5,3,0.05,Lotus,80808,52.0,Male,Bronze,Cash,ElMenus,118,3.6,139,18.6,70.5,2.0,0,Modern,Alexandria,0,9,61.11,497.61,2024,3,6,Morning,Low Discount,Cold
103100,2024-02-02 06:45:00,Dubai-Marina,Rice Pudding Nuts,Medium,104.4,5,0.0,Pistachio,71518,62.0,Male,Bronze,Instapay,Talabat,28,4.8,148,37.0,72.6,2.0,0,Traditional,UAE,1,6,73.08,595.08,2024,2,2,Morning,No Discount,Hot
106185,2024-03-05 10:00:00,Giza-Zayed,Super B.Laban,Small,142.4,2,0.0,none,62408,43.5,Female,Gold,Credit Card,In-store,32,0.6,116,16.5,20.6,1.0,0,Signature,Greater Cairo,0,10,39.87,324.67,2024,3,5,Morning,No Discount,Cold
103562,2024-02-07 02:15:00,Riyadh-Olaya,Qishtouza Lotus,Medium,159.5,3,0.0,Nuts,52959,35.0,Male,Silver,Instapay,Talabat,15,2.7,141,24.5,73.1,4.0,0,Modern,KSA,0,2,66.99,545.49,2024,2,7,Late Night,No Discount,Moderate
105893,2024-03-02 09:00:00,Cairo-Nasr City,Super B.Laban,Large,114.4,6,0.0,Nuts,55777,53.0,Female,Bronze,Instapay,ElMenus,92,1.1,118,43.3,62.2,5.0,0,Signature,Greater Cairo,1,9,96.1,782.5000000000001,2024,3,2,Morning,No Discount,Hot
100392,2024-01-05 01:45:00,Alex-Stanly,Rice Pudding Oven,Medium,43.19,11,0.1,Nuts,78192,45.0,Female,Unknown,Cash,ElMenus,66,11.9,131,36.1,66.2,3.0,0,Traditional,Alexandria,1,1,66.51,541.6,2024,1,5,Late Night,Medium Discount,Hot
106737,2024-03-11 04:00:00,Giza-Zayed,Super B.Laban,Medium,176.0,2,0.0,none,80201,46.0,Female,Bronze,Cash,ElMenus,93,13.5,134,24.6,60.0,5.0,0,Signature,Greater Cairo,0,4,49.28,401.28,2024,3,11,Late Night,No Discount,Moderate
105619,2024-02-28 12:30:00,Riyadh-Olaya,Rice Pudding Nuts,Large,104.85,6,0.0,none,55229,57.0,Female,Gold,Wallet,ElMenus,48,1.8,110,30.3,90.0,5.0,0,Traditional,KSA,0,12,88.07,717.1699999999998,2024,2,28,Afternoon,No Discount,Hot
105259,2024-02-24 18:30:00,Cairo-Nasr City,Rice Pudding Oven,Large,46.91,9,0.0,Lotus,63345,31.0,Female,Unknown,Credit Card,ElMenus,24,4.6,109,21.7,44.0,2.0,0,Traditional,Greater Cairo,1,18,59.11,481.29999999999995,2024,2,24,Evening,No Discount,Moderate
109688,2024-04-10 21:45:00,Giza-Zayed,Rice Pudding Oven,Medium,167.32,5,0.0,Lotus,86449,16.0,Male,Gold,Instapay,ElMenus,78,1.8,107,25.3,53.3,3.0,0,Traditional,Greater Cairo,0,21,117.12,953.7199999999999,2024,4,10,Evening,No Discount,Hot
102696,2024-01-29 01:45:00,Tanta-Saeed,Ice Cream Mango,Medium,165.36,5,0.0,Nutella,56627,63.0,Female,Unknown,Credit Card,In-store,105,9.4,147,41.1,57.4,2.0,0,Ice Cream,Delta,0,1,115.75,942.5500000000001,2024,1,29,Late Night,No Discount,Hot
102028,2024-01-22 02:45:00,Riyadh-Olaya,Sweet Koshary Mix,Medium,114.03,3,0.0,none,85547,35.0,Male,Unknown,Wallet,Talabat,72,7.4,112,26.8,65.1,3.0,0,Signature,KSA,0,2,47.89,389.98,2024,1,22,Late Night,No Discount,Hot
105464,2024-02-26 21:45:00,Giza-Zayed,Rice Pudding Nuts,Medium,99.19,6,0.0,none,73681,49.0,Female,Gold,Instapay,ElMenus,25,8.9,123,20.5,64.6,3.0,0,Traditional,Greater Cairo,0,21,83.32,678.46,2024,2,26,Evening,No Discount,Moderate
102569,2024-01-27 18:00:00,Giza-Zayed,Qishtouza Lotus,Medium,51.67,4,0.0,none,84644,14.0,Male,Gold,Cash,ElMenus,110,3.3,112,40.1,21.2,3.0,0,Modern,Greater Cairo,1,18,28.94,235.62,2024,1,27,Evening,No Discount,Hot
108007,2024-03-24 09:30:00,Giza-Zayed,Qishtouza Lotus,Medium,96.53,6,0.15,Nuts,50561,44.0,Female,Gold,Wallet,ElMenus,37,3.4,115,17.8,66.4,5.0,0,Modern,Greater Cairo,1,9,81.09,660.2700000000001,2024,3,24,Morning,Medium Discount,Cold
100065,2024-01-01 16:00:00,Dubai-Marina,Om Ali Cream,Small,168.79,10,0.0,Nutella,57370,44.0,Female,Gold,Cash,In-store,48,14.8,128,21.9,51.3,5.0,0,Traditional,UAE,0,16,236.31,1924.2099999999998,2024,1,1,Afternoon,No Discount,Moderate
102063,2024-01-22 11:30:00,Dubai-Marina,Rice Pudding Nuts,Medium,71.26,6,0.0,Lotus,55172,49.0,Female,Gold,Credit Card,Talabat,76,9.4,122,25.4,44.1,5.0,0,Traditional,UAE,0,11,59.86,487.4200000000001,2024,1,22,Morning,No Discount,Hot
105277,2024-02-24 23:00:00,Cairo-Nasr City,Rice Pudding Oven,Medium,89.33,11,0.0,Pistachio,81474,20.0,Female,Unknown,Instapay,ElMenus,67,3.3,123,17.9,88.1,5.0,0,Traditional,Greater Cairo,1,23,137.57,1120.2,2024,2,24,Late Night,No Discount,Cold
107209,2024-03-16 02:00:00,Giza-Zayed,Om Ali Cream,Large,122.69,6,0.0,Lotus,79195,36.0,Female,Gold,Cash,In-store,37,5.2,129,18.0,47.1,1.0,0,Traditional,Greater Cairo,1,2,103.06,839.2,2024,3,16,Late Night,No Discount,Cold
108685,2024-03-31 11:00:00,Cairo-Zamalek,Qishtouza Lotus,Small,132.69,9,0.0,none,88608,58.0,Female,Bronze,Wallet,In-store,91,5.5,146,36.0,25.1,4.0,0,Modern,Greater Cairo,1,11,167.19,1361.4,2024,3,31,Morning,No Discount,Hot
108572,2024-03-30 06:45:00,Cairo-Zamalek,Sweet Koshary Mix,Medium,142.74,2,0.05,none,88852,27.0,Female,Silver,Cash,Talabat,42,9.3,124,17.4,28.0,4.0,0,Signature,Greater Cairo,1,6,39.97,325.45000000000005,2024,3,30,Morning,Low Discount,Cold
106332,2024-03-06 22:45:00,Riyadh-Olaya,Super B.Laban,Medium,97.3,8,0.0,Nutella,81648,63.0,Female,Unknown,Instapay,ElMenus,102,12.1,127,16.0,64.5,4.0,0,Signature,KSA,0,22,108.98,887.38,2024,3,6,Late Night,No Discount,Cold
104860,2024-02-20 14:45:00,Tanta-Saeed,Rice Pudding Oven,Large,128.82,5,0.0,Lotus,76064,38.0,Male,Unknown,Credit Card,In-store,38,5.6,102,17.8,22.6,2.0,0,Traditional,Delta,0,14,90.17,734.2699999999999,2024,2,20,Afternoon,No Discount,Cold
104888,2024-02-20 21:45:00,Dubai-Marina,Qishtouza Lotus,Small,41.19,1,0.1,Lotus,50601,58.0,Male,Unknown,Wallet,In-store,91,11.9,114,37.9,53.7,5.0,0,Modern,UAE,0,21,5.77,46.959999999999994,2024,2,20,Evening,Medium Discount,Hot
109269,2024-04-06 13:00:00,Tanta-Saeed,Rice Pudding Oven,Medium,109.05,6,0.0,Lotus,56990,22.0,Female,Bronze,Cash,In-store,103,4.3,143,29.0,20.1,3.0,0,Traditional,Delta,1,13,91.6,745.9,2024,4,6,Afternoon,No Discount,Hot
100879,2024-01-10 03:30:00,Mansoura-Mashaya,Qishtouza Nutella,Small,171.58,1,0.0,Nuts,60334,23.0,Male,Unknown,Credit Card,ElMenus,68,7.8,123,41.1,77.9,5.0,0,Modern,Delta,0,3,24.02,195.60000000000002,2024,1,10,Late Night,No Discount,Hot
108530,2024-03-29 20:15:00,Mansoura-Mashaya,Qishtouza Lotus,Medium,85.75,5,0.0,Lotus,79053,43.5,Male,Bronze,Instapay,Mobile App,84,3.6,121,44.0,82.6,3.0,0,Modern,Delta,1,20,60.03,488.78,2024,3,29,Evening,No Discount,Hot
107917,2024-03-23 11:00:00,Tanta-Saeed,Qishtouza Nutella,Medium,119.7,11,0.0,Pistachio,65665,54.0,Male,Gold,Instapay,In-store,68,2.6,108,30.1,21.9,1.0,0,Modern,Delta,1,11,184.34,1501.04,2024,3,23,Morning,No Discount,Hot
106864,2024-03-12 11:45:00,Mansoura-Mashaya,Sweet Koshary Mix,Medium,40.03,1,0.0,Pistachio,75569,20.0,Male,Unknown,Wallet,ElMenus,31,13.4,120,38.4,59.3,5.0,0,Signature,Delta,0,11,5.6,45.63,2024,3,12,Morning,No Discount,Hot
107893,2024-03-23 05:00:00,Tanta-Saeed,Super B.Laban,Large,48.33,3,0.0,Pistachio,75037,37.0,Female,Silver,Credit Card,Mobile App,54,1.5,132,24.6,79.4,4.0,0,Signature,Delta,1,5,20.3,165.29000000000002,2024,3,23,Morning,No Discount,Moderate
106440,2024-03-08 01:45:00,Giza-Zayed,Sweet Koshary Mix,Medium,138.12,7,0.0,none,58031,55.0,Male,Bronze,Instapay,Talabat,117,2.0,138,17.2,79.2,4.0,0,Signature,Greater Cairo,1,1,135.36,1102.2,2024,3,8,Late Night,No Discount,Cold
107870,2024-03-22 23:15:00,Giza-Zayed,Qishtouza Nutella,Medium,170.11,4,0.15,Nutella,70373,64.0,Female,Unknown,Credit Card,In-store,32,0.6,137,30.6,45.3,5.0,0,Modern,Greater Cairo,1,23,95.26,775.7,2024,3,22,Late Night,Medium Discount,Hot
101017,2024-01-11 14:00:00,Cairo-Zamalek,Qishtouza Nutella,Medium,127.74,2,0.0,Nuts,79074,65.0,Male,Silver,Cash,ElMenus,99,5.2,146,26.3,68.3,4.0,0,Modern,Greater Cairo,0,14,35.77,291.25,2024,1,11,Afternoon,No Discount,Hot
109468,2024-04-08 14:45:00,Dubai-Marina,Sweet Koshary Mix,Medium,128.69,9,0.0,Nuts,85607,64.0,Female,Bronze,Wallet,Mobile App,32,11.6,123,31.6,59.8,1.0,0,Signature,UAE,0,14,162.15,1320.3600000000001,2024,4,8,Afternoon,No Discount,Hot
107630,2024-03-20 11:15:00,Cairo-Nasr City,Qishtouza Lotus,Large,78.7,11,0.0,none,78663,34.0,Male,Unknown,Credit Card,ElMenus,105,12.4,108,22.8,42.7,4.0,0,Modern,Greater Cairo,0,11,121.2,986.9000000000001,2024,3,20,Morning,No Discount,Moderate
100996,2024-01-11 08:45:00,Mansoura-Mashaya,Sweet Koshary Mix,Medium,61.14,8,0.05,none,53307,37.0,Male,Unknown,Credit Card,In-store,96,5.7,144,37.7,58.9,1.0,0,Signature,Delta,0,8,68.48,557.6,2024,1,11,Morning,Low Discount,Hot
104298,2024-02-14 18:15:00,Tanta-Saeed,Sweet Koshary Mix,Small,106.83,2,0.0,none,74461,63.0,Female,Unknown,Cash,Mobile App,70,1.9,120,35.2,39.7,5.0,0,Signature,Delta,0,18,29.91,243.57,2024,2,14,Evening,No Discount,Hot
100162,2024-01-02 16:15:00,Cairo-Nasr City,Om Ali Cream,Medium,172.4,1,0.15,Lotus,57086,13.0,Female,Unknown,Cash,In-store,86,4.6,110,20.4,78.1,4.0,0,Traditional,Greater Cairo,0,16,24.14,196.54000000000002,2024,1,2,Afternoon,Medium Discount,Moderate
105676,2024-02-29 02:45:00,Cairo-Nasr City,Ice Cream Mango,Large,154.15,10,0.05,Nutella,60351,46.0,Male,Silver,Wallet,ElMenus,85,5.7,131,21.6,39.6,3.0,0,Ice Cream,Greater Cairo,0,2,215.81,1757.31,2024,2,29,Late Night,Low Discount,Moderate
106874,2024-03-12 14:15:00,Riyadh-Olaya,Om Ali Cream,Large,155.68,8,0.0,none,65115,43.5,Female,Gold,Wallet,In-store,57,11.8,102,44.0,21.2,3.0,0,Traditional,KSA,0,14,174.36,1419.8000000000002,2024,3,12,Afternoon,No Discount,Hot
109693,2024-04-10 23:00:00,Cairo-Nasr City,Qishtouza Lotus,Small,134.41,6,0.0,Pistachio,63010,62.0,Male,Bronze,Instapay,In-store,11,2.8,143,17.2,42.2,3.0,0,Modern,Greater Cairo,0,23,112.9,919.36,2024,4,10,Late Night,No Discount,Cold
107990,2024-03-24 05:15:00,Mansoura-Mashaya,Rice Pudding Oven,Small,154.04,11,0.0,Lotus,78396,31.0,Male,Gold,Credit Card,Talabat,48,6.3,114,31.3,83.9,4.0,0,Traditional,Delta,1,5,237.22,1931.6599999999999,2024,3,24,Morning,No Discount,Hot
103844,2024-02-10 00:45:00,Cairo-Zamalek,Rice Pudding Nuts,Small,156.0,1,0.0,none,54611,43.5,Male,Bronze,Credit Card,ElMenus,80,1.0,115,33.6,52.8,3.0,0,Traditional,Greater Cairo,1,0,21.84,177.84,2024,2,10,Late Night,No Discount,Hot
101022,2024-01-11 15:15:00,Cairo-Nasr City,Rice Pudding Oven,Small,139.84,2,0.1,none,63555,40.0,Female,Unknown,Instapay,In-store,90,1.2,112,17.9,20.2,1.0,0,Traditional,Greater Cairo,0,15,39.16,318.84000000000003,2024,1,11,Afternoon,Medium Discount,Cold
103074,2024-02-02 00:15:00,Dubai-Marina,Rice Pudding Nuts,Medium,147.08,4,0.1,Pistachio,74317,43.5,Male,Silver,Instapay,ElMenus,61,13.3,129,16.5,28.5,4.0,0,Traditional,UAE,1,0,82.36,670.6800000000001,2024,2,2,Late Night,Medium Discount,Cold
107556,2024-03-19 16:45:00,Riyadh-Olaya,Super B.Laban,Medium,54.29,10,0.0,Pistachio,74989,17.0,Female,Silver,Instapay,Mobile App,117,11.6,130,28.7,83.1,3.0,0,Signature,KSA,0,16,76.01,618.91,2024,3,19,Afternoon,No Discount,Hot
103944,2024-02-11 01:45:00,Tanta-Saeed,Ice Cream Mango,Medium,45.48,2,0.0,Nuts,62295,60.0,Male,Bronze,Wallet,Mobile App,88,11.9,146,27.9,35.6,3.0,0,Ice Cream,Delta,1,1,12.73,103.69,2024,2,11,Late Night,No Discount,Hot
101586,2024-01-17 12:15:00,Cairo-Zamalek,Om Ali Cream,Medium,42.46,7,0.0,Lotus,85475,24.0,Male,Gold,Instapay,Talabat,58,11.2,128,33.0,48.8,1.0,0,Traditional,Greater Cairo,0,12,41.61,338.83000000000004,2024,1,17,Afternoon,No Discount,Hot
103153,2024-02-02 20:00:00,Riyadh-Olaya,Ice Cream Mango,Small,114.48,1,0.0,Pistachio,55171,20.0,Male,Unknown,Credit Card,In-store,99,4.2,129,22.7,70.1,2.0,0,Ice Cream,KSA,1,20,16.03,130.51,2024,2,2,Evening,No Discount,Moderate
108227,2024-03-26 16:30:00,Tanta-Saeed,Rice Pudding Nuts,Large,122.4,10,0.0,Lotus,75917,43.0,Female,Silver,Instapay,ElMenus,95,4.5,101,40.9,28.5,2.0,0,Traditional,Delta,0,16,171.36,1395.3600000000001,2024,3,26,Afternoon,No Discount,Hot
100776,2024-01-09 01:45:00,Mansoura-Mashaya,Ice Cream Mango,Small,179.02,4,0.0,Nuts,80690,27.0,Male,Unknown,Credit Card,In-store,93,1.1,117,27.1,51.6,1.0,0,Ice Cream,Delta,0,1,100.25,816.33,2024,1,9,Late Night,No Discount,Hot
109671,2024-04-10 17:30:00,Tanta-Saeed,Super B.Laban,Large,149.18,2,0.0,Pistachio,75403,53.0,Female,Bronze,Cash,Mobile App,19,7.7,143,24.4,51.4,2.0,0,Signature,Delta,0,17,41.77,340.13,2024,4,10,Evening,No Discount,Moderate
107100,2024-03-14 22:45:00,Tanta-Saeed,Ice Cream Mango,Small,104.98,3,0.0,none,60552,16.0,Female,Unknown,Wallet,Talabat,28,9.0,110,43.7,44.8,3.0,0,Ice Cream,Delta,0,22,44.09,359.03,2024,3,14,Late Night,No Discount,Hot
105487,2024-02-27 03:30:00,Cairo-Zamalek,Ice Cream Mango,Large,112.3,4,0.0,Nuts,70554,45.0,Male,Silver,Instapay,ElMenus,99,5.5,115,31.2,43.5,2.0,0,Ice Cream,Greater Cairo,0,3,62.89,512.09,2024,2,27,Late Night,No Discount,Hot
106236,2024-03-05 22:45:00,Riyadh-Olaya,Rice Pudding Nuts,Medium,159.85,2,0.0,Pistachio,82426,43.5,Female,Silver,Credit Card,ElMenus,91,6.7,120,15.1,35.4,3.0,0,Traditional,KSA,0,22,44.76,364.46,2024,3,5,Late Night,No Discount,Cold
109556,2024-04-09 12:45:00,Tanta-Saeed,Om Ali Cream,Medium,155.1,4,0.0,Lotus,62592,48.0,Female,Unknown,Credit Card,In-store,88,10.4,122,25.1,46.3,1.0,0,Traditional,Delta,0,12,86.86,707.26,2024,4,9,Afternoon,No Discount,Hot
107042,2024-03-14 08:15:00,Alex-Stanly,Om Ali Cream,Medium,69.88,1,0.15,none,62659,43.5,Male,Unknown,Instapay,In-store,113,5.8,133,30.1,88.9,1.0,0,Traditional,Alexandria,0,8,9.78,79.66,2024,3,14,Morning,Medium Discount,Hot
102613,2024-01-28 05:00:00,Cairo-Zamalek,Rice Pudding Nuts,Medium,148.41,6,0.1,Lotus,88383,55.0,Male,Unknown,Credit Card,Mobile App,56,12.2,145,30.5,87.4,3.0,0,Traditional,Greater Cairo,1,5,124.66,1015.12,2024,1,28,Morning,Medium Discount,Hot
107514,2024-03-19 06:15:00,Alex-Stanly,Super B.Laban,Medium,169.23,3,0.0,Nuts,51203,43.5,Male,Bronze,Cash,In-store,94,13.8,129,20.4,74.4,2.0,0,Signature,Alexandria,0,6,71.08,578.77,2024,3,19,Morning,No Discount,Moderate
108434,2024-03-28 20:15:00,Cairo-Zamalek,Rice Pudding Nuts,Large,164.52,4,0.15,Nuts,79124,46.0,Female,Bronze,Wallet,In-store,99,2.9,141,22.2,77.6,4.0,0,Traditional,Greater Cairo,0,20,92.13,750.21,2024,3,28,Evening,Medium Discount,Moderate
108793,2024-04-01 14:00:00,Riyadh-Olaya,Rice Pudding Nuts,Large,130.81,4,0.05,none,72919,37.0,Female,Unknown,Wallet,In-store,66,12.6,146,31.8,30.1,3.0,0,Traditional,KSA,0,14,73.25,596.49,2024,4,1,Afternoon,Low Discount,Hot
105394,2024-02-26 04:15:00,Cairo-Nasr City,Sweet Koshary Mix,Large,174.69,9,0.15,Nuts,85592,43.5,Female,Bronze,Credit Card,In-store,67,8.5,108,24.5,62.1,3.0,0,Signature,Greater Cairo,0,4,220.11,1792.3200000000002,2024,2,26,Late Night,Medium Discount,Moderate
108839,2024-04-02 01:30:00,Tanta-Saeed,Sweet Koshary Mix,Large,112.83,7,0.0,Pistachio,54722,49.0,Female,Gold,Wallet,In-store,94,4.8,101,24.5,73.3,1.0,0,Signature,Delta,0,1,110.57,900.3799999999999,2024,4,2,Late Night,No Discount,Moderate
103891,2024-02-10 12:30:00,Riyadh-Olaya,Qishtouza Lotus,Large,154.17,7,0.0,Lotus,50851,51.0,Female,Unknown,Wallet,Mobile App,110,0.5,148,31.6,83.4,2.0,0,Modern,KSA,1,12,151.09,1230.2799999999997,2024,2,10,Afternoon,No Discount,Hot
103557,2024-02-07 01:00:00,Mansoura-Mashaya,Qishtouza Nutella,Small,111.51,1,0.0,Nuts,53692,66.0,Female,Unknown,Wallet,Mobile App,103,14.5,121,24.3,78.4,1.0,0,Modern,Delta,0,1,15.61,127.12,2024,2,7,Late Night,No Discount,Moderate
101529,2024-01-16 22:00:00,Tanta-Saeed,Sweet Koshary Mix,Medium,46.71,5,0.0,none,78770,42.0,Female,Gold,Credit Card,Talabat,59,11.4,112,20.7,37.0,3.0,0,Signature,Delta,0,22,32.7,266.25,2024,1,16,Late Night,No Discount,Moderate
101268,2024-01-14 04:45:00,Giza-Zayed,Sweet Koshary Mix,Medium,139.76,3,0.1,none,74903,15.0,Male,Gold,Instapay,Talabat,32,10.6,134,33.9,87.1,2.0,1,Signature,Greater Cairo,1,4,58.7,477.97999999999996,2024,1,14,Late Night,Medium Discount,Hot
107735,2024-03-21 13:30:00,Cairo-Zamalek,Rice Pudding Nuts,Medium,149.23,9,0.0,Nutella,66385,33.0,Female,Gold,Instapay,Talabat,77,1.3,106,31.2,20.1,3.0,0,Traditional,Greater Cairo,0,13,188.03,1531.1,2024,3,21,Afternoon,No Discount,Hot
101900,2024-01-20 18:45:00,Cairo-Zamalek,Ice Cream Mango,Small,52.23,10,0.0,Pistachio,70478,68.0,Female,Bronze,Instapay,Talabat,38,1.8,135,31.9,50.2,5.0,0,Ice Cream,Greater Cairo,1,18,73.12,595.42,2024,1,20,Evening,No Discount,Hot
104659,2024-02-18 12:30:00,Dubai-Marina,Super B.Laban,Medium,53.59,1,0.0,none,82486,40.0,Female,Gold,Credit Card,Mobile App,42,5.5,104,20.6,70.9,5.0,0,Signature,UAE,1,12,7.5,61.09,2024,2,18,Afternoon,No Discount,Moderate
103006,2024-02-01 07:15:00,Mansoura-Mashaya,Ice Cream Mango,Medium,53.25,9,0.15,none,87471,49.0,Female,Bronze,Instapay,In-store,10,9.0,134,30.3,67.3,1.0,0,Ice Cream,Delta,0,7,67.1,546.35,2024,2,1,Morning,Medium Discount,Hot
102735,2024-01-29 11:30:00,Riyadh-Olaya,Rice Pudding Oven,Medium,143.42,11,0.0,Nuts,53758,55.0,Female,Gold,Wallet,Mobile App,108,3.2,142,16.0,88.6,1.0,0,Traditional,KSA,0,11,220.87,1798.4899999999998,2024,1,29,Morning,No Discount,Cold
100190,2024-01-02 23:15:00,Tanta-Saeed,Rice Pudding Oven,Small,45.66,10,0.0,Pistachio,85029,22.0,Male,Silver,Instapay,In-store,99,10.4,144,43.7,84.9,4.0,0,Traditional,Delta,0,23,63.92,520.52,2024,1,2,Late Night,No Discount,Hot
109168,2024-04-05 11:45:00,Dubai-Marina,Sweet Koshary Mix,Medium,150.06,7,0.05,Nutella,84417,27.0,Male,Bronze,Credit Card,In-store,82,13.7,108,15.2,35.4,5.0,0,Signature,UAE,1,11,147.06,1197.48,2024,4,5,Morning,Low Discount,Cold
102748,2024-01-29 14:45:00,Cairo-Nasr City,Super B.Laban,Large,74.32,7,0.0,Lotus,76448,49.0,Female,Unknown,Cash,Mobile App,58,11.0,106,43.9,90.0,1.0,0,Signature,Greater Cairo,0,14,72.83,593.07,2024,1,29,Afternoon,No Discount,Hot
102048,2024-01-22 07:45:00,Alex-Stanly,Ice Cream Mango,Large,62.8,9,0.0,Pistachio,65539,48.0,Male,Unknown,Credit Card,Mobile App,94,11.0,118,27.3,84.3,5.0,1,Ice Cream,Alexandria,0,7,79.13,644.3299999999999,2024,1,22,Morning,No Discount,Hot
107850,2024-03-22 18:15:00,Cairo-Zamalek,Rice Pudding Nuts,Large,139.66,9,0.0,Pistachio,83777,23.0,Male,Bronze,Credit Card,ElMenus,100,1.5,115,31.9,36.9,5.0,0,Traditional,Greater Cairo,1,18,175.97,1432.91,2024,3,22,Evening,No Discount,Hot
102559,2024-01-27 15:30:00,Riyadh-Olaya,Om Ali Cream,Large,101.12,9,0.0,Nuts,89156,33.0,Female,Bronze,Wallet,In-store,94,8.4,125,23.9,54.0,1.0,1,Traditional,KSA,1,15,127.41,1037.49,2024,1,27,Afternoon,No Discount,Moderate
109275,2024-04-06 14:30:00,Riyadh-Olaya,Sweet Koshary Mix,Medium,57.46,8,0.15,Nutella,78033,36.0,Male,Unknown,Wallet,In-store,91,3.2,113,16.2,64.5,1.0,0,Signature,KSA,1,14,64.36,524.04,2024,4,6,Afternoon,Medium Discount,Cold
108667,2024-03-31 06:30:00,Giza-Zayed,Sweet Koshary Mix,Medium,96.76,11,0.0,Nuts,69689,280.0,Male,Bronze,Credit Card,Mobile App,14,9.2,108,44.2,45.9,1.0,0,Signature,Greater Cairo,1,6,149.01,1213.3700000000001,2024,3,31,Morning,No Discount,Hot
106397,2024-03-07 15:00:00,Mansoura-Mashaya,Ice Cream Mango,Medium,87.47,4,0.1,Lotus,76820,58.0,Male,Unknown,Credit Card,Mobile App,42,10.4,109,44.7,42.8,3.0,0,Ice Cream,Delta,0,15,48.98,398.86,2024,3,7,Afternoon,Medium Discount,Hot
103386,2024-02-05 06:15:00,Tanta-Saeed,Qishtouza Nutella,Medium,50.89,11,0.1,Pistachio,69677,71.0,Female,Unknown,Wallet,In-store,98,7.4,116,23.6,81.0,1.0,0,Modern,Delta,0,6,78.37,638.16,2024,2,5,Morning,Medium Discount,Moderate
104556,2024-02-17 10:45:00,Riyadh-Olaya,Sweet Koshary Mix,Medium,45.87,10,0.0,Nuts,84748,43.5,Female,Gold,Credit Card,In-store,42,1.1,107,24.9,54.0,2.0,0,Signature,KSA,1,10,64.22,522.92,2024,2,17,Morning,No Discount,Moderate
101185,2024-01-13 08:00:00,Riyadh-Olaya,Qishtouza Lotus,Medium,82.89,1,0.15,Lotus,56883,33.0,Female,Silver,Cash,Mobile App,29,9.6,143,39.5,79.5,4.0,0,Modern,KSA,1,8,11.6,94.49,2024,1,13,Morning,Medium Discount,Hot
106421,2024-03-07 21:00:00,Mansoura-Mashaya,Om Ali Cream,Medium,78.19,5,0.0,Nuts,59339,39.0,Male,Bronze,Cash,Talabat,93,8.0,117,38.9,87.0,2.0,0,Traditional,Delta,0,21,54.73,445.68,2024,3,7,Evening,No Discount,Hot
105052,2024-02-22 14:45:00,Alex-Stanly,Qishtouza Nutella,Large,123.44,7,0.0,Pistachio,86623,23.0,Male,Bronze,Credit Card,ElMenus,114,11.5,149,31.9,51.4,5.0,0,Modern,Alexandria,0,14,120.97,985.05,2024,2,22,Afternoon,No Discount,Hot
105312,2024-02-25 07:45:00,Mansoura-Mashaya,Om Ali Cream,Medium,59.04,6,0.15,none,69733,46.0,Female,Unknown,Credit Card,In-store,53,6.0,139,31.6,45.9,3.0,0,Traditional,Delta,1,7,49.59,403.83000000000004,2024,2,25,Morning,Medium Discount,Hot
102434,2024-01-26 08:15:00,Dubai-Marina,Ice Cream Mango,Medium,79.55,2,0.0,none,66673,41.0,Male,Unknown,Instapay,Mobile App,30,13.8,140,39.9,51.2,3.0,1,Ice Cream,UAE,1,8,22.27,181.37,2024,1,26,Morning,No Discount,Hot
106950,2024-03-13 09:15:00,Riyadh-Olaya,Rice Pudding Nuts,Medium,54.94,8,0.0,none,75555,72.0,Female,Silver,Credit Card,In-store,81,12.9,101,26.3,79.4,4.0,0,Traditional,KSA,0,9,61.53,501.04999999999995,2024,3,13,Morning,No Discount,Hot
100770,2024-01-09 00:15:00,Cairo-Nasr City,Rice Pudding Oven,Medium,59.15,10,0.05,Nuts,89974,13.0,Male,Unknown,Instapay,Talabat,98,11.5,118,33.2,36.7,4.0,0,Traditional,Greater Cairo,0,0,82.81,674.31,2024,1,9,Late Night,Low Discount,Hot
101686,2024-01-18 13:15:00,Cairo-Nasr City,Om Ali Cream,Medium,87.9,6,0.0,none,62301,69.0,Male,Bronze,Credit Card,Mobile App,83,4.9,108,23.1,34.8,3.0,0,Traditional,Greater Cairo,0,13,73.84,601.2400000000001,2024,1,18,Afternoon,No Discount,Moderate
108323,2024-03-27 16:30:00,Tanta-Saeed,Qishtouza Nutella,Large,93.22,8,0.0,Pistachio,55560,29.0,Male,Unknown,Instapay,Talabat,75,3.7,111,29.6,88.6,1.0,0,Modern,Delta,0,16,104.41,850.17,2024,3,27,Afternoon,No Discount,Hot
105579,2024-02-28 02:30:00,Riyadh-Olaya,Qishtouza Lotus,Large,124.37,7,0.0,Nuts,68536,43.5,Male,Unknown,Wallet,In-store,117,14.3,103,41.4,42.3,3.0,0,Modern,KSA,0,2,121.88,992.47,2024,2,28,Late Night,No Discount,Hot
104427,2024-02-16 02:30:00,Dubai-Marina,Ice Cream Mango,Large,66.53,9,0.0,none,67217,65.0,Female,Gold,Credit Card,Talabat,106,4.1,129,24.4,35.4,3.0,0,Ice Cream,UAE,1,2,83.83,682.6,2024,2,16,Late Night,No Discount,Moderate
100467,2024-01-05 20:30:00,Riyadh-Olaya,Qishtouza Lotus,Medium,76.19,7,0.0,Nutella,58577,21.0,Male,Unknown,Credit Card,Mobile App,80,3.4,118,29.0,41.1,2.0,0,Modern,KSA,1,20,74.67,607.9999999999999,2024,1,5,Evening,No Discount,Hot
106266,2024-03-06 06:15:00,Dubai-Marina,Super B.Laban,Large,78.98,2,0.0,Nuts,86229,38.0,Male,Unknown,Instapay,Mobile App,70,5.5,119,17.5,77.2,3.0,0,Signature,UAE,0,6,22.11,180.07,2024,3,6,Morning,No Discount,Cold
105735,2024-02-29 17:30:00,Cairo-Zamalek,Qishtouza Nutella,Medium,76.06,10,0.0,Lotus,89202,48.0,Male,Silver,Cash,Talabat,81,10.4,132,43.0,34.4,3.0,0,Modern,Greater Cairo,0,17,106.48,867.08,2024,2,29,Evening,No Discount,Hot
105192,2024-02-24 01:45:00,Riyadh-Olaya,Super B.Laban,Small,176.68,8,0.1,Pistachio,85620,35.0,Male,Silver,Cash,Talabat,54,8.5,120,28.1,55.6,2.0,0,Signature,KSA,1,1,197.88,1611.3200000000002,2024,2,24,Late Night,Medium Discount,Hot
105391,2024-02-26 03:30:00,Giza-Zayed,Qishtouza Lotus,Small,67.38,11,0.05,Nutella,63862,65.0,Male,Gold,Cash,Mobile App,76,1.6,133,39.6,51.1,4.0,0,Modern,Greater Cairo,0,3,103.77,844.9499999999999,2024,2,26,Late Night,Low Discount,Hot
100861,2024-01-09 23:00:00,Giza-Zayed,Om Ali Cream,Large,78.94,8,0.0,Nutella,70359,25.0,Male,Gold,Wallet,Mobile App,26,1.0,120,38.0,26.3,5.0,0,Traditional,Greater Cairo,0,23,88.41,719.93,2024,1,9,Late Night,No Discount,Hot
107271,2024-03-16 17:30:00,Cairo-Zamalek,Rice Pudding Nuts,Medium,70.01,8,0.0,none,65290,48.0,Female,Unknown,Wallet,Talabat,64,8.2,136,26.3,30.0,4.0,0,Traditional,Greater Cairo,1,17,78.41,638.49,2024,3,16,Evening,No Discount,Hot
